{"authorDailyContributionsMap":{"hansstanley":[{"date":"2023-02-17","commitResults":[{"hash":"449aecf37c7aed24206ce35f9570898a3bdb4e68","isMergeCommit":false,"messageTitle":"Add TabPane to switch between contact details and calendar","messageBody":"","fileTypesAndContributionMap":{"functional-code":{"insertions":107,"deletions":26},"other":{"insertions":2,"deletions":0}}},{"hash":"f038653ebf40243859eb525dcfe4975154a12f44","isMergeCommit":false,"messageTitle":"Remove padding around contact list","messageBody":"","fileTypesAndContributionMap":{"functional-code":{"insertions":0,"deletions":3}}},{"hash":"d7aa4888485eb0aae10a1e58cc68a7574f5460d7","isMergeCommit":false,"messageTitle":"Add ability for DetailPanel to programmatically select tabs","messageBody":"So that the app will automatically switch to the contact details tab\nwhen a contact is clicked in the list.\n","fileTypesAndContributionMap":{"functional-code":{"insertions":40,"deletions":11}}},{"hash":"a75d0190c5605acd0934dc9be8430080dff8a81f","isMergeCommit":false,"messageTitle":"Add rounded borders to ResultDisplay","messageBody":"","fileTypesAndContributionMap":{"functional-code":{"insertions":9,"deletions":1}}},{"hash":"c7d04d8afb9964ce47faa5236ba3878735e5e015","isMergeCommit":false,"messageTitle":"Change command text field background","messageBody":"","fileTypesAndContributionMap":{"functional-code":{"insertions":10,"deletions":2}}},{"hash":"3a9a9363f172a06a3725710827d81bea03c532a8","isMergeCommit":false,"messageTitle":"Refactor UI panels","messageBody":"","fileTypesAndContributionMap":{"functional-code":{"insertions":165,"deletions":96},"other":{"insertions":17,"deletions":17}}},{"hash":"30ded1dde8675e1b871bfd7c8d51c7356a5e9857","isMergeCommit":false,"messageTitle":"Style panes","messageBody":"","fileTypesAndContributionMap":{"functional-code":{"insertions":25,"deletions":15}}},{"hash":"31b124b89eb8614beea579f8b6f5c975896ab3af","isMergeCommit":false,"messageTitle":"Change calendar background to light mode for viewability","messageBody":"","fileTypesAndContributionMap":{"functional-code":{"insertions":9,"deletions":3}}},{"hash":"bc3039b440efb97b8e4ef7c37726fbc6eb542ff0","isMergeCommit":false,"messageTitle":"Make person list selectable on first focus","messageBody":"Previously, a double click is needed to select a person when\nthe person list lost focus, for e.g. when the user typed a command.\n","fileTypesAndContributionMap":{"functional-code":{"insertions":11,"deletions":8}}},{"hash":"1eecf011839b29e8bc62bf1db2baed4e9d4b9ebe","isMergeCommit":false,"messageTitle":"Update design of person list","messageBody":"","fileTypesAndContributionMap":{"functional-code":{"insertions":7,"deletions":7}}},{"hash":"a21e5ab47f1095fd5422d01eeae4bca43551eab8","isMergeCommit":false,"messageTitle":"Remove scroll bar background","messageBody":"","fileTypesAndContributionMap":{"functional-code":{"insertions":2,"deletions":2}}},{"hash":"239dc34abc898d93796cb9b1f4cc7a25686c5eb2","isMergeCommit":false,"messageTitle":"Add PersonDetailCard for better readability","messageBody":"","fileTypesAndContributionMap":{"functional-code":{"insertions":109,"deletions":17}}}]},{"date":"2023-02-21","commitResults":[{"hash":"ac04992e0b0c108018bc9276b16ab519793c1267","isMergeCommit":false,"messageTitle":"Update PersonCard location in AddRemark.md","messageBody":"","fileTypesAndContributionMap":{"docs":{"insertions":1,"deletions":1}}}]},{"date":"2023-02-23","commitResults":[{"hash":"ba735633ba5d1e0035a438ed408d6b8609360119","isMergeCommit":false,"messageTitle":"Update image and github","messageBody":"","fileTypesAndContributionMap":{"docs":{"insertions":3,"deletions":3}}},{"hash":"05c22ac0587020741163e3561cae79e5802c86b3","isMergeCommit":false,"messageTitle":"Add PPP skeleton","messageBody":"","fileTypesAndContributionMap":{"docs":{"insertions":33,"deletions":0}}},{"hash":"b79c46d8d3e170377e84e930dbd1776b83c9c5f0","isMergeCommit":false,"messageTitle":"Add newline at EOF for PPP","messageBody":"","fileTypesAndContributionMap":{"docs":{"insertions":1,"deletions":1}}}]},{"date":"2023-02-24","commitResults":[{"hash":"4db1638c3a57aa72775d1708eb30caf78c3a817a","isMergeCommit":false,"messageTitle":"Update roles and responsibilities in docs/AboutUs.md","messageBody":"","fileTypesAndContributionMap":{"docs":{"insertions":8,"deletions":4}}},{"hash":"00ea9a0e5ca3a17757d2e7384011edbbc9b6d470","isMergeCommit":false,"messageTitle":"Add newlines at EOF","messageBody":"","fileTypesAndContributionMap":{"functional-code":{"insertions":3,"deletions":3}}},{"hash":"f49e31642e5712165e09dcdf5646b265ae7f7933","isMergeCommit":false,"messageTitle":"Change PersonDetailPanel to use a ScrollPane","messageBody":"...to fix a bug where the data cards become inaccessible when\nthe name is too long.\n","fileTypesAndContributionMap":{"functional-code":{"insertions":44,"deletions":52}}},{"hash":"d7ebd03bad9109b22b35fa653ea62634bbed2fa3","isMergeCommit":false,"messageTitle":"Add contacts count to PersonListPanel","messageBody":"","fileTypesAndContributionMap":{"functional-code":{"insertions":19,"deletions":6}}},{"hash":"463e1bc38199b4934eaf23f35e0898675544344d","isMergeCommit":false,"messageTitle":"Fix paddings","messageBody":"","fileTypesAndContributionMap":{"functional-code":{"insertions":7,"deletions":1}}}]},{"date":"2023-02-25","commitResults":[{"hash":"94f1e997f495cf4252178c122aee4834d3d8c568","isMergeCommit":false,"messageTitle":"Revamp UI paddings","messageBody":"","fileTypesAndContributionMap":{"functional-code":{"insertions":71,"deletions":23}}},{"hash":"4fa475a011a4dd0539db5500f286e9d908be9380","isMergeCommit":false,"messageTitle":"Add ListView placeholder when there are no contacts","messageBody":"","fileTypesAndContributionMap":{"functional-code":{"insertions":5,"deletions":1}}}]},{"date":"2023-02-27","commitResults":[{"hash":"695448ef8be50b5aafdef0243bb27e031f18cdab","isMergeCommit":false,"messageTitle":"Add styling comments for list cell spacing","messageBody":"","fileTypesAndContributionMap":{"functional-code":{"insertions":8,"deletions":3}}},{"hash":"b79744e66e1485efd05010326c76760617a9566c","isMergeCommit":false,"messageTitle":"Change tags styling","messageBody":"","fileTypesAndContributionMap":{"functional-code":{"insertions":10,"deletions":12}}},{"hash":"7aa5655d31d241cf4da91fa34f4e0a4e27422709","isMergeCommit":false,"messageTitle":"Change AddressPanel behaviour","messageBody":"* PersonDetailPanel clears on command\n* PersonDetailPanel scrolls to top on contact selection\n","fileTypesAndContributionMap":{"functional-code":{"insertions":24,"deletions":4}}},{"hash":"f7e0ccadc217fb936b4480c017e1ba2307d90bc3","isMergeCommit":true,"messageTitle":"Merge pull request #30 from hansstanley/doc/about-us","messageBody":"Update personal profile and PPP skeleton","fileTypesAndContributionMap":{}},{"hash":"0615dfa9a84ca09ab53262503accff811ac0d449","isMergeCommit":true,"messageTitle":"Merge pull request #32 from hansstanley/doc/readme-ui-mockup","messageBody":"Update UI mockup","fileTypesAndContributionMap":{}},{"hash":"0152a23d5c0fc4ccefea451711c003850481745d","isMergeCommit":true,"messageTitle":"Merge branch \u0027AY2223S2-CS2103T-F12-3:master\u0027 into master","messageBody":"","fileTypesAndContributionMap":{}},{"hash":"9fd1fbc5823fc78c9cd82d962b968e72e9f5e4e0","isMergeCommit":true,"messageTitle":"Merge pull request #46 from igezt/Introductions","messageBody":"Update AboutUs page","fileTypesAndContributionMap":{}},{"hash":"cc4c8dca7229cc977c0504d6a9acc2da123286e0","isMergeCommit":false,"messageTitle":"Add click to close for contacts list","messageBody":"","fileTypesAndContributionMap":{"functional-code":{"insertions":30,"deletions":6}}},{"hash":"c50c4530d0350d3a206f2c7f7dd4cfe26434c217","isMergeCommit":true,"messageTitle":"Merge branch \u0027AY2223S2-CS2103T-F12-3:master\u0027 into master","messageBody":"","fileTypesAndContributionMap":{}},{"hash":"f3d7eb75fe3d8b141bc521920ffc278dc57a60c6","isMergeCommit":false,"messageTitle":"Fix bug where index is always 0","messageBody":"","fileTypesAndContributionMap":{"functional-code":{"insertions":27,"deletions":7}}},{"hash":"4bab7c6f9ff576fea43b5325174d336937a192ad","isMergeCommit":false,"messageTitle":"Change index display text","messageBody":"","fileTypesAndContributionMap":{"functional-code":{"insertions":1,"deletions":1}}}]},{"date":"2023-02-28","commitResults":[{"hash":"034005ea3389d7cec0eb899708408c9078f083cc","isMergeCommit":false,"messageTitle":"Change PersonDetailCard to only display fields with data","messageBody":"","fileTypesAndContributionMap":{"functional-code":{"insertions":17,"deletions":1}}},{"hash":"0340d3b07ff210355658c4d622cb0b06e763125f","isMergeCommit":false,"messageTitle":"Add dedicated card to display modules","messageBody":"","fileTypesAndContributionMap":{"functional-code":{"insertions":89,"deletions":5}}},{"hash":"ae461accbd8ea859ebe2e3ebf27adf2b7796927c","isMergeCommit":false,"messageTitle":"Add label text styling system","messageBody":"","fileTypesAndContributionMap":{"functional-code":{"insertions":42,"deletions":0}}},{"hash":"4f2a5073d1a66d606196fd98fb34fd40f09461d7","isMergeCommit":false,"messageTitle":"Add ResultDisplay placeholder text","messageBody":"","fileTypesAndContributionMap":{"functional-code":{"insertions":4,"deletions":0}}},{"hash":"a1135e7c6f2136a57d33b25303f79cf3aeeecc3e","isMergeCommit":false,"messageTitle":"Change ResultDisplay styling","messageBody":"","fileTypesAndContributionMap":{"functional-code":{"insertions":16,"deletions":24}}},{"hash":"19430f4013f94f3cd256e229594a4dffe15c55de","isMergeCommit":true,"messageTitle":"Merge commit \u0027ae461accbd8ea859ebe2e3ebf27adf2b7796927c\u0027","messageBody":"","fileTypesAndContributionMap":{}},{"hash":"dae68a6dc78875b7371df0a0783d9537f318b858","isMergeCommit":false,"messageTitle":"Update CommandBox styling","messageBody":"","fileTypesAndContributionMap":{"functional-code":{"insertions":7,"deletions":15}}},{"hash":"55c274228b5c5d7ca09a3c45f7bb50acd35db90e","isMergeCommit":false,"messageTitle":"Add font to label styling system","messageBody":"","fileTypesAndContributionMap":{"functional-code":{"insertions":7,"deletions":0}}},{"hash":"a3b7bc9371c11e5188cf643a15f5d197c04e1058","isMergeCommit":true,"messageTitle":"Merge branch \u0027master\u0027 into feat/command-box-styling","messageBody":"","fileTypesAndContributionMap":{}},{"hash":"43727d1a6ca322317e0719d5efcdd5ddeb1f0a72","isMergeCommit":true,"messageTitle":"Merge branch \u0027master\u0027 into bug/result-box-styling","messageBody":"","fileTypesAndContributionMap":{}}]},{"date":"2023-03-01","commitResults":[{"hash":"69d1bb497d9dc0d3b685925818d0ec2c9d2d999c","isMergeCommit":false,"messageTitle":"Change help window styling","messageBody":"","fileTypesAndContributionMap":{"functional-code":{"insertions":34,"deletions":21}}},{"hash":"fb6869b19c59255ca295cabd2cbe8b7dced1e555","isMergeCommit":false,"messageTitle":"Update user guide URL","messageBody":"","fileTypesAndContributionMap":{"functional-code":{"insertions":1,"deletions":1}}},{"hash":"aba9c657b57994f46c765cc944d53c5bc5a700cb","isMergeCommit":false,"messageTitle":"Add newline at EOF","messageBody":"","fileTypesAndContributionMap":{"functional-code":{"insertions":1,"deletions":1}}},{"hash":"04ea007a8b20a425a8cd7a870808e1b8e863bbca","isMergeCommit":true,"messageTitle":"Merge pull request #59 from hansstanley/feat/help-window","messageBody":"Update help window","fileTypesAndContributionMap":{}},{"hash":"a10d70957fbff72e61cc0b6f7914c2c3cb61c4de","isMergeCommit":true,"messageTitle":"Merge pull request #55 from hansstanley/bug/optional-detail-display","messageBody":"Hide detail boxes with no data","fileTypesAndContributionMap":{}},{"hash":"3042d37a8c2ad5d51297b11d2503381ecf60c654","isMergeCommit":true,"messageTitle":"Merge pull request #56 from hansstanley/bug/result-box-styling","messageBody":"Change ResultDisplay styling","fileTypesAndContributionMap":{}},{"hash":"9d80596e016056b19dfb69bdf25060634074b6ff","isMergeCommit":true,"messageTitle":"Merge pull request #57 from hansstanley/feat/command-box-styling","messageBody":"Change CommandBox styling","fileTypesAndContributionMap":{}},{"hash":"70c527925b06591dea739d48ca8ad2a868fcbe24","isMergeCommit":false,"messageTitle":"Change menu bar colours and rounded corners","messageBody":"","fileTypesAndContributionMap":{"functional-code":{"insertions":20,"deletions":1}}},{"hash":"8d5148456d71bdfbac65d8e0137bf6ac9032435b","isMergeCommit":false,"messageTitle":"Change menu bar padding","messageBody":"","fileTypesAndContributionMap":{"functional-code":{"insertions":3,"deletions":2}}},{"hash":"501e2d604ae8353199a35771643c6d2a684a052a","isMergeCommit":false,"messageTitle":"Remove white underline in CommandBox","messageBody":"","fileTypesAndContributionMap":{"functional-code":{"insertions":1,"deletions":4}}},{"hash":"2e456a54093023478b235d750ee86aab1177ffbf","isMergeCommit":false,"messageTitle":"Change footer save location text style","messageBody":"","fileTypesAndContributionMap":{"functional-code":{"insertions":4,"deletions":0}}},{"hash":"6ed0c3be199e08a18e6ee1e9218bee3e0842e3a5","isMergeCommit":false,"messageTitle":"Update docs/index.md to align with this project","messageBody":"","fileTypesAndContributionMap":{"docs":{"insertions":5,"deletions":5}}}]},{"date":"2023-03-02","commitResults":[{"hash":"0556a56c9863738de777dd4d8609b51d56cc3bce","isMergeCommit":true,"messageTitle":"Merge pull request #71 from nicljr/master","messageBody":"Update AboutUs.md","fileTypesAndContributionMap":{}},{"hash":"b83eb5e359391edb6589c2a188b648188f808b90","isMergeCommit":false,"messageTitle":"Add custom parser to feedback result string","messageBody":"","fileTypesAndContributionMap":{"functional-code":{"insertions":86,"deletions":12}}},{"hash":"157e51119c5fd91242c9568c1ba5bf0e6913c5ef","isMergeCommit":true,"messageTitle":"Merge branch \u0027master\u0027 into feat/enhance-result-display","messageBody":"","fileTypesAndContributionMap":{}},{"hash":"55d75d9bcc8044eee431c415a363c3a06533be2f","isMergeCommit":false,"messageTitle":"Refactor ResultDisplay file path","messageBody":"","fileTypesAndContributionMap":{"functional-code":{"insertions":13,"deletions":20}}},{"hash":"da6c5fcafe6ef26b7299dda95b23d4aeb3792b0e","isMergeCommit":false,"messageTitle":"Move ResultDisplay class","messageBody":"","fileTypesAndContributionMap":{"functional-code":{"insertions":1,"deletions":0},"other":{"insertions":2,"deletions":1}}},{"hash":"c6bd2809e6a1e3b5aee948da8f53c431d4ebbc23","isMergeCommit":false,"messageTitle":"Create ResultDisplayCard and refactor ResultDisplay","messageBody":"","fileTypesAndContributionMap":{"functional-code":{"insertions":103,"deletions":51}}}]},{"date":"2023-03-03","commitResults":[{"hash":"d2a6fbe0fd0a4d470fd4e158f2a952ab36966918","isMergeCommit":false,"messageTitle":"Add command descriptions to their own card","messageBody":"","fileTypesAndContributionMap":{"functional-code":{"insertions":30,"deletions":10}}},{"hash":"fbaa54e1f6a2147cc6fc87fdd98bcd94067b6406","isMergeCommit":true,"messageTitle":"Merge pull request #74 from hansstanley/feat/enhance-result-display","messageBody":"Enhance ResultDisplay","fileTypesAndContributionMap":{}},{"hash":"6a26e397fe01e278cd641faeed39af392e14a74e","isMergeCommit":true,"messageTitle":"Merge pull request #72 from rachtan27/branch_aboutus","messageBody":"Update AboutUs and change labelling in userguide quickstart","fileTypesAndContributionMap":{}},{"hash":"0a4970265dca2aaad6912e6896cbb567785cca62","isMergeCommit":true,"messageTitle":"Merge pull request #70 from Shuggan/master","messageBody":"Update docs/DeveloperGuide.md","fileTypesAndContributionMap":{}}]},{"date":"2023-03-05","commitResults":[{"hash":"5ad14282683e4e6bc87c74754e099a95cc8db507","isMergeCommit":false,"messageTitle":"Add AB-3 acknowledgement to README","messageBody":"","fileTypesAndContributionMap":{"docs":{"insertions":2,"deletions":0}}},{"hash":"e40ef59b310b7b932a37005c0cab9c5dc85bd9e5","isMergeCommit":true,"messageTitle":"Merge pull request #80 from rachtan27/branch_addressbook_ug","messageBody":"Updated UG details to suit ABNeo and add fav/unfav command","fileTypesAndContributionMap":{}}]},{"date":"2023-03-06","commitResults":[{"hash":"25717148f474d7e551c120f2cbe28cac9cb1e384","isMergeCommit":true,"messageTitle":"Merge pull request #84 from rachtan27/master","messageBody":"Rename profile pic and ppp and minor changes to UG","fileTypesAndContributionMap":{}}]},{"date":"2023-03-07","commitResults":[{"hash":"ba3a3d5dfecaf6b012926f3189b16483a5a04deb","isMergeCommit":false,"messageTitle":"Update PersonListCard layout","messageBody":"* Change star\n* Change padding and index layout\n","fileTypesAndContributionMap":{"functional-code":{"insertions":22,"deletions":30}}},{"hash":"5989373c5c4dc710b1eaf0559a8c4802b901446e","isMergeCommit":false,"messageTitle":"Chnage PersonListCard font styling","messageBody":"","fileTypesAndContributionMap":{"functional-code":{"insertions":4,"deletions":4}}},{"hash":"11c2ebf3ea43e7ed71d5464c0dae70e0b100ace9","isMergeCommit":false,"messageTitle":"Add star to PersonDetailPanel","messageBody":"","fileTypesAndContributionMap":{"functional-code":{"insertions":34,"deletions":3}}},{"hash":"46759f4d3546db72e21365bd136f78577a46ed35","isMergeCommit":false,"messageTitle":"Adjust PersonListCard content width","messageBody":"...to fit within the ListView without horizontal scrolling.\n","fileTypesAndContributionMap":{"functional-code":{"insertions":1,"deletions":1}}},{"hash":"8d6a025ed95823fd9342d2c6189dbd2937f99524","isMergeCommit":false,"messageTitle":"Fix PersonListCard horizontal scaling","messageBody":"","fileTypesAndContributionMap":{"functional-code":{"insertions":25,"deletions":18}}},{"hash":"367ce413786a052ebf773355e4b7da96f7f67cbd","isMergeCommit":true,"messageTitle":"Merge pull request #86 from Shuggan/master","messageBody":"Updates to profile picture and DeveloperGuide.md product scope","fileTypesAndContributionMap":{}},{"hash":"96bbdfe34813b60ba90b03d9e227a138f287e0ec","isMergeCommit":true,"messageTitle":"Merge branch \u0027master\u0027 into feat/starred-person","messageBody":"","fileTypesAndContributionMap":{}},{"hash":"f6f8661033e63c7b8a2f119a06c8bdb22dfb6e1c","isMergeCommit":false,"messageTitle":"Change command result to wrap text","messageBody":"","fileTypesAndContributionMap":{"functional-code":{"insertions":1,"deletions":1}}}]},{"date":"2023-03-08","commitResults":[{"hash":"f848596221794b3b192e66aa65045136fb05efbb","isMergeCommit":true,"messageTitle":"Merge pull request #81 from nicljr/AddEventCommand","messageBody":"Events For Calendars","fileTypesAndContributionMap":{}}]},{"date":"2023-03-09","commitResults":[{"hash":"1b38f642e2081d86f343bc2dcc7cfb811937963a","isMergeCommit":false,"messageTitle":"Change PersonDetailCard to show all fields","messageBody":"...with dimmed cards for empty fields\n","fileTypesAndContributionMap":{"functional-code":{"insertions":11,"deletions":2}}},{"hash":"773511c76ff1ffcbf4ee0f2bbc89be3387823826","isMergeCommit":false,"messageTitle":"Move tags into Person data container","messageBody":"...to remove the empty space when there are no tags\n","fileTypesAndContributionMap":{"functional-code":{"insertions":26,"deletions":13}}},{"hash":"17ab5bcd613ef55f427d95b25254be5304a1a001","isMergeCommit":false,"messageTitle":"Fix PersonListCard phone number styling","messageBody":"","fileTypesAndContributionMap":{"functional-code":{"insertions":1,"deletions":1}}}]},{"date":"2023-03-10","commitResults":[{"hash":"03d8d75debc8085d6cb814029a45379bbf8df290","isMergeCommit":true,"messageTitle":"Merge pull request #92 from hansstanley/bug/truncated-result","messageBody":"Change command result to wrap text","fileTypesAndContributionMap":{}},{"hash":"9e7f44ac28c6c3ff4b2a9281d99f1a602d4b8f48","isMergeCommit":true,"messageTitle":"Merge pull request #96 from hansstanley/feat/display-all-fields","messageBody":"UI changes on components related to Person","fileTypesAndContributionMap":{}}]},{"date":"2023-03-11","commitResults":[{"hash":"3ba8957ce3bfcd26a506e26f3eb569670a4ac7ad","isMergeCommit":false,"messageTitle":"Divide person list into two sections","messageBody":"* Favourites\n* All contacts\n","fileTypesAndContributionMap":{"functional-code":{"insertions":157,"deletions":26}}},{"hash":"b00d6e083a0718900df4fd3f37277e5337ab5303","isMergeCommit":false,"messageTitle":"Add person count to list dividers","messageBody":"","fileTypesAndContributionMap":{"functional-code":{"insertions":12,"deletions":11}}},{"hash":"65abd4ea797316833f9484d4becb0e0ac048d2c8","isMergeCommit":false,"messageTitle":"Show placeholder instead of dividers when no contacts","messageBody":"","fileTypesAndContributionMap":{"functional-code":{"insertions":8,"deletions":4}}},{"hash":"0ad426d3cd47494766a1a06b35431de6924c46b0","isMergeCommit":false,"messageTitle":"Remove old contacts count","messageBody":"","fileTypesAndContributionMap":{"functional-code":{"insertions":0,"deletions":14}}},{"hash":"ff5847cc8b18c617ac4695f91a9c6d6c4eeaad4c","isMergeCommit":false,"messageTitle":"Extract magic values","messageBody":"","fileTypesAndContributionMap":{"functional-code":{"insertions":10,"deletions":6}}},{"hash":"f85644193a0ed8af90f355850eb4864340fe7c28","isMergeCommit":false,"messageTitle":"Fix flashing star in PersonListCard on clicks","messageBody":"","fileTypesAndContributionMap":{"functional-code":{"insertions":64,"deletions":22}}},{"hash":"b99e14c728819dc4ead860e81f39e6e4e496a507","isMergeCommit":false,"messageTitle":"Change first list cell styling logic","messageBody":"","fileTypesAndContributionMap":{"functional-code":{"insertions":5,"deletions":5}}}]},{"date":"2023-03-13","commitResults":[{"hash":"e035577c318279cf20c68e88c0c1d70e97a8e4c8","isMergeCommit":true,"messageTitle":"Merge pull request #101 from hansstanley/feat/favourite-separation","messageBody":"Changes to Person list","fileTypesAndContributionMap":{}}]}],"nicljr":[{"date":"2023-03-02","commitResults":[{"hash":"6eaa4d2ed47ef292fa3da51158fcecd55ae1e0d1","isMergeCommit":false,"messageTitle":"Updated AboutUs","messageBody":"","fileTypesAndContributionMap":{"docs":{"insertions":40,"deletions":5}}}]},{"date":"2023-03-04","commitResults":[{"hash":"0b25cc7e5487047f2422afd461694fc7de0c4481","isMergeCommit":false,"messageTitle":"Added FavoriteCommand","messageBody":"","fileTypesAndContributionMap":{"functional-code":{"insertions":269,"deletions":3}}},{"hash":"b2d2d2768628f4dd8cb8ed5a901db3db922f5073","isMergeCommit":false,"messageTitle":"Updating FavoriteCommands","messageBody":"","fileTypesAndContributionMap":{"functional-code":{"insertions":0,"deletions":4}}},{"hash":"95caa0d0080b99bdde1e65242d52a7a0f34397cf","isMergeCommit":false,"messageTitle":"no message","messageBody":"","fileTypesAndContributionMap":{"functional-code":{"insertions":1,"deletions":1}}},{"hash":"c366ddb5b3ba5a96eef5732043fbabb38f4171c7","isMergeCommit":false,"messageTitle":"Updated Checkstyle for all Favorite and Unfavorite Commands/Parser","messageBody":"","fileTypesAndContributionMap":{"functional-code":{"insertions":35,"deletions":7}}}]},{"date":"2023-03-05","commitResults":[{"hash":"b4a08a845fae5213b48d2a3f0104e80f6ada579b","isMergeCommit":false,"messageTitle":"Added Event Class, AddEventCommand, AddEventCommandParser and UniqueEventList","messageBody":"","fileTypesAndContributionMap":{"functional-code":{"insertions":611,"deletions":1}}},{"hash":"c8b762cc5a10549ff3a92333147d48d95c547851","isMergeCommit":false,"messageTitle":"Update the success path for Favorite Status","messageBody":"","fileTypesAndContributionMap":{"functional-code":{"insertions":14,"deletions":14}}},{"hash":"aea3932677ef0179b1ea54d1de26b6a5bbff0964","isMergeCommit":true,"messageTitle":"Merge pull request #76 from nicljr/FavoriteCommand","messageBody":"Added FavoriteCommand","fileTypesAndContributionMap":{}},{"hash":"1b65ac6b0d4d7c44540a7bf37c6a15ee1952b411","isMergeCommit":true,"messageTitle":"Resolve Merge Conflicts","messageBody":"","fileTypesAndContributionMap":{}},{"hash":"e782bbfd558f67157505cac7d0239cd33b9c94cc","isMergeCommit":false,"messageTitle":"Update AboutUs and Photo","messageBody":"","fileTypesAndContributionMap":{"docs":{"insertions":3,"deletions":4}}}]},{"date":"2023-03-07","commitResults":[{"hash":"2b0288a94edee14e6f532191a28af7a1eafbae1a","isMergeCommit":false,"messageTitle":"Updated Javadocs, notion of equality, overriden method, switch case statements and added formatters to be used in the future for daily weekly monthly and yearly, updated description validation","messageBody":"","fileTypesAndContributionMap":{"functional-code":{"insertions":60,"deletions":25}}},{"hash":"20a617c3d4f951ccb0ba0240b5499180de21fe9a","isMergeCommit":false,"messageTitle":"Updated Checkstyle","messageBody":"","fileTypesAndContributionMap":{"functional-code":{"insertions":3,"deletions":1}}},{"hash":"34e98d0a94c5360227cb6d65c4052594a8cba4a7","isMergeCommit":false,"messageTitle":"changing public back to private for value field","messageBody":"","fileTypesAndContributionMap":{"functional-code":{"insertions":1,"deletions":1}}}]}],"Shuggan":[{"date":"2023-03-02","commitResults":[{"hash":"4da75e902ecbaf669f95a9cfb7d89c1364e42e7a","isMergeCommit":false,"messageTitle":"Update AboutUs information","messageBody":"","fileTypesAndContributionMap":{"docs":{"insertions":7,"deletions":8}}},{"hash":"2dfd09817b749524815e2004538b5b2b50e6a524","isMergeCommit":false,"messageTitle":"Updated image for AboutUs.md","messageBody":"","fileTypesAndContributionMap":{"docs":{"insertions":1,"deletions":1}}},{"hash":"753c972b241ea69b16b29e890afef8600db3d2fc","isMergeCommit":false,"messageTitle":"Update user stories in docs/DeveloperGuide.md","messageBody":"","fileTypesAndContributionMap":{"docs":{"insertions":8,"deletions":8}}},{"hash":"2d69333c6b896123f5ebcc3865b98ce6563d98e3","isMergeCommit":false,"messageTitle":"Update non-functional requirements in docs/DeveloperGuide.md","messageBody":"","fileTypesAndContributionMap":{"docs":{"insertions":7,"deletions":3}}}]},{"date":"2023-03-03","commitResults":[{"hash":"2b4defadc8c25a94a6eeb0f00cb53c4d719f87a5","isMergeCommit":false,"messageTitle":"Update use cases in DeveloperGuide.md","messageBody":"","fileTypesAndContributionMap":{"docs":{"insertions":122,"deletions":0}}},{"hash":"ec6293ce748a3f98194783972de22f5d685466c5","isMergeCommit":true,"messageTitle":"Merge branch \u0027AY2223S2-CS2103T-F12-3:master\u0027 into master","messageBody":"","fileTypesAndContributionMap":{}}]},{"date":"2023-03-07","commitResults":[{"hash":"c779ea7ab41714ad31dc4aab6ccedd8e7dc9e7e0","isMergeCommit":false,"messageTitle":"Change file name for profile picture","messageBody":"","fileTypesAndContributionMap":{"docs":{"insertions":2,"deletions":2}}},{"hash":"14ba748af8e563806b701fa4e71f01c2ccb4a9f2","isMergeCommit":false,"messageTitle":"Update product scope in DeveloerGuide.md","messageBody":"","fileTypesAndContributionMap":{"docs":{"insertions":6,"deletions":7}}}]}],"igezt":[{"date":"2023-02-20","commitResults":[{"hash":"ca8a39a9f0e0acb15f32e7759c39400855021d5c","isMergeCommit":false,"messageTitle":"Added Favorite, Gender, Major, Modules, Race and CommunicationChannel fields. Todo: Edit JSON storage to store the new fields.","messageBody":"","fileTypesAndContributionMap":{"functional-code":{"insertions":344,"deletions":53},"other":{"insertions":4,"deletions":4},"docs":{"insertions":1,"deletions":1},"test-code":{"insertions":28,"deletions":24}}}]},{"date":"2023-02-27","commitResults":[{"hash":"d683c2675be48ca52aaa29b9eb62bc2dd1626d61","isMergeCommit":false,"messageTitle":"Update Person object to include all the fields and ensure database JSON compatibility.","messageBody":"","fileTypesAndContributionMap":{"functional-code":{"insertions":385,"deletions":122},"test-code":{"insertions":110,"deletions":110}}},{"hash":"8393ae3a76d55c546a7089198dd4ede959e244de","isMergeCommit":false,"messageTitle":"Update AboutUs page","messageBody":"","fileTypesAndContributionMap":{"docs":{"insertions":5,"deletions":6}}},{"hash":"22a4f6bbc38c613f1c699bd1a28d1b1bdcd87067","isMergeCommit":false,"messageTitle":"Change for checkstyle","messageBody":"","fileTypesAndContributionMap":{"functional-code":{"insertions":178,"deletions":91}}},{"hash":"3bc7fa4b5149410b8c9e76d45d3b49156be0a939","isMergeCommit":false,"messageTitle":"Fix checkstyle issues","messageBody":"","fileTypesAndContributionMap":{"functional-code":{"insertions":54,"deletions":7}}},{"hash":"908f4634829a9fb250970eee92200e0d8bdf67cf","isMergeCommit":false,"messageTitle":"Fix personbuilder to suit new fields","messageBody":"","fileTypesAndContributionMap":{"test-code":{"insertions":22,"deletions":5}}},{"hash":"9fe54e471a641fad053c91ab67eef13f653d324b","isMergeCommit":false,"messageTitle":"Edit tests for checkstyles","messageBody":"","fileTypesAndContributionMap":{"test-code":{"insertions":18,"deletions":3}}},{"hash":"1e9ef472b3eff122763a349e55fe5027d0cc6f40","isMergeCommit":false,"messageTitle":"Update test cases to reflect the new logic.","messageBody":"","fileTypesAndContributionMap":{"test-code":{"insertions":22,"deletions":38}}},{"hash":"da7a6ce1f7191a60dd6d21c205f7f925af2c8a3c","isMergeCommit":false,"messageTitle":"Change more test to reflect new logic","messageBody":"","fileTypesAndContributionMap":{"test-code":{"insertions":6,"deletions":6}}},{"hash":"bd0d1611a19b0777f6add7d3b546c6178edc14de","isMergeCommit":false,"messageTitle":"Fix unused imports issue with checkstyle for test cases.","messageBody":"","fileTypesAndContributionMap":{"test-code":{"insertions":10,"deletions":10}}},{"hash":"d3670f464f0c52ac1e7ba9e39f570fe576340536","isMergeCommit":false,"messageTitle":"Update AboutUs.md to correct errors","messageBody":"","fileTypesAndContributionMap":{"docs":{"insertions":3,"deletions":3}}},{"hash":"6349676042ae81306154b0e7bbb58d5e5e75c871","isMergeCommit":false,"messageTitle":"Edit syntax of Modules for add and edit command.","messageBody":"","fileTypesAndContributionMap":{"functional-code":{"insertions":1,"deletions":1}}},{"hash":"7411ff295c18ed1f258cfb9195cd53498f5a97ef","isMergeCommit":false,"messageTitle":"Edit Person toString logic to support use for UI.","messageBody":"","fileTypesAndContributionMap":{"functional-code":{"insertions":28,"deletions":5}}},{"hash":"61f2ab2f66bce6aa32ffba59d8b053b83af997d9","isMergeCommit":true,"messageTitle":"Merge pull request #39 from hansstanley/master","messageBody":"Redesign UI","fileTypesAndContributionMap":{}},{"hash":"f7dfc4da1fae19a0d1f1241dc99fe67a870e85e4","isMergeCommit":true,"messageTitle":"Merge branch \u0027AY2223S2-CS2103T-F12-3:master\u0027 into master","messageBody":"","fileTypesAndContributionMap":{}},{"hash":"7e0ffe5f106558405dc3df94e878de206df8930b","isMergeCommit":false,"messageTitle":"Remove placeholder and debugging code.","messageBody":"","fileTypesAndContributionMap":{"functional-code":{"insertions":1,"deletions":4}}},{"hash":"c5ce030027e67e098dee8b01f6aa2ffef9089b01","isMergeCommit":true,"messageTitle":"Merge pull request #45 from igezt/master","messageBody":"Add new fields to the Person object","fileTypesAndContributionMap":{}},{"hash":"9e676ab15d2aefd58ac2e59628742852f5a37df1","isMergeCommit":true,"messageTitle":"Merge pull request #49 from hansstanley/bug/index-display","messageBody":"Fix bug where index is always 0","fileTypesAndContributionMap":{}}]},{"date":"2023-03-01","commitResults":[{"hash":"8d4325054d08ef464cfa0037016e7690e9e48f55","isMergeCommit":true,"messageTitle":"Merge pull request #65 from hansstanley/doc/docs-config","messageBody":"Update docs to align with this project","fileTypesAndContributionMap":{}}]},{"date":"2023-03-05","commitResults":[{"hash":"1c1b46ef598496fe0456e40c047457e02df95862","isMergeCommit":false,"messageTitle":"Add AddCommand and EditCommand\u0027s documentation in the User Guide","messageBody":"","fileTypesAndContributionMap":{"docs":{"insertions":40,"deletions":7}}},{"hash":"e401fc4b3e795dfad0cb865878e72583e17d2f6b","isMergeCommit":false,"messageTitle":"Create PPP skeleton","messageBody":"","fileTypesAndContributionMap":{"docs":{"insertions":35,"deletions":0}}},{"hash":"4e7e1028dd0d90ffd794c36153b163b9baab854e","isMergeCommit":false,"messageTitle":"Revert \"Create PPP skeleton\"","messageBody":"This reverts commit e401fc4b3e795dfad0cb865878e72583e17d2f6b.\n","fileTypesAndContributionMap":{"docs":{"insertions":0,"deletions":35}}},{"hash":"61a56d1a85047947746bb20ebbf2bfe404298bca","isMergeCommit":false,"messageTitle":"Create skeleton PPP","messageBody":"","fileTypesAndContributionMap":{"docs":{"insertions":1,"deletions":1}}},{"hash":"667d57a133f45f49ea1b704f1e651bee90999c50","isMergeCommit":true,"messageTitle":"Merge pull request #62 from hansstanley/feat/menu-bar-styling","messageBody":"Change menu bar styling","fileTypesAndContributionMap":{}},{"hash":"4a7a0d8f669feb43584fac79fab301fcc256573e","isMergeCommit":true,"messageTitle":"Merge pull request #82 from nicljr/master","messageBody":"Update AboutUs and Photo","fileTypesAndContributionMap":{}},{"hash":"93b63c1016bf85892b39d41839c028cf7938eb72","isMergeCommit":true,"messageTitle":"Merge branch \u0027master\u0027 into PPP","messageBody":"# Conflicts:\n#\tdocs/team/piercengweisheng.md\n","fileTypesAndContributionMap":{}},{"hash":"1d2a669f658a28005f3636a7bcd22f7e2350b42e","isMergeCommit":false,"messageTitle":"Reformatted to comply with markdown formatting","messageBody":"","fileTypesAndContributionMap":{"docs":{"insertions":27,"deletions":24}}},{"hash":"92f46de441f58f58d41bb5d4968ad1a51b7dc84d","isMergeCommit":true,"messageTitle":"Merge pull request #78 from igezt/master","messageBody":"Add AddCommand and EditCommand\u0027s documentation in the User Guide and PPP Skeleton for Pierce","fileTypesAndContributionMap":{}},{"hash":"f0a7eeee83f7524146b43532630073de368197b4","isMergeCommit":true,"messageTitle":"Merge pull request #77 from hansstanley/doc/v1.1-wrapup","messageBody":"Update miscellaneous docs for v1.1","fileTypesAndContributionMap":{}}]},{"date":"2023-03-07","commitResults":[{"hash":"2c01a42947d3493b5c0746ba2bbee83e0cc6c14f","isMergeCommit":true,"messageTitle":"Merge pull request #87 from hansstanley/feat/starred-person","messageBody":"Enhance display of starred Persons","fileTypesAndContributionMap":{}}]}],"rachtan27":[{"date":"2023-03-02","commitResults":[{"hash":"1bc0d927db9b302d4039fa8d5e76711b65ce4c07","isMergeCommit":false,"messageTitle":"Update About Us","messageBody":"","fileTypesAndContributionMap":{"docs":{"insertions":0,"deletions":0}}},{"hash":"ce5d27627b9f4f37f782b24ac66e389b8b4b5fe0","isMergeCommit":false,"messageTitle":"Update AboutUs","messageBody":"","fileTypesAndContributionMap":{"docs":{"insertions":8,"deletions":6}}},{"hash":"fdd3f8ad79ce51845975e60b83d04f8013de617f","isMergeCommit":false,"messageTitle":"Update racheltan.md","messageBody":"","fileTypesAndContributionMap":{"docs":{"insertions":32,"deletions":0}}},{"hash":"f048524a1495c14dab4c135324094471fc54f909","isMergeCommit":false,"messageTitle":"delete ppp","messageBody":"","fileTypesAndContributionMap":{"docs":{"insertions":0,"deletions":0}}},{"hash":"ef9ce4695b0c9b034c9af25fc3d30f3c4f850540","isMergeCommit":true,"messageTitle":"everything","messageBody":"","fileTypesAndContributionMap":{}},{"hash":"06a6b09199c1546c48f3a123aa8256e2c7d93eed","isMergeCommit":false,"messageTitle":"all","messageBody":"","fileTypesAndContributionMap":{"docs":{"insertions":13,"deletions":6}}},{"hash":"9cb1eed223a37e2f7ccb2ab41d335c2282a4a73e","isMergeCommit":true,"messageTitle":"Merge pull request #69 from Shuggan/master","messageBody":"Update AboutUs information","fileTypesAndContributionMap":{}},{"hash":"3caeda838cf0bcdde77b3cea6000181f35993a8f","isMergeCommit":true,"messageTitle":"aboutus","messageBody":"","fileTypesAndContributionMap":{}},{"hash":"74386111eb08a377d87da3049cccb5c6d8bb26a9","isMergeCommit":false,"messageTitle":"aboutus","messageBody":"","fileTypesAndContributionMap":{"docs":{"insertions":1,"deletions":2}}},{"hash":"ffbf271281a960ba8eac6aa827197fc21afcc148","isMergeCommit":false,"messageTitle":"..","messageBody":"","fileTypesAndContributionMap":{"docs":{"insertions":1,"deletions":8}}},{"hash":"b7e39cc75875fd190b1b832d9295b330c2c964c9","isMergeCommit":false,"messageTitle":"add ppp","messageBody":"","fileTypesAndContributionMap":{"docs":{"insertions":32,"deletions":0}}},{"hash":"43a95ea7d73d1c6a3ca1fb6c1196738ebde0f2c6","isMergeCommit":false,"messageTitle":"change image url","messageBody":"","fileTypesAndContributionMap":{"docs":{"insertions":1,"deletions":1}}},{"hash":"e8004fee58dd2110c6b5074b78f33549555698ad","isMergeCommit":true,"messageTitle":"Merge branch \u0027master\u0027 into branch_aboutus","messageBody":"","fileTypesAndContributionMap":{}},{"hash":"c35377eb8d24ad860a50bf26202c5560f556215c","isMergeCommit":false,"messageTitle":"change docs config to own repo","messageBody":"","fileTypesAndContributionMap":{"docs":{"insertions":1,"deletions":1}}},{"hash":"9d60e3d15cfd46a6a072f50d1a972549919e1a49","isMergeCommit":false,"messageTitle":"edit add command images sizing","messageBody":"","fileTypesAndContributionMap":{"docs":{"insertions":3,"deletions":5}}}]},{"date":"2023-03-03","commitResults":[{"hash":"65691b5fc7731e56f4b8af342ad59ac1c116bae4","isMergeCommit":false,"messageTitle":"..","messageBody":"","fileTypesAndContributionMap":{"docs":{"insertions":3,"deletions":0}}},{"hash":"944cc88d68d0aa55e5154300890e6d25a57f99b4","isMergeCommit":true,"messageTitle":"Merge branch \u0027AY2223S2-CS2103T-F12-3:master\u0027 into master","messageBody":"","fileTypesAndContributionMap":{}}]},{"date":"2023-03-05","commitResults":[{"hash":"b50d3a68ba87af7e2afa7d9f0d1b1bd099a6e772","isMergeCommit":false,"messageTitle":"try layout","messageBody":"","fileTypesAndContributionMap":{"docs":{"insertions":8,"deletions":5}}},{"hash":"eb9b052f03e16e6499a6abcb7242f5c9534c234d","isMergeCommit":false,"messageTitle":"mm","messageBody":"","fileTypesAndContributionMap":{"docs":{"insertions":6,"deletions":6}}},{"hash":"65fbe57e87c2afb7bbb78f5031051132334d2979","isMergeCommit":false,"messageTitle":"..","messageBody":"","fileTypesAndContributionMap":{"docs":{"insertions":5,"deletions":0}}},{"hash":"0de2fa9065a4a0ae952038a7ada5408f9451cc43","isMergeCommit":false,"messageTitle":"ff","messageBody":"","fileTypesAndContributionMap":{"docs":{"insertions":8,"deletions":6}}},{"hash":"40bfdeb0e7585dc3f48a5150729576b21d2a9487","isMergeCommit":false,"messageTitle":"ff","messageBody":"","fileTypesAndContributionMap":{"docs":{"insertions":18,"deletions":30}}},{"hash":"3a0bf295579db9f2c79b819f0ff494620bcac2bd","isMergeCommit":false,"messageTitle":"Edit UG to suit AddressBkNeo w/o images","messageBody":"","fileTypesAndContributionMap":{"docs":{"insertions":61,"deletions":42}}},{"hash":"28f9798cc5014aaee2c80f8e8aae8769facd8af8","isMergeCommit":false,"messageTitle":"Update UG and add fav/unfav command","messageBody":"","fileTypesAndContributionMap":{"docs":{"insertions":26,"deletions":1}}},{"hash":"8fef9bbc900a76267127c519d59600d3ff53e305","isMergeCommit":true,"messageTitle":"Merge branch \u0027AY2223S2-CS2103T-F12-3:master\u0027 into master","messageBody":"","fileTypesAndContributionMap":{}},{"hash":"25cca7dcc19d6c505bbd62895fd9f5150d319cb0","isMergeCommit":false,"messageTitle":"Add fav/unfav","messageBody":"","fileTypesAndContributionMap":{"docs":{"insertions":0,"deletions":1}}},{"hash":"489a3880b3b4e935650b32164eb84b36a302c007","isMergeCommit":true,"messageTitle":"Fix conflicts and update command summmary","messageBody":"","fileTypesAndContributionMap":{}},{"hash":"ae25b18d735a2f844e02c44f5ecdfed930519d49","isMergeCommit":true,"messageTitle":"Merge pull request #1 from rachtan27/branch_addressbook_ug","messageBody":"Branch addressbook ug","fileTypesAndContributionMap":{}},{"hash":"f1676615881902a696ebae8b9c36d0d1ddc5a987","isMergeCommit":false,"messageTitle":"mm","messageBody":"","fileTypesAndContributionMap":{"docs":{"insertions":3,"deletions":3}}},{"hash":"b76eaf04d73cc6f6dae68513beaad6726cbf7c1f","isMergeCommit":false,"messageTitle":"ug toggle","messageBody":"","fileTypesAndContributionMap":{"docs":{"insertions":8,"deletions":0}}},{"hash":"1dcdb7e13792b2d96733edbd38c936baba09ee51","isMergeCommit":false,"messageTitle":"Add UI breakdown and calendar features","messageBody":"","fileTypesAndContributionMap":{"docs":{"insertions":54,"deletions":19}}},{"hash":"2bb30f0f9cbcd6540fb05bac404f1992852daa87","isMergeCommit":false,"messageTitle":"minor edits to headers and table of content","messageBody":"","fileTypesAndContributionMap":{"docs":{"insertions":3,"deletions":1}}},{"hash":"e999a304258a3ff27110e010f073a7dc0659150b","isMergeCommit":false,"messageTitle":"Minor changes to description of AB Neo and order of contents","messageBody":"","fileTypesAndContributionMap":{"docs":{"insertions":4,"deletions":4}}},{"hash":"af88a1a692f5d886b8534c795b58947e44c9f90e","isMergeCommit":true,"messageTitle":"Merge branch \u0027master\u0027 into branch_addressbook_ug","messageBody":"","fileTypesAndContributionMap":{}},{"hash":"bc1951d82e6319d8738941815cafca2ebb38d831","isMergeCommit":false,"messageTitle":"rename image and ppp","messageBody":"","fileTypesAndContributionMap":{"docs":{"insertions":2,"deletions":2}}},{"hash":"51ae1365eba2d32da0a0c619f0ceba2734256c69","isMergeCommit":true,"messageTitle":"original","messageBody":"","fileTypesAndContributionMap":{}},{"hash":"7f24741d021d2e281153b3bdf3f556ebe1ea725f","isMergeCommit":false,"messageTitle":"update config","messageBody":"","fileTypesAndContributionMap":{"docs":{"insertions":12,"deletions":48}}},{"hash":"8cece48ff0ef0d9918bff7b9736d33fa20229c19","isMergeCommit":true,"messageTitle":"resolve conflicts","messageBody":"","fileTypesAndContributionMap":{}},{"hash":"0015e06e624c92914e6ef0fea6f593808e5ba044","isMergeCommit":false,"messageTitle":"minor changes to ug","messageBody":"","fileTypesAndContributionMap":{"docs":{"insertions":2,"deletions":2}}}]},{"date":"2023-03-06","commitResults":[{"hash":"9f6a26b9b65057035eb6a33015fc8e7884c8d4c7","isMergeCommit":false,"messageTitle":"minor changes to UG","messageBody":"","fileTypesAndContributionMap":{"docs":{"insertions":27,"deletions":27}}},{"hash":"53b864f70bab5797b2ae91f020dec620c8a5bbf9","isMergeCommit":false,"messageTitle":"minor changes to ug","messageBody":"","fileTypesAndContributionMap":{"docs":{"insertions":1,"deletions":1}}},{"hash":"1c085b83a3f2f1a319c1b1a554593e36bd90a248","isMergeCommit":false,"messageTitle":"minor changed to fulfil checkstyle","messageBody":"","fileTypesAndContributionMap":{"docs":{"insertions":13,"deletions":13}}}]}]},"authorFileTypeContributionMap":{"hansstanley":{"docs":51,"functional-code":1171,"test-code":0,"other":3},"nicljr":{"docs":39,"functional-code":930,"test-code":0},"Shuggan":{"docs":144,"functional-code":0,"test-code":0},"igezt":{"docs":75,"functional-code":788,"test-code":199},"rachtan27":{"docs":203,"functional-code":0,"test-code":0}},"authorContributionVariance":{"hansstanley":25590.31,"nicljr":19306.023,"Shuggan":627.8815,"igezt":66810.8,"rachtan27":6370.614},"authorDisplayNameMap":{"hansstanley":"CS2103T-F12-3 HAN ..NLEY","nicljr":"CS2103T-F12-3 LIM ..OLAS","Shuggan":"CS2103T-F12-3 SHAN..GGAN","igezt":"CS2103T-F12-3 PIER..HENG","rachtan27":"CS2103T-F12-3 TAN ..CHEL"}}
