{"authorDailyContributionsMap":{"BoAi01":[{"date":"2023-02-17","commitResults":[{"hash":"0eed70f01950d9e0dde961433c452828709fcb33","messageTitle":"add PPP","messageBody":"","fileTypesAndContributionMap":{"docs":{"insertions":49,"deletions":0}}}]},{"date":"2023-02-26","commitResults":[{"hash":"21e388628d8ab6c57a0539bce8d87b7671ce0251","messageTitle":"update developer guide: user stories and use cases related to locations","messageBody":"","fileTypesAndContributionMap":{"docs":{"insertions":16,"deletions":325}}},{"hash":"3c4965d09764d998416227a29ecd0b6fa5b8e6f8","messageTitle":"add use cases related to lcoations","messageBody":"","fileTypesAndContributionMap":{"docs":{"insertions":9,"deletions":6}}}]}],"jishnu28":[{"date":"2023-02-17","commitResults":[{"hash":"3c69991370df67847ae8aa48716b310af1f34bb5","messageTitle":"Create jishnu28.md","messageBody":"","fileTypesAndContributionMap":{"docs":{"insertions":46,"deletions":0}}},{"hash":"06fa57db15ec556e5856c2ec4d7ae454f3b3a45f","messageTitle":"Update jishnu28.md","messageBody":"","fileTypesAndContributionMap":{"docs":{"insertions":1,"deletions":1}}}]},{"date":"2023-03-01","commitResults":[{"hash":"d318c784db86d21287cb2fce3aac1d8f3fd8b364","messageTitle":"Add documentation for Week 7","messageBody":"","fileTypesAndContributionMap":{"docs":{"insertions":75,"deletions":25}}}]}],"cetigerlily":[{"date":"2023-02-17","commitResults":[{"hash":"d54638e80567af6c654623279312cd8358bf0326","messageTitle":"set up project portfolio page","messageBody":"","fileTypesAndContributionMap":{"docs":{"insertions":9,"deletions":0}}},{"hash":"2ccb6379c942b3d548e390923a12dbc05863dca9","messageTitle":"rename ppp","messageBody":"","fileTypesAndContributionMap":{"docs":{"insertions":1,"deletions":1}}}]},{"date":"2023-02-28","commitResults":[{"hash":"bd287f3f376e71eecb883164c5289b2e17d0af53","messageTitle":"Update DevelopperGuide.md: User stories and use cases related to planes","messageBody":"","fileTypesAndContributionMap":{"docs":{"insertions":33,"deletions":10}}}]}],"tangyuantyy":[{"date":"2023-02-17","commitResults":[{"hash":"cc1bfe90de0ac58066c351b35d994289bd00bcac","messageTitle":"Update AboutUs.md","messageBody":"","fileTypesAndContributionMap":{"docs":{"insertions":25,"deletions":25}}},{"hash":"686d507ffe80c28c0c137787a2f415b699b82d9f","messageTitle":"Create yuanyuan.md","messageBody":"","fileTypesAndContributionMap":{"docs":{"insertions":43,"deletions":0}}},{"hash":"6043e4fafd4ba250ce959b634f09583cab7bf9e1","messageTitle":"Update AboutUs.md","messageBody":"","fileTypesAndContributionMap":{"docs":{"insertions":6,"deletions":6}}},{"hash":"95fc1a8b2239e70c705efdc1dad439881d1af5d5","messageTitle":"Rename yuanyuan.md to tangyuantyy.md","messageBody":"","fileTypesAndContributionMap":{"docs":{"insertions":0,"deletions":0}}},{"hash":"31f3c2bb8c2e81812fe9d67052fa2cbc7ee52b1b","messageTitle":"Update AboutUs.md","messageBody":"","fileTypesAndContributionMap":{"docs":{"insertions":1,"deletions":1}}}]},{"date":"2023-02-27","commitResults":[{"hash":"ccd44dff7a18604bcf5fbdf3fb87d6bb77079b25","messageTitle":"Update DeveloperGuide.md","messageBody":"","fileTypesAndContributionMap":{"docs":{"insertions":54,"deletions":328}}}]},{"date":"2023-03-01","commitResults":[{"hash":"1fbbb1b3999a63a25ee87d426a8bda7686217fee","messageTitle":"Update README.md and _config.yml","messageBody":"","fileTypesAndContributionMap":{"docs":{"insertions":4,"deletions":15}}},{"hash":"75a5fb379d019f5502010636396f152be78e8848","messageTitle":"Update README.md and _config.yml","messageBody":"","fileTypesAndContributionMap":{"docs":{"insertions":1,"deletions":1}}},{"hash":"40871c0d3c00edaa5e529db1abcde467d83fbd47","messageTitle":"Update README.md and _config.yml","messageBody":"","fileTypesAndContributionMap":{"docs":{"insertions":1,"deletions":1}}}]}],"wxxedu":[{"date":"2023-02-17","commitResults":[{"hash":"6f4e7abac9aec2695e55cd9acbc86acbbb9455be","messageTitle":"update ppp for xiuxuan","messageBody":"","fileTypesAndContributionMap":{"docs":{"insertions":52,"deletions":27}}}]},{"date":"2023-02-19","commitResults":[{"hash":"bb76de799f38fa18c6a045bb59d71537385f3df8","messageTitle":"Migrate documentation from Google Doc to Markdown","messageBody":"","fileTypesAndContributionMap":{"docs":{"insertions":118,"deletions":127}}},{"hash":"4dd4a2eb115437ef429a4600e5518d6f704b077b","messageTitle":"Fix style issues","messageBody":"","fileTypesAndContributionMap":{"docs":{"insertions":17,"deletions":16}}}]},{"date":"2023-02-22","commitResults":[{"hash":"2728d6a4696ab52c69555471b07081be5700bbbd","messageTitle":"Implement UniqueList","messageBody":"","fileTypesAndContributionMap":{"functional-code":{"insertions":267,"deletions":0},"other":{"insertions":3,"deletions":0},"test-code":{"insertions":318,"deletions":0}}},{"hash":"6b50eb8c7cbc2066b5c98d43b0d456b33bda0d68","messageTitle":"Fix test issues","messageBody":"","fileTypesAndContributionMap":{"functional-code":{"insertions":22,"deletions":18},"test-code":{"insertions":6,"deletions":6}}},{"hash":"452bb421e6d9fedaf36c7f3531ccb07e5426cf78","messageTitle":"Update naming","messageBody":"","fileTypesAndContributionMap":{"other":{"insertions":10,"deletions":10}}}]},{"date":"2023-02-23","commitResults":[{"hash":"0945fa29c4905239ab877133a8cc4558b3523d9e","messageTitle":"Add some abstractions","messageBody":"","fileTypesAndContributionMap":{"functional-code":{"insertions":892,"deletions":22},"test-code":{"insertions":2,"deletions":2}}},{"hash":"d4c18f5437151e2df25a9bdca1635f856ff8c23c","messageTitle":"fix the style issues","messageBody":"","fileTypesAndContributionMap":{"functional-code":{"insertions":55,"deletions":33}}},{"hash":"8fd582d956e965a3aa436fe59c21663705d8002c","messageTitle":"fix the style issues","messageBody":"","fileTypesAndContributionMap":{"functional-code":{"insertions":288,"deletions":0}}},{"hash":"87bda5f111c770d74088d5354770527c247b01b7","messageTitle":"use `JsonHelper` and `FileHelper` as dependency to allow for better unit testing","messageBody":"","fileTypesAndContributionMap":{"functional-code":{"insertions":32,"deletions":4}}},{"hash":"2535857ceb0b60e036db5d8c097843e849512806","messageTitle":"Implement test for the `JsonIdentifiableManager`","messageBody":"","fileTypesAndContributionMap":{"test-code":{"insertions":126,"deletions":0}}},{"hash":"3162abff957936d052fa1096df18b315ec695302","messageTitle":"fix the style issues","messageBody":"","fileTypesAndContributionMap":{"functional-code":{"insertions":0,"deletions":2},"test-code":{"insertions":6,"deletions":6}}},{"hash":"3e7e423f22e44ffe8409bc277c3be1d3ba3e249d","messageTitle":"Implement more tests","messageBody":"","fileTypesAndContributionMap":{"functional-code":{"insertions":6,"deletions":5},"test-code":{"insertions":129,"deletions":0}}},{"hash":"9cae7f7d227820ba1b33c62125ba3cb7ba90c707","messageTitle":"implement `JsonIdentifiableStorageTest`","messageBody":"","fileTypesAndContributionMap":{"functional-code":{"insertions":1,"deletions":1},"test-code":{"insertions":59,"deletions":5}}},{"hash":"dab6d16da7105697ec078f4bd55614feeafc717b","messageTitle":"remove code duplication in stub writing","messageBody":"","fileTypesAndContributionMap":{"test-code":{"insertions":144,"deletions":112}}}]},{"date":"2023-02-28","commitResults":[{"hash":"344243825bc583f0f1c73bc3b60c533571f136b1","messageTitle":"add doc","messageBody":"","fileTypesAndContributionMap":{"docs":{"insertions":62,"deletions":26}}},{"hash":"70078ea70e069758eebef66d8604165cf60f16f2","messageTitle":"fix doc issues","messageBody":"","fileTypesAndContributionMap":{"docs":{"insertions":33,"deletions":28}}}]},{"date":"2023-03-03","commitResults":[{"hash":"beb6f6eaf06db11e887ed8dfca6aad40bc2984a7","messageTitle":"work on model","messageBody":"","fileTypesAndContributionMap":{"functional-code":{"insertions":191,"deletions":10}}},{"hash":"9cde8965b4ec232208535487a7eb9cd5666b81f5","messageTitle":"delete stupid testcases","messageBody":"","fileTypesAndContributionMap":{"functional-code":{"insertions":108,"deletions":12},"docs":{"insertions":5,"deletions":0},"test-code":{"insertions":0,"deletions":3212}}}]},{"date":"2023-03-04","commitResults":[{"hash":"3d172bcc5190052110764459895880023b49dd2c","messageTitle":"work on parser","messageBody":"","fileTypesAndContributionMap":{"functional-code":{"insertions":294,"deletions":1056},"test-code":{"insertions":23,"deletions":1825}}},{"hash":"0f4a77ca0c2cc84aef27d0feba373b66420ab064","messageTitle":"fix style issues","messageBody":"","fileTypesAndContributionMap":{"functional-code":{"insertions":222,"deletions":51},"test-code":{"insertions":65,"deletions":247}}},{"hash":"bf7f9b0eb3590d6660e4841d8f16e7d500c4e469","messageTitle":"more refine works","messageBody":"","fileTypesAndContributionMap":{"functional-code":{"insertions":320,"deletions":171},"other":{"insertions":1,"deletions":1},"test-code":{"insertions":3,"deletions":1}}},{"hash":"3066089010492bbe825d513b3d2041a0459cb4ed","messageTitle":"Finish most part of add / delete pilot","messageBody":"","fileTypesAndContributionMap":{"functional-code":{"insertions":157,"deletions":12},"other":{"insertions":15,"deletions":15}}},{"hash":"8125b71b66ea20ba71b1f4751b72393d13c2e946","messageTitle":"Implement Parser","messageBody":"","fileTypesAndContributionMap":{"functional-code":{"insertions":220,"deletions":24},"other":{"insertions":65,"deletions":45},"docs":{"insertions":1,"deletions":1}}},{"hash":"6b42611386b53c1594b563ae61f7f7945c269188","messageTitle":"Fix issues in the LogicManager","messageBody":"","fileTypesAndContributionMap":{"functional-code":{"insertions":25,"deletions":36}}},{"hash":"fab1f273436d8f351b531f330c4384f4f1ca4e2b","messageTitle":"fix style issues","messageBody":"","fileTypesAndContributionMap":{"functional-code":{"insertions":4,"deletions":13}}},{"hash":"f957ec8ef99097d8d458f784565cc198936e397a","messageTitle":"add doc","messageBody":"","fileTypesAndContributionMap":{"docs":{"insertions":103,"deletions":0}}},{"hash":"53263ffe5728b771938cb3923675c271147ce468","messageTitle":"code refactor","messageBody":"","fileTypesAndContributionMap":{"functional-code":{"insertions":83,"deletions":23},"other":{"insertions":31,"deletions":8}}},{"hash":"5b1b974d3a1ea716e6aa4980c52fb328c9f4a05a","messageTitle":"fix style issues","messageBody":"","fileTypesAndContributionMap":{"functional-code":{"insertions":1,"deletions":2}}},{"hash":"89121569179317e8a518a9b5cd926a5087edcea2","messageTitle":"implement tests for `CommandParam`","messageBody":"","fileTypesAndContributionMap":{"functional-code":{"insertions":106,"deletions":26},"test-code":{"insertions":258,"deletions":37}}},{"hash":"3f81c6a4735ee1137ce7993d4d6ef10ace58b956","messageTitle":"fix style issues","messageBody":"","fileTypesAndContributionMap":{"test-code":{"insertions":4,"deletions":8}}},{"hash":"fac306610a827bbace999276261b3b3d98cec2ac","messageTitle":"implement tests for CommandGroup","messageBody":"","fileTypesAndContributionMap":{"functional-code":{"insertions":17,"deletions":2},"test-code":{"insertions":164,"deletions":0}}},{"hash":"2724e320d03c343acb9881a0ce96a0083683f374","messageTitle":"implement tests for `FactoryParser`","messageBody":"","fileTypesAndContributionMap":{"functional-code":{"insertions":3,"deletions":1},"test-code":{"insertions":152,"deletions":45}}},{"hash":"a956a22500b9290a194928df8e34de4f5d50e389","messageTitle":"fix style issues","messageBody":"","fileTypesAndContributionMap":{"test-code":{"insertions":20,"deletions":12}}},{"hash":"83dfe90045efb7e733dd1fe14e8b5879030830f6","messageTitle":"implement tests for `WingmanParser`","messageBody":"","fileTypesAndContributionMap":{"other":{"insertions":1,"deletions":1},"test-code":{"insertions":94,"deletions":2}}},{"hash":"66f498e6befaa7c5b069fa21d1939f0efbed2ea0","messageTitle":"fix imports","messageBody":"","fileTypesAndContributionMap":{"test-code":{"insertions":0,"deletions":1}}},{"hash":"5a472ba4269fc576e2c36ba3dd149e5b13508991","messageTitle":"work on UI -\u003e should switch to a new branch","messageBody":"","fileTypesAndContributionMap":{"functional-code":{"insertions":50,"deletions":0}}}]},{"date":"2023-03-05","commitResults":[{"hash":"3c2a900a331e9c627acc3141b82714e3a80c4336","messageTitle":"should finish most part of the ui logic","messageBody":"","fileTypesAndContributionMap":{"functional-code":{"insertions":128,"deletions":28},"other":{"insertions":11,"deletions":4}}},{"hash":"1561d8e6ae05bb43b4ed14540daacc9c8118adc8","messageTitle":"add modal support","messageBody":"","fileTypesAndContributionMap":{"functional-code":{"insertions":34,"deletions":4}}},{"hash":"09a55bd65d39e90b74d56178738a95c7b0a091cd","messageTitle":"implement gui","messageBody":"","fileTypesAndContributionMap":{"functional-code":{"insertions":36,"deletions":23},"test-code":{"insertions":4,"deletions":3}}},{"hash":"6f85395fb1ff3c32cc2f773cfefa534c70910c35","messageTitle":"fix styles","messageBody":"","fileTypesAndContributionMap":{"functional-code":{"insertions":4,"deletions":2}}},{"hash":"c3865538b607d7388d534451c8115ffd4a726294","messageTitle":"add missing doc","messageBody":"","fileTypesAndContributionMap":{"functional-code":{"insertions":12,"deletions":0}}},{"hash":"433a9a404d31ef337e803bb96b4ad08bd52696bc","messageTitle":"fix binding issues","messageBody":"","fileTypesAndContributionMap":{"functional-code":{"insertions":14,"deletions":1}}},{"hash":"1ccdd5fda35a6a3aa725af0eec7022590900f664","messageTitle":"fix the ui binding issue","messageBody":"","fileTypesAndContributionMap":{"functional-code":{"insertions":1,"deletions":0}}}]}]},"authorFileTypeContributionMap":{"BoAi01":{"docs":56,"functional-code":0,"test-code":0},"jishnu28":{"docs":89,"functional-code":0,"test-code":0},"cetigerlily":{"docs":28,"functional-code":0,"test-code":0},"tangyuantyy":{"docs":114,"functional-code":0,"test-code":0},"wxxedu":{"docs":315,"functional-code":3285,"test-code":1336,"other":3}},"authorContributionVariance":{"BoAi01":7028.735,"jishnu28":647.9722,"cetigerlily":105.79238,"tangyuantyy":8381.281,"wxxedu":2636255.8},"authorDisplayNameMap":{"BoAi01":"CS2103T-W11-1 AI B..I BO","jishnu28":"CS2103T-W11-1 THAN..ANDH","cetigerlily":"CS2103T-W11-1 CELE.. KAE","tangyuantyy":"CS2103T-W11-1 TANG..YUAN","wxxedu":"CS2103T-W11-1 WANG..XUAN"}}
