{"authorDailyContributionsMap":{"jugsliao":[{"date":"2023-03-05","commitResults":[{"hash":"d720f9de27d53959e8f482cb2cecd2b83ad229d1","isMergeCommit":false,"messageTitle":"update ui.png","messageBody":"","fileTypesAndContributionMap":{"other":{"insertions":580,"deletions":0}}},{"hash":"3bd03ab6790a857b369852472c272c5b9b858ad9","isMergeCommit":true,"messageTitle":"Merge pull request #11 from jugsliao/branch-update-readme","messageBody":"update ui.png","fileTypesAndContributionMap":{}},{"hash":"cbde83df0d45b86b443bfb8d97cd469899c08e59","isMergeCommit":false,"messageTitle":"Update README.md","messageBody":"","fileTypesAndContributionMap":{"docs":{"insertions":19,"deletions":11}}},{"hash":"23ff7ee96c156599efb79f602d6c08080e9b893d","isMergeCommit":true,"messageTitle":"Merge pull request #12 from jugsliao/branch-update-readme","messageBody":"Update README.md","fileTypesAndContributionMap":{}}]},{"date":"2023-03-07","commitResults":[{"hash":"4fa728c2c282569cafde6f6d0fae3a3c112be90c","isMergeCommit":false,"messageTitle":"Made changes","messageBody":"","fileTypesAndContributionMap":{"docs":{"insertions":1,"deletions":1}}},{"hash":"73b7312ca1f5073e314bf081ace9ffe65eba9d6b","isMergeCommit":true,"messageTitle":"Merge pull request #17 from jugsliao/tutorial-adding-command","messageBody":"Made changes","fileTypesAndContributionMap":{}},{"hash":"9a670bb92175dfbe4b0059d8cf9d4f216eaaebe1","isMergeCommit":false,"messageTitle":"Update jacques ppp and picture","messageBody":"","fileTypesAndContributionMap":{"docs":{"insertions":35,"deletions":0}}},{"hash":"1209004b4184a9a9658bbfef4905b23b6dc4d79c","isMergeCommit":true,"messageTitle":"Merge pull request #19 from jugsliao/branch-create-ppp","messageBody":"Update jacques ppp and picture","fileTypesAndContributionMap":{}}]},{"date":"2023-03-12","commitResults":[{"hash":"4c816edb7206fbdf47e8b654656161607d93db3f","isMergeCommit":false,"messageTitle":"Tutorial-adding-command","messageBody":"","fileTypesAndContributionMap":{"functional-code":{"insertions":212,"deletions":14},"test-code":{"insertions":118,"deletions":12}}},{"hash":"5a0e0e3491a11e5ba2ca8c220b1daafbc4aa994c","isMergeCommit":true,"messageTitle":"Merge pull request #22 from jugsliao/tutorial-adding-command","messageBody":"Tutorial-adding-command ","fileTypesAndContributionMap":{}}]},{"date":"2023-03-13","commitResults":[{"hash":"d48dc4afc93c021d3a42cc0f8f38bb22e2838d97","isMergeCommit":false,"messageTitle":"Update readme","messageBody":"","fileTypesAndContributionMap":{"docs":{"insertions":6,"deletions":4}}},{"hash":"48adb6c5bada5acee8ef8b79220d9f20ae0c5fd3","isMergeCommit":true,"messageTitle":"Merge pull request #37 from jugsliao/master","messageBody":"Update readme","fileTypesAndContributionMap":{}},{"hash":"0cec3eaac75cc3c4e68511bc425697fd67db321c","isMergeCommit":false,"messageTitle":"Update readme spelling","messageBody":"","fileTypesAndContributionMap":{"docs":{"insertions":2,"deletions":2}}},{"hash":"567d87e09ae39237527f5a20658e54df0fb25ad4","isMergeCommit":true,"messageTitle":"Merge pull request #38 from jugsliao/master","messageBody":"Update readme spelling","fileTypesAndContributionMap":{}}]}],"Zhongli5712":[{"date":"2023-03-08","commitResults":[{"hash":"0959afa51c5534bfd5ac9318ba726a86b6dca35d","isMergeCommit":true,"messageTitle":"Merge remote-tracking branch \u0027upstream/master\u0027","messageBody":"","fileTypesAndContributionMap":{}}]},{"date":"2023-03-13","commitResults":[{"hash":"0821a35e76a2f7d4f733eb06eec11fa97021437a","isMergeCommit":true,"messageTitle":"Merge remote-tracking branch \u0027upstream/master\u0027","messageBody":"","fileTypesAndContributionMap":{}},{"hash":"4082042a34c5c818d4995e9ccc24ca13594da557","isMergeCommit":false,"messageTitle":"Change About us page","messageBody":"","fileTypesAndContributionMap":{"docs":{"insertions":17,"deletions":30}}},{"hash":"e8f112a2979b7d8a5ce987a39c536131bb29818a","isMergeCommit":true,"messageTitle":"Merge pull request #23 from Zhongli5712/change-about-us","messageBody":"Change about us","fileTypesAndContributionMap":{}},{"hash":"0a9c2912c7fdcced73dc4919542a0d0b11c39aad","isMergeCommit":false,"messageTitle":"Change About us page","messageBody":"","fileTypesAndContributionMap":{"docs":{"insertions":109,"deletions":0}}},{"hash":"efbd07e076132c900f6a1a38453663d10faa8a57","isMergeCommit":false,"messageTitle":"Change About us page","messageBody":"","fileTypesAndContributionMap":{"docs":{"insertions":2,"deletions":2}}},{"hash":"3d77e03463c3f0b2ad25f0fda908b4b09ac4022a","isMergeCommit":true,"messageTitle":"Merge pull request #24 from Zhongli5712/change-about-us","messageBody":"Change about us page with ppp","fileTypesAndContributionMap":{}},{"hash":"046149ed5fb9e63f4151da81637bbc064e4039c4","isMergeCommit":false,"messageTitle":"Change user guide to new target","messageBody":"","fileTypesAndContributionMap":{"docs":{"insertions":18,"deletions":127}}},{"hash":"18626d32869a8c5b5bc372da33cbf1d4f65ae1ed","isMergeCommit":true,"messageTitle":"Merge pull request #33 from Zhongli5712/change-new-ug","messageBody":"Change user guide to new target","fileTypesAndContributionMap":{}},{"hash":"b1916c1a1532aa09031eb46578c970f8df526e37","isMergeCommit":false,"messageTitle":"Change user guide to new target","messageBody":"","fileTypesAndContributionMap":{"docs":{"insertions":3,"deletions":3}}},{"hash":"d9b4eed8ddde7368ca40b0f56c5139f34136976f","isMergeCommit":true,"messageTitle":"Merge pull request #34 from Zhongli5712/change-new-ug","messageBody":"Change user guide to new target","fileTypesAndContributionMap":{}},{"hash":"97af36633811a7e99332b30fdfdc5439dd22decc","isMergeCommit":false,"messageTitle":"Change user guide to new target","messageBody":"","fileTypesAndContributionMap":{"docs":{"insertions":14,"deletions":8}}},{"hash":"d826f96ed0ea1d28868bd517717fa5f15da62efd","isMergeCommit":false,"messageTitle":"Change user guide to new target","messageBody":"","fileTypesAndContributionMap":{"docs":{"insertions":3,"deletions":3}}},{"hash":"9bf868ac979484dd9b09e4f83209e8275b6ab41d","isMergeCommit":false,"messageTitle":"Change user guide to new target","messageBody":"","fileTypesAndContributionMap":{"docs":{"insertions":6,"deletions":6}}},{"hash":"510b14a954f38620f42cdce3fb791763dce0111f","isMergeCommit":true,"messageTitle":"Merge pull request #35 from Zhongli5712/change-new-ug","messageBody":"Change new ug","fileTypesAndContributionMap":{}},{"hash":"17792d476d9191b2a6539f431b6b78fb107ae71e","isMergeCommit":false,"messageTitle":"Add DG and change UG","messageBody":"","fileTypesAndContributionMap":{"docs":{"insertions":48,"deletions":29}}},{"hash":"983dedfcfaa085324e3dbf9d3689a2340ccdd0b8","isMergeCommit":true,"messageTitle":"Merge pull request #39 from Zhongli5712/add-dg","messageBody":"Add DG and change UG","fileTypesAndContributionMap":{}}]}],"gekhro":[{"date":"2023-03-06","commitResults":[{"hash":"62a2f2c26d681070f211d4cd9c05844a0ab77675","isMergeCommit":false,"messageTitle":"update: UserGuide","messageBody":"","fileTypesAndContributionMap":{"docs":{"insertions":288,"deletions":116}}},{"hash":"685ca418f280b51e11eb9ca820f43864b63bdbc3","isMergeCommit":true,"messageTitle":"Merge pull request #13 from gekhro/updateUG","messageBody":"update: UserGuide","fileTypesAndContributionMap":{}}]}],"leeyi45":[]},"authorFileTypeContributionMap":{"jugsliao":{"docs":56,"functional-code":211,"test-code":118,"other":580},"Zhongli5712":{"docs":195,"functional-code":0,"test-code":0},"gekhro":{"docs":199,"functional-code":0,"test-code":0},"leeyi45":{"docs":0,"functional-code":0,"test-code":0}},"authorContributionVariance":{"jugsliao":18361.18,"Zhongli5712":7034.2656,"gekhro":6267.493,"leeyi45":0.0},"authorDisplayNameMap":{"jugsliao":"CS2103T-W10-4 LIAO..QUES","Zhongli5712":"CS2103T-W10-4 TRUO..UONG","gekhro":"CS2103T-W10-4 JETH..YANG","leeyi45":"CS2103T-W10-4 LEE ..E YI"}}
