[{"path":"README.md","fileType":"docs","lines":[{"lineNumber":1,"author":{"gitId":"ajjajjajjajj"},"content":"# SalesPUNCH - manage your contacts better than ever","lastModifiedDate":"2023-03-01"},{"lineNumber":2,"author":{"gitId":"ajjajjajjajj"},"content":"[![CI Status](https://github.com/AY2223S2-CS2103-W16-4/tp/actions/workflows/gradle.yml/badge.svg)](https://github.com/AY2223S2-CS2103-W16-4/tp/actions/)","lastModifiedDate":"2023-03-05"},{"lineNumber":3,"author":{"gitId":"-"},"content":"","lastModifiedDate":"2020-05-23"},{"lineNumber":4,"author":{"gitId":"ajjajjajjajj"},"content":"The CRM you\u0027ve been waiting for - absolutely free, absolutely fast.  ","lastModifiedDate":"2023-03-01"},{"lineNumber":5,"author":{"gitId":"ajjajjajjajj"},"content":"Not just a force, but a PUNCH - punch in your hours and your cheques when you can manage","lastModifiedDate":"2023-03-01"},{"lineNumber":6,"author":{"gitId":"ajjajjajjajj"},"content":"your contacts more efficiently than before.","lastModifiedDate":"2023-03-01"},{"lineNumber":7,"author":{"gitId":"ajjajjajjajj"},"content":"","lastModifiedDate":"2023-03-01"},{"lineNumber":8,"author":{"gitId":"ajjajjajjajj"},"content":"This project is based on the AddressBook-Level3 project created by the [SE-EDU initiative](https://se-education.org).","lastModifiedDate":"2023-03-05"},{"lineNumber":9,"author":{"gitId":"-"},"content":"","lastModifiedDate":"2020-05-23"},{"lineNumber":10,"author":{"gitId":"ajjajjajjajj"},"content":"![Ui](docs/images/Ui.png)","lastModifiedDate":"2023-03-05"}],"authorContributionMap":{"ajjajjajjajj":8,"-":2}},{"path":"docs/AboutUs.md","fileType":"docs","lines":[{"lineNumber":1,"author":{"gitId":"-"},"content":"---","lastModifiedDate":"2020-05-23"},{"lineNumber":2,"author":{"gitId":"-"},"content":"layout: page","lastModifiedDate":"2020-05-23"},{"lineNumber":3,"author":{"gitId":"-"},"content":"title: About Us","lastModifiedDate":"2020-05-23"},{"lineNumber":4,"author":{"gitId":"-"},"content":"---","lastModifiedDate":"2020-05-23"},{"lineNumber":5,"author":{"gitId":"-"},"content":"","lastModifiedDate":"2020-05-23"},{"lineNumber":6,"author":{"gitId":"-"},"content":"We are a team based in the [School of Computing, National University of Singapore](http://www.comp.nus.edu.sg).","lastModifiedDate":"2020-05-23"},{"lineNumber":7,"author":{"gitId":"-"},"content":"","lastModifiedDate":"2020-05-23"},{"lineNumber":8,"author":{"gitId":"-"},"content":"## Project team","lastModifiedDate":"2020-06-07"},{"lineNumber":9,"author":{"gitId":"-"},"content":"","lastModifiedDate":"2020-05-23"},{"lineNumber":10,"author":{"gitId":"evanpy"},"content":"### Ang Jing Jie","lastModifiedDate":"2023-03-03"},{"lineNumber":11,"author":{"gitId":"-"},"content":"","lastModifiedDate":"2020-05-23"},{"lineNumber":12,"author":{"gitId":"evanpy"},"content":"\u003cimg src\u003d\"images/ajjajjajjajj.png\" width\u003d\"200px\"\u003e","lastModifiedDate":"2023-03-03"},{"lineNumber":13,"author":{"gitId":"-"},"content":"","lastModifiedDate":"2020-05-23"},{"lineNumber":14,"author":{"gitId":"evanpy"},"content":"[[github](https://github.com/ajjajjajjajj)]","lastModifiedDate":"2023-03-03"},{"lineNumber":15,"author":{"gitId":"evanpy"},"content":"[[portfolio](team/ajjajjajjajj.md)]","lastModifiedDate":"2023-03-03"},{"lineNumber":16,"author":{"gitId":"-"},"content":"","lastModifiedDate":"2020-05-23"},{"lineNumber":17,"author":{"gitId":"evanpy"},"content":"* Role: Developer","lastModifiedDate":"2023-03-03"},{"lineNumber":18,"author":{"gitId":"evanpy"},"content":"* Responsibilities: Testing, Code quality, Integration","lastModifiedDate":"2023-03-03"},{"lineNumber":19,"author":{"gitId":"-"},"content":"","lastModifiedDate":"2020-05-23"},{"lineNumber":20,"author":{"gitId":"evanpy"},"content":"### Wesley Bennett Loo Dela Cruz","lastModifiedDate":"2023-03-03"},{"lineNumber":21,"author":{"gitId":"-"},"content":"","lastModifiedDate":"2020-05-23"},{"lineNumber":22,"author":{"gitId":"evanpy"},"content":"\u003cimg src\u003d\"images/wesleybldc.png\" width\u003d\"200px\"\u003e","lastModifiedDate":"2023-03-03"},{"lineNumber":23,"author":{"gitId":"-"},"content":"","lastModifiedDate":"2020-05-23"},{"lineNumber":24,"author":{"gitId":"evanpy"},"content":"[[github](http://github.com/wesleybldc)]","lastModifiedDate":"2023-03-03"},{"lineNumber":25,"author":{"gitId":"evanpy"},"content":"[[portfolio](team/wesleybldc.md)]","lastModifiedDate":"2023-03-03"},{"lineNumber":26,"author":{"gitId":"-"},"content":"","lastModifiedDate":"2020-05-23"},{"lineNumber":27,"author":{"gitId":"evanpy"},"content":"* Role: Developer","lastModifiedDate":"2023-03-03"},{"lineNumber":28,"author":{"gitId":"evanpy"},"content":"* Responsibilities: Integration, Testing, Code quality","lastModifiedDate":"2023-03-03"},{"lineNumber":29,"author":{"gitId":"-"},"content":"","lastModifiedDate":"2020-05-23"},{"lineNumber":30,"author":{"gitId":"evanpy"},"content":"### Wang Peixuan","lastModifiedDate":"2023-03-03"},{"lineNumber":31,"author":{"gitId":"-"},"content":"","lastModifiedDate":"2020-05-23"},{"lineNumber":32,"author":{"gitId":"evanpy"},"content":"\u003cimg src\u003d\"images/wpx12011.png\" width\u003d\"200px\"\u003e","lastModifiedDate":"2023-03-03"},{"lineNumber":33,"author":{"gitId":"-"},"content":"","lastModifiedDate":"2020-05-23"},{"lineNumber":34,"author":{"gitId":"evanpy"},"content":"[[github](http://github.com/wpx12011)] ","lastModifiedDate":"2023-03-03"},{"lineNumber":35,"author":{"gitId":"evanpy"},"content":"[[portfolio](team/wpx12011.md)]","lastModifiedDate":"2023-03-03"},{"lineNumber":36,"author":{"gitId":"-"},"content":"","lastModifiedDate":"2020-05-23"},{"lineNumber":37,"author":{"gitId":"-"},"content":"* Role: Developer","lastModifiedDate":"2020-05-23"},{"lineNumber":38,"author":{"gitId":"evanpy"},"content":"* Responsibilities: Integration, Testing, Code quality","lastModifiedDate":"2023-03-03"},{"lineNumber":39,"author":{"gitId":"-"},"content":"","lastModifiedDate":"2020-05-23"},{"lineNumber":40,"author":{"gitId":"evanpy"},"content":"### Benedict Tan Yian Ming","lastModifiedDate":"2023-03-03"},{"lineNumber":41,"author":{"gitId":"-"},"content":"","lastModifiedDate":"2020-05-23"},{"lineNumber":42,"author":{"gitId":"evanpy"},"content":"\u003cimg src\u003d\"images/benedict733.png\" width\u003d\"200px\"\u003e","lastModifiedDate":"2023-03-03"},{"lineNumber":43,"author":{"gitId":"-"},"content":"","lastModifiedDate":"2020-05-23"},{"lineNumber":44,"author":{"gitId":"evanpy"},"content":"[[github](http://github.com/benedict733)]","lastModifiedDate":"2023-03-03"},{"lineNumber":45,"author":{"gitId":"evanpy"},"content":"[[portfolio](team/benedict733.md)]","lastModifiedDate":"2023-03-03"},{"lineNumber":46,"author":{"gitId":"-"},"content":"","lastModifiedDate":"2020-05-23"},{"lineNumber":47,"author":{"gitId":"-"},"content":"* Role: Developer","lastModifiedDate":"2020-05-23"},{"lineNumber":48,"author":{"gitId":"evanpy"},"content":"* Responsibilities: Integration, Testing, Code quality","lastModifiedDate":"2023-03-03"},{"lineNumber":49,"author":{"gitId":"-"},"content":"","lastModifiedDate":"2020-05-23"},{"lineNumber":50,"author":{"gitId":"evanpy"},"content":"### Evan Lee Wen Jun","lastModifiedDate":"2023-03-03"},{"lineNumber":51,"author":{"gitId":"-"},"content":"","lastModifiedDate":"2020-05-23"},{"lineNumber":52,"author":{"gitId":"evanpy"},"content":"\u003cimg src\u003d\"images/evanpy.png\" width\u003d\"200px\"\u003e","lastModifiedDate":"2023-03-03"},{"lineNumber":53,"author":{"gitId":"-"},"content":"","lastModifiedDate":"2020-05-23"},{"lineNumber":54,"author":{"gitId":"evanpy"},"content":"[[github](http://github.com/evanpy)]","lastModifiedDate":"2023-03-03"},{"lineNumber":55,"author":{"gitId":"evanpy"},"content":"[[portfolio](team/evanpy.md)]","lastModifiedDate":"2023-03-03"},{"lineNumber":56,"author":{"gitId":"-"},"content":"","lastModifiedDate":"2020-05-23"},{"lineNumber":57,"author":{"gitId":"-"},"content":"* Role: Developer","lastModifiedDate":"2020-05-23"},{"lineNumber":58,"author":{"gitId":"evanpy"},"content":"* Responsibilities: Integration, Testing, Code quality","lastModifiedDate":"2023-03-03"}],"authorContributionMap":{"evanpy":27,"-":31}},{"path":"docs/UserGuide.md","fileType":"docs","lines":[{"lineNumber":1,"author":{"gitId":"-"},"content":"---","lastModifiedDate":"2020-05-23"},{"lineNumber":2,"author":{"gitId":"-"},"content":"layout: page","lastModifiedDate":"2020-05-23"},{"lineNumber":3,"author":{"gitId":"-"},"content":"title: User Guide","lastModifiedDate":"2020-05-23"},{"lineNumber":4,"author":{"gitId":"-"},"content":"---","lastModifiedDate":"2020-05-23"},{"lineNumber":5,"author":{"gitId":"-"},"content":"","lastModifiedDate":"2020-05-23"},{"lineNumber":6,"author":{"gitId":"-"},"content":"AddressBook Level 3 (AB3) is a **desktop app for managing contacts, optimized for use via a Command Line Interface** (CLI) while still having the benefits of a Graphical User Interface (GUI). If you can type fast, AB3 can get your contact management tasks done faster than traditional GUI apps.","lastModifiedDate":"2020-05-23"},{"lineNumber":7,"author":{"gitId":"-"},"content":"","lastModifiedDate":"2020-05-23"},{"lineNumber":8,"author":{"gitId":"-"},"content":"* Table of Contents","lastModifiedDate":"2020-05-23"},{"lineNumber":9,"author":{"gitId":"-"},"content":"{:toc}","lastModifiedDate":"2020-05-23"},{"lineNumber":10,"author":{"gitId":"-"},"content":"","lastModifiedDate":"2020-05-23"},{"lineNumber":11,"author":{"gitId":"-"},"content":"--------------------------------------------------------------------------------------------------------------------","lastModifiedDate":"2020-05-23"},{"lineNumber":12,"author":{"gitId":"-"},"content":"","lastModifiedDate":"2020-05-23"},{"lineNumber":13,"author":{"gitId":"-"},"content":"## Quick start","lastModifiedDate":"2020-05-23"},{"lineNumber":14,"author":{"gitId":"-"},"content":"","lastModifiedDate":"2020-05-23"},{"lineNumber":15,"author":{"gitId":"-"},"content":"1. Ensure you have Java `11` or above installed in your Computer.","lastModifiedDate":"2020-05-23"},{"lineNumber":16,"author":{"gitId":"-"},"content":"","lastModifiedDate":"2020-05-23"},{"lineNumber":17,"author":{"gitId":"-"},"content":"1. Download the latest `addressbook.jar` from [here](https://github.com/se-edu/addressbook-level3/releases).","lastModifiedDate":"2020-05-23"},{"lineNumber":18,"author":{"gitId":"-"},"content":"","lastModifiedDate":"2020-05-23"},{"lineNumber":19,"author":{"gitId":"-"},"content":"1. Copy the file to the folder you want to use as the _home folder_ for your AddressBook.","lastModifiedDate":"2020-05-23"},{"lineNumber":20,"author":{"gitId":"-"},"content":"","lastModifiedDate":"2020-05-23"},{"lineNumber":21,"author":{"gitId":"-"},"content":"1. Open a command terminal, `cd` into the folder you put the jar file in, and use the `java -jar addressbook.jar` command to run the application.\u003cbr\u003e","lastModifiedDate":"2023-01-01"},{"lineNumber":22,"author":{"gitId":"-"},"content":"   A GUI similar to the below should appear in a few seconds. Note how the app contains some sample data.\u003cbr\u003e","lastModifiedDate":"2023-01-01"},{"lineNumber":23,"author":{"gitId":"-"},"content":"   ![Ui](images/Ui.png)","lastModifiedDate":"2020-05-23"},{"lineNumber":24,"author":{"gitId":"-"},"content":"","lastModifiedDate":"2020-05-23"},{"lineNumber":25,"author":{"gitId":"-"},"content":"1. Type the command in the command box and press Enter to execute it. e.g. typing **`help`** and pressing Enter will open the help window.\u003cbr\u003e","lastModifiedDate":"2020-05-23"},{"lineNumber":26,"author":{"gitId":"-"},"content":"   Some example commands you can try:","lastModifiedDate":"2020-05-23"},{"lineNumber":27,"author":{"gitId":"-"},"content":"","lastModifiedDate":"2020-05-23"},{"lineNumber":28,"author":{"gitId":"-"},"content":"   * `list` : Lists all contacts.","lastModifiedDate":"2023-01-01"},{"lineNumber":29,"author":{"gitId":"-"},"content":"","lastModifiedDate":"2020-05-23"},{"lineNumber":30,"author":{"gitId":"-"},"content":"   * `add n/John Doe p/98765432 e/johnd@example.com a/John street, block 123, #01-01` : Adds a contact named `John Doe` to the Address Book.","lastModifiedDate":"2023-01-01"},{"lineNumber":31,"author":{"gitId":"-"},"content":"","lastModifiedDate":"2020-05-23"},{"lineNumber":32,"author":{"gitId":"-"},"content":"   * `delete 3` : Deletes the 3rd contact shown in the current list.","lastModifiedDate":"2023-01-01"},{"lineNumber":33,"author":{"gitId":"-"},"content":"","lastModifiedDate":"2020-05-23"},{"lineNumber":34,"author":{"gitId":"-"},"content":"   * `clear` : Deletes all contacts.","lastModifiedDate":"2023-01-01"},{"lineNumber":35,"author":{"gitId":"-"},"content":"","lastModifiedDate":"2020-05-23"},{"lineNumber":36,"author":{"gitId":"-"},"content":"   * `exit` : Exits the app.","lastModifiedDate":"2023-01-01"},{"lineNumber":37,"author":{"gitId":"-"},"content":"","lastModifiedDate":"2020-05-23"},{"lineNumber":38,"author":{"gitId":"-"},"content":"1. Refer to the [Features](#features) below for details of each command.","lastModifiedDate":"2020-05-23"},{"lineNumber":39,"author":{"gitId":"-"},"content":"","lastModifiedDate":"2020-05-23"},{"lineNumber":40,"author":{"gitId":"-"},"content":"--------------------------------------------------------------------------------------------------------------------","lastModifiedDate":"2020-05-23"},{"lineNumber":41,"author":{"gitId":"-"},"content":"","lastModifiedDate":"2020-05-23"},{"lineNumber":42,"author":{"gitId":"-"},"content":"## Features","lastModifiedDate":"2020-05-23"},{"lineNumber":43,"author":{"gitId":"-"},"content":"","lastModifiedDate":"2020-05-23"},{"lineNumber":44,"author":{"gitId":"-"},"content":"\u003cdiv markdown\u003d\"block\" class\u003d\"alert alert-info\"\u003e","lastModifiedDate":"2020-05-23"},{"lineNumber":45,"author":{"gitId":"-"},"content":"","lastModifiedDate":"2020-05-23"},{"lineNumber":46,"author":{"gitId":"-"},"content":"**:information_source: Notes about the command format:**\u003cbr\u003e","lastModifiedDate":"2020-05-23"},{"lineNumber":47,"author":{"gitId":"-"},"content":"","lastModifiedDate":"2020-05-23"},{"lineNumber":48,"author":{"gitId":"-"},"content":"* Words in `UPPER_CASE` are the parameters to be supplied by the user.\u003cbr\u003e","lastModifiedDate":"2020-05-23"},{"lineNumber":49,"author":{"gitId":"-"},"content":"  e.g. in `add n/NAME`, `NAME` is a parameter which can be used as `add n/John Doe`.","lastModifiedDate":"2020-05-23"},{"lineNumber":50,"author":{"gitId":"-"},"content":"","lastModifiedDate":"2020-05-23"},{"lineNumber":51,"author":{"gitId":"-"},"content":"* Items in square brackets are optional.\u003cbr\u003e","lastModifiedDate":"2020-05-23"},{"lineNumber":52,"author":{"gitId":"-"},"content":"  e.g `n/NAME [t/TAG]` can be used as `n/John Doe t/friend` or as `n/John Doe`.","lastModifiedDate":"2020-05-23"},{"lineNumber":53,"author":{"gitId":"-"},"content":"","lastModifiedDate":"2020-05-23"},{"lineNumber":54,"author":{"gitId":"-"},"content":"* Items with `…`​ after them can be used multiple times including zero times.\u003cbr\u003e","lastModifiedDate":"2020-05-23"},{"lineNumber":55,"author":{"gitId":"-"},"content":"  e.g. `[t/TAG]…​` can be used as ` ` (i.e. 0 times), `t/friend`, `t/friend t/family` etc.","lastModifiedDate":"2020-05-23"},{"lineNumber":56,"author":{"gitId":"-"},"content":"","lastModifiedDate":"2020-05-23"},{"lineNumber":57,"author":{"gitId":"-"},"content":"* Parameters can be in any order.\u003cbr\u003e","lastModifiedDate":"2020-05-23"},{"lineNumber":58,"author":{"gitId":"-"},"content":"  e.g. if the command specifies `n/NAME p/PHONE_NUMBER`, `p/PHONE_NUMBER n/NAME` is also acceptable.","lastModifiedDate":"2020-05-23"},{"lineNumber":59,"author":{"gitId":"-"},"content":"","lastModifiedDate":"2020-05-23"},{"lineNumber":60,"author":{"gitId":"-"},"content":"* If a parameter is expected only once in the command but you specified it multiple times, only the last occurrence of the parameter will be taken.\u003cbr\u003e","lastModifiedDate":"2021-02-04"},{"lineNumber":61,"author":{"gitId":"-"},"content":"  e.g. if you specify `p/12341234 p/56785678`, only `p/56785678` will be taken.","lastModifiedDate":"2021-02-04"},{"lineNumber":62,"author":{"gitId":"-"},"content":"","lastModifiedDate":"2021-02-04"},{"lineNumber":63,"author":{"gitId":"-"},"content":"* Extraneous parameters for commands that do not take in parameters (such as `help`, `list`, `exit` and `clear`) will be ignored.\u003cbr\u003e","lastModifiedDate":"2021-02-03"},{"lineNumber":64,"author":{"gitId":"-"},"content":"  e.g. if the command specifies `help 123`, it will be interpreted as `help`.","lastModifiedDate":"2021-02-03"},{"lineNumber":65,"author":{"gitId":"-"},"content":"","lastModifiedDate":"2021-02-03"},{"lineNumber":66,"author":{"gitId":"-"},"content":"\u003c/div\u003e","lastModifiedDate":"2020-05-23"},{"lineNumber":67,"author":{"gitId":"-"},"content":"","lastModifiedDate":"2020-05-23"},{"lineNumber":68,"author":{"gitId":"-"},"content":"### Viewing help : `help`","lastModifiedDate":"2020-05-23"},{"lineNumber":69,"author":{"gitId":"-"},"content":"","lastModifiedDate":"2020-05-23"},{"lineNumber":70,"author":{"gitId":"-"},"content":"Shows a message explaning how to access the help page.","lastModifiedDate":"2020-05-23"},{"lineNumber":71,"author":{"gitId":"-"},"content":"","lastModifiedDate":"2020-05-23"},{"lineNumber":72,"author":{"gitId":"-"},"content":"![help message](images/helpMessage.png)","lastModifiedDate":"2020-05-23"},{"lineNumber":73,"author":{"gitId":"-"},"content":"","lastModifiedDate":"2020-05-23"},{"lineNumber":74,"author":{"gitId":"-"},"content":"Format: `help`","lastModifiedDate":"2020-05-23"},{"lineNumber":75,"author":{"gitId":"-"},"content":"","lastModifiedDate":"2020-05-23"},{"lineNumber":76,"author":{"gitId":"-"},"content":"","lastModifiedDate":"2020-05-23"},{"lineNumber":77,"author":{"gitId":"-"},"content":"### Adding a person: `add`","lastModifiedDate":"2020-05-23"},{"lineNumber":78,"author":{"gitId":"-"},"content":"","lastModifiedDate":"2020-05-23"},{"lineNumber":79,"author":{"gitId":"-"},"content":"Adds a person to the address book.","lastModifiedDate":"2020-05-23"},{"lineNumber":80,"author":{"gitId":"-"},"content":"","lastModifiedDate":"2020-05-23"},{"lineNumber":81,"author":{"gitId":"evanpy"},"content":"Format: `add n/NAME p/PHONE_NUMBER e/EMAIL c/COMPANY`","lastModifiedDate":"2023-03-03"},{"lineNumber":82,"author":{"gitId":"-"},"content":"","lastModifiedDate":"2020-05-23"},{"lineNumber":83,"author":{"gitId":"-"},"content":"\u003cdiv markdown\u003d\"span\" class\u003d\"alert alert-primary\"\u003e:bulb: **Tip:**","lastModifiedDate":"2020-05-23"},{"lineNumber":84,"author":{"gitId":"evanpy"},"content":"A contact must include name and phone number.","lastModifiedDate":"2023-03-03"},{"lineNumber":85,"author":{"gitId":"-"},"content":"\u003c/div\u003e","lastModifiedDate":"2020-05-23"},{"lineNumber":86,"author":{"gitId":"-"},"content":"","lastModifiedDate":"2020-05-23"},{"lineNumber":87,"author":{"gitId":"-"},"content":"Examples:","lastModifiedDate":"2020-05-23"},{"lineNumber":88,"author":{"gitId":"evanpy"},"content":"* `add n/John Doe p/98765432 e/johnd@example.com c/company X`","lastModifiedDate":"2023-03-03"},{"lineNumber":89,"author":{"gitId":"evanpy"},"content":"* `add n/Betsy Crowe p/62353535`","lastModifiedDate":"2023-03-03"},{"lineNumber":90,"author":{"gitId":"-"},"content":"","lastModifiedDate":"2020-05-23"},{"lineNumber":91,"author":{"gitId":"-"},"content":"### Listing all persons : `list`","lastModifiedDate":"2020-05-23"},{"lineNumber":92,"author":{"gitId":"-"},"content":"","lastModifiedDate":"2020-05-23"},{"lineNumber":93,"author":{"gitId":"-"},"content":"Shows a list of all persons in the address book.","lastModifiedDate":"2020-05-23"},{"lineNumber":94,"author":{"gitId":"-"},"content":"","lastModifiedDate":"2020-05-23"},{"lineNumber":95,"author":{"gitId":"-"},"content":"Format: `list`","lastModifiedDate":"2020-05-23"},{"lineNumber":96,"author":{"gitId":"-"},"content":"","lastModifiedDate":"2020-05-23"},{"lineNumber":97,"author":{"gitId":"-"},"content":"### Editing a person : `edit`","lastModifiedDate":"2020-05-23"},{"lineNumber":98,"author":{"gitId":"-"},"content":"","lastModifiedDate":"2020-05-23"},{"lineNumber":99,"author":{"gitId":"-"},"content":"Edits an existing person in the address book.","lastModifiedDate":"2020-05-23"},{"lineNumber":100,"author":{"gitId":"-"},"content":"","lastModifiedDate":"2020-05-23"},{"lineNumber":101,"author":{"gitId":"-"},"content":"Format: `edit INDEX [n/NAME] [p/PHONE] [e/EMAIL] [a/ADDRESS] [t/TAG]…​`","lastModifiedDate":"2020-05-23"},{"lineNumber":102,"author":{"gitId":"-"},"content":"","lastModifiedDate":"2020-05-23"},{"lineNumber":103,"author":{"gitId":"-"},"content":"* Edits the person at the specified `INDEX`. The index refers to the index number shown in the displayed person list. The index **must be a positive integer** 1, 2, 3, …​","lastModifiedDate":"2020-05-23"},{"lineNumber":104,"author":{"gitId":"-"},"content":"* At least one of the optional fields must be provided.","lastModifiedDate":"2020-05-23"},{"lineNumber":105,"author":{"gitId":"-"},"content":"* Existing values will be updated to the input values.","lastModifiedDate":"2020-05-23"},{"lineNumber":106,"author":{"gitId":"-"},"content":"* When editing tags, the existing tags of the person will be removed i.e adding of tags is not cumulative.","lastModifiedDate":"2020-05-23"},{"lineNumber":107,"author":{"gitId":"-"},"content":"* You can remove all the person’s tags by typing `t/` without","lastModifiedDate":"2020-05-23"},{"lineNumber":108,"author":{"gitId":"-"},"content":"    specifying any tags after it.","lastModifiedDate":"2020-05-23"},{"lineNumber":109,"author":{"gitId":"-"},"content":"","lastModifiedDate":"2020-05-23"},{"lineNumber":110,"author":{"gitId":"-"},"content":"Examples:","lastModifiedDate":"2020-05-23"},{"lineNumber":111,"author":{"gitId":"-"},"content":"*  `edit 1 p/91234567 e/johndoe@example.com` Edits the phone number and email address of the 1st person to be `91234567` and `johndoe@example.com` respectively.","lastModifiedDate":"2020-05-23"},{"lineNumber":112,"author":{"gitId":"-"},"content":"*  `edit 2 n/Betsy Crower t/` Edits the name of the 2nd person to be `Betsy Crower` and clears all existing tags.","lastModifiedDate":"2020-05-23"},{"lineNumber":113,"author":{"gitId":"-"},"content":"","lastModifiedDate":"2020-05-23"},{"lineNumber":114,"author":{"gitId":"ajjajjajjajj"},"content":"### Assign lead status: `status`","lastModifiedDate":"2023-03-02"},{"lineNumber":115,"author":{"gitId":"-"},"content":"","lastModifiedDate":"2020-05-23"},{"lineNumber":116,"author":{"gitId":"ajjajjajjajj"},"content":"Adds one or more statuses to a contact. Statuses allow you to search by tags.","lastModifiedDate":"2023-03-02"},{"lineNumber":117,"author":{"gitId":"ajjajjajjajj"},"content":"Tags must be a single word with no whitespaces.","lastModifiedDate":"2023-03-02"},{"lineNumber":118,"author":{"gitId":"-"},"content":"","lastModifiedDate":"2020-05-23"},{"lineNumber":119,"author":{"gitId":"ajjajjajjajj"},"content":"If no status is specified, lists the status associated with the contact.","lastModifiedDate":"2023-03-02"},{"lineNumber":120,"author":{"gitId":"ajjajjajjajj"},"content":"","lastModifiedDate":"2023-03-02"},{"lineNumber":121,"author":{"gitId":"ajjajjajjajj"},"content":"The lead status follows a set of rules, to be implemented in v1.3","lastModifiedDate":"2023-03-02"},{"lineNumber":122,"author":{"gitId":"ajjajjajjajj"},"content":"","lastModifiedDate":"2023-03-02"},{"lineNumber":123,"author":{"gitId":"ajjajjajjajj"},"content":"Format:   ","lastModifiedDate":"2023-03-02"},{"lineNumber":124,"author":{"gitId":"ajjajjajjajj"},"content":"`status INDEX_NUMBER|NAME`   ","lastModifiedDate":"2023-03-02"},{"lineNumber":125,"author":{"gitId":"ajjajjajjajj"},"content":"`status INDEX_NUMBER|NAME [STATUS …]`  ","lastModifiedDate":"2023-03-02"},{"lineNumber":126,"author":{"gitId":"ajjajjajjajj"},"content":"","lastModifiedDate":"2023-03-02"},{"lineNumber":127,"author":{"gitId":"ajjajjajjajj"},"content":"Examples:","lastModifiedDate":"2023-03-02"},{"lineNumber":128,"author":{"gitId":"ajjajjajjajj"},"content":"`status 1` or `status David` Returns the status of ID `1` or the status of `David`","lastModifiedDate":"2023-03-02"},{"lineNumber":129,"author":{"gitId":"ajjajjajjajj"},"content":"`status David closed-won` Assigns the status of `David` to be `closed-won`.","lastModifiedDate":"2023-03-02"},{"lineNumber":130,"author":{"gitId":"ajjajjajjajj"},"content":"","lastModifiedDate":"2023-03-02"},{"lineNumber":131,"author":{"gitId":"ajjajjajjajj"},"content":"","lastModifiedDate":"2023-03-02"},{"lineNumber":132,"author":{"gitId":"ajjajjajjajj"},"content":"### Finding a contact: `search`","lastModifiedDate":"2023-03-02"},{"lineNumber":133,"author":{"gitId":"ajjajjajjajj"},"content":"","lastModifiedDate":"2023-03-02"},{"lineNumber":134,"author":{"gitId":"ajjajjajjajj"},"content":"Search for a contact based on a keyword, or by specifying its index number.","lastModifiedDate":"2023-03-02"},{"lineNumber":135,"author":{"gitId":"ajjajjajjajj"},"content":"","lastModifiedDate":"2023-03-02"},{"lineNumber":136,"author":{"gitId":"ajjajjajjajj"},"content":"Format: `search [INDEX or KEYWORD(S)]`","lastModifiedDate":"2023-03-02"},{"lineNumber":137,"author":{"gitId":"-"},"content":"","lastModifiedDate":"2020-05-23"},{"lineNumber":138,"author":{"gitId":"-"},"content":"* The search is case-insensitive. e.g `hans` will match `Hans`","lastModifiedDate":"2020-05-23"},{"lineNumber":139,"author":{"gitId":"-"},"content":"* The order of the keywords does not matter. e.g. `Hans Bo` will match `Bo Hans`","lastModifiedDate":"2020-05-23"},{"lineNumber":140,"author":{"gitId":"-"},"content":"* Only the name is searched.","lastModifiedDate":"2020-05-23"},{"lineNumber":141,"author":{"gitId":"-"},"content":"* Only full words will be matched e.g. `Han` will not match `Hans`","lastModifiedDate":"2020-05-23"},{"lineNumber":142,"author":{"gitId":"-"},"content":"* Persons matching at least one keyword will be returned (i.e. `OR` search).","lastModifiedDate":"2020-05-23"},{"lineNumber":143,"author":{"gitId":"-"},"content":"  e.g. `Hans Bo` will return `Hans Gruber`, `Bo Yang`","lastModifiedDate":"2020-05-23"},{"lineNumber":144,"author":{"gitId":"-"},"content":"","lastModifiedDate":"2020-05-23"},{"lineNumber":145,"author":{"gitId":"-"},"content":"Examples:","lastModifiedDate":"2020-05-23"},{"lineNumber":146,"author":{"gitId":"ajjajjajjajj"},"content":"* `search 1`  -  returns the contact with ID 1, `1 - David Tsao`","lastModifiedDate":"2023-03-02"},{"lineNumber":147,"author":{"gitId":"ajjajjajjajj"},"content":"* `search Dewy ` - returns `Dewy Thompson` or `Majorie Dewy`","lastModifiedDate":"2023-03-02"},{"lineNumber":148,"author":{"gitId":"ajjajjajjajj"},"content":"","lastModifiedDate":"2023-03-02"},{"lineNumber":149,"author":{"gitId":"-"},"content":"","lastModifiedDate":"2020-05-23"},{"lineNumber":150,"author":{"gitId":"-"},"content":"### Deleting a person : `delete`","lastModifiedDate":"2020-05-23"},{"lineNumber":151,"author":{"gitId":"-"},"content":"","lastModifiedDate":"2020-05-23"},{"lineNumber":152,"author":{"gitId":"-"},"content":"Deletes the specified person from the address book.","lastModifiedDate":"2020-05-23"},{"lineNumber":153,"author":{"gitId":"-"},"content":"","lastModifiedDate":"2020-05-23"},{"lineNumber":154,"author":{"gitId":"-"},"content":"Format: `delete INDEX`","lastModifiedDate":"2020-05-23"},{"lineNumber":155,"author":{"gitId":"-"},"content":"","lastModifiedDate":"2020-05-23"},{"lineNumber":156,"author":{"gitId":"-"},"content":"* Deletes the person at the specified `INDEX`.","lastModifiedDate":"2020-05-23"},{"lineNumber":157,"author":{"gitId":"-"},"content":"* The index refers to the index number shown in the displayed person list.","lastModifiedDate":"2020-05-23"},{"lineNumber":158,"author":{"gitId":"-"},"content":"* The index **must be a positive integer** 1, 2, 3, …​","lastModifiedDate":"2020-05-23"},{"lineNumber":159,"author":{"gitId":"-"},"content":"","lastModifiedDate":"2020-05-23"},{"lineNumber":160,"author":{"gitId":"-"},"content":"Examples:","lastModifiedDate":"2020-05-23"},{"lineNumber":161,"author":{"gitId":"-"},"content":"* `list` followed by `delete 2` deletes the 2nd person in the address book.","lastModifiedDate":"2020-05-23"},{"lineNumber":162,"author":{"gitId":"-"},"content":"* `find Betsy` followed by `delete 1` deletes the 1st person in the results of the `find` command.","lastModifiedDate":"2020-05-23"},{"lineNumber":163,"author":{"gitId":"-"},"content":"","lastModifiedDate":"2020-05-23"},{"lineNumber":164,"author":{"gitId":"-"},"content":"### Clearing all entries : `clear`","lastModifiedDate":"2020-05-23"},{"lineNumber":165,"author":{"gitId":"-"},"content":"","lastModifiedDate":"2020-05-23"},{"lineNumber":166,"author":{"gitId":"-"},"content":"Clears all entries from the address book.","lastModifiedDate":"2020-05-23"},{"lineNumber":167,"author":{"gitId":"-"},"content":"","lastModifiedDate":"2020-05-23"},{"lineNumber":168,"author":{"gitId":"-"},"content":"Format: `clear`","lastModifiedDate":"2020-05-23"},{"lineNumber":169,"author":{"gitId":"-"},"content":"","lastModifiedDate":"2020-05-23"},{"lineNumber":170,"author":{"gitId":"-"},"content":"### Exiting the program : `exit`","lastModifiedDate":"2020-05-23"},{"lineNumber":171,"author":{"gitId":"-"},"content":"","lastModifiedDate":"2020-05-23"},{"lineNumber":172,"author":{"gitId":"-"},"content":"Exits the program.","lastModifiedDate":"2020-05-23"},{"lineNumber":173,"author":{"gitId":"-"},"content":"","lastModifiedDate":"2020-05-23"},{"lineNumber":174,"author":{"gitId":"-"},"content":"Format: `exit`","lastModifiedDate":"2020-05-23"},{"lineNumber":175,"author":{"gitId":"-"},"content":"","lastModifiedDate":"2020-05-23"},{"lineNumber":176,"author":{"gitId":"-"},"content":"### Saving the data","lastModifiedDate":"2020-05-23"},{"lineNumber":177,"author":{"gitId":"-"},"content":"","lastModifiedDate":"2020-05-23"},{"lineNumber":178,"author":{"gitId":"-"},"content":"AddressBook data are saved in the hard disk automatically after any command that changes the data. There is no need to save manually.","lastModifiedDate":"2020-05-23"},{"lineNumber":179,"author":{"gitId":"-"},"content":"","lastModifiedDate":"2020-05-23"},{"lineNumber":180,"author":{"gitId":"-"},"content":"### Editing the data file","lastModifiedDate":"2021-02-04"},{"lineNumber":181,"author":{"gitId":"-"},"content":"","lastModifiedDate":"2021-02-04"},{"lineNumber":182,"author":{"gitId":"-"},"content":"AddressBook data are saved as a JSON file `[JAR file location]/data/addressbook.json`. Advanced users are welcome to update data directly by editing that data file.","lastModifiedDate":"2021-02-04"},{"lineNumber":183,"author":{"gitId":"-"},"content":"","lastModifiedDate":"2021-02-04"},{"lineNumber":184,"author":{"gitId":"-"},"content":"\u003cdiv markdown\u003d\"span\" class\u003d\"alert alert-warning\"\u003e:exclamation: **Caution:**","lastModifiedDate":"2021-02-04"},{"lineNumber":185,"author":{"gitId":"-"},"content":"If your changes to the data file makes its format invalid, AddressBook will discard all data and start with an empty data file at the next run.","lastModifiedDate":"2021-02-04"},{"lineNumber":186,"author":{"gitId":"-"},"content":"\u003c/div\u003e","lastModifiedDate":"2021-02-04"},{"lineNumber":187,"author":{"gitId":"-"},"content":"","lastModifiedDate":"2021-02-04"},{"lineNumber":188,"author":{"gitId":"-"},"content":"### Archiving data files `[coming in v2.0]`","lastModifiedDate":"2020-05-23"},{"lineNumber":189,"author":{"gitId":"-"},"content":"","lastModifiedDate":"2020-05-23"},{"lineNumber":190,"author":{"gitId":"-"},"content":"_Details coming soon ..._","lastModifiedDate":"2021-02-04"},{"lineNumber":191,"author":{"gitId":"-"},"content":"","lastModifiedDate":"2020-05-23"},{"lineNumber":192,"author":{"gitId":"-"},"content":"--------------------------------------------------------------------------------------------------------------------","lastModifiedDate":"2020-05-23"},{"lineNumber":193,"author":{"gitId":"-"},"content":"","lastModifiedDate":"2020-05-23"},{"lineNumber":194,"author":{"gitId":"-"},"content":"## FAQ","lastModifiedDate":"2020-05-23"},{"lineNumber":195,"author":{"gitId":"-"},"content":"","lastModifiedDate":"2020-05-23"},{"lineNumber":196,"author":{"gitId":"-"},"content":"**Q**: How do I transfer my data to another Computer?\u003cbr\u003e","lastModifiedDate":"2020-05-23"},{"lineNumber":197,"author":{"gitId":"-"},"content":"**A**: Install the app in the other computer and overwrite the empty data file it creates with the file that contains the data of your previous AddressBook home folder.","lastModifiedDate":"2020-05-23"},{"lineNumber":198,"author":{"gitId":"-"},"content":"","lastModifiedDate":"2020-05-23"},{"lineNumber":199,"author":{"gitId":"-"},"content":"--------------------------------------------------------------------------------------------------------------------","lastModifiedDate":"2020-05-23"},{"lineNumber":200,"author":{"gitId":"-"},"content":"","lastModifiedDate":"2020-05-23"},{"lineNumber":201,"author":{"gitId":"-"},"content":"## Command summary","lastModifiedDate":"2020-05-23"},{"lineNumber":202,"author":{"gitId":"-"},"content":"","lastModifiedDate":"2020-05-23"},{"lineNumber":203,"author":{"gitId":"evanpy"},"content":"*italic* - optional","lastModifiedDate":"2023-03-03"},{"lineNumber":204,"author":{"gitId":"evanpy"},"content":"","lastModifiedDate":"2023-03-03"},{"lineNumber":205,"author":{"gitId":"-"},"content":"Action | Format, Examples","lastModifiedDate":"2020-05-23"},{"lineNumber":206,"author":{"gitId":"-"},"content":"--------|------------------","lastModifiedDate":"2020-05-23"},{"lineNumber":207,"author":{"gitId":"evanpy"},"content":"**Add** | `add n/NAME p/PHONE_NUMBER` *`e/EMAIL c/COMPANY​`* \u003cbr\u003e e.g., `add n/John Doe p/98765432 c/company X`","lastModifiedDate":"2023-03-03"},{"lineNumber":208,"author":{"gitId":"-"},"content":"**Clear** | `clear`","lastModifiedDate":"2020-05-23"},{"lineNumber":209,"author":{"gitId":"-"},"content":"**Delete** | `delete INDEX`\u003cbr\u003e e.g., `delete 3`","lastModifiedDate":"2020-05-23"},{"lineNumber":210,"author":{"gitId":"-"},"content":"**Edit** | `edit INDEX [n/NAME] [p/PHONE_NUMBER] [e/EMAIL] [a/ADDRESS] [t/TAG]…​`\u003cbr\u003e e.g.,`edit 2 n/James Lee e/jameslee@example.com`","lastModifiedDate":"2020-05-23"},{"lineNumber":211,"author":{"gitId":"evanpy"},"content":"**Status** | `status INDEX_NUMBER` *`[STATUS …]`*\u003cbr\u003e `status NAME` *`[STATUS …]`*\u003cbr\u003e e.g., `status 1, status David closed-won`","lastModifiedDate":"2023-03-03"},{"lineNumber":212,"author":{"gitId":"-"},"content":"**List** | `list`","lastModifiedDate":"2020-05-23"},{"lineNumber":213,"author":{"gitId":"-"},"content":"**Help** | `help`","lastModifiedDate":"2020-05-23"},{"lineNumber":214,"author":{"gitId":"evanpy"},"content":"``","lastModifiedDate":"2023-03-03"}],"authorContributionMap":{"evanpy":9,"ajjajjajjajj":24,"-":181}},{"path":"docs/team/ajjajjajjajj.md","fileType":"docs","lines":[{"lineNumber":1,"author":{"gitId":"ajjajjajjajj"},"content":"---","lastModifiedDate":"2023-03-02"},{"lineNumber":2,"author":{"gitId":"ajjajjajjajj"},"content":"layout: page","lastModifiedDate":"2023-03-02"},{"lineNumber":3,"author":{"gitId":"ajjajjajjajj"},"content":"title: Jing Jie\u0027s Project Portfolio Page","lastModifiedDate":"2023-03-02"},{"lineNumber":4,"author":{"gitId":"ajjajjajjajj"},"content":"---","lastModifiedDate":"2023-03-02"},{"lineNumber":5,"author":{"gitId":"ajjajjajjajj"},"content":"","lastModifiedDate":"2023-03-02"},{"lineNumber":6,"author":{"gitId":"ajjajjajjajj"},"content":"### Project: SalesPUNCH","lastModifiedDate":"2023-03-02"},{"lineNumber":7,"author":{"gitId":"ajjajjajjajj"},"content":"","lastModifiedDate":"2023-03-02"},{"lineNumber":8,"author":{"gitId":"ajjajjajjajj"},"content":"SalesPUNCH is a lightweight alternative Customer Relationship Management (CRM)","lastModifiedDate":"2023-03-02"},{"lineNumber":9,"author":{"gitId":"ajjajjajjajj"},"content":"software, inspired by the conventional CRM software, such as SalesForce, but uses","lastModifiedDate":"2023-03-02"},{"lineNumber":10,"author":{"gitId":"ajjajjajjajj"},"content":"a CLI-based user interface instead of a GUI, aimed towards enhancing efficiency","lastModifiedDate":"2023-03-02"},{"lineNumber":11,"author":{"gitId":"ajjajjajjajj"},"content":"for fast typists.","lastModifiedDate":"2023-03-02"},{"lineNumber":12,"author":{"gitId":"ajjajjajjajj"},"content":"","lastModifiedDate":"2023-03-02"},{"lineNumber":13,"author":{"gitId":"ajjajjajjajj"},"content":"* **New feature**:","lastModifiedDate":"2023-03-02"},{"lineNumber":14,"author":{"gitId":"ajjajjajjajj"},"content":"  * What it does:","lastModifiedDate":"2023-03-02"},{"lineNumber":15,"author":{"gitId":"ajjajjajjajj"},"content":"  * Justification:","lastModifiedDate":"2023-03-02"},{"lineNumber":16,"author":{"gitId":"ajjajjajjajj"},"content":"  * Highlights:","lastModifiedDate":"2023-03-02"},{"lineNumber":17,"author":{"gitId":"ajjajjajjajj"},"content":"  * Credits:","lastModifiedDate":"2023-03-02"},{"lineNumber":18,"author":{"gitId":"ajjajjajjajj"},"content":"","lastModifiedDate":"2023-03-02"},{"lineNumber":19,"author":{"gitId":"ajjajjajjajj"},"content":"* **Code contributed**: [RepoSense link]()","lastModifiedDate":"2023-03-02"},{"lineNumber":20,"author":{"gitId":"ajjajjajjajj"},"content":"","lastModifiedDate":"2023-03-02"},{"lineNumber":21,"author":{"gitId":"ajjajjajjajj"},"content":"* **Project management**:","lastModifiedDate":"2023-03-02"},{"lineNumber":22,"author":{"gitId":"ajjajjajjajj"},"content":"","lastModifiedDate":"2023-03-02"},{"lineNumber":23,"author":{"gitId":"ajjajjajjajj"},"content":"* **Enhancements to existing features**:","lastModifiedDate":"2023-03-02"},{"lineNumber":24,"author":{"gitId":"ajjajjajjajj"},"content":"  * example","lastModifiedDate":"2023-03-02"},{"lineNumber":25,"author":{"gitId":"ajjajjajjajj"},"content":"  * example","lastModifiedDate":"2023-03-02"},{"lineNumber":26,"author":{"gitId":"ajjajjajjajj"},"content":"","lastModifiedDate":"2023-03-02"},{"lineNumber":27,"author":{"gitId":"ajjajjajjajj"},"content":"","lastModifiedDate":"2023-03-02"},{"lineNumber":28,"author":{"gitId":"ajjajjajjajj"},"content":"* **Documentation**:","lastModifiedDate":"2023-03-02"},{"lineNumber":29,"author":{"gitId":"ajjajjajjajj"},"content":"","lastModifiedDate":"2023-03-02"},{"lineNumber":30,"author":{"gitId":"ajjajjajjajj"},"content":"* **Community**:","lastModifiedDate":"2023-03-02"},{"lineNumber":31,"author":{"gitId":"ajjajjajjajj"},"content":"","lastModifiedDate":"2023-03-02"},{"lineNumber":32,"author":{"gitId":"ajjajjajjajj"},"content":"* **Tools**:","lastModifiedDate":"2023-03-02"}],"authorContributionMap":{"ajjajjajjajj":32}},{"path":"docs/team/evanpy.md","fileType":"docs","lines":[{"lineNumber":1,"author":{"gitId":"evanpy"},"content":"to be added soon","lastModifiedDate":"2023-03-03"}],"authorContributionMap":{"evanpy":1}},{"path":"docs/team/wpx12011.md","fileType":"docs","lines":[{"lineNumber":1,"author":{"gitId":"wpx12011"},"content":"to be added soon","lastModifiedDate":"2023-03-03"}],"authorContributionMap":{"wpx12011":1}}]
