{"authorDailyContributionsMap":{"shittake":[{"date":"2023-03-05","commitResults":[{"hash":"f99b27ed20151c2f26290bfdd9bfdf3a7f5218d3","messageTitle":"Add PPP skeleton","messageBody":"","fileTypesAndContributionMap":{"docs":{"insertions":0,"deletions":0}}},{"hash":"3a65f55aa92f12838f62edea0c39d46876433e41","messageTitle":"Add PPP skeleton","messageBody":"","fileTypesAndContributionMap":{"docs":{"insertions":46,"deletions":1}}}]}],"JThh":[],"ARPspoofing":[{"date":"2023-02-19","commitResults":[{"hash":"b77c5c954f9df3051304bcb2d1ec610e24f4ed37","messageTitle":"Add tutorial for remark and performance","messageBody":"","fileTypesAndContributionMap":{"functional-code":{"insertions":241,"deletions":7},"test-code":{"insertions":188,"deletions":62}}},{"hash":"7cbcf9eba40fcca467b1a26ee02c89625e2ac7ed","messageTitle":"Remove extra separation in checkstyle","messageBody":"","fileTypesAndContributionMap":{"test-code":{"insertions":0,"deletions":1}}},{"hash":"41a71ce9074282a85af7c8a74208f465a7bbbf25","messageTitle":"Provide test cases for remark functionality","messageBody":"","fileTypesAndContributionMap":{"test-code":{"insertions":74,"deletions":0}}},{"hash":"7e88e3fa089cf2d85c6fe8cc9ffd4e3a57c5caae","messageTitle":"Provide test for performance command","messageBody":"","fileTypesAndContributionMap":{"test-code":{"insertions":137,"deletions":0}}},{"hash":"8c12638143adaf480863256b3d1bfba36d8a009f","messageTitle":"Add test for performance and performance parser","messageBody":"","fileTypesAndContributionMap":{"test-code":{"insertions":77,"deletions":0}}},{"hash":"616a871eb01a6d4e4369d38bcdab8fb324c72ca4","messageTitle":"Fix line longer than 120 checkstyle error","messageBody":"","fileTypesAndContributionMap":{"test-code":{"insertions":9,"deletions":5}}},{"hash":"b905372a319a0c0ead7bb5d58bb3accd71f45a8a","messageTitle":"Fix trailing whitespace error","messageBody":"","fileTypesAndContributionMap":{"test-code":{"insertions":1,"deletions":1}}},{"hash":"b20c9f606d3ba8800eb721cf4eefa192006c9de4","messageTitle":"Fix trailing whitespace error","messageBody":"","fileTypesAndContributionMap":{"test-code":{"insertions":2,"deletions":1}}},{"hash":"4069b69ca01ddd6f1103c5bdfe80a31e6c38381e","messageTitle":"Fix test parse string error","messageBody":"","fileTypesAndContributionMap":{"functional-code":{"insertions":5,"deletions":5}}},{"hash":"1994d134da7754997bb7eebd974afb1e582154a6","messageTitle":"Modify test cases for performance to pass","messageBody":"","fileTypesAndContributionMap":{"functional-code":{"insertions":4,"deletions":11},"test-code":{"insertions":7,"deletions":51}}},{"hash":"39977de2bd4128e4540a97a751fbc4983a8a32d9","messageTitle":"Update about us page","messageBody":"","fileTypesAndContributionMap":{"docs":{"insertions":10,"deletions":11}}},{"hash":"fff5fe42504e0d4a38df317947912674954173f9","messageTitle":"Update readme","messageBody":"","fileTypesAndContributionMap":{"docs":{"insertions":1007,"deletions":83}}},{"hash":"9d0d8622140f6194de57c0cb3fc81794ffe4af13","messageTitle":"Add ppp","messageBody":"","fileTypesAndContributionMap":{"docs":{"insertions":46,"deletions":0}}}]},{"date":"2023-02-23","commitResults":[{"hash":"a908a0b5ac11137c40102865a396f348dcab3d5f","messageTitle":"Add non-functional barebone of javafx mainpage card structure","messageBody":"","fileTypesAndContributionMap":{"functional-code":{"insertions":53,"deletions":5}}},{"hash":"bbaef6483521449a760dfd09641cb097129dce50","messageTitle":"Remove error for cards","messageBody":"","fileTypesAndContributionMap":{"functional-code":{"insertions":10,"deletions":12}}},{"hash":"f379ff7f9019fd3c851352ec7b43f59fc8b07952","messageTitle":"Add methods for abstraction to display 3 columns","messageBody":"","fileTypesAndContributionMap":{"functional-code":{"insertions":17,"deletions":21}}},{"hash":"3c52e9667add016e43381bd987069bcd3e394c6b","messageTitle":"Fix card clutter display. Working version","messageBody":"","fileTypesAndContributionMap":{"functional-code":{"insertions":3,"deletions":3}}},{"hash":"04baf9af0d563a9d6aa29717feafb1ea966522d4","messageTitle":"Fix styling","messageBody":"","fileTypesAndContributionMap":{"functional-code":{"insertions":37,"deletions":5}}}]},{"date":"2023-02-24","commitResults":[{"hash":"0f34479ce6097454a6af2f0ec85c4566da9a13d8","messageTitle":"Fix width and height for cards and search bar","messageBody":"","fileTypesAndContributionMap":{"functional-code":{"insertions":51,"deletions":26}}},{"hash":"b7916710fd5190beb2f46df674fb8a60345e5061","messageTitle":"Add greeting counter task","messageBody":"","fileTypesAndContributionMap":{"functional-code":{"insertions":91,"deletions":0}}},{"hash":"9fc96f05f9fee72d7875713af8bc2ecf0385ebf7","messageTitle":"Add mainpage undone ttask counter","messageBody":"","fileTypesAndContributionMap":{"functional-code":{"insertions":44,"deletions":43}}},{"hash":"990bd83d9c73e53cc28ab59ab6412621955513e7","messageTitle":"Fix dummy student profile photo alignment","messageBody":"","fileTypesAndContributionMap":{"functional-code":{"insertions":2,"deletions":2}}},{"hash":"b7b4151101849b0952a22c394230536af8994b71","messageTitle":"Add multiple student profile photos. To touch up spacing","messageBody":"","fileTypesAndContributionMap":{"functional-code":{"insertions":40,"deletions":8}}}]},{"date":"2023-02-25","commitResults":[{"hash":"8ddf43ea2e1e7ce5f76ae76f8c168aee153aeda2","messageTitle":"Fix index out of bounds error","messageBody":"","fileTypesAndContributionMap":{"functional-code":{"insertions":3,"deletions":3}}},{"hash":"9e69c281b04561f257d87939189e7949093f2f1c","messageTitle":"Tidy up before adding test cases","messageBody":"","fileTypesAndContributionMap":{"functional-code":{"insertions":54,"deletions":15}}}]},{"date":"2023-03-01","commitResults":[{"hash":"13239d7f0440ed53e8381b6a5fefa8de97474850","messageTitle":"Remove redundant tableview","messageBody":"","fileTypesAndContributionMap":{"functional-code":{"insertions":48,"deletions":32}}},{"hash":"c47b437c09213e1011b4ed79d811a1e4d15487dd","messageTitle":"Fix checkstyle errors","messageBody":"","fileTypesAndContributionMap":{"functional-code":{"insertions":5,"deletions":9}}},{"hash":"e93a0e18f316316c2637a448f47cdefc6314f908","messageTitle":"Fix checkstyle errors","messageBody":"","fileTypesAndContributionMap":{"functional-code":{"insertions":0,"deletions":1}}},{"hash":"351e8711bd64849bfcf3363291b3b2df8085f285","messageTitle":"Add test cases for gui settings","messageBody":"","fileTypesAndContributionMap":{"test-code":{"insertions":56,"deletions":0}}},{"hash":"2a4ca8242321712fc7d9947c23c9061fcdd949d6","messageTitle":"Add test cases for gui settings","messageBody":"","fileTypesAndContributionMap":{"test-code":{"insertions":8,"deletions":8}}},{"hash":"ca06246ada09df6c5364c9ecc0e5da99d82bae0c","messageTitle":"Add test cases for gui settings","messageBody":"","fileTypesAndContributionMap":{"test-code":{"insertions":8,"deletions":8}}},{"hash":"03012a8485100944c85745f03224afbac055d2f6","messageTitle":"Add test cases for gui settings","messageBody":"","fileTypesAndContributionMap":{"test-code":{"insertions":7,"deletions":7}}},{"hash":"b928472b3c059b2e512f0af4a4ece2421152f042","messageTitle":"Add test cases for gui settings","messageBody":"","fileTypesAndContributionMap":{"test-code":{"insertions":8,"deletions":8}}},{"hash":"cd0ff5666dced93245f196ed22d6cd15c138d004","messageTitle":"Add test cases for gui settings","messageBody":"","fileTypesAndContributionMap":{"test-code":{"insertions":7,"deletions":7}}},{"hash":"95153a46f8dd1ce61a47eaa29a67a366e88dbc31","messageTitle":"Fix test case assert width and height error","messageBody":"","fileTypesAndContributionMap":{"test-code":{"insertions":2,"deletions":2}}},{"hash":"a25008bbe74c263a0ffc116eb378a401c8057c65","messageTitle":"Add test cases for personCard and personListPanel","messageBody":"","fileTypesAndContributionMap":{"functional-code":{"insertions":26,"deletions":1},"test-code":{"insertions":89,"deletions":0}}},{"hash":"fb793662948b8b057f326eecbd5e7e3053846118","messageTitle":"Fix test case import order","messageBody":"","fileTypesAndContributionMap":{"test-code":{"insertions":5,"deletions":5}}},{"hash":"8456eca3a4469914ddcdaae133122a0a51e70f4b","messageTitle":"Fix test case import order","messageBody":"","fileTypesAndContributionMap":{"test-code":{"insertions":0,"deletions":1}}},{"hash":"8242b467446626cbac3f6185ea304e5f834df63f","messageTitle":"Add test case modification for main","messageBody":"","fileTypesAndContributionMap":{"test-code":{"insertions":11,"deletions":0}}},{"hash":"d85e39ac830d6904009ca9f188c8b2af18c5b145","messageTitle":"Add test case modification for main","messageBody":"","fileTypesAndContributionMap":{"test-code":{"insertions":2,"deletions":1}}},{"hash":"2b27e0c449cb2a2e22642585b6e928d82f71cd79","messageTitle":"Add test case modification for main","messageBody":"","fileTypesAndContributionMap":{"test-code":{"insertions":6,"deletions":5}}},{"hash":"5523068a49651ee67ab310e3257696217202b588","messageTitle":"Fix error due to test cases","messageBody":"","fileTypesAndContributionMap":{"test-code":{"insertions":92,"deletions":101}}},{"hash":"676b1ed2d7d6cee27a62cb9e9cfe419514179275","messageTitle":"Remove test files for fxml due to restructuring","messageBody":"","fileTypesAndContributionMap":{"functional-code":{"insertions":74,"deletions":73},"test-code":{"insertions":0,"deletions":92}}},{"hash":"b65a5e5a398a3e5dccd451bff6fad3bf6f06ee06","messageTitle":"Fix jacoco error","messageBody":"","fileTypesAndContributionMap":{"functional-code":{"insertions":0,"deletions":18}}},{"hash":"aa76707c335992ba6c934540f6c39ed924c3d3b4","messageTitle":"Fix jacoco insufficiency coverage","messageBody":"","fileTypesAndContributionMap":{"functional-code":{"insertions":1,"deletions":7}}},{"hash":"984d5e66eb0201d292ef10a1fa73625e6b34ca6b","messageTitle":"Add javadoc comment","messageBody":"","fileTypesAndContributionMap":{"functional-code":{"insertions":7,"deletions":0}}}]},{"date":"2023-03-03","commitResults":[{"hash":"05946974a9c3abcf6370212d805e875e86c2417f","messageTitle":"Hardcoded image file path exists for person","messageBody":"Does not conform to abstraction principle\n\nLet\u0027s:\n  * Remove the hardcoded image file path\n  * Remove the hardcoded image\n  * Create a photo class that belongs in person\n  * Fetch the photo from a url that generates free photos\n  * Modify test cases and json files appropriately\n","fileTypesAndContributionMap":{"functional-code":{"insertions":201,"deletions":16},"test-code":{"insertions":60,"deletions":11}}},{"hash":"0cdd502712ac3129b51b48d5cfdd7846a9a00fc3","messageTitle":"Remove hardcoded filepath","messageBody":"","fileTypesAndContributionMap":{"functional-code":{"insertions":3,"deletions":3}}},{"hash":"ac6fb0d891037e1e8295222328eb525fa2271450","messageTitle":"Remove hardcoded image","messageBody":"","fileTypesAndContributionMap":{"functional-code":{"insertions":55,"deletions":13}}},{"hash":"756a045acd2eda35f076b90c4e39919b7924e17e","messageTitle":"Add javadoc due to removal of hardcoded image","messageBody":"","fileTypesAndContributionMap":{"functional-code":{"insertions":37,"deletions":3}}},{"hash":"a0047e66733c9edb1b8116292c34a972c0958651","messageTitle":"Resolve failing pipieline and comments","messageBody":"","fileTypesAndContributionMap":{"functional-code":{"insertions":6,"deletions":4}}},{"hash":"666d7aafcde46b472f7d4e99efac120dcb8d3d36","messageTitle":"Resolve failing pipieline and comments","messageBody":"","fileTypesAndContributionMap":{"functional-code":{"insertions":1,"deletions":1}}}]},{"date":"2023-03-04","commitResults":[{"hash":"dffd88a77b75df53af2f3b8757c19547429b35dd","messageTitle":"Resolve all comments and fixed all failing pipeline test cases","messageBody":"","fileTypesAndContributionMap":{"functional-code":{"insertions":117,"deletions":50},"test-code":{"insertions":68,"deletions":40}}},{"hash":"61c3abcfdc278fd2862eced5a6dca66f24fae8e2","messageTitle":"Resolve all comments and fixed all failing pipeline test cases","messageBody":"","fileTypesAndContributionMap":{"functional-code":{"insertions":0,"deletions":1}}},{"hash":"e76aadd0dff6c7f1f8a8dcc139b45871a9a83bd9","messageTitle":"Add test case for photo","messageBody":"","fileTypesAndContributionMap":{"test-code":{"insertions":215,"deletions":1}}},{"hash":"e11c410b9ab9e05b3ce8370857700b8f2f19e270","messageTitle":"Add test cases","messageBody":"","fileTypesAndContributionMap":{"test-code":{"insertions":38,"deletions":0}}},{"hash":"474d9a19ae39da73763abcce16416a24a5d24f8b","messageTitle":"Add test cases for config","messageBody":"","fileTypesAndContributionMap":{"test-code":{"insertions":21,"deletions":1}}},{"hash":"fd958da3a9858e82dd97c22deb0dbc363d02ef3e","messageTitle":"Fix coverage","messageBody":"","fileTypesAndContributionMap":{"test-code":{"insertions":32,"deletions":0}}}]}],"nerdyboy98":[{"date":"2023-03-05","commitResults":[{"hash":"0e40d04aa9f925e20e3cafb2ac58d3c372ae7655","messageTitle":"Add nerdyboy98 PPP","messageBody":"","fileTypesAndContributionMap":{"docs":{"insertions":69,"deletions":0}}},{"hash":"c0f75f78957b123e11437a54e794c597942d9cce","messageTitle":"Add replace sort function documentation in UG","messageBody":"","fileTypesAndContributionMap":{"docs":{"insertions":38,"deletions":3}}},{"hash":"d1ead5c4335749228245db736aad43477f05cd79","messageTitle":"Update AboutUs","messageBody":"","fileTypesAndContributionMap":{"docs":{"insertions":5,"deletions":5}}}]}],"ShiJiaAo":[]},"authorFileTypeContributionMap":{"shittake":{"docs":46,"functional-code":0,"test-code":0},"JThh":{"docs":0,"functional-code":0,"test-code":0},"ARPspoofing":{"docs":1045,"functional-code":879,"test-code":908},"nerdyboy98":{"docs":112,"functional-code":0,"test-code":0},"ShiJiaAo":{"docs":0,"functional-code":0,"test-code":0}},"authorContributionVariance":{"shittake":122.29758,"JThh":0.0,"ARPspoofing":257969.36,"nerdyboy98":797.2319,"ShiJiaAo":0.0},"authorDisplayNameMap":{"shittake":"CS2103-F11-1 ERIC..QUAN","JThh":"CS2103-F11-1 HAN ..TONG","ARPspoofing":"CS2103-F11-1 MUHA..HEER","nerdyboy98":"CS2103-F11-1 CHEW..KIAT","ShiJiaAo":"CS2103-F11-1 SHI ..IAAO"}}
