{"authorDailyContributionsMap":{"shittake":[{"date":"2023-03-05","commitResults":[{"hash":"8bc6acbe4f74d9ef567d9d49e4e07507746f4c1b","isMergeCommit":true,"messageTitle":"Merge branch \u0027AY2223S2-CS2103-F11-1:master\u0027 into master","messageBody":"","fileTypesAndContributionMap":{}},{"hash":"f99b27ed20151c2f26290bfdd9bfdf3a7f5218d3","isMergeCommit":false,"messageTitle":"Add PPP skeleton","messageBody":"","fileTypesAndContributionMap":{"docs":{"insertions":0,"deletions":0}}},{"hash":"3a65f55aa92f12838f62edea0c39d46876433e41","isMergeCommit":false,"messageTitle":"Add PPP skeleton","messageBody":"","fileTypesAndContributionMap":{"docs":{"insertions":46,"deletions":1}}},{"hash":"fb1a2a4938a8481e5e4da36c030284225a42a213","isMergeCommit":true,"messageTitle":"Merge branch \u0027update-PPP\u0027","messageBody":"","fileTypesAndContributionMap":{}},{"hash":"984c533d3dd3144c778e4ece583352994ee3cae5","isMergeCommit":true,"messageTitle":"Merge pull request #27 from shittake/master","messageBody":"Add PPP skeleton","fileTypesAndContributionMap":{}},{"hash":"6329bec327803a092bf6dd67c5c952cf461be220","isMergeCommit":true,"messageTitle":"Merge pull request #29 from shittake/master","messageBody":"Change picture file type","fileTypesAndContributionMap":{}}]}],"JThh":[{"date":"2023-03-09","commitResults":[{"hash":"e38efb007fb726bdf60b3fcaab27ee55c9e5893f","isMergeCommit":false,"messageTitle":"Edit PPP","messageBody":"","fileTypesAndContributionMap":{"docs":{"insertions":8,"deletions":9}}},{"hash":"3b85e97e9a80640d7c92d802595e07c9be26d675","isMergeCommit":true,"messageTitle":"Merge pull request #44 from JThh/master","messageBody":"Add portfolio image and edit PPP","fileTypesAndContributionMap":{}}]}],"ARPspoofing":[{"date":"2023-02-19","commitResults":[{"hash":"b77c5c954f9df3051304bcb2d1ec610e24f4ed37","isMergeCommit":false,"messageTitle":"Add tutorial for remark and performance","messageBody":"","fileTypesAndContributionMap":{"functional-code":{"insertions":241,"deletions":7},"test-code":{"insertions":188,"deletions":62}}},{"hash":"7cbcf9eba40fcca467b1a26ee02c89625e2ac7ed","isMergeCommit":false,"messageTitle":"Remove extra separation in checkstyle","messageBody":"","fileTypesAndContributionMap":{"test-code":{"insertions":0,"deletions":1}}},{"hash":"41a71ce9074282a85af7c8a74208f465a7bbbf25","isMergeCommit":false,"messageTitle":"Provide test cases for remark functionality","messageBody":"","fileTypesAndContributionMap":{"test-code":{"insertions":74,"deletions":0}}},{"hash":"7e88e3fa089cf2d85c6fe8cc9ffd4e3a57c5caae","isMergeCommit":false,"messageTitle":"Provide test for performance command","messageBody":"","fileTypesAndContributionMap":{"test-code":{"insertions":137,"deletions":0}}},{"hash":"8c12638143adaf480863256b3d1bfba36d8a009f","isMergeCommit":false,"messageTitle":"Add test for performance and performance parser","messageBody":"","fileTypesAndContributionMap":{"test-code":{"insertions":77,"deletions":0}}},{"hash":"616a871eb01a6d4e4369d38bcdab8fb324c72ca4","isMergeCommit":false,"messageTitle":"Fix line longer than 120 checkstyle error","messageBody":"","fileTypesAndContributionMap":{"test-code":{"insertions":9,"deletions":5}}},{"hash":"b905372a319a0c0ead7bb5d58bb3accd71f45a8a","isMergeCommit":false,"messageTitle":"Fix trailing whitespace error","messageBody":"","fileTypesAndContributionMap":{"test-code":{"insertions":1,"deletions":1}}},{"hash":"b20c9f606d3ba8800eb721cf4eefa192006c9de4","isMergeCommit":false,"messageTitle":"Fix trailing whitespace error","messageBody":"","fileTypesAndContributionMap":{"test-code":{"insertions":2,"deletions":1}}},{"hash":"4069b69ca01ddd6f1103c5bdfe80a31e6c38381e","isMergeCommit":false,"messageTitle":"Fix test parse string error","messageBody":"","fileTypesAndContributionMap":{"functional-code":{"insertions":5,"deletions":5}}},{"hash":"1994d134da7754997bb7eebd974afb1e582154a6","isMergeCommit":false,"messageTitle":"Modify test cases for performance to pass","messageBody":"","fileTypesAndContributionMap":{"functional-code":{"insertions":4,"deletions":11},"test-code":{"insertions":7,"deletions":51}}},{"hash":"c200e209ffc99ccc56bcc70ddeada87060d2556a","isMergeCommit":true,"messageTitle":"Merge pull request #4 from ARPspoofing/tutorial-adding-command","messageBody":"Add tutorial for remark and performance","fileTypesAndContributionMap":{}},{"hash":"39977de2bd4128e4540a97a751fbc4983a8a32d9","isMergeCommit":false,"messageTitle":"Update about us page","messageBody":"","fileTypesAndContributionMap":{"docs":{"insertions":10,"deletions":11}}},{"hash":"fff5fe42504e0d4a38df317947912674954173f9","isMergeCommit":false,"messageTitle":"Update readme","messageBody":"","fileTypesAndContributionMap":{"docs":{"insertions":1007,"deletions":83}}},{"hash":"9d0d8622140f6194de57c0cb3fc81794ffe4af13","isMergeCommit":false,"messageTitle":"Add ppp","messageBody":"","fileTypesAndContributionMap":{"docs":{"insertions":46,"deletions":0}}}]},{"date":"2023-02-20","commitResults":[{"hash":"830200a4e35c7b75c64d1ba95a94822c157b21bd","isMergeCommit":true,"messageTitle":"Merge pull request #12 from ARPspoofing/update-about-us","messageBody":"Update about us","fileTypesAndContributionMap":{}},{"hash":"c7399df992ef0799c42b221f8b9dd3faca9526f7","isMergeCommit":true,"messageTitle":"Merge pull request #13 from ARPspoofing/project-portfolio-page","messageBody":"Project portfolio page","fileTypesAndContributionMap":{}},{"hash":"3fcc604e27d9b591c75417e68621da6283daa896","isMergeCommit":true,"messageTitle":"Merge pull request #14 from AY2223S2-CS2103-F11-1/update-about-us","messageBody":"Update about us with passing pipeline","fileTypesAndContributionMap":{}}]},{"date":"2023-02-23","commitResults":[{"hash":"a908a0b5ac11137c40102865a396f348dcab3d5f","isMergeCommit":false,"messageTitle":"Add non-functional barebone of javafx mainpage card structure","messageBody":"","fileTypesAndContributionMap":{"functional-code":{"insertions":53,"deletions":5}}},{"hash":"bbaef6483521449a760dfd09641cb097129dce50","isMergeCommit":false,"messageTitle":"Remove error for cards","messageBody":"","fileTypesAndContributionMap":{"functional-code":{"insertions":10,"deletions":12}}},{"hash":"f379ff7f9019fd3c851352ec7b43f59fc8b07952","isMergeCommit":false,"messageTitle":"Add methods for abstraction to display 3 columns","messageBody":"","fileTypesAndContributionMap":{"functional-code":{"insertions":17,"deletions":21}}},{"hash":"3c52e9667add016e43381bd987069bcd3e394c6b","isMergeCommit":false,"messageTitle":"Fix card clutter display. Working version","messageBody":"","fileTypesAndContributionMap":{"functional-code":{"insertions":3,"deletions":3}}},{"hash":"04baf9af0d563a9d6aa29717feafb1ea966522d4","isMergeCommit":false,"messageTitle":"Fix styling","messageBody":"","fileTypesAndContributionMap":{"functional-code":{"insertions":37,"deletions":5}}}]},{"date":"2023-02-24","commitResults":[{"hash":"0f34479ce6097454a6af2f0ec85c4566da9a13d8","isMergeCommit":false,"messageTitle":"Fix width and height for cards and search bar","messageBody":"","fileTypesAndContributionMap":{"functional-code":{"insertions":51,"deletions":26}}},{"hash":"b7916710fd5190beb2f46df674fb8a60345e5061","isMergeCommit":false,"messageTitle":"Add greeting counter task","messageBody":"","fileTypesAndContributionMap":{"functional-code":{"insertions":91,"deletions":0}}},{"hash":"60e8b5c8d4b1c00777f40e6ca6b22e9ff94da1b9","isMergeCommit":true,"messageTitle":"Merge branch \u0027master\u0027 into mainpage-card","messageBody":"","fileTypesAndContributionMap":{}},{"hash":"9fc96f05f9fee72d7875713af8bc2ecf0385ebf7","isMergeCommit":false,"messageTitle":"Add mainpage undone ttask counter","messageBody":"","fileTypesAndContributionMap":{"functional-code":{"insertions":44,"deletions":43}}},{"hash":"e5291bc82dd8844f4affe4924424d74c5519559c","isMergeCommit":true,"messageTitle":"Merge branch \u0027mainpage-card\u0027 of github.com:ARPspoofing/tp into mainpage-card","messageBody":"","fileTypesAndContributionMap":{}},{"hash":"990bd83d9c73e53cc28ab59ab6412621955513e7","isMergeCommit":false,"messageTitle":"Fix dummy student profile photo alignment","messageBody":"","fileTypesAndContributionMap":{"functional-code":{"insertions":2,"deletions":2}}},{"hash":"b7b4151101849b0952a22c394230536af8994b71","isMergeCommit":false,"messageTitle":"Add multiple student profile photos. To touch up spacing","messageBody":"","fileTypesAndContributionMap":{"functional-code":{"insertions":40,"deletions":8}}}]},{"date":"2023-02-25","commitResults":[{"hash":"8ddf43ea2e1e7ce5f76ae76f8c168aee153aeda2","isMergeCommit":false,"messageTitle":"Fix index out of bounds error","messageBody":"","fileTypesAndContributionMap":{"functional-code":{"insertions":3,"deletions":3}}},{"hash":"9e69c281b04561f257d87939189e7949093f2f1c","isMergeCommit":false,"messageTitle":"Tidy up before adding test cases","messageBody":"","fileTypesAndContributionMap":{"functional-code":{"insertions":54,"deletions":15}}}]},{"date":"2023-03-01","commitResults":[{"hash":"13239d7f0440ed53e8381b6a5fefa8de97474850","isMergeCommit":false,"messageTitle":"Remove redundant tableview","messageBody":"","fileTypesAndContributionMap":{"functional-code":{"insertions":48,"deletions":32}}},{"hash":"c47b437c09213e1011b4ed79d811a1e4d15487dd","isMergeCommit":false,"messageTitle":"Fix checkstyle errors","messageBody":"","fileTypesAndContributionMap":{"functional-code":{"insertions":5,"deletions":9}}},{"hash":"e93a0e18f316316c2637a448f47cdefc6314f908","isMergeCommit":false,"messageTitle":"Fix checkstyle errors","messageBody":"","fileTypesAndContributionMap":{"functional-code":{"insertions":0,"deletions":1}}},{"hash":"351e8711bd64849bfcf3363291b3b2df8085f285","isMergeCommit":false,"messageTitle":"Add test cases for gui settings","messageBody":"","fileTypesAndContributionMap":{"test-code":{"insertions":56,"deletions":0}}},{"hash":"2a4ca8242321712fc7d9947c23c9061fcdd949d6","isMergeCommit":false,"messageTitle":"Add test cases for gui settings","messageBody":"","fileTypesAndContributionMap":{"test-code":{"insertions":8,"deletions":8}}},{"hash":"ca06246ada09df6c5364c9ecc0e5da99d82bae0c","isMergeCommit":false,"messageTitle":"Add test cases for gui settings","messageBody":"","fileTypesAndContributionMap":{"test-code":{"insertions":8,"deletions":8}}},{"hash":"03012a8485100944c85745f03224afbac055d2f6","isMergeCommit":false,"messageTitle":"Add test cases for gui settings","messageBody":"","fileTypesAndContributionMap":{"test-code":{"insertions":7,"deletions":7}}},{"hash":"b928472b3c059b2e512f0af4a4ece2421152f042","isMergeCommit":false,"messageTitle":"Add test cases for gui settings","messageBody":"","fileTypesAndContributionMap":{"test-code":{"insertions":8,"deletions":8}}},{"hash":"cd0ff5666dced93245f196ed22d6cd15c138d004","isMergeCommit":false,"messageTitle":"Add test cases for gui settings","messageBody":"","fileTypesAndContributionMap":{"test-code":{"insertions":7,"deletions":7}}},{"hash":"95153a46f8dd1ce61a47eaa29a67a366e88dbc31","isMergeCommit":false,"messageTitle":"Fix test case assert width and height error","messageBody":"","fileTypesAndContributionMap":{"test-code":{"insertions":2,"deletions":2}}},{"hash":"a25008bbe74c263a0ffc116eb378a401c8057c65","isMergeCommit":false,"messageTitle":"Add test cases for personCard and personListPanel","messageBody":"","fileTypesAndContributionMap":{"functional-code":{"insertions":26,"deletions":1},"test-code":{"insertions":89,"deletions":0}}},{"hash":"fb793662948b8b057f326eecbd5e7e3053846118","isMergeCommit":false,"messageTitle":"Fix test case import order","messageBody":"","fileTypesAndContributionMap":{"test-code":{"insertions":5,"deletions":5}}},{"hash":"8456eca3a4469914ddcdaae133122a0a51e70f4b","isMergeCommit":false,"messageTitle":"Fix test case import order","messageBody":"","fileTypesAndContributionMap":{"test-code":{"insertions":0,"deletions":1}}},{"hash":"8242b467446626cbac3f6185ea304e5f834df63f","isMergeCommit":false,"messageTitle":"Add test case modification for main","messageBody":"","fileTypesAndContributionMap":{"test-code":{"insertions":11,"deletions":0}}},{"hash":"d85e39ac830d6904009ca9f188c8b2af18c5b145","isMergeCommit":false,"messageTitle":"Add test case modification for main","messageBody":"","fileTypesAndContributionMap":{"test-code":{"insertions":2,"deletions":1}}},{"hash":"2b27e0c449cb2a2e22642585b6e928d82f71cd79","isMergeCommit":false,"messageTitle":"Add test case modification for main","messageBody":"","fileTypesAndContributionMap":{"test-code":{"insertions":6,"deletions":5}}},{"hash":"5523068a49651ee67ab310e3257696217202b588","isMergeCommit":false,"messageTitle":"Fix error due to test cases","messageBody":"","fileTypesAndContributionMap":{"test-code":{"insertions":92,"deletions":101}}},{"hash":"676b1ed2d7d6cee27a62cb9e9cfe419514179275","isMergeCommit":false,"messageTitle":"Remove test files for fxml due to restructuring","messageBody":"","fileTypesAndContributionMap":{"functional-code":{"insertions":74,"deletions":73},"test-code":{"insertions":0,"deletions":92}}},{"hash":"b65a5e5a398a3e5dccd451bff6fad3bf6f06ee06","isMergeCommit":false,"messageTitle":"Fix jacoco error","messageBody":"","fileTypesAndContributionMap":{"functional-code":{"insertions":0,"deletions":18}}},{"hash":"aa76707c335992ba6c934540f6c39ed924c3d3b4","isMergeCommit":false,"messageTitle":"Fix jacoco insufficiency coverage","messageBody":"","fileTypesAndContributionMap":{"functional-code":{"insertions":1,"deletions":7}}},{"hash":"984d5e66eb0201d292ef10a1fa73625e6b34ca6b","isMergeCommit":false,"messageTitle":"Add javadoc comment","messageBody":"","fileTypesAndContributionMap":{"functional-code":{"insertions":7,"deletions":0}}}]},{"date":"2023-03-03","commitResults":[{"hash":"05946974a9c3abcf6370212d805e875e86c2417f","isMergeCommit":false,"messageTitle":"Hardcoded image file path exists for person","messageBody":"Does not conform to abstraction principle\n\nLet\u0027s:\n  * Remove the hardcoded image file path\n  * Remove the hardcoded image\n  * Create a photo class that belongs in person\n  * Fetch the photo from a url that generates free photos\n  * Modify test cases and json files appropriately\n","fileTypesAndContributionMap":{"functional-code":{"insertions":201,"deletions":16},"test-code":{"insertions":60,"deletions":11}}},{"hash":"0cdd502712ac3129b51b48d5cfdd7846a9a00fc3","isMergeCommit":false,"messageTitle":"Remove hardcoded filepath","messageBody":"","fileTypesAndContributionMap":{"functional-code":{"insertions":3,"deletions":3}}},{"hash":"ac6fb0d891037e1e8295222328eb525fa2271450","isMergeCommit":false,"messageTitle":"Remove hardcoded image","messageBody":"","fileTypesAndContributionMap":{"functional-code":{"insertions":55,"deletions":13}}},{"hash":"756a045acd2eda35f076b90c4e39919b7924e17e","isMergeCommit":false,"messageTitle":"Add javadoc due to removal of hardcoded image","messageBody":"","fileTypesAndContributionMap":{"functional-code":{"insertions":37,"deletions":3}}},{"hash":"a0047e66733c9edb1b8116292c34a972c0958651","isMergeCommit":false,"messageTitle":"Resolve failing pipieline and comments","messageBody":"","fileTypesAndContributionMap":{"functional-code":{"insertions":6,"deletions":4}}},{"hash":"666d7aafcde46b472f7d4e99efac120dcb8d3d36","isMergeCommit":false,"messageTitle":"Resolve failing pipieline and comments","messageBody":"","fileTypesAndContributionMap":{"functional-code":{"insertions":1,"deletions":1}}}]},{"date":"2023-03-04","commitResults":[{"hash":"dffd88a77b75df53af2f3b8757c19547429b35dd","isMergeCommit":false,"messageTitle":"Resolve all comments and fixed all failing pipeline test cases","messageBody":"","fileTypesAndContributionMap":{"functional-code":{"insertions":117,"deletions":50},"test-code":{"insertions":68,"deletions":40}}},{"hash":"61c3abcfdc278fd2862eced5a6dca66f24fae8e2","isMergeCommit":false,"messageTitle":"Resolve all comments and fixed all failing pipeline test cases","messageBody":"","fileTypesAndContributionMap":{"functional-code":{"insertions":0,"deletions":1}}},{"hash":"e76aadd0dff6c7f1f8a8dcc139b45871a9a83bd9","isMergeCommit":false,"messageTitle":"Add test case for photo","messageBody":"","fileTypesAndContributionMap":{"test-code":{"insertions":215,"deletions":1}}},{"hash":"e11c410b9ab9e05b3ce8370857700b8f2f19e270","isMergeCommit":false,"messageTitle":"Add test cases","messageBody":"","fileTypesAndContributionMap":{"test-code":{"insertions":38,"deletions":0}}},{"hash":"9fff7ccfe76a01b18d3247d033cdfcafe832b317","isMergeCommit":true,"messageTitle":"Merge pull request #16 from ARPspoofing/mainpage-css-style","messageBody":"Mainpage css style","fileTypesAndContributionMap":{}},{"hash":"474d9a19ae39da73763abcce16416a24a5d24f8b","isMergeCommit":false,"messageTitle":"Add test cases for config","messageBody":"","fileTypesAndContributionMap":{"test-code":{"insertions":21,"deletions":1}}},{"hash":"81acc6284e7d8d8c5e0b7cab44f4696f8ee2bb21","isMergeCommit":true,"messageTitle":"Merge pull request #18 from ARPspoofing/mainpage-css-style","messageBody":"Add test cases for config","fileTypesAndContributionMap":{}},{"hash":"fd958da3a9858e82dd97c22deb0dbc363d02ef3e","isMergeCommit":false,"messageTitle":"Fix coverage","messageBody":"","fileTypesAndContributionMap":{"test-code":{"insertions":32,"deletions":0}}},{"hash":"9512c08bd108c1877a036fca888462a1f8a457cd","isMergeCommit":true,"messageTitle":"Merge pull request #19 from ARPspoofing/mainpage-css-style","messageBody":"Fix coverage","fileTypesAndContributionMap":{}},{"hash":"343484fe1db5c3ea8a4faa10946e3b4751c8b97c","isMergeCommit":true,"messageTitle":"Merge pull request #17 from AY2223S2-CS2103-F11-1/mainpage-css-style","messageBody":"Mainpage css style","fileTypesAndContributionMap":{}}]},{"date":"2023-03-05","commitResults":[{"hash":"541301515bb453b54d5774ab7d5789666179dd8d","isMergeCommit":true,"messageTitle":"Merge pull request #28 from nerdyboy98/master","messageBody":"Update UserGuide with 1 new function \u0026 added image + PPP","fileTypesAndContributionMap":{}}]},{"date":"2023-03-09","commitResults":[{"hash":"06d48135e1710d5dd457a0c6a6fa4e1a5d059d8b","isMergeCommit":false,"messageTitle":"Fixed UG and DG","messageBody":"","fileTypesAndContributionMap":{"functional-code":{"insertions":6,"deletions":4},"docs":{"insertions":164,"deletions":81}}},{"hash":"4e80c93894374da613331621fb4fd1ff3a36ef0e","isMergeCommit":true,"messageTitle":"Merge pull request #37 from ARPspoofing/master","messageBody":"Fixed UG and DG","fileTypesAndContributionMap":{}}]}],"nerdyboy98":[{"date":"2023-03-05","commitResults":[{"hash":"0e40d04aa9f925e20e3cafb2ac58d3c372ae7655","isMergeCommit":false,"messageTitle":"Add nerdyboy98 PPP","messageBody":"","fileTypesAndContributionMap":{"docs":{"insertions":69,"deletions":0}}},{"hash":"c0f75f78957b123e11437a54e794c597942d9cce","isMergeCommit":false,"messageTitle":"Add replace sort function documentation in UG","messageBody":"","fileTypesAndContributionMap":{"docs":{"insertions":38,"deletions":3}}},{"hash":"9cf7f40ecde1da9f9127c58011e7a220c7af4593","isMergeCommit":true,"messageTitle":"Merge pull request #1 from AY2223S2-CS2103-F11-1/master","messageBody":"Pulling from team repo to my own repo","fileTypesAndContributionMap":{}},{"hash":"d1ead5c4335749228245db736aad43477f05cd79","isMergeCommit":false,"messageTitle":"Update AboutUs","messageBody":"","fileTypesAndContributionMap":{"docs":{"insertions":5,"deletions":5}}}]},{"date":"2023-03-07","commitResults":[{"hash":"b63854c9d8f896f5af6ba17f6e37ebb5d6ab7d79","isMergeCommit":true,"messageTitle":"Merge pull request #2 from nerdyboy98/update-about-us-nerdyboy98","messageBody":"Update AboutUs","fileTypesAndContributionMap":{}},{"hash":"291bb4c97f5165d9126ff7a1fe99002870dddbbb","isMergeCommit":true,"messageTitle":"Merge pull request #35 from nerdyboy98/master","messageBody":"Update AboutUs","fileTypesAndContributionMap":{}}]}],"ShiJiaAo":[{"date":"2023-03-06","commitResults":[{"hash":"8f27ace6e096ab1024780dcddbe37d408222122e","isMergeCommit":false,"messageTitle":"Add personal image into docs/images and update AboutUs.md","messageBody":"","fileTypesAndContributionMap":{"docs":{"insertions":9,"deletions":0}}},{"hash":"cdf065e02f219a5f8c13203c981f13885a8644d5","isMergeCommit":false,"messageTitle":"Add personal PPP with the johndoe.md template","messageBody":"","fileTypesAndContributionMap":{"docs":{"insertions":44,"deletions":0}}}]},{"date":"2023-03-09","commitResults":[{"hash":"0041450e2c5cd0e2788731490e83ca24956631d8","isMergeCommit":true,"messageTitle":"Merge pull request #34 from ShiJiaAo/Add-Skeletal-PPP","messageBody":"Add personal PPP with the johndoe.md template","fileTypesAndContributionMap":{}},{"hash":"e9f859f5a09c5324c00adef9ce3525b2d38d3f94","isMergeCommit":false,"messageTitle":"Delete additional PPP skeleton file","messageBody":"","fileTypesAndContributionMap":{"docs":{"insertions":0,"deletions":46}}},{"hash":"d67917ca859e145ff268204c55024758a9d6f9d6","isMergeCommit":true,"messageTitle":"Resolve merge conflicts","messageBody":"","fileTypesAndContributionMap":{}},{"hash":"b2ce8703d31f9ee04f22e8c8b14e9fcee258e3ec","isMergeCommit":true,"messageTitle":"Merge pull request #33 from ShiJiaAo/AboutUs-update","messageBody":"Add personal profile picture into docs/images and update AboutUs.md","fileTypesAndContributionMap":{}}]},{"date":"2023-03-10","commitResults":[{"hash":"6cbac49603f0daea7bdb0a86433070063b0cfc86","isMergeCommit":false,"messageTitle":"Fix AboutUs formatting","messageBody":"","fileTypesAndContributionMap":{"docs":{"insertions":3,"deletions":3}}},{"hash":"86fa58897841d1163b74d0beefbeb338cd11abed","isMergeCommit":true,"messageTitle":"Merge pull request #45 from ShiJiaAo/AboutUs-update","messageBody":"Fix AboutUs formatting","fileTypesAndContributionMap":{}}]}]},"authorFileTypeContributionMap":{"shittake":{"docs":44,"functional-code":0,"test-code":0},"JThh":{"docs":7,"functional-code":0,"test-code":0},"ARPspoofing":{"docs":1131,"functional-code":881,"test-code":908,"other":1},"nerdyboy98":{"docs":81,"functional-code":0,"test-code":0},"ShiJiaAo":{"docs":51,"functional-code":0,"test-code":0}},"authorContributionVariance":{"shittake":95.845024,"JThh":12.539255,"ARPspoofing":209462.36,"nerdyboy98":624.7934,"ShiJiaAo":202.72105},"authorDisplayNameMap":{"shittake":"CS2103-F11-1 ERIC..QUAN","JThh":"CS2103-F11-1 HAN ..TONG","ARPspoofing":"CS2103-F11-1 MUHA..HEER","nerdyboy98":"CS2103-F11-1 CHEW..KIAT","ShiJiaAo":"CS2103-F11-1 SHI ..IAAO"}}
