{"authorDailyContributionsMap":{"peaol":[],"IsabelChong":[{"date":"2023-02-28","commitResults":[{"hash":"c6d4ccf927cc40d16a0eab61a6c38d74be8ca859","messageTitle":"Add Skeletal PPP (Isabel)","messageBody":"Close #16\n","fileTypesAndContributionMap":{"docs":{"insertions":29,"deletions":0}}}]}],"afiqzu":[{"date":"2023-02-24","commitResults":[{"hash":"bae1a7105d181acafd0d6755f71b252de9800833","messageTitle":"Update build.gradle file","messageBody":"","fileTypesAndContributionMap":{"other":{"insertions":1,"deletions":1}}}]},{"date":"2023-02-28","commitResults":[{"hash":"482a6237ac6bcc8698cfefac77e871e573691d42","messageTitle":"Add skeletal PPP (Afiq)","messageBody":"","fileTypesAndContributionMap":{"docs":{"insertions":20,"deletions":0}}},{"hash":"6388f3f016ac6011ed84d86025a8a4ecd66e26c0","messageTitle":"Add newline at EOF","messageBody":"","fileTypesAndContributionMap":{"docs":{"insertions":1,"deletions":1}}}]}],"swxk19":[{"date":"2023-02-28","commitResults":[{"hash":"5f72292ee3a150b618af8477095ef0812403a5fb","messageTitle":"Add UG from Google Docs draft","messageBody":"Closes Issue #11\n","fileTypesAndContributionMap":{"docs":{"insertions":251,"deletions":161}}},{"hash":"b7846bc28e71343ba7bd194444056b2f52221f05","messageTitle":"Add newline to UG EOF","messageBody":"","fileTypesAndContributionMap":{"docs":{"insertions":20,"deletions":20}}}]},{"date":"2023-03-01","commitResults":[{"hash":"646db732a39f0f1536674752277b23bd78ac54df","messageTitle":"Remove code formatting for html elements in UG","messageBody":"","fileTypesAndContributionMap":{"docs":{"insertions":20,"deletions":20}}},{"hash":"ac82ac508215c4e84a6258cc5efc1f7277c6f795","messageTitle":"Add newline to EOF","messageBody":"","fileTypesAndContributionMap":{"docs":{"insertions":1,"deletions":1}}},{"hash":"467f57ccba31cbe70332f82bac042ec795935e99","messageTitle":"Remove extra whitespaces","messageBody":"","fileTypesAndContributionMap":{"docs":{"insertions":15,"deletions":15}}},{"hash":"bba4dceee04fbb76d04f3f0b5598b8ae558dd6b3","messageTitle":"Add skeletal PPP (kelvin)","messageBody":"(Closes Issue #13)\n","fileTypesAndContributionMap":{"docs":{"insertions":25,"deletions":0}}}]}],"tyx021":[{"date":"2023-02-28","commitResults":[{"hash":"2258cce81cabf2ede423c40eee74ef3b74786194","messageTitle":"Update README - Update the link of the GitHub Actions build status badge so that it reflects the build status of current repo. - Update contents to match CLIpboard","messageBody":"","fileTypesAndContributionMap":{"docs":{"insertions":6,"deletions":10}}}]},{"date":"2023-03-01","commitResults":[{"hash":"6c32ad2e79b1b8fd8ee6090b185b2dd89536527e","messageTitle":"Add Skeletal PPP (Yi Xin).","messageBody":"","fileTypesAndContributionMap":{"docs":{"insertions":31,"deletions":0}}},{"hash":"cc4b2afa245f206d508472578da49db31bce0bce","messageTitle":"Add newline at EOF","messageBody":"","fileTypesAndContributionMap":{"docs":{"insertions":1,"deletions":1}}}]}]},"authorFileTypeContributionMap":{"peaol":{"docs":0,"functional-code":0,"test-code":0},"IsabelChong":{"docs":29,"functional-code":0,"test-code":0},"afiqzu":{"docs":20,"functional-code":0,"test-code":0,"other":1},"swxk19":{"docs":276,"functional-code":0,"test-code":0},"tyx021":{"docs":37,"functional-code":0,"test-code":0}},"authorContributionVariance":{"peaol":0.0,"IsabelChong":59.71597,"afiqzu":34.13018,"swxk19":14656.024,"tyx021":89.25444},"authorDisplayNameMap":{"peaol":"CS2103T-T15-4 PEAR.. TWE","IsabelChong":"CS2103T-T15-4 CHON..ABEL","afiqzu":"CS2103T-T15-4 AFIQ..AHRI","swxk19":"CS2103T-T15-4 SEOW..LVIN","tyx021":"CS2103T-T15-4 TING.. XIN"}}
