{"authorDailyContributionsMap":{"peaol":[{"date":"2023-02-28","commitResults":[{"hash":"7a8697a7f2b1ebd78c533ee6e0557dda12f0d764","isMergeCommit":false,"messageTitle":"Add AboutUs","messageBody":"","fileTypesAndContributionMap":{"docs":{"insertions":25,"deletions":29}}}]},{"date":"2023-03-01","commitResults":[{"hash":"a9df11a1e60d21434cf31fae0aa77505ad773333","isMergeCommit":false,"messageTitle":"Update AboutUs.md","messageBody":"","fileTypesAndContributionMap":{"docs":{"insertions":5,"deletions":5}}},{"hash":"644b2f34e87c1832b792adf8937b04bfc576ff33","isMergeCommit":false,"messageTitle":"Add Skeletal PPP (Pearl)","messageBody":"","fileTypesAndContributionMap":{"docs":{"insertions":20,"deletions":0}}}]},{"date":"2023-03-07","commitResults":[{"hash":"ae5552412d0f2349efd36d07e59ba34771fd31cb","isMergeCommit":false,"messageTitle":"Update Ui","messageBody":"","fileTypesAndContributionMap":{"functional-code":{"insertions":36,"deletions":36},"test-code":{"insertions":1,"deletions":1}}},{"hash":"a67da4467fe3037d1e96777ea9243c409da83cf6","isMergeCommit":true,"messageTitle":"Merge branch \u0027master\u0027 of https://github.com/peaol/tp","messageBody":"","fileTypesAndContributionMap":{}}]}],"IsabelChong":[{"date":"2023-02-28","commitResults":[{"hash":"99466c6c2425ab1bc0a186802dc4bfc3430b4af8","isMergeCommit":false,"messageTitle":"Add Skeletal PPP (Isabel)","messageBody":"Closes #16\n","fileTypesAndContributionMap":{"docs":{"insertions":29,"deletions":0}}},{"hash":"c6d4ccf927cc40d16a0eab61a6c38d74be8ca859","isMergeCommit":false,"messageTitle":"Add Skeletal PPP (Isabel)","messageBody":"Close #16\n","fileTypesAndContributionMap":{"docs":{"insertions":29,"deletions":0}}},{"hash":"dc9155cacf7dc07ac4fcfa0189dd2482e2018922","isMergeCommit":true,"messageTitle":"Merge branch \u0027AY2223S2-CS2103T-T15-4:master\u0027 into master","messageBody":"","fileTypesAndContributionMap":{}},{"hash":"df71a0d70ed1a8847704d2dbd871173e250c32b1","isMergeCommit":false,"messageTitle":"Update DeveloperGuide.md","messageBody":"The previous version under Appendix: Requirement was for AB3.\n\nUpdating the sections under `Product scope`, `User stories`, `Use cases`, `Non-Functional Requirements` and `Glossary` will reflect the actual CLIpboard project objectives.\n","fileTypesAndContributionMap":{"docs":{"insertions":91,"deletions":25}}},{"hash":"29a312ef288a9805c0f5851f0e869f752b573cb3","isMergeCommit":true,"messageTitle":"Merge branch \u0027branch-skeletalppp-isabelchong\u0027","messageBody":"* branch-skeletalppp-isabelchong:\n  Add Skeletal PPP (Isabel)\n","fileTypesAndContributionMap":{}},{"hash":"014a13338735c97848fcab389acae2b4fa90e160","isMergeCommit":true,"messageTitle":"Merge branch \u0027master\u0027 of https://github.com/IsabelChong/tp","messageBody":"* \u0027master\u0027 of https://github.com/IsabelChong/tp:\n  Add newline to UG EOF\n  Add UG from Google Docs draft\n","fileTypesAndContributionMap":{}},{"hash":"041d015580aa94c8b9ca3491e01a07363d62f532","isMergeCommit":false,"messageTitle":"Add EOF new line to isabelchong.md","messageBody":"","fileTypesAndContributionMap":{"docs":{"insertions":1,"deletions":1}}}]},{"date":"2023-03-01","commitResults":[{"hash":"1c2b17196364b722e7d301cb3b79ddb34d32b1c7","isMergeCommit":true,"messageTitle":"Merge pull request #29 from tyx021/branch-skeletal-ppp-yixin","messageBody":"Add Skeletal PPP (Yi Xin) ","fileTypesAndContributionMap":{}},{"hash":"d37b292b85f43d8d9d102bc13abdc07e3f8ea49f","isMergeCommit":true,"messageTitle":"Merge pull request #25 from tyx021/master","messageBody":"Update README","fileTypesAndContributionMap":{}},{"hash":"4c0621e4a63a866c279886125ca60ef01d509a2d","isMergeCommit":true,"messageTitle":"Merge branch \u0027AY2223S2-CS2103T-T15-4:master\u0027 into master","messageBody":"","fileTypesAndContributionMap":{}}]},{"date":"2023-03-02","commitResults":[{"hash":"7c7bfed783d5a5eb481a592cb1fe5b3f40b883f5","isMergeCommit":true,"messageTitle":"Merge branch \u0027AY2223S2-CS2103T-T15-4:master\u0027 into master","messageBody":"","fileTypesAndContributionMap":{}}]},{"date":"2023-03-07","commitResults":[{"hash":"176570372b69e3791561855f174a8a171ae2d680","isMergeCommit":true,"messageTitle":"Merge pull request #40 from afiqzu/branch-refactor-code","messageBody":"","fileTypesAndContributionMap":{}},{"hash":"e04c9df945a6f450f7c791a0c43e831059d377e2","isMergeCommit":true,"messageTitle":"Merge pull request #44 from tyx021/add-photo-in-studentcard","messageBody":"Add placeholder photo in StudentCard","fileTypesAndContributionMap":{}},{"hash":"381d16fc9ea7100208c46e27421cab12b6f08927","isMergeCommit":true,"messageTitle":"Merge branch \u0027AY2223S2-CS2103T-T15-4:master\u0027 into master","messageBody":"","fileTypesAndContributionMap":{}}]},{"date":"2023-03-08","commitResults":[{"hash":"17030e80c2b0b4efcae4611c9b3b3258503b408e","isMergeCommit":false,"messageTitle":"Add {@code module} field into {@code Student}","messageBody":"A ModuleCode extends from Tags. Instances where tags are used in AddCommands and related instances have been changed to modules.\n","fileTypesAndContributionMap":{"functional-code":{"insertions":115,"deletions":15}}},{"hash":"27ca94c8bb670cc3059b94bec996c81fc4e34ea2","isMergeCommit":false,"messageTitle":"Update EditCommand for module field.","messageBody":"Minor changes such as adding of the module field were made for AddCommand to function.\n\nNote that this commit does not update EditCommand, as #7 addresses only the AddCommand\n","fileTypesAndContributionMap":{"functional-code":{"insertions":22,"deletions":1}}},{"hash":"97e418c0222dc0b3969f8725ae08036ba31171bd","isMergeCommit":false,"messageTitle":"Fix checkstyle errors","messageBody":"","fileTypesAndContributionMap":{"functional-code":{"insertions":6,"deletions":6}}},{"hash":"084a1484db043b6b2e088500fce3e01bbab0242b","isMergeCommit":false,"messageTitle":"Update StudentBuilder with module field","messageBody":"","fileTypesAndContributionMap":{"test-code":{"insertions":13,"deletions":1}}}]},{"date":"2023-03-10","commitResults":[{"hash":"30d68dff15333ea003f0a971d2aa6254d61ee98b","isMergeCommit":true,"messageTitle":"Merge branch \u0027AY2223S2-CS2103T-T15-4:master\u0027 into master","messageBody":"","fileTypesAndContributionMap":{}},{"hash":"8eb33a8f03d03d041b9399fb012f14ac3279100a","isMergeCommit":false,"messageTitle":"Update tests to include module field","messageBody":"","fileTypesAndContributionMap":{"functional-code":{"insertions":62,"deletions":27},"test-code":{"insertions":134,"deletions":80}}},{"hash":"00047c2275725eae3dfa38a6761f6be3249a6e7a","isMergeCommit":false,"messageTitle":"Commented EditCommandParserTest","messageBody":"EditCommand and its variants (EditCommandTest, EditCommandParser, EditCommandParserTest) will be addressed in #56\n","fileTypesAndContributionMap":{"test-code":{"insertions":427,"deletions":214}}}]},{"date":"2023-03-11","commitResults":[{"hash":"470c363c391237879efdad4c322774ed267e5fa4","isMergeCommit":true,"messageTitle":"Merge branch \u0027master\u0027 into branch-add-student","messageBody":"","fileTypesAndContributionMap":{}},{"hash":"b75779b0fc71f23e8023caddd84ffdcfaacaf138","isMergeCommit":false,"messageTitle":"Update test data with added module field","messageBody":"","fileTypesAndContributionMap":{"test-code":{"insertions":70,"deletions":27}}},{"hash":"05440c14fd1ff89556ba50243e48e6b34f26f86e","isMergeCommit":false,"messageTitle":"Update with module field","messageBody":"","fileTypesAndContributionMap":{"functional-code":{"insertions":7,"deletions":1}}},{"hash":"a3eda99b532518f9bc429b88d2ea2fcbed550ea2","isMergeCommit":false,"messageTitle":"Comment out EditCommandTest","messageBody":"A new and compulsory field called module has been added into Student.java. EditCommand is not updated to accomodate the field.\n\nLet\u0027s update EditCommand and its variations (EditCommandTest.java, EditCommandParser.java, EditCommandParserTest.java) in accordance to #56\n","fileTypesAndContributionMap":{"test-code":{"insertions":173,"deletions":173}}},{"hash":"2bb4af83e2b2af6e36ed42eb8b0940a76b0ebc7e","isMergeCommit":true,"messageTitle":"Merge branch \u0027AY2223S2-CS2103T-T15-4:master\u0027 into master","messageBody":"","fileTypesAndContributionMap":{}},{"hash":"2654c76c956731c8c35d42836e4dd46c3e389727","isMergeCommit":true,"messageTitle":"Merge branch \u0027master\u0027 of https://github.com/IsabelChong/tp","messageBody":"* \u0027master\u0027 of https://github.com/IsabelChong/tp:\n  Fix raw type\n  Add more tests for RemarkCommand and RemarkCommandParser\n  Add test cases for RemarkCommand and related classes\n","fileTypesAndContributionMap":{}},{"hash":"0c9aa45e2224d9e764b62d9995abffc9ac2a8b5e","isMergeCommit":true,"messageTitle":"Merge branch \u0027master\u0027 into branch-add-student","messageBody":"* master:\n  Fix raw type\n  Add more tests for RemarkCommand and RemarkCommandParser\n  Add test cases for RemarkCommand and related classes\n","fileTypesAndContributionMap":{}},{"hash":"4332cfe1a0ecea17a398c7ef6cda5fb765d31414","isMergeCommit":true,"messageTitle":"Merge pull request #47 from IsabelChong/branch-add-student","messageBody":"Update AddCommand to include module field","fileTypesAndContributionMap":{}},{"hash":"438f41ad9c1ce48fb0d8b305590bc65421294619","isMergeCommit":true,"messageTitle":"Merge branch \u0027master\u0027 of https://github.com/IsabelChong/tp","messageBody":"* \u0027master\u0027 of https://github.com/IsabelChong/tp:\n  Comment out EditCommandTest\n  Update with module field\n  Update test data with added module field\n  Commented EditCommandParserTest\n  Update tests to include module field\n  Update StudentBuilder with module field\n  Fix checkstyle errors\n  Update EditCommand for module field.\n  Add {@code module} field into {@code Student}\n","fileTypesAndContributionMap":{}},{"hash":"4d7d69275d9ba0e86ce6b0ac52bd5c46e50f1237","isMergeCommit":false,"messageTitle":"Update EditCommand and EditCommandTest to include module field","messageBody":"","fileTypesAndContributionMap":{"functional-code":{"insertions":28,"deletions":5},"test-code":{"insertions":179,"deletions":174}}},{"hash":"da779d732bc20797ad543526140b3ac6e89602e5","isMergeCommit":false,"messageTitle":"Remove unnecessary thrown ParseException","messageBody":"","fileTypesAndContributionMap":{"functional-code":{"insertions":0,"deletions":3}}}]},{"date":"2023-03-12","commitResults":[{"hash":"89f8bf7b666c48f2cd889aca3f78a0f72e66be24","isMergeCommit":true,"messageTitle":"Merge pull request #59 from IsabelChong/branch-edit-student","messageBody":"Update EditCommand and EditCommandTest","fileTypesAndContributionMap":{}},{"hash":"a3a53d0cd48e78e4bf1462746c7e32a695a543a5","isMergeCommit":true,"messageTitle":"Merge branch \u0027master\u0027 of https://github.com/IsabelChong/tp","messageBody":"* \u0027master\u0027 of https://github.com/IsabelChong/tp:\n  Remove unnecessary thrown ParseException\n  Update EditCommand and EditCommandTest to include module field\n","fileTypesAndContributionMap":{}}]},{"date":"2023-03-13","commitResults":[{"hash":"f4641badaa8c4b083741bc769973cab2dec4cbdd","isMergeCommit":true,"messageTitle":"Merge branch \u0027master\u0027 of https://github.com/IsabelChong/tp","messageBody":"* \u0027master\u0027 of https://github.com/IsabelChong/tp:\n  Add \u0027upload\u0027 functionality\n","fileTypesAndContributionMap":{}},{"hash":"0712858ccf438ad4f48413ed1cfe863e3ecbd0fc","isMergeCommit":true,"messageTitle":"Merge branch \u0027master\u0027 of https://github.com/IsabelChong/tp","messageBody":"* \u0027master\u0027 of https://github.com/IsabelChong/tp:\n  Add test destination folder\n  Change implementation of UploadCommand to include destPath as a variable\n  Revert \"Change destination folder to which files are uploaded\"\n  Change destination folder to which files are uploaded\n  Add newline at end of test files\n  Add JUnit tests for UploadCommand and UploadCommandParser\n","fileTypesAndContributionMap":{}},{"hash":"36614f513745d867c949302960f1d517191ccbf6","isMergeCommit":false,"messageTitle":"Update EditCommandParserTest.java and update relevant remark and module fields","messageBody":"Previous tests do not include checking the module field.\n\nLet\u0027s update all Student fields to include modules in future iterations.\n","fileTypesAndContributionMap":{"functional-code":{"insertions":9,"deletions":0},"test-code":{"insertions":230,"deletions":427}}},{"hash":"7806e97275d3de031dfe8975819151abc0a9e2af","isMergeCommit":false,"messageTitle":"Removed remark field in EditCommand","messageBody":"Remarks are only handled in RemarkCommand.java.\n","fileTypesAndContributionMap":{"functional-code":{"insertions":0,"deletions":9},"test-code":{"insertions":0,"deletions":1}}},{"hash":"c594a34f7ea3e8a0e4163c173ea9767ac31005cb","isMergeCommit":true,"messageTitle":"Merge branch \u0027master\u0027 of https://github.com/IsabelChong/tp","messageBody":"* \u0027master\u0027 of https://github.com/IsabelChong/tp:\n  Rename all classes containing \u0027AddressBook\u0027 to \u0027Roster\u0027\n  Rename AddressBookParser Class to RosterParser\n  Rename data file\n  Fix test case fail for UiPartTest when loading valid file\n  Rename t154 to tfifteenfour (checkstyle)\n  Rename jar output file\n  Rename root folder and packages\n  Finish implementation of \u0027view\u0027 command\n  ViewCommand: Change references of \u0027person\u0027 to \u0027student\u0027 instead\n  Implement rudimentary view cmd\n","fileTypesAndContributionMap":{}},{"hash":"257a906e83acbb3a776c94cbb089b2c928202b81","isMergeCommit":true,"messageTitle":"Merge branch \u0027master\u0027 into branch-edit-student","messageBody":"* master:\n  Rename all classes containing \u0027AddressBook\u0027 to \u0027Roster\u0027\n  Rename AddressBookParser Class to RosterParser\n  Rename data file\n  Fix test case fail for UiPartTest when loading valid file\n  Rename t154 to tfifteenfour (checkstyle)\n  Rename jar output file\n  Rename root folder and packages\n  Finish implementation of \u0027view\u0027 command\n  ViewCommand: Change references of \u0027person\u0027 to \u0027student\u0027 instead\n  Implement rudimentary view cmd\n","fileTypesAndContributionMap":{}},{"hash":"8a1aa6511f385411d23fcd9c2a1d88808fe39945","isMergeCommit":false,"messageTitle":"Refactor EditCommandParserTest.java to new parent class name","messageBody":"","fileTypesAndContributionMap":{"test-code":{"insertions":48,"deletions":48}}},{"hash":"de69db2facb511be797591f26bfdadd4c124c06e","isMergeCommit":true,"messageTitle":"Merge pull request #64 from IsabelChong/branch-edit-student","messageBody":"Update EditCommandParserTest.java","fileTypesAndContributionMap":{}}]},{"date":"2023-03-15","commitResults":[{"hash":"0fc91da7f2b85bf30092caf25fbe7ced00facad4","isMergeCommit":true,"messageTitle":"Merge branch \u0027master\u0027 of https://github.com/IsabelChong/tp","messageBody":"* \u0027master\u0027 of https://github.com/IsabelChong/tp:\n  Rename file paths and variable names\n  Add testing for view command\n  Refactor EditCommandParserTest.java to new parent class name\n  Removed remark field in EditCommand\n  Update EditCommandParserTest.java and update relevant remark and module fields\n","fileTypesAndContributionMap":{}},{"hash":"69987a52600d40c285877e1f708f192d3b4f03d2","isMergeCommit":true,"messageTitle":"Merge branch \u0027master\u0027 of https://github.com/IsabelChong/tp","messageBody":"* \u0027master\u0027 of https://github.com/IsabelChong/tp:\n  Change view command to view based on current display\n","fileTypesAndContributionMap":{}},{"hash":"1af3ccf0d23fa2855a8c45d48d39b1cbde6af4ca","isMergeCommit":false,"messageTitle":"Update student uniqueness by StudentId","messageBody":"","fileTypesAndContributionMap":{"functional-code":{"insertions":1,"deletions":1}}},{"hash":"6473f2a06a518e13c1d3518ce7ee4b8b6a59fb72","isMergeCommit":false,"messageTitle":"Update student identification field to student id","messageBody":"","fileTypesAndContributionMap":{"test-code":{"insertions":34,"deletions":44}}},{"hash":"42b0da1fb83643723fdfaabf2f1f16452e9fc0bb","isMergeCommit":false,"messageTitle":"Update StudentId validation regex","messageBody":"","fileTypesAndContributionMap":{"functional-code":{"insertions":3,"deletions":8}}},{"hash":"6698d78bcc98a97d2fcba2c831feb91608ce0582","isMergeCommit":true,"messageTitle":"Merge pull request #74 from IsabelChong/branch-add-student","messageBody":"Update student identification field to student id","fileTypesAndContributionMap":{}}]}],"afiqzu":[{"date":"2023-02-24","commitResults":[{"hash":"bae1a7105d181acafd0d6755f71b252de9800833","isMergeCommit":false,"messageTitle":"Update build.gradle file","messageBody":"","fileTypesAndContributionMap":{"other":{"insertions":1,"deletions":1}}},{"hash":"fd7e8c4efab3f3c24faa414d6f98cdd199c225df","isMergeCommit":false,"messageTitle":"Add \u0027remark\u0027 functionality","messageBody":"","fileTypesAndContributionMap":{"functional-code":{"insertions":208,"deletions":49},"test-code":{"insertions":67,"deletions":22}}}]},{"date":"2023-02-28","commitResults":[{"hash":"482a6237ac6bcc8698cfefac77e871e573691d42","isMergeCommit":false,"messageTitle":"Add skeletal PPP (Afiq)","messageBody":"","fileTypesAndContributionMap":{"docs":{"insertions":20,"deletions":0}}},{"hash":"6388f3f016ac6011ed84d86025a8a4ecd66e26c0","isMergeCommit":false,"messageTitle":"Add newline at EOF","messageBody":"","fileTypesAndContributionMap":{"docs":{"insertions":1,"deletions":1}}}]},{"date":"2023-03-02","commitResults":[{"hash":"ed1a9f5259e50e93fa7289ac0e7f22d70417f1e2","isMergeCommit":true,"messageTitle":"Merge pull request #19 from afiqzu/skeletal-ppp-afiqzu","messageBody":"Skeletal PPP (Afiq)","fileTypesAndContributionMap":{}}]},{"date":"2023-03-06","commitResults":[{"hash":"9afe493634711628e41a40c419b75c3e80f8ccc8","isMergeCommit":false,"messageTitle":"Refactor code to include StudentId variable.","messageBody":"Person details previously included \u0027address\u0027 field.\nLet\u0027s change \u0027address\u0027 field to \u0027studentId\u0027 to fit project requirement.\n","fileTypesAndContributionMap":{"functional-code":{"insertions":66,"deletions":76},"other":{"insertions":5,"deletions":5},"test-code":{"insertions":43,"deletions":49}}}]},{"date":"2023-03-07","commitResults":[{"hash":"c2ba0269927238f392464fb2421c49036b9cad49","isMergeCommit":false,"messageTitle":"Refactor more code to include StudentId","messageBody":"","fileTypesAndContributionMap":{"functional-code":{"insertions":38,"deletions":36},"test-code":{"insertions":6,"deletions":6}}},{"hash":"5ecf319800f812a2dc1d231568f733009a09926d","isMergeCommit":false,"messageTitle":"Refactor code to replace \u0027Person\u0027-related occurrences to \u0027Student\u0027","messageBody":"","fileTypesAndContributionMap":{"functional-code":{"insertions":387,"deletions":390},"other":{"insertions":130,"deletions":130},"test-code":{"insertions":547,"deletions":550}}},{"hash":"ab47651ea06b3df131f4e49776f2f6aecf841c0b","isMergeCommit":false,"messageTitle":"Refactor code in test folder","messageBody":"","fileTypesAndContributionMap":{"other":{"insertions":26,"deletions":25},"test-code":{"insertions":115,"deletions":119}}},{"hash":"cd012f4395a21645a6c33a7d0a67ed2be9464da3","isMergeCommit":false,"messageTitle":"Resolve checkstyle errors","messageBody":"","fileTypesAndContributionMap":{"functional-code":{"insertions":34,"deletions":19}}},{"hash":"0ce9369fbe3fa45a5ecb2ad8cadfe57fa29fee59","isMergeCommit":false,"messageTitle":"Refactor more code in Test folder","messageBody":"","fileTypesAndContributionMap":{"test-code":{"insertions":1,"deletions":1}}},{"hash":"32ee504c3d0f177ea1e94d218336bc34ac8c78ca","isMergeCommit":false,"messageTitle":"Fix checkstyle errors","messageBody":"","fileTypesAndContributionMap":{"docs":{"insertions":1,"deletions":1}}},{"hash":"c280a7b7d96175a2b7aee253026b88e5895d8a17","isMergeCommit":false,"messageTitle":"Fix checkstyle errors relating to import order","messageBody":"","fileTypesAndContributionMap":{"test-code":{"insertions":29,"deletions":20}}},{"hash":"aa31b8f6597557d8dace57a6c805753dbf2eda3a","isMergeCommit":false,"messageTitle":"Fix checkstyle errors","messageBody":"","fileTypesAndContributionMap":{"test-code":{"insertions":11,"deletions":6}}}]},{"date":"2023-03-09","commitResults":[{"hash":"af1973711232d5ab35c8a8f90e7a6b77046e91fa","isMergeCommit":true,"messageTitle":"Merge branch \u0027master\u0027 into branch-remark-command","messageBody":"# Conflicts:\n#\tsrc/main/java/seedu/address/logic/commands/EditCommand.java\n#\tsrc/main/java/seedu/address/logic/parser/AddCommandParser.java\n#\tsrc/main/java/seedu/address/model/student/Remark.java\n#\tsrc/main/java/seedu/address/model/student/Student.java\n#\tsrc/main/java/seedu/address/model/util/SampleDataUtil.java\n#\tsrc/main/java/seedu/address/storage/JsonAdaptedStudent.java\n#\tsrc/main/java/seedu/address/ui/StudentCard.java\n#\tsrc/test/data/JsonSerializableAddressBookTest/duplicateStudentAddressBook.json\n#\tsrc/test/data/JsonSerializableAddressBookTest/typicalStudentsAddressBook.json\n#\tsrc/test/java/seedu/address/storage/JsonAdaptedStudentTest.java\n#\tsrc/test/java/seedu/address/testutil/PersonBuilder.java\n#\tsrc/test/java/seedu/address/testutil/StudentUtil.java\n#\tsrc/test/java/seedu/address/testutil/TypicalPersons.java\n","fileTypesAndContributionMap":{}},{"hash":"a8114aa5ea3934c4ddb0b00ce68fdecce9713bc0","isMergeCommit":true,"messageTitle":"Merge pull request #49 from afiqzu/branch-remark-command","messageBody":"Add \u0027remark\u0027 functionaility","fileTypesAndContributionMap":{}}]},{"date":"2023-03-11","commitResults":[{"hash":"82654c2d153d6a2687d43ed225b01d86d795ac42","isMergeCommit":false,"messageTitle":"Add test cases for RemarkCommand and related classes","messageBody":"","fileTypesAndContributionMap":{"test-code":{"insertions":120,"deletions":0}}},{"hash":"30b533e86809b4781b462785732e68dfbb7f01ad","isMergeCommit":false,"messageTitle":"Add more tests for RemarkCommand and RemarkCommandParser","messageBody":"","fileTypesAndContributionMap":{"test-code":{"insertions":72,"deletions":1}}},{"hash":"2136bac65c0cd690f379522d872196a1cafa6c4a","isMergeCommit":true,"messageTitle":"Merge pull request #57 from afiqzu/branch-remark-command-test","messageBody":"Add test cases for RemarkCommand and related classes","fileTypesAndContributionMap":{}},{"hash":"76d76d91d81d12bcdc576bed4efb0a4c59d8d432","isMergeCommit":false,"messageTitle":"Fix raw type","messageBody":"","fileTypesAndContributionMap":{"functional-code":{"insertions":1,"deletions":1}}},{"hash":"b88da7f3995be34e3f8d05b3dd37f4b4003a5de0","isMergeCommit":true,"messageTitle":"Merge pull request #58 from afiqzu/fix-remark-raw-type","messageBody":"Fix raw type in RemarkCommandParser","fileTypesAndContributionMap":{}}]},{"date":"2023-03-12","commitResults":[{"hash":"9cc9790c67398cf1909c798129865f51b3426438","isMergeCommit":false,"messageTitle":"Add \u0027upload\u0027 functionality","messageBody":"Previously, users would have to manually transfer a file (e.g. a student photo)\nto the data folder in CLIpboard.\n\nLet\u0027s automate this process by allowing users to upload files by inputting the target\nfile path into the command line interface of CLIpboard.\n","fileTypesAndContributionMap":{"functional-code":{"insertions":111,"deletions":0}}},{"hash":"87279a590901696c5f06efd7fb01109e78c2dfb0","isMergeCommit":true,"messageTitle":"Merge pull request #60 from afiqzu/upload-command","messageBody":"Add \u0027upload\u0027 functionality","fileTypesAndContributionMap":{}},{"hash":"054766abb89e602824ad48ac9d3921d3157d8946","isMergeCommit":false,"messageTitle":"Add JUnit tests for UploadCommand and UploadCommandParser","messageBody":"","fileTypesAndContributionMap":{"functional-code":{"insertions":2,"deletions":2},"test-code":{"insertions":140,"deletions":0}}},{"hash":"4fbabfeaffa666f22caa43ca5a77f07184674cbc","isMergeCommit":false,"messageTitle":"Change destination folder to which files are uploaded","messageBody":"","fileTypesAndContributionMap":{"functional-code":{"insertions":2,"deletions":2}}},{"hash":"56c156ae34f903435e5aecede0961fc696a4a3d4","isMergeCommit":false,"messageTitle":"Revert \"Change destination folder to which files are uploaded\"","messageBody":"This reverts commit 4fbabfeaffa666f22caa43ca5a77f07184674cbc.\n","fileTypesAndContributionMap":{"functional-code":{"insertions":2,"deletions":2}}}]},{"date":"2023-03-13","commitResults":[{"hash":"9bd140af232846cf27a18b4c065c01a914f75242","isMergeCommit":false,"messageTitle":"Change implementation of UploadCommand to include destPath as a variable","messageBody":"","fileTypesAndContributionMap":{"functional-code":{"insertions":18,"deletions":14},"test-code":{"insertions":45,"deletions":31}}},{"hash":"24c95a5e161cedeb2cd40ff48e94f147d23d0f06","isMergeCommit":false,"messageTitle":"Add test destination folder","messageBody":"","fileTypesAndContributionMap":{"test-code":{"insertions":5,"deletions":6}}},{"hash":"4b8fd8149cf3ed7ac03fdafad35073adccd34d8d","isMergeCommit":true,"messageTitle":"Merge pull request #61 from afiqzu/upload-command-test","messageBody":"Add JUnit tests for UploadCommand and UploadCommandParser","fileTypesAndContributionMap":{}}]}],"swxk19":[{"date":"2023-02-28","commitResults":[{"hash":"5f72292ee3a150b618af8477095ef0812403a5fb","isMergeCommit":false,"messageTitle":"Add UG from Google Docs draft","messageBody":"Closes Issue #11\n","fileTypesAndContributionMap":{"docs":{"insertions":251,"deletions":161}}},{"hash":"b7846bc28e71343ba7bd194444056b2f52221f05","isMergeCommit":false,"messageTitle":"Add newline to UG EOF","messageBody":"","fileTypesAndContributionMap":{"docs":{"insertions":20,"deletions":20}}},{"hash":"43b1a1e6e3a365585b3d355e87018b3d2d7b5dd5","isMergeCommit":true,"messageTitle":"Merge pull request #12 from swxk19/master","messageBody":"Add UG from Google Docs draft","fileTypesAndContributionMap":{}}]},{"date":"2023-03-01","commitResults":[{"hash":"646db732a39f0f1536674752277b23bd78ac54df","isMergeCommit":false,"messageTitle":"Remove code formatting for html elements in UG","messageBody":"","fileTypesAndContributionMap":{"docs":{"insertions":20,"deletions":20}}},{"hash":"ac82ac508215c4e84a6258cc5efc1f7277c6f795","isMergeCommit":false,"messageTitle":"Add newline to EOF","messageBody":"","fileTypesAndContributionMap":{"docs":{"insertions":1,"deletions":1}}},{"hash":"467f57ccba31cbe70332f82bac042ec795935e99","isMergeCommit":false,"messageTitle":"Remove extra whitespaces","messageBody":"","fileTypesAndContributionMap":{"docs":{"insertions":15,"deletions":15}}},{"hash":"9754a24bda997c72138996a7a7e19abb2dacffa3","isMergeCommit":true,"messageTitle":"Merge pull request #30 from swxk19/master","messageBody":"Remove code formatting for html elements in UG","fileTypesAndContributionMap":{}},{"hash":"bba4dceee04fbb76d04f3f0b5598b8ae558dd6b3","isMergeCommit":false,"messageTitle":"Add skeletal PPP (kelvin)","messageBody":"(Closes Issue #13)\n","fileTypesAndContributionMap":{"docs":{"insertions":25,"deletions":0}}}]},{"date":"2023-03-03","commitResults":[{"hash":"7ac2332e4ad4487cea6f3b4ffff2037f48ac35d1","isMergeCommit":true,"messageTitle":"Merge pull request #24 from IsabelChong/branch-DeveloperGuide","messageBody":"Update Developer Guide","fileTypesAndContributionMap":{}},{"hash":"1023774f1bc41cda18efa75d77e7167802c0b5f0","isMergeCommit":true,"messageTitle":"Merge pull request #36 from swxk19/master","messageBody":"Modify _config.yml","fileTypesAndContributionMap":{}}]},{"date":"2023-03-13","commitResults":[{"hash":"6a13d977b8f7826d69cf2df29716c23ec0ba73b6","isMergeCommit":true,"messageTitle":"Merge pull request #50 from swxk19/master","messageBody":"Config .gitignore to ignore build files","fileTypesAndContributionMap":{}},{"hash":"671c7451f7ad0a4b08a385a8099f77a45540ef97","isMergeCommit":false,"messageTitle":"Implement rudimentary view cmd","messageBody":"","fileTypesAndContributionMap":{"functional-code":{"insertions":83,"deletions":0}}},{"hash":"5435e54453aaec8ea0d2ce2b7beabc9447b8bc47","isMergeCommit":false,"messageTitle":"ViewCommand: Change references of \u0027person\u0027 to \u0027student\u0027 instead","messageBody":"","fileTypesAndContributionMap":{"functional-code":{"insertions":5,"deletions":5}}},{"hash":"cb6f4f9313c7f690a84e8c0900f7b27a46bd3b4b","isMergeCommit":false,"messageTitle":"Finish implementation of \u0027view\u0027 command","messageBody":"Closes #10\n","fileTypesAndContributionMap":{"functional-code":{"insertions":31,"deletions":8}}},{"hash":"756a9bb122fbe5a61d90327a94c65a1ee0640611","isMergeCommit":true,"messageTitle":"Merge pull request #54 from swxk19/feat-view-cmd","messageBody":"Feat: View command","fileTypesAndContributionMap":{}},{"hash":"ddc184168896d1cbdd92ac56f01b114c696c686f","isMergeCommit":false,"messageTitle":"Rename root folder and packages","messageBody":"","fileTypesAndContributionMap":{"other":{"insertions":816,"deletions":814}}},{"hash":"92c72b05e31627925407bd251779eb1eda1ebf24","isMergeCommit":false,"messageTitle":"Rename jar output file","messageBody":"","fileTypesAndContributionMap":{"other":{"insertions":1,"deletions":1}}},{"hash":"cef58efbfa80a9444c2b7f5bd31e5fd718175539","isMergeCommit":false,"messageTitle":"Rename t154 to tfifteenfour (checkstyle)","messageBody":"","fileTypesAndContributionMap":{"functional-code":{"insertions":1,"deletions":1},"other":{"insertions":814,"deletions":812}}},{"hash":"12627efb23d657b8ccf81c8bc590174092801063","isMergeCommit":false,"messageTitle":"Fix test case fail for UiPartTest when loading valid file","messageBody":"","fileTypesAndContributionMap":{"test-code":{"insertions":2,"deletions":2}}},{"hash":"1270aef8def9a300bd820a538bc380ce5dc05bef","isMergeCommit":false,"messageTitle":"Rename data file","messageBody":"","fileTypesAndContributionMap":{"functional-code":{"insertions":1,"deletions":1},"test-code":{"insertions":2,"deletions":2}}},{"hash":"16b7d355289a9e27980756ec61660293950da9e8","isMergeCommit":false,"messageTitle":"Rename AddressBookParser Class to RosterParser","messageBody":"","fileTypesAndContributionMap":{"functional-code":{"insertions":4,"deletions":4},"other":{"insertions":1,"deletions":1},"test-code":{"insertions":1,"deletions":1}}},{"hash":"986d5d67ee367b1c93e94667605f0ed669a70ce3","isMergeCommit":false,"messageTitle":"Rename all classes containing \u0027AddressBook\u0027 to \u0027Roster\u0027","messageBody":"","fileTypesAndContributionMap":{"functional-code":{"insertions":86,"deletions":86},"other":{"insertions":74,"deletions":75},"test-code":{"insertions":239,"deletions":239}}},{"hash":"897a29e5725dd9d4ecbcc3f45065153ea500c7f8","isMergeCommit":true,"messageTitle":"Merge pull request #52 from swxk19/remodel-to-CLIpboard","messageBody":"Refactor: Remodel AB3 to CLIpboard (partial)","fileTypesAndContributionMap":{}}]},{"date":"2023-03-14","commitResults":[{"hash":"e7b50da4a07d794592ee61904ce8d329ebaa1140","isMergeCommit":false,"messageTitle":"Add testing for view command","messageBody":"","fileTypesAndContributionMap":{"test-code":{"insertions":71,"deletions":0}}},{"hash":"3c09e3314bc52f24beb2a02107bb6ee84daf9906","isMergeCommit":false,"messageTitle":"Rename file paths and variable names","messageBody":"","fileTypesAndContributionMap":{"functional-code":{"insertions":31,"deletions":31},"test-code":{"insertions":29,"deletions":29}}},{"hash":"e737946ef943afec5e285eee8125fac6edb37dfd","isMergeCommit":true,"messageTitle":"Merge pull request #66 from swxk19/rename-json-paths","messageBody":"Rename file paths and variable names","fileTypesAndContributionMap":{}},{"hash":"14f0194b3af351b93cdf9c57e84e7d552a28a851","isMergeCommit":true,"messageTitle":"Merge pull request #65 from swxk19/test-view","messageBody":"Add testing for view command","tags":["v1.11"],"fileTypesAndContributionMap":{}}]},{"date":"2023-03-15","commitResults":[{"hash":"d32b4fe55113d44909d9f145917c1f4924b9e149","isMergeCommit":false,"messageTitle":"Change view command to view based on current display","messageBody":"","fileTypesAndContributionMap":{"functional-code":{"insertions":0,"deletions":2}}},{"hash":"5ef682c2d463ff2e1014db1e4b785e8234d86708","isMergeCommit":true,"messageTitle":"Merge pull request #69 from swxk19/feat-view-cmd","messageBody":"Change view command to view based on current display","fileTypesAndContributionMap":{}},{"hash":"ef5e642f61201010912d379de5ac126612d60576","isMergeCommit":false,"messageTitle":"Add UG to header","messageBody":"","fileTypesAndContributionMap":{"docs":{"insertions":5,"deletions":0}}},{"hash":"ef418f434f1fbfff3d06554b71010438c163f44d","isMergeCommit":true,"messageTitle":"Merge pull request #75 from swxk19/fix-page-header","messageBody":"Fix page header","fileTypesAndContributionMap":{}}]}],"tyx021":[{"date":"2023-02-28","commitResults":[{"hash":"2258cce81cabf2ede423c40eee74ef3b74786194","isMergeCommit":false,"messageTitle":"Update README - Update the link of the GitHub Actions build status badge so that it reflects the build status of current repo. - Update contents to match CLIpboard","messageBody":"","fileTypesAndContributionMap":{"docs":{"insertions":6,"deletions":10}}}]},{"date":"2023-03-01","commitResults":[{"hash":"6c32ad2e79b1b8fd8ee6090b185b2dd89536527e","isMergeCommit":false,"messageTitle":"Add Skeletal PPP (Yi Xin).","messageBody":"","fileTypesAndContributionMap":{"docs":{"insertions":31,"deletions":0}}},{"hash":"cc4b2afa245f206d508472578da49db31bce0bce","isMergeCommit":false,"messageTitle":"Add newline at EOF","messageBody":"","fileTypesAndContributionMap":{"docs":{"insertions":1,"deletions":1}}},{"hash":"f1ac3dd8f84b6ed98a52614486f02039d639624e","isMergeCommit":true,"messageTitle":"Merge pull request #20 from IsabelChong/branch-skeletalppp-isabelchong","messageBody":"Add Skeletal PPP (Isabel)","fileTypesAndContributionMap":{}},{"hash":"a0bb01e88b64f3b4499625394b3ab935dc2fa540","isMergeCommit":true,"messageTitle":"Merge branch \u0027AY2223S2-CS2103T-T15-4:master\u0027 into master","messageBody":"","fileTypesAndContributionMap":{}},{"hash":"4c55ffa58776d14f0843b03488d6838f9718472a","isMergeCommit":true,"messageTitle":"Merge pull request #18 from swxk19/skeletal-ppp-kelvin","messageBody":"Skeletal PPP (Kelvin)","fileTypesAndContributionMap":{}}]},{"date":"2023-03-02","commitResults":[{"hash":"0150c882eda55377f4aeaaf68cca4a06c74b6598","isMergeCommit":false,"messageTitle":"Update docs/AboutUs.md","messageBody":"","fileTypesAndContributionMap":{"docs":{"insertions":1,"deletions":1}}},{"hash":"f27072548a0aca43f7b5367e21bd8364cc4cc41e","isMergeCommit":false,"messageTitle":"Update docs/team/peaol.md","messageBody":"","fileTypesAndContributionMap":{"docs":{"insertions":1,"deletions":1}}},{"hash":"67966458f2ff702db63075cc4319270da4f32bdc","isMergeCommit":true,"messageTitle":"Merge pull request #28 from peaol/master","messageBody":"Add AboutUs","fileTypesAndContributionMap":{}}]},{"date":"2023-03-07","commitResults":[{"hash":"25ca2e01d415250e10ca5b4c48d617c25be8fca0","isMergeCommit":false,"messageTitle":"Update src/test/java/seedu/address/commons/util/AppUtilTest.java","messageBody":"","fileTypesAndContributionMap":{"test-code":{"insertions":1,"deletions":1}}},{"hash":"f1e2fa6d305563bf30e56209f579c478976cc01c","isMergeCommit":false,"messageTitle":"Update src/main/java/seedu/address/ui/UiManager.java","messageBody":"","fileTypesAndContributionMap":{"functional-code":{"insertions":1,"deletions":1}}},{"hash":"8e6c1bbe99764c774b23a817fdb623431a8abce5","isMergeCommit":true,"messageTitle":"Merge pull request #41 from peaol/master","messageBody":"Update Ui","fileTypesAndContributionMap":{}},{"hash":"f08f85218d6ef9a9218e5235fc3a729a5a1d8eb7","isMergeCommit":false,"messageTitle":"Add a placeholder image for student\u0027s photo","messageBody":"","fileTypesAndContributionMap":{"functional-code":{"insertions":15,"deletions":4}}},{"hash":"97f043316e2704cbf4524b0bf9a9dcd3101d6947","isMergeCommit":true,"messageTitle":"Merge branch \u0027master\u0027 into add-photo-in-studentcard","messageBody":"","fileTypesAndContributionMap":{}}]},{"date":"2023-03-08","commitResults":[{"hash":"6c30a0ebee474863be28a515511bc3e76a0e8b0e","isMergeCommit":false,"messageTitle":"Create a `data/` folder if there is no one yet.","messageBody":"","fileTypesAndContributionMap":{"functional-code":{"insertions":7,"deletions":0}}},{"hash":"58afc8503a3a685174648200298e4a789a96d78e","isMergeCommit":false,"messageTitle":"Display student\u0027s photo in the StudentCard - Default file path will be `data/{studentId}.png` - Student\u0027s photo will be displayed if a photo with correct format can be found - If no such photo found, a default student icon will be displayed","messageBody":"","fileTypesAndContributionMap":{"functional-code":{"insertions":19,"deletions":1}}}]},{"date":"2023-03-10","commitResults":[{"hash":"133e533d9aed69357a6599c2f612adabe32025a3","isMergeCommit":false,"messageTitle":"Fix checkstyle","messageBody":"","fileTypesAndContributionMap":{"functional-code":{"insertions":0,"deletions":1}}},{"hash":"4b3732c857691c90d0c7018f77be61b8d7b592bb","isMergeCommit":true,"messageTitle":"Merge branch \u0027master\u0027 into branch-add-photo","messageBody":"","fileTypesAndContributionMap":{}},{"hash":"9cd155e292edf7b59a58c3b127617d2c1014bbd1","isMergeCommit":false,"messageTitle":"Remove unnecessary code","messageBody":"","fileTypesAndContributionMap":{"functional-code":{"insertions":0,"deletions":5}}},{"hash":"cab6ff4d31f36e8805f4e091da86f088b54fbf27","isMergeCommit":true,"messageTitle":"Update branch","messageBody":"","fileTypesAndContributionMap":{}},{"hash":"04f374529577b3cc643cd9a7758a64b83bb37c8b","isMergeCommit":true,"messageTitle":"Merge pull request #55 from tyx021/branch-add-photo","messageBody":"Allows user to upload student\u0027s photo","fileTypesAndContributionMap":{}}]}]},"authorFileTypeContributionMap":{"peaol":{"docs":45,"functional-code":34,"test-code":0},"IsabelChong":{"docs":119,"functional-code":263,"test-code":588},"afiqzu":{"docs":20,"functional-code":722,"test-code":794,"other":1},"swxk19":{"docs":276,"functional-code":608,"test-code":759,"other":14},"tyx021":{"docs":37,"functional-code":34,"test-code":1}},"authorContributionVariance":{"peaol":309.90396,"IsabelChong":71490.375,"afiqzu":246988.42,"swxk19":632905.3,"tyx021":82.035645},"authorDisplayNameMap":{"peaol":"CS2103T-T15-4 PEAR.. TWE","IsabelChong":"CS2103T-T15-4 CHON..ABEL","afiqzu":"CS2103T-T15-4 AFIQ..AHRI","swxk19":"CS2103T-T15-4 SEOW..LVIN","tyx021":"CS2103T-T15-4 TING.. XIN"}}
