[{"path":"README.md","fileType":"docs","lines":[{"lineNumber":1,"author":{"gitId":"JunHao247"},"content":"[![codecov](https://codecov.io/gh/AY2223S2-CS2103T-W09-4/tp/branch/master/graph/badge.svg?token\u003dU0HOMMQY33)](https://codecov.io/gh/AY2223S2-CS2103T-W09-4/tp)","lastModifiedDate":"2023-02-22"},{"lineNumber":2,"author":{"gitId":"-"},"content":"","lastModifiedDate":"2020-05-23"},{"lineNumber":3,"author":{"gitId":"-"},"content":"![Ui](docs/images/Ui.png)","lastModifiedDate":"2020-05-23"},{"lineNumber":4,"author":{"gitId":"-"},"content":"","lastModifiedDate":"2020-05-23"},{"lineNumber":5,"author":{"gitId":"-"},"content":"* This is **a sample project for Software Engineering (SE) students**.\u003cbr\u003e","lastModifiedDate":"2020-05-23"},{"lineNumber":6,"author":{"gitId":"-"},"content":"  Example usages:","lastModifiedDate":"2020-05-23"},{"lineNumber":7,"author":{"gitId":"-"},"content":"  * as a starting point of a course project (as opposed to writing everything from scratch)","lastModifiedDate":"2020-05-23"},{"lineNumber":8,"author":{"gitId":"-"},"content":"  * as a case study","lastModifiedDate":"2020-05-23"},{"lineNumber":9,"author":{"gitId":"-"},"content":"* The project simulates an ongoing software project for a desktop application (called _AddressBook_) used for managing contact details.","lastModifiedDate":"2020-05-23"},{"lineNumber":10,"author":{"gitId":"-"},"content":"  * It is **written in OOP fashion**. It provides a **reasonably well-written** code base **bigger** (around 6 KLoC) than what students usually write in beginner-level SE modules, without being overwhelmingly big.","lastModifiedDate":"2020-05-23"},{"lineNumber":11,"author":{"gitId":"-"},"content":"  * It comes with a **reasonable level of user and developer documentation**.","lastModifiedDate":"2020-05-23"},{"lineNumber":12,"author":{"gitId":"-"},"content":"* It is named `AddressBook Level 3` (`AB3` for short) because it was initially created as a part of a series of `AddressBook` projects (`Level 1`, `Level 2`, `Level 3` ...).","lastModifiedDate":"2020-05-23"},{"lineNumber":13,"author":{"gitId":"-"},"content":"* For the detailed documentation of this project, see the **[Address Book Product Website](https://se-education.org/addressbook-level3)**.","lastModifiedDate":"2020-05-23"},{"lineNumber":14,"author":{"gitId":"-"},"content":"* This project is a **part of the se-education.org** initiative. If you would like to contribute code to this project, see [se-education.org](https://se-education.org#https://se-education.org/#contributing) for more info.","lastModifiedDate":"2020-05-23"}],"authorContributionMap":{"JunHao247":1,"-":13}},{"path":"docs/team/YanLing.md","fileType":"docs","lines":[{"lineNumber":1,"author":{"gitId":"yanlings"},"content":"#Yan Ling\u0027s Project Portfolio Page","lastModifiedDate":"2023-02-25"},{"lineNumber":2,"author":{"gitId":"yanlings"},"content":"","lastModifiedDate":"2023-02-25"},{"lineNumber":3,"author":{"gitId":"yanlings"},"content":"## Project: ExecutivePro","lastModifiedDate":"2023-02-25"},{"lineNumber":4,"author":{"gitId":"yanlings"},"content":"###Overview:","lastModifiedDate":"2023-02-25"},{"lineNumber":5,"author":{"gitId":"yanlings"},"content":"ExecutivePro (EP) is a desktop app for Human Resource managers to manage their employee information, optimized for use via a Command Line Interface (CLI) while still having the benefits of a Graphical User Interface (GUI). If you can type fast, EP can get your employee management tasks done faster than traditional GUI apps.","lastModifiedDate":"2023-02-25"},{"lineNumber":6,"author":{"gitId":"yanlings"},"content":"","lastModifiedDate":"2023-02-25"},{"lineNumber":7,"author":{"gitId":"yanlings"},"content":"###Contributions to the team:","lastModifiedDate":"2023-02-25"},{"lineNumber":8,"author":{"gitId":"yanlings"},"content":"","lastModifiedDate":"2023-02-25"},{"lineNumber":9,"author":{"gitId":"yanlings"},"content":"**Code Contributed:**","lastModifiedDate":"2023-02-25"},{"lineNumber":10,"author":{"gitId":"yanlings"},"content":"https://nus-cs2103-ay2223s2.github.io/tp-dashboard/?search\u003dyanlings\u0026breakdown\u003dtrue\u0026sort\u003dgroupTitle\u0026sortWithin\u003dtitle\u0026since\u003d2023-02-17\u0026timeframe\u003dcommit\u0026mergegroup\u003d\u0026groupSelect\u003dgroupByRepos\u0026checkedFileTypes\u003ddocs~functional-code~test-code~other","lastModifiedDate":"2023-02-25"},{"lineNumber":11,"author":{"gitId":"yanlings"},"content":"","lastModifiedDate":"2023-02-25"},{"lineNumber":12,"author":{"gitId":"yanlings"},"content":"TBA","lastModifiedDate":"2023-02-25"},{"lineNumber":13,"author":{"gitId":"yanlings"},"content":"","lastModifiedDate":"2023-02-25"},{"lineNumber":14,"author":{"gitId":"yanlings"},"content":"**New Feature:**","lastModifiedDate":"2023-02-25"},{"lineNumber":15,"author":{"gitId":"yanlings"},"content":"TBA","lastModifiedDate":"2023-02-25"},{"lineNumber":16,"author":{"gitId":"yanlings"},"content":"","lastModifiedDate":"2023-02-25"},{"lineNumber":17,"author":{"gitId":"yanlings"},"content":"**Enhancements implemented:**","lastModifiedDate":"2023-02-25"},{"lineNumber":18,"author":{"gitId":"yanlings"},"content":"TBA","lastModifiedDate":"2023-02-25"},{"lineNumber":19,"author":{"gitId":"yanlings"},"content":"","lastModifiedDate":"2023-02-25"},{"lineNumber":20,"author":{"gitId":"yanlings"},"content":"**Contributions to the UG:**","lastModifiedDate":"2023-02-25"},{"lineNumber":21,"author":{"gitId":"yanlings"},"content":"TBA","lastModifiedDate":"2023-02-25"},{"lineNumber":22,"author":{"gitId":"yanlings"},"content":"","lastModifiedDate":"2023-02-25"},{"lineNumber":23,"author":{"gitId":"yanlings"},"content":"**Contributions to the DG:**","lastModifiedDate":"2023-02-25"},{"lineNumber":24,"author":{"gitId":"yanlings"},"content":"TBA","lastModifiedDate":"2023-02-25"},{"lineNumber":25,"author":{"gitId":"yanlings"},"content":"","lastModifiedDate":"2023-02-25"},{"lineNumber":26,"author":{"gitId":"yanlings"},"content":"**Contributions to team-based tasks:**","lastModifiedDate":"2023-02-25"},{"lineNumber":27,"author":{"gitId":"yanlings"},"content":"TBA","lastModifiedDate":"2023-02-25"},{"lineNumber":28,"author":{"gitId":"yanlings"},"content":"","lastModifiedDate":"2023-02-25"},{"lineNumber":29,"author":{"gitId":"yanlings"},"content":"**Review/Mentoring Contributions:**","lastModifiedDate":"2023-02-25"},{"lineNumber":30,"author":{"gitId":"yanlings"},"content":"TBA","lastModifiedDate":"2023-02-25"},{"lineNumber":31,"author":{"gitId":"yanlings"},"content":"","lastModifiedDate":"2023-02-25"},{"lineNumber":32,"author":{"gitId":"yanlings"},"content":"**Contributions beyond team project:**","lastModifiedDate":"2023-02-25"},{"lineNumber":33,"author":{"gitId":"yanlings"},"content":"TBA","lastModifiedDate":"2023-02-25"}],"authorContributionMap":{"yanlings":33}},{"path":"docs/team/junhao247.md","fileType":"docs","lines":[{"lineNumber":1,"author":{"gitId":"JunHao247"},"content":"# JunHao\u0027s Project Portfolio Page","lastModifiedDate":"2023-02-25"},{"lineNumber":2,"author":{"gitId":"JunHao247"},"content":"","lastModifiedDate":"2023-02-25"},{"lineNumber":3,"author":{"gitId":"JunHao247"},"content":"##Overview","lastModifiedDate":"2023-02-25"},{"lineNumber":4,"author":{"gitId":"JunHao247"},"content":"","lastModifiedDate":"2023-02-25"},{"lineNumber":5,"author":{"gitId":"JunHao247"},"content":"***ExecutivePro*** is a desktop app for Human Resource managers to manage their employee information, optimized for use via a Command Line Interface (CLI) while still having the benefits of a Graphical User Interface (GUI).","lastModifiedDate":"2023-02-25"},{"lineNumber":6,"author":{"gitId":"JunHao247"},"content":"If you can type fast, EP can get your employee management tasks done **faster** than traditional GUI apps.","lastModifiedDate":"2023-02-25"},{"lineNumber":7,"author":{"gitId":"JunHao247"},"content":"","lastModifiedDate":"2023-02-25"},{"lineNumber":8,"author":{"gitId":"JunHao247"},"content":"","lastModifiedDate":"2023-02-25"},{"lineNumber":9,"author":{"gitId":"JunHao247"},"content":"## \u003cins\u003eCode contributed: \u003c/ins\u003e","lastModifiedDate":"2023-02-25"},{"lineNumber":10,"author":{"gitId":"JunHao247"},"content":"* https://nus-cs2103-ay2223s2.github.io/tp-dashboard/?search\u003djunhao247\u0026breakdown\u003dtrue\u0026sort\u003dgroupTitle\u0026sortWithin\u003dtitle\u0026since\u003d2023-02-17\u0026timeframe\u003dcommit\u0026mergegroup\u003d\u0026groupSelect\u003dgroupByRepos\u0026checkedFileTypes\u003ddocs~functional-code~test-code~other.","lastModifiedDate":"2023-02-25"},{"lineNumber":11,"author":{"gitId":"JunHao247"},"content":"","lastModifiedDate":"2023-02-25"},{"lineNumber":12,"author":{"gitId":"JunHao247"},"content":"[Coming soon]","lastModifiedDate":"2023-02-25"},{"lineNumber":13,"author":{"gitId":"JunHao247"},"content":"","lastModifiedDate":"2023-02-25"},{"lineNumber":14,"author":{"gitId":"JunHao247"},"content":"*\u003cins\u003eEnhancements implemented: \u003c/ins\u003e*","lastModifiedDate":"2023-02-25"},{"lineNumber":15,"author":{"gitId":"JunHao247"},"content":"* A summary of the enhancements you implemented.","lastModifiedDate":"2023-02-25"},{"lineNumber":16,"author":{"gitId":"JunHao247"},"content":"","lastModifiedDate":"2023-02-25"},{"lineNumber":17,"author":{"gitId":"JunHao247"},"content":"[Coming soon]","lastModifiedDate":"2023-02-25"},{"lineNumber":18,"author":{"gitId":"JunHao247"},"content":"","lastModifiedDate":"2023-02-25"},{"lineNumber":19,"author":{"gitId":"JunHao247"},"content":"*\u003cins\u003eContributions to the UG: \u003c/ins\u003e*","lastModifiedDate":"2023-02-25"},{"lineNumber":20,"author":{"gitId":"JunHao247"},"content":"* Which sections did you contribute to the UG?","lastModifiedDate":"2023-02-25"},{"lineNumber":21,"author":{"gitId":"JunHao247"},"content":"","lastModifiedDate":"2023-02-25"},{"lineNumber":22,"author":{"gitId":"JunHao247"},"content":"[Coming soon]","lastModifiedDate":"2023-02-25"},{"lineNumber":23,"author":{"gitId":"JunHao247"},"content":"","lastModifiedDate":"2023-02-25"},{"lineNumber":24,"author":{"gitId":"JunHao247"},"content":"*\u003cins\u003eContributions to the DG: \u003c/ins\u003e*","lastModifiedDate":"2023-02-25"},{"lineNumber":25,"author":{"gitId":"JunHao247"},"content":"* Which sections did you contribute to the DG? Which UML diagrams did you add/updated?","lastModifiedDate":"2023-02-25"},{"lineNumber":26,"author":{"gitId":"JunHao247"},"content":"","lastModifiedDate":"2023-02-25"},{"lineNumber":27,"author":{"gitId":"JunHao247"},"content":"[Coming soon]","lastModifiedDate":"2023-02-25"},{"lineNumber":28,"author":{"gitId":"JunHao247"},"content":"","lastModifiedDate":"2023-02-25"},{"lineNumber":29,"author":{"gitId":"JunHao247"},"content":"*\u003cins\u003eContributions to team-based tasks\u003c/ins\u003e*","lastModifiedDate":"2023-02-25"},{"lineNumber":30,"author":{"gitId":"JunHao247"},"content":"","lastModifiedDate":"2023-02-25"},{"lineNumber":31,"author":{"gitId":"JunHao247"},"content":"[Coming soon]","lastModifiedDate":"2023-02-25"},{"lineNumber":32,"author":{"gitId":"JunHao247"},"content":"","lastModifiedDate":"2023-02-25"},{"lineNumber":33,"author":{"gitId":"JunHao247"},"content":"*\u003cins\u003eReview/mentoring contributions: \u003c/ins\u003e*","lastModifiedDate":"2023-02-25"},{"lineNumber":34,"author":{"gitId":"JunHao247"},"content":"* Links to PRs reviewed, instances of helping team members in other ways.","lastModifiedDate":"2023-02-25"},{"lineNumber":35,"author":{"gitId":"JunHao247"},"content":"","lastModifiedDate":"2023-02-25"},{"lineNumber":36,"author":{"gitId":"JunHao247"},"content":"[Coming soon]","lastModifiedDate":"2023-02-25"},{"lineNumber":37,"author":{"gitId":"JunHao247"},"content":"","lastModifiedDate":"2023-02-25"},{"lineNumber":38,"author":{"gitId":"JunHao247"},"content":"*\u003cins\u003eContributions beyond the project team: \u003c/ins\u003e*","lastModifiedDate":"2023-02-25"},{"lineNumber":39,"author":{"gitId":"JunHao247"},"content":"* Evidence of helping others e.g. responses you posted in our forum, bugs you reported in other team\u0027s products,","lastModifiedDate":"2023-02-25"},{"lineNumber":40,"author":{"gitId":"JunHao247"},"content":"* Evidence of technical leadership e.g. sharing useful information in the forum","lastModifiedDate":"2023-02-25"},{"lineNumber":41,"author":{"gitId":"JunHao247"},"content":"","lastModifiedDate":"2023-02-25"},{"lineNumber":42,"author":{"gitId":"JunHao247"},"content":"[Coming soon]","lastModifiedDate":"2023-02-25"}],"authorContributionMap":{"JunHao247":42}},{"path":"docs/team/panavdua.md","fileType":"docs","lines":[{"lineNumber":1,"author":{"gitId":"panavdua"},"content":"**Overview :**  ","lastModifiedDate":"2023-02-25"},{"lineNumber":2,"author":{"gitId":"panavdua"},"content":"ExecutivePro (EP) is a desktop app for Human Resource managers to manage their employee information, optimized for use via a Command Line Interface (CLI) while still having the benefits of a Graphical User Interface (GUI). If you can type fast, EP can get your employee management tasks done faster than traditional GUI apps.","lastModifiedDate":"2023-02-25"},{"lineNumber":3,"author":{"gitId":"panavdua"},"content":"","lastModifiedDate":"2023-02-25"},{"lineNumber":4,"author":{"gitId":"panavdua"},"content":"**Code contributed :**  ","lastModifiedDate":"2023-02-25"},{"lineNumber":5,"author":{"gitId":"panavdua"},"content":"To be added soon","lastModifiedDate":"2023-02-25"},{"lineNumber":6,"author":{"gitId":"panavdua"},"content":"","lastModifiedDate":"2023-02-25"},{"lineNumber":7,"author":{"gitId":"panavdua"},"content":"**Enhancements implemented :**  ","lastModifiedDate":"2023-02-25"},{"lineNumber":8,"author":{"gitId":"panavdua"},"content":"To be added soon","lastModifiedDate":"2023-02-25"},{"lineNumber":9,"author":{"gitId":"panavdua"},"content":"","lastModifiedDate":"2023-02-25"},{"lineNumber":10,"author":{"gitId":"panavdua"},"content":"**Contributions to the UG :**  ","lastModifiedDate":"2023-02-25"},{"lineNumber":11,"author":{"gitId":"panavdua"},"content":"To be added soon","lastModifiedDate":"2023-02-25"},{"lineNumber":12,"author":{"gitId":"panavdua"},"content":"","lastModifiedDate":"2023-02-25"},{"lineNumber":13,"author":{"gitId":"panavdua"},"content":"**Contributions to the DG :**  ","lastModifiedDate":"2023-02-25"},{"lineNumber":14,"author":{"gitId":"panavdua"},"content":"To be added soon","lastModifiedDate":"2023-02-25"},{"lineNumber":15,"author":{"gitId":"panavdua"},"content":"","lastModifiedDate":"2023-02-25"},{"lineNumber":16,"author":{"gitId":"panavdua"},"content":"**Contributions to team-based tasks :**  ","lastModifiedDate":"2023-02-25"},{"lineNumber":17,"author":{"gitId":"panavdua"},"content":"To be added soon","lastModifiedDate":"2023-02-25"},{"lineNumber":18,"author":{"gitId":"panavdua"},"content":"","lastModifiedDate":"2023-02-25"},{"lineNumber":19,"author":{"gitId":"panavdua"},"content":"**Review/mentoring contributions :**  ","lastModifiedDate":"2023-02-25"},{"lineNumber":20,"author":{"gitId":"panavdua"},"content":"To be added soon","lastModifiedDate":"2023-02-25"},{"lineNumber":21,"author":{"gitId":"panavdua"},"content":"","lastModifiedDate":"2023-02-25"},{"lineNumber":22,"author":{"gitId":"panavdua"},"content":"**Contributions beyond the project team :**  ","lastModifiedDate":"2023-02-25"},{"lineNumber":23,"author":{"gitId":"panavdua"},"content":"To be added soon","lastModifiedDate":"2023-02-25"},{"lineNumber":24,"author":{"gitId":"panavdua"},"content":"","lastModifiedDate":"2023-02-25"},{"lineNumber":25,"author":{"gitId":"panavdua"},"content":"**Contributions to the Developer Guide (Extracts):**  ","lastModifiedDate":"2023-02-25"},{"lineNumber":26,"author":{"gitId":"panavdua"},"content":"To be added soon","lastModifiedDate":"2023-02-25"},{"lineNumber":27,"author":{"gitId":"panavdua"},"content":"","lastModifiedDate":"2023-02-25"},{"lineNumber":28,"author":{"gitId":"panavdua"},"content":"**Contributions to the User Guide (Extracts):**  ","lastModifiedDate":"2023-02-25"},{"lineNumber":29,"author":{"gitId":"panavdua"},"content":"To be added soon","lastModifiedDate":"2023-02-25"}],"authorContributionMap":{"panavdua":29}}]
