{"authorDailyContributionsMap":{"yanlings":[{"date":"2023-02-25","commitResults":[{"hash":"e45e09e4c47ddb3b521b7e038a8f6f938ae213db","isMergeCommit":false,"messageTitle":"Updated Yan Ling\u0027s PPP","messageBody":"","fileTypesAndContributionMap":{"docs":{"insertions":31,"deletions":0}}},{"hash":"326a00095b568662a269ae908316b0a44b49ea04","isMergeCommit":false,"messageTitle":"Updated Yan Ling\u0027s PPP","messageBody":"","fileTypesAndContributionMap":{"docs":{"insertions":2,"deletions":0}}}]},{"date":"2023-02-26","commitResults":[{"hash":"a157919869a2e8fff40bc89f6c8cca76884375fc","isMergeCommit":false,"messageTitle":"Update AboutUs","messageBody":"","fileTypesAndContributionMap":{"docs":{"insertions":4,"deletions":4}}},{"hash":"4d7321825d77a27dd2c6ac152b440b5fd738d099","isMergeCommit":false,"messageTitle":"Update AboutUs","messageBody":"","fileTypesAndContributionMap":{"docs":{"insertions":1,"deletions":1}}},{"hash":"85e4283dfdd674b06a627ee27d6b758a44bf2251","isMergeCommit":false,"messageTitle":"Update AboutUs","messageBody":"","fileTypesAndContributionMap":{"docs":{"insertions":3,"deletions":3}}},{"hash":"f3f066c02c77446581aaca744c4875857d81bc63","isMergeCommit":false,"messageTitle":"Rename YanLing.md to yanling.md","messageBody":"","fileTypesAndContributionMap":{"docs":{"insertions":0,"deletions":33}}},{"hash":"86cbe28c1a0dc5b98ca895809e01a53d693d2716","isMergeCommit":false,"messageTitle":"Renamed YanLing.md to yanling.md","messageBody":"","fileTypesAndContributionMap":{"docs":{"insertions":33,"deletions":0}}},{"hash":"022b86d46f8e5f776563326663da2e7796b61bc7","isMergeCommit":false,"messageTitle":"Update AboutUs","messageBody":"","fileTypesAndContributionMap":{"docs":{"insertions":1,"deletions":1}}},{"hash":"1c68a296c0eda6b27026ef84c39251d63f30cd67","isMergeCommit":false,"messageTitle":"Update AboutUs","messageBody":"","fileTypesAndContributionMap":{"docs":{"insertions":1,"deletions":1}}}]},{"date":"2023-02-28","commitResults":[{"hash":"de8c51a87d10ca70633fa52edb09625edb3e5ff2","isMergeCommit":false,"messageTitle":"Update delete feature for user guide","messageBody":"","fileTypesAndContributionMap":{"docs":{"insertions":8,"deletions":8}}},{"hash":"230ba748cdca6f67236f738e87c6b84635d89842","isMergeCommit":true,"messageTitle":"Merge pull request #25 from JunHao247/branch-PPP2","messageBody":"Update Skeletal PPP ","fileTypesAndContributionMap":{}},{"hash":"29e7b4e2e536020049bfbef9448ead2b745e7633","isMergeCommit":false,"messageTitle":"Update delete feature for user guide","messageBody":"","fileTypesAndContributionMap":{"docs":{"insertions":1,"deletions":1}}},{"hash":"2e3d8c1410cd2326d5351f74922f3bb7460e5847","isMergeCommit":false,"messageTitle":"Update Yan Ling\u0027s PPP","messageBody":"","fileTypesAndContributionMap":{"docs":{"insertions":1,"deletions":3}}},{"hash":"ac21f297190d6769446e8b32a4e2a0f6a67a8c04","isMergeCommit":false,"messageTitle":"Update Yan Ling\u0027s PPP","messageBody":"","fileTypesAndContributionMap":{"docs":{"insertions":2,"deletions":2}}}]},{"date":"2023-03-05","commitResults":[{"hash":"a60c543cd680c0ebc3c6c0417904ff8169d17003","isMergeCommit":false,"messageTitle":"Update Yan Ling\u0027s PPP","messageBody":"","fileTypesAndContributionMap":{"docs":{"insertions":0,"deletions":0}}},{"hash":"68ca4a7344d797420b51bfe364a541a3857330ff","isMergeCommit":false,"messageTitle":"Update AboutUs","messageBody":"","fileTypesAndContributionMap":{"docs":{"insertions":1,"deletions":1}}},{"hash":"0d10ba3bff1ef9a2d377eeea8abf4ce09fcff443","isMergeCommit":true,"messageTitle":"Merge pull request #40 from panavdua/branch-updateAboutUs","messageBody":"Update AboutUs","fileTypesAndContributionMap":{}},{"hash":"5abb3ff1683630de308aab1021e27b6134ef079e","isMergeCommit":true,"messageTitle":"Merge pull request #48 from JunHao247/branch-UserGuide","messageBody":"Update UserGuide for \"add\" command","fileTypesAndContributionMap":{}},{"hash":"c37e15ab3ee3bec8a672cdb883ffb3c573ad82e2","isMergeCommit":true,"messageTitle":"Merge pull request #49 from JunHao247/branch-DeveloperGuide","messageBody":"Update developer guide: Target user profile, value proposition and user stories","fileTypesAndContributionMap":{}},{"hash":"bfae5f362f6257d2fdc5d3bd2d98d3f96c677faa","isMergeCommit":false,"messageTitle":"Update developer guide: Use cases 4,5,6","messageBody":"","fileTypesAndContributionMap":{"docs":{"insertions":27,"deletions":10}}}]},{"date":"2023-03-08","commitResults":[{"hash":"60d60d7247220b1bedf04dc6677e7557a5f24915","isMergeCommit":false,"messageTitle":"Update DeleteCommand","messageBody":"","fileTypesAndContributionMap":{"functional-code":{"insertions":10,"deletions":10}}}]},{"date":"2023-03-09","commitResults":[{"hash":"1ca2bb501739ac83ee71d1c51f9856cb172c711d","isMergeCommit":false,"messageTitle":"Update DeleteCommand","messageBody":"","fileTypesAndContributionMap":{"functional-code":{"insertions":0,"deletions":1}}}]},{"date":"2023-03-10","commitResults":[{"hash":"b2f591f5aed9db72b34e8ce8d8a44b55741cf702","isMergeCommit":false,"messageTitle":"Update DeleteCommand","messageBody":"","fileTypesAndContributionMap":{"functional-code":{"insertions":40,"deletions":9}}},{"hash":"a9d01f66f7a146e9b9dd8b2ecfa12f385510e3bd","isMergeCommit":false,"messageTitle":"Update DeleteCommand","messageBody":"","fileTypesAndContributionMap":{"functional-code":{"insertions":0,"deletions":19}}},{"hash":"70d0c8b1e777b6a2507984a33b6b398e4e6a752b","isMergeCommit":false,"messageTitle":"Update DeleteCommand","messageBody":"","fileTypesAndContributionMap":{"functional-code":{"insertions":2,"deletions":1}}},{"hash":"0da042415f14140033a88d1c51bb97df626e17af","isMergeCommit":false,"messageTitle":" Update Message class to include message for \u0027delete\u0027 command","messageBody":"","fileTypesAndContributionMap":{"functional-code":{"insertions":1,"deletions":0}}},{"hash":"53e5f6637b346d2813b04ce9fc1288ec74556d9a","isMergeCommit":true,"messageTitle":"Merge pull request #69 from JunHao247/branch-AddCommand","messageBody":"Update AddCommand and UserGuide to take in employeeId","fileTypesAndContributionMap":{}},{"hash":"0380f3ac6113bcc56ad75b39d1d46e5999c5aa40","isMergeCommit":false,"messageTitle":"Updated DeleteCommand","messageBody":"","fileTypesAndContributionMap":{"functional-code":{"insertions":2,"deletions":4}}}]},{"date":"2023-03-13","commitResults":[{"hash":"bb36c141ce5bde742e63857490a7bb92cd0c0e0b","isMergeCommit":false,"messageTitle":"Change appearance of ExecutivePro","messageBody":"","fileTypesAndContributionMap":{"functional-code":{"insertions":46,"deletions":13}}},{"hash":"b8c2c2145b2fe7c8cafb506c0b8e31dceb35f6a6","isMergeCommit":false,"messageTitle":"Change appearance of ExecutivePro","messageBody":"","fileTypesAndContributionMap":{"functional-code":{"insertions":0,"deletions":14}}},{"hash":"fd335b3ade6b7e1033ff751d4137675f1a1c4f0e","isMergeCommit":true,"messageTitle":"Merge branch \u0027master\u0027 into branch-UI","messageBody":"","fileTypesAndContributionMap":{}}]},{"date":"2023-03-21","commitResults":[{"hash":"4255df37ce5187728f6fd3e8ee8eab98b307cbb0","isMergeCommit":false,"messageTitle":"Update DG to include new delete sequence diagram","messageBody":"","fileTypesAndContributionMap":{"docs":{"insertions":88,"deletions":0}}},{"hash":"2ee93441f385805ab8235071b23a21596d452b90","isMergeCommit":false,"messageTitle":"Update DG to include new delete sequence diagram","messageBody":"","fileTypesAndContributionMap":{"docs":{"insertions":72,"deletions":0}}},{"hash":"29ad24a9fb5d48124093b2edabe3d0b593999fe8","isMergeCommit":false,"messageTitle":"Update DG to include new delete sequence diagram","messageBody":"","fileTypesAndContributionMap":{"docs":{"insertions":0,"deletions":1}}}]},{"date":"2023-03-22","commitResults":[{"hash":"6024c99651d0c61442403adbcf421b1202e21aa2","isMergeCommit":false,"messageTitle":"Update files such that ExecutivePro has a clicking function","messageBody":"","fileTypesAndContributionMap":{"functional-code":{"insertions":82,"deletions":11}}},{"hash":"71565612a7a1c5f6052d7c691dbe583c9b721db5","isMergeCommit":true,"messageTitle":"Merge branch \u0027master\u0027 into branch-UI","messageBody":"* master:\n  Change AddressBook class to ExecutiveProDb\n  Minor checkstyle changes\n  Minor style changes\n  Add test cases relating to Theme commands\n  Update spaces\n  Update user guide to include tags\n  Change Person class to Employee for most test cases\n  Change test cases for new EmployeeId class\n  Resolve CI error\n  Resolve checkstyle errors\n  Resolve merge conflict Change \"employee\" in LICENCE file back to \"person\"\n  Add department field check for isAnyFieldEdited() in EditCommand.java\n  Change Person class to Employee class\n  Add department check to isAnyFieldEdited in EditCommand.java\n  Add department to \"edit\" command\n  Fix themes to work with nameCard.\n  Edit UserGuide to include Change Theme command.\n  Implement light theme for ExecutivePro\n\n# Conflicts:\n#\tsrc/main/java/seedu/address/ui/MainWindow.java\n#\tsrc/main/java/seedu/address/ui/PersonListPanel.java\n#\tsrc/main/resources/view/MainWindow.fxml\n#\tsrc/main/resources/view/PersonListPanel.fxml\n","fileTypesAndContributionMap":{}},{"hash":"b0c404e9ed943e67ca0f4bf73bb4f57d3710215d","isMergeCommit":false,"messageTitle":"Update files such that ExecutivePro has a clicking function","messageBody":"","fileTypesAndContributionMap":{"functional-code":{"insertions":84,"deletions":9}}}]},{"date":"2023-03-23","commitResults":[{"hash":"83cf43aae83bbd0bf42cf9ce9a935a7bd7c5e84c","isMergeCommit":false,"messageTitle":"Fix checkstyle errors","messageBody":"","fileTypesAndContributionMap":{"docs":{"insertions":4,"deletions":4}}},{"hash":"f7b0e1a8dcb74ea44ffbf39762e34830e601d623","isMergeCommit":false,"messageTitle":"Fix import errors","messageBody":"","fileTypesAndContributionMap":{"functional-code":{"insertions":5,"deletions":6}}},{"hash":"340a0edc13b339da78f23af3e5300d44e5d1240e","isMergeCommit":false,"messageTitle":"Fix import errors","messageBody":"","fileTypesAndContributionMap":{"functional-code":{"insertions":3,"deletions":1}}},{"hash":"789cd2c5600659f43b9205a3390668799ab28e3e","isMergeCommit":false,"messageTitle":"Add Assert test","messageBody":"","fileTypesAndContributionMap":{"functional-code":{"insertions":5,"deletions":5},"test-code":{"insertions":6,"deletions":3}}},{"hash":"660779d0b2df2d82b8eaa18fbd001f86efac5cee","isMergeCommit":false,"messageTitle":"Add Assert test","messageBody":"","fileTypesAndContributionMap":{"test-code":{"insertions":1,"deletions":1}}}]}],"gyulong1":[{"date":"2023-02-27","commitResults":[{"hash":"3a801887efebf0114d4ae20bff263a4cd319ba0c","isMergeCommit":false,"messageTitle":"Add Yulong\u0027s PPP page and update README.md","messageBody":"","fileTypesAndContributionMap":{"docs":{"insertions":26,"deletions":52}}},{"hash":"b6b31abc3320eb62318cc42dcb93670040df6db9","isMergeCommit":false,"messageTitle":"Fix trailing whitespace and empty EOF","messageBody":"","fileTypesAndContributionMap":{"docs":{"insertions":5,"deletions":5}}},{"hash":"47f8e573f440b6e61c3f54ca743b2732c9e4b382","isMergeCommit":false,"messageTitle":"Update UserGuide.md for introduction and list command","messageBody":"","fileTypesAndContributionMap":{"docs":{"insertions":16,"deletions":109}}}]},{"date":"2023-02-28","commitResults":[{"hash":"a66ba7e2571d433760d1b6435f93256f270bc2d0","isMergeCommit":false,"messageTitle":"Add new line at end of UserGuide.md","messageBody":"","fileTypesAndContributionMap":{"docs":{"insertions":1,"deletions":1}}},{"hash":"91a219cc06a0d4748fa9a61371c8e2a3b83eb00d","isMergeCommit":true,"messageTitle":"Merge pull request #28 from abenx162/branch-AboutUs","messageBody":"Add Ben Xuan to AboutUs page","fileTypesAndContributionMap":{}}]},{"date":"2023-03-05","commitResults":[{"hash":"a246d6ae4d26a74b4361591a55611b783d9dbb22","isMergeCommit":false,"messageTitle":"Add table of contents to UserGuide.md","messageBody":"","fileTypesAndContributionMap":{"docs":{"insertions":16,"deletions":1}}},{"hash":"b6b0c7535406514c3e7de3621d5c68d4f4b2d4b4","isMergeCommit":false,"messageTitle":"Add NFR to DeveloperGuide.md","messageBody":"","fileTypesAndContributionMap":{"docs":{"insertions":11,"deletions":3}}},{"hash":"2f1e942d196918098d32eca6e0430a0d415ed3c0","isMergeCommit":false,"messageTitle":"Change TOC in UserGuide.md","messageBody":"","fileTypesAndContributionMap":{"docs":{"insertions":1,"deletions":16}}},{"hash":"8153a816a890a2122c2dfa67acb85b7582a4ef02","isMergeCommit":false,"messageTitle":"Update \"edit\" command in command summary of UserGuide.md","messageBody":"","fileTypesAndContributionMap":{"docs":{"insertions":1,"deletions":1}}}]},{"date":"2023-03-10","commitResults":[{"hash":"498efe265505b2dc0fdfa3ef8ae5fc655a493600","isMergeCommit":false,"messageTitle":"Update implementation of \"edit\" command","messageBody":"Edit command uses Index.\n\nA command that uses employee ID would be easier for managers to use.\n\nLet\u0027s,\n* update the implementation to use employee ID instead.\n","fileTypesAndContributionMap":{"functional-code":{"insertions":57,"deletions":24},"test-code":{"insertions":6,"deletions":6}}}]},{"date":"2023-03-13","commitResults":[{"hash":"92b2537ec3982e0794a24808e94d0ec75e118232","isMergeCommit":true,"messageTitle":"Merge pull request #81 from yanlings/branch-UI","messageBody":"Branch UI","fileTypesAndContributionMap":{}}]},{"date":"2023-03-14","commitResults":[{"hash":"777516b8bb908de820e4f5bf70e81a0de3abc1b1","isMergeCommit":true,"messageTitle":"Merge pull request #82 from abenx162/branch-LightMode","messageBody":"Implement Light theme","tags":["v1.2"],"fileTypesAndContributionMap":{}},{"hash":"5d4417991f73d09a0c7a24b891e5b2b2b0a3af2f","isMergeCommit":false,"messageTitle":"Add department to \"edit\" command","messageBody":"","fileTypesAndContributionMap":{"functional-code":{"insertions":10,"deletions":3}}},{"hash":"2c24d74488a6b4863acac7af333b6ac155f07c6d","isMergeCommit":false,"messageTitle":"Add department check to isAnyFieldEdited in EditCommand.java","messageBody":"","fileTypesAndContributionMap":{"functional-code":{"insertions":10,"deletions":10}}},{"hash":"0a5f88d63b298638bf5395e292d6ae3fcc2bc7fd","isMergeCommit":false,"messageTitle":"Change Person class to Employee class","messageBody":"Rename all instances of person to employee to make the abstraction more accurate\n","fileTypesAndContributionMap":{"functional-code":{"insertions":347,"deletions":350},"other":{"insertions":117,"deletions":117},"docs":{"insertions":50,"deletions":50},"test-code":{"insertions":434,"deletions":433}}},{"hash":"46c56a57980d26dd49e4218295cda216bcebf739","isMergeCommit":false,"messageTitle":"Add department field check for isAnyFieldEdited() in EditCommand.java","messageBody":"","fileTypesAndContributionMap":{"functional-code":{"insertions":11,"deletions":11}}},{"hash":"661fc4073b575a8968ff30b4800994c3864b81b3","isMergeCommit":true,"messageTitle":"Merge branch \u0027master\u0027 into branch-rename-classes","messageBody":"# Conflicts:\n#\tsrc/main/java/seedu/address/logic/commands/EditCommand.java\n","fileTypesAndContributionMap":{}},{"hash":"395b5b259a558ef047b0814f7ad8154d211e4e2e","isMergeCommit":false,"messageTitle":"Resolve checkstyle errors","messageBody":"","fileTypesAndContributionMap":{"functional-code":{"insertions":15,"deletions":11},"test-code":{"insertions":36,"deletions":21}}},{"hash":"c66bd65cf9cf77cc2449f1ab904197d1cfef90ec","isMergeCommit":false,"messageTitle":"Resolve CI error","messageBody":"","fileTypesAndContributionMap":{"functional-code":{"insertions":1,"deletions":1}}},{"hash":"959266a84071b38042dc1821e6bd843bfca8c5b7","isMergeCommit":false,"messageTitle":"Change test cases for new EmployeeId class","messageBody":"","fileTypesAndContributionMap":{"functional-code":{"insertions":51,"deletions":45},"test-code":{"insertions":90,"deletions":132}}},{"hash":"7bd207c390c7902c0c6f6a08d55e105f43aa646f","isMergeCommit":false,"messageTitle":"Change Person class to Employee for most test cases","messageBody":"","fileTypesAndContributionMap":{"other":{"insertions":43,"deletions":43},"test-code":{"insertions":325,"deletions":366}}}]},{"date":"2023-03-15","commitResults":[{"hash":"3747954126393288db9a0363b73e4ce372caf711","isMergeCommit":true,"messageTitle":"Merge pull request #90 from abenx162/branch-LightMode-TestCases","messageBody":"Add test cases relating to Theme commands","fileTypesAndContributionMap":{}},{"hash":"c24091932947897bbcf147f5eca68cea45c1bbba","isMergeCommit":false,"messageTitle":"Change AddressBook class to ExecutiveProDb","messageBody":"Change all instances of AddressBook to ExecutivePro\nUpdate test cases with new class name\n","fileTypesAndContributionMap":{"functional-code":{"insertions":156,"deletions":154},"other":{"insertions":73,"deletions":73},"docs":{"insertions":1,"deletions":1},"test-code":{"insertions":285,"deletions":279}}}]},{"date":"2023-03-22","commitResults":[{"hash":"7cc5e9cb9551f84a9905e245a7ce24468aa58fae","isMergeCommit":true,"messageTitle":"Merge pull request #100 from yanlings/branch-UI","messageBody":"ExecutivePro UI","fileTypesAndContributionMap":{}}]}],"abenx162":[{"date":"2023-02-26","commitResults":[{"hash":"1321f81ae4ec8bfb72af441fedcd886685eefc6c","isMergeCommit":false,"messageTitle":"Add Ben Xuan\u0027s PPP to docs/team","messageBody":"","fileTypesAndContributionMap":{"docs":{"insertions":22,"deletions":0}}},{"hash":"1275cca9df704236d35d048e6675d96e66b356b0","isMergeCommit":false,"messageTitle":"Update Ben Xuan\u0027s PPP to display correctly on GitHub","messageBody":"","fileTypesAndContributionMap":{"docs":{"insertions":2,"deletions":2}}}]},{"date":"2023-02-27","commitResults":[{"hash":"8db120a6bfd0f0e792e40885c9a2ca60cbba9364","isMergeCommit":false,"messageTitle":"Add Ben Xuan to AboutUs page","messageBody":"","fileTypesAndContributionMap":{"docs":{"insertions":6,"deletions":5}}}]},{"date":"2023-03-01","commitResults":[{"hash":"6ec115ee509bc34aa4ed6c09a0a3854adc9a2a5c","isMergeCommit":true,"messageTitle":"Merge branch \u0027master\u0027 into update-ug","messageBody":"","fileTypesAndContributionMap":{}},{"hash":"a44ecb4f8d1655238aad82c8a488b618437e9977","isMergeCommit":true,"messageTitle":"Merge pull request #30 from gyulong1/update-ug","messageBody":"Update UserGuide.md for introduction and list command","fileTypesAndContributionMap":{}},{"hash":"65208ea6f6e455e6013901db91b4a923a5a5215b","isMergeCommit":true,"messageTitle":"Merge branch \u0027master\u0027 into aboutus","messageBody":"","fileTypesAndContributionMap":{}},{"hash":"4db5b27d596ab7b519958f92fce54b419c9d13c2","isMergeCommit":true,"messageTitle":"Merge pull request #29 from gyulong1/aboutus","messageBody":"Add Yulong\u0027s PPP page and update README.md","fileTypesAndContributionMap":{}}]},{"date":"2023-03-05","commitResults":[{"hash":"c5d3322feb3caecd21df094509eadff5be4aa263","isMergeCommit":true,"messageTitle":"Merge pull request #37 from yanlings/Branch-PPP","messageBody":"Update Yan Ling\u0027s PPP","fileTypesAndContributionMap":{}},{"hash":"bead2db86d397d9028ae40cf2106f47dbb643402","isMergeCommit":true,"messageTitle":"Merge pull request #38 from yanlings/Branch-AboutUs","messageBody":"Update AboutUs","fileTypesAndContributionMap":{}},{"hash":"8e183f51d13db670ec60b02bdd108ac316b935e2","isMergeCommit":true,"messageTitle":"Merge pull request #39 from yanlings/Branch-AboutUs","messageBody":"Update AboutUs","fileTypesAndContributionMap":{}},{"hash":"c9eeddf5168ed87626bacb8a75c155741d2e51f0","isMergeCommit":false,"messageTitle":"Update developer guide: Use cases 1, 2, 3 Minor edit to user guide and about us.","messageBody":"","fileTypesAndContributionMap":{"docs":{"insertions":64,"deletions":15}}}]},{"date":"2023-03-10","commitResults":[{"hash":"d8f73023d6a84a2442cfae0b405a426d6cf53a84","isMergeCommit":true,"messageTitle":"Merge pull request #63 from gyulong1/branch-editcommand","messageBody":"Update implementation of \"edit\" command","fileTypesAndContributionMap":{}}]},{"date":"2023-03-12","commitResults":[{"hash":"e98eb756a18df4ca687ae6d3ad8cb337ae2422fc","isMergeCommit":false,"messageTitle":"Modify success message for ListCommand to match ExecutivePro","messageBody":"","fileTypesAndContributionMap":{"functional-code":{"insertions":1,"deletions":1}}},{"hash":"02b207407aea9f7c9f95c2fc9e5588247ce063e4","isMergeCommit":false,"messageTitle":"Add Department field to Person class, and update other classes accordingly","messageBody":"","fileTypesAndContributionMap":{"functional-code":{"insertions":144,"deletions":49},"test-code":{"insertions":14,"deletions":6}}},{"hash":"3928f592b85f4cb909cb9c8e948c1570c90bd006","isMergeCommit":false,"messageTitle":"Update Department class","messageBody":"","fileTypesAndContributionMap":{"functional-code":{"insertions":1,"deletions":1}}},{"hash":"fbe6ee3fb29e8be7d251dac97fd4e2b88ded5415","isMergeCommit":false,"messageTitle":"Minor checkstyle fixes","messageBody":"","fileTypesAndContributionMap":{"functional-code":{"insertions":45,"deletions":9}}},{"hash":"03fecc252e3a72a19c6e81f5bb474e1758817d8f","isMergeCommit":false,"messageTitle":"Update UserGuide for List command","messageBody":"","fileTypesAndContributionMap":{"docs":{"insertions":2,"deletions":2}}},{"hash":"854ac619dcb3af29333e66634ca2b5429ee4eaa0","isMergeCommit":false,"messageTitle":"Update UserGuide to include Department","messageBody":"","fileTypesAndContributionMap":{"docs":{"insertions":12,"deletions":12}}},{"hash":"7539c9c78a1cd1fdf220a32d309af928111ee267","isMergeCommit":true,"messageTitle":"Merge pull request #77 from JunHao247/branch-AddCommand","messageBody":"Update example for AddCommand","fileTypesAndContributionMap":{}}]},{"date":"2023-03-13","commitResults":[{"hash":"89e1b512fcc9e4420162254c87f7264aa34a5cad","isMergeCommit":false,"messageTitle":"Implement light theme for ExecutivePro","messageBody":"","fileTypesAndContributionMap":{"functional-code":{"insertions":524,"deletions":1},"other":{"insertions":0,"deletions":0}}},{"hash":"61c4cd39dd9c532ceb44f416eb35b71bcbcd76cf","isMergeCommit":true,"messageTitle":"Merge branch \u0027master\u0027 into branch-LightMode","messageBody":"# Conflicts:\n#\tsrc/main/java/seedu/address/logic/parser/ParserUtil.java\n","fileTypesAndContributionMap":{}}]},{"date":"2023-03-14","commitResults":[{"hash":"0d81ca83f35efb8047cacf9c2ec8dc1d2cf89244","isMergeCommit":false,"messageTitle":"Edit UserGuide to include Change Theme command.","messageBody":"","fileTypesAndContributionMap":{"docs":{"insertions":12,"deletions":0}}},{"hash":"b6b116032d4277901c086ecd9e83141ebf1290a5","isMergeCommit":false,"messageTitle":"Fix themes to work with nameCard.","messageBody":"","fileTypesAndContributionMap":{"functional-code":{"insertions":6,"deletions":6}}},{"hash":"a5cd9e902e5381ab0f9dbbfa9a197bc477a0b644","isMergeCommit":true,"messageTitle":"Merge pull request #84 from gyulong1/branch-editcommand","messageBody":"Add department to \"edit\" command","fileTypesAndContributionMap":{}},{"hash":"2f79d67de11ab4f0b81bdd64c9d63a8080bf183b","isMergeCommit":true,"messageTitle":"Merge pull request #86 from gyulong1/branch-rename-classes","messageBody":"Change Person class to Employee class","fileTypesAndContributionMap":{}}]},{"date":"2023-03-15","commitResults":[{"hash":"19414b99b05dc427ae9de0d14b6f4e5a4b7c19a6","isMergeCommit":true,"messageTitle":"Merge pull request #89 from JunHao247/branch-UserGuide","messageBody":"Update user guide to include tags","fileTypesAndContributionMap":{}},{"hash":"c798904dbf1853b38edca9478a4ddc1632304dd8","isMergeCommit":false,"messageTitle":"Add test cases relating to Theme commands","messageBody":"","fileTypesAndContributionMap":{"functional-code":{"insertions":6,"deletions":5},"test-code":{"insertions":114,"deletions":20}}},{"hash":"ef2f38fa8745081dea0399615cba5b47a3997048","isMergeCommit":false,"messageTitle":"Minor style changes","messageBody":"","fileTypesAndContributionMap":{"test-code":{"insertions":16,"deletions":10}}},{"hash":"f488d99a8928ca61c23ac31de9258a3c5fd5785e","isMergeCommit":false,"messageTitle":"Minor checkstyle changes","messageBody":"","fileTypesAndContributionMap":{"test-code":{"insertions":15,"deletions":12}}}]},{"date":"2023-03-17","commitResults":[{"hash":"49402e012281900103ebc983104822a529f51426","isMergeCommit":true,"messageTitle":"Merge pull request #91 from gyulong1/branch-rename-classes","messageBody":"Change AddressBook class to ExecutiveProDb","fileTypesAndContributionMap":{}}]},{"date":"2023-03-23","commitResults":[{"hash":"2ff51d9c08db2c9d1aaf71ad95d8e5ff6389852a","isMergeCommit":true,"messageTitle":"Merge pull request #106 from JunHao247/branch-UML","messageBody":"Update UML diagram for AddCommand","fileTypesAndContributionMap":{}}]}],"JunHao247":[{"date":"2023-02-22","commitResults":[{"hash":"22ea460e61745b0f0de8b6a86a0cc6b277517ade","isMergeCommit":false,"messageTitle":"Add codecov badge to README","messageBody":"","fileTypesAndContributionMap":{"docs":{"insertions":1,"deletions":1}}},{"hash":"b3ed9bc561b008e9de78bdfafaff7687b7d414c3","isMergeCommit":true,"messageTitle":"Merge pull request #1 from JunHao247/master","messageBody":"Add codecov badge to README","fileTypesAndContributionMap":{}},{"hash":"287aacd8880648a639f56c1e800dc3c4b2205b21","isMergeCommit":false,"messageTitle":"Update codecov token in badge","messageBody":"","fileTypesAndContributionMap":{"docs":{"insertions":1,"deletions":1}}},{"hash":"e047fe7d9eff200c10eec572263d68158f67909d","isMergeCommit":true,"messageTitle":"Merge pull request #2 from JunHao247/master","messageBody":"Update codecov token in badge","fileTypesAndContributionMap":{}}]},{"date":"2023-02-25","commitResults":[{"hash":"39be1d9b29634175932cfed97183c4e5692b26fe","isMergeCommit":false,"messageTitle":"Create docs/team/junhao247.md and add my own PPP","messageBody":"","fileTypesAndContributionMap":{"docs":{"insertions":42,"deletions":0}}},{"hash":"58222fc62d0a76233ffcbab30fd92ae81fcbb856","isMergeCommit":true,"messageTitle":"Merge pull request #9 from panavdua/branch-ppp","messageBody":"Create ppp for me","fileTypesAndContributionMap":{}},{"hash":"12de313486040afd32a3ec65979f13b6fab955f5","isMergeCommit":true,"messageTitle":"Merge pull request #10 from yanlings/Branch-PPP","messageBody":"Updated Yan Ling\u0027s PPP","fileTypesAndContributionMap":{}},{"hash":"f38a78fb060d53178481fbc0a1594a02cde0fd26","isMergeCommit":false,"messageTitle":"Update JavaCI status badge and README documentation","messageBody":"","fileTypesAndContributionMap":{"docs":{"insertions":12,"deletions":10}}},{"hash":"8c4c45ccc99c19d81b7ef771d803b523fc19d3cb","isMergeCommit":false,"messageTitle":"Update AboutUs with my own details and rectify Java CI errors","messageBody":"","fileTypesAndContributionMap":{"docs":{"insertions":17,"deletions":16}}}]},{"date":"2023-02-26","commitResults":[{"hash":"1297034b8832cf967e7095f948459968ec210cfe","isMergeCommit":false,"messageTitle":"Update index.md, site-wite settings documentations","messageBody":"","fileTypesAndContributionMap":{"docs":{"insertions":6,"deletions":6}}},{"hash":"951b1beb46f7601525f71a4a2959720c7d6dae5a","isMergeCommit":false,"messageTitle":"Update index.md","messageBody":"","fileTypesAndContributionMap":{"docs":{"insertions":1,"deletions":1}}},{"hash":"3d7a440eb9c428dbcf80c4aba8ecc470585061ca","isMergeCommit":false,"messageTitle":"Update ReadMe","messageBody":"","fileTypesAndContributionMap":{"docs":{"insertions":1,"deletions":1}}},{"hash":"ec023cad82c2edcb9a5028bed188f68d8d82ec7e","isMergeCommit":true,"messageTitle":"Merge pull request #22 from yanlings/Branch-PPP","messageBody":"Branch PPP","fileTypesAndContributionMap":{}},{"hash":"252535cfa3739f1d5c9c57adfd908bfbfc8e6cd0","isMergeCommit":true,"messageTitle":"Merge pull request #23 from yanlings/Branch-AboutUs","messageBody":"Branch-AboutUs","fileTypesAndContributionMap":{}},{"hash":"bc9b6a88c3e70539a07be91d78daf08b82953620","isMergeCommit":false,"messageTitle":"Update Skeletal PPP to make it more uniform and proper.","messageBody":"","fileTypesAndContributionMap":{"docs":{"insertions":2,"deletions":10}}},{"hash":"3dad5f5dbe90bdfa2e90869b1f44c0d6262167ef","isMergeCommit":true,"messageTitle":"Merge pull request #24 from abenx162/branch-PPP","messageBody":"Add Ben Xuan\u0027s PPP to docs/team","fileTypesAndContributionMap":{}}]},{"date":"2023-02-28","commitResults":[{"hash":"f2dc5a706618aa5fd4ddb745b8c745c857a724a8","isMergeCommit":true,"messageTitle":"Merge pull request #33 from yanlings/Branch-UG","messageBody":"Update delete feature for user guide","fileTypesAndContributionMap":{}},{"hash":"bd8e617dd87daf0137a931817f2b5c92fe568612","isMergeCommit":true,"messageTitle":"Merge pull request #34 from yanlings/Branch-PPP","messageBody":"Branch ppp","fileTypesAndContributionMap":{}},{"hash":"4811c62f612dad7ce892c3a72c3273db26e97d41","isMergeCommit":true,"messageTitle":"Merge pull request #35 from yanlings/Branch-PPP","messageBody":"Update Yan Ling\u0027s PPP","fileTypesAndContributionMap":{}}]},{"date":"2023-03-05","commitResults":[{"hash":"f95ba36acead25ed02a4ffc08363cd2780322e58","isMergeCommit":true,"messageTitle":"Merge pull request #36 from panavdua/branch-update-Aboutus","messageBody":"Add picture to docs/images","fileTypesAndContributionMap":{}},{"hash":"b1b145fb8f50dc58315797ad6b18ff9ff5b81e29","isMergeCommit":true,"messageTitle":"Merge pull request #41 from gyulong1/update-ug","messageBody":"Add table of contents to UserGuide.md","fileTypesAndContributionMap":{}},{"hash":"38c8868e14a65cf1cd80073c0ec239eb1f2783b9","isMergeCommit":true,"messageTitle":"Merge pull request #44 from gyulong1/update-ug","messageBody":"Change TOC in UserGuide.md","fileTypesAndContributionMap":{}},{"hash":"6b182a630d0fca31746690da816fe06bc06df174","isMergeCommit":true,"messageTitle":"Merge pull request #45 from gyulong1/update-dg","messageBody":"Add NFR to DeveloperGuide.md","fileTypesAndContributionMap":{}},{"hash":"7f88c2568010cc7d5c78f49481cd0180373c3752","isMergeCommit":true,"messageTitle":"Merge pull request #46 from panavdua/update-UserGuide","messageBody":"Add \u0027find\u0027 command details in UserGuide","fileTypesAndContributionMap":{}},{"hash":"688dd24a8bc72dbcdf8321a1f11abc5a1c459cb4","isMergeCommit":false,"messageTitle":"Update UserGuide to current UserGuide with appropriate format for add command","messageBody":"","fileTypesAndContributionMap":{"docs":{"insertions":7,"deletions":11}}},{"hash":"29b0c736031646c2b99763548f5b8adc512640af","isMergeCommit":true,"messageTitle":"Merge pull request #47 from gyulong1/update-ug","messageBody":"Update \"edit\" command in command summary of UserGuide.md","fileTypesAndContributionMap":{}},{"hash":"693f5dab38f4a30515ad41e7001785a229d90994","isMergeCommit":false,"messageTitle":"Update developer guide: Target user profile, value proposition and user stories","messageBody":"","fileTypesAndContributionMap":{"docs":{"insertions":10,"deletions":11}}},{"hash":"60c6f01fbb90073f4f7bed3c4632fee8b36977f5","isMergeCommit":true,"messageTitle":"Merge pull request #50 from yanlings/branch-DeveloperGuide","messageBody":"Update developer guide: Use cases 4,5,6","fileTypesAndContributionMap":{}}]},{"date":"2023-03-06","commitResults":[{"hash":"bc4ca791fd32d854baec65def6b0dcf0bb79183f","isMergeCommit":true,"messageTitle":"Merge pull request #52 from panavdua/branch-updateDeveloperGuide","messageBody":"Update glossary of Developer guide","fileTypesAndContributionMap":{}}]},{"date":"2023-03-09","commitResults":[{"hash":"d25443fc70fb3a4c267d4bcaafeb66da709cc9db","isMergeCommit":true,"messageTitle":"Merge pull request #57 from yanlings/branch-deleteCommand","messageBody":"Branch delete command","fileTypesAndContributionMap":{}},{"hash":"cd1d350cd1724d6cf5af8b392bb06228ccfc78b9","isMergeCommit":false,"messageTitle":"Create employeeId class, update Command, Ui, Parser and Person class in order to take in employeeId. Update JsonAdaptedPerson so that EmployeeId is stored properly","messageBody":"","fileTypesAndContributionMap":{"functional-code":{"insertions":167,"deletions":14}}},{"hash":"3770d353bbab46f822aba7a3cdfd07e756ae8155","isMergeCommit":false,"messageTitle":"Rectify CI errors","messageBody":"","fileTypesAndContributionMap":{"functional-code":{"insertions":1,"deletions":1},"docs":{"insertions":2,"deletions":2}}},{"hash":"1f1d183b97a6d1bf3756976384b70b334af067eb","isMergeCommit":false,"messageTitle":"Rectify Gradle checkstyle errors","messageBody":"","fileTypesAndContributionMap":{"functional-code":{"insertions":18,"deletions":17}}},{"hash":"60da51936e2b3b00f721d4d6f3c627cbedf6edea","isMergeCommit":false,"messageTitle":"Update AddCommand class to include EmployeeId","messageBody":"","fileTypesAndContributionMap":{"functional-code":{"insertions":3,"deletions":0}}}]},{"date":"2023-03-10","commitResults":[{"hash":"3464938df8ed1c02d6fc1409568faec83f11cde7","isMergeCommit":true,"messageTitle":"Merge pull request #65 from panavdua/branch-findCommand","messageBody":"Branch find command","fileTypesAndContributionMap":{}},{"hash":"c526a7b7027b69cbc907d6a9a8c0e0808d62e7de","isMergeCommit":true,"messageTitle":"Merge pull request #66 from panavdua/branch-findCommand","messageBody":"Branch find command","fileTypesAndContributionMap":{}},{"hash":"0e8ce9073000ee7bf30b7e355563d90710d361bb","isMergeCommit":false,"messageTitle":"Update AddCommand and UserGuide to take in employeeId","messageBody":"","fileTypesAndContributionMap":{"functional-code":{"insertions":3,"deletions":5},"docs":{"insertions":4,"deletions":4}}},{"hash":"779791cb5486ea51bca3e8226931583be1b88732","isMergeCommit":true,"messageTitle":"Merge branch \u0027master\u0027 into branch-deleteCommand","messageBody":"","fileTypesAndContributionMap":{}},{"hash":"88fd0b505cb3ca1e122dfb47ab5de9fe9d3f1276","isMergeCommit":true,"messageTitle":"Merge pull request #70 from yanlings/branch-deleteCommand","messageBody":"Branch delete command","fileTypesAndContributionMap":{}},{"hash":"c26ee821c2185f292c293f66eebc7370edfe1c12","isMergeCommit":true,"messageTitle":"Merge pull request #72 from yanlings/branch-deleteCommand","messageBody":"Branch delete command","fileTypesAndContributionMap":{}}]},{"date":"2023-03-12","commitResults":[{"hash":"03d72370ec25e553a0e5b737161407855df07e12","isMergeCommit":true,"messageTitle":"Merge pull request #75 from abenx162/branch-Department","messageBody":"Add Department field to Person class","fileTypesAndContributionMap":{}},{"hash":"75192d1c01541b8b4655cd629710dfaddaddb4ec","isMergeCommit":true,"messageTitle":"Merge pull request #76 from abenx162/branch-ListCommand","messageBody":"Branch list command","fileTypesAndContributionMap":{}},{"hash":"ceebee5af1f3abc9a034a94b4c239824dbf45910","isMergeCommit":false,"messageTitle":"Update example for AddCommand","messageBody":"","fileTypesAndContributionMap":{"functional-code":{"insertions":1,"deletions":1}}},{"hash":"d3000a26149a345c01d9280ed049b35fd259a3e4","isMergeCommit":false,"messageTitle":"Update MainApp to ExecutivePro\u0027s name. Update AddCommand, JsonAdaptedPerson and EmployeeId so that database stores the inputs","messageBody":"","fileTypesAndContributionMap":{"functional-code":{"insertions":8,"deletions":47}}},{"hash":"43a0d055ccd682f2683cde6fb541aada78bfaa11","isMergeCommit":false,"messageTitle":"# Update Test classes in order to resolve Java CI errors.","messageBody":"Update\nUpdate PersonAddressBook class to include employeeId.\nUpdate LogicManagerTest to setEmployeeId.\nAdd employeeId in AddCommandParserTest, AddressBookParserTest.\nCreate EmployeeIdTest class.\nUpdate PersonBuilder,TypicalPersons class to include employeeId.\n","fileTypesAndContributionMap":{"test-code":{"insertions":96,"deletions":13}}},{"hash":"8f32ce8245bf84136782943469d74d0821c1a006","isMergeCommit":false,"messageTitle":"Update variable names to fix checkstyle errors","messageBody":"","fileTypesAndContributionMap":{"functional-code":{"insertions":4,"deletions":7}}}]},{"date":"2023-03-15","commitResults":[{"hash":"26c914297231dd2d084acdbfb85616e9614768fe","isMergeCommit":false,"messageTitle":"Update user guide to include tags","messageBody":"","fileTypesAndContributionMap":{"docs":{"insertions":28,"deletions":11}}},{"hash":"5ff88a57f303c63c86ce9c18839f9f29764c5526","isMergeCommit":false,"messageTitle":"Update spaces","messageBody":"","fileTypesAndContributionMap":{"docs":{"insertions":0,"deletions":2}}}]},{"date":"2023-03-21","commitResults":[{"hash":"7c5303dba9d57ab15f247e8a96d62fcaeaf080c5","isMergeCommit":true,"messageTitle":"Merge pull request #95 from yanlings/branch-UI","messageBody":"Branch UI","fileTypesAndContributionMap":{}}]},{"date":"2023-03-23","commitResults":[{"hash":"981a62c245031ac138a2f5ff0b016b8b20279ba3","isMergeCommit":false,"messageTitle":"Add AddCommand sequence diagram using plantUML","messageBody":"","fileTypesAndContributionMap":{"docs":{"insertions":102,"deletions":5},"test-code":{"insertions":2,"deletions":0}}},{"hash":"f8cf286316421a374fe37285313a4f2d2f3a2d98","isMergeCommit":true,"messageTitle":"Merge branch \u0027master\u0027 into branch-UML","messageBody":"* master:\n  Update files such that ExecutivePro has a clicking function\n  Update files such that ExecutivePro has a clicking function\n","fileTypesAndContributionMap":{}},{"hash":"b33da0a98cd92283b30f42d82f2ecc49d30a89bd","isMergeCommit":true,"messageTitle":"Merge pull request #103 from yanlings/branch-assert","messageBody":"Fix checkstyle errors","fileTypesAndContributionMap":{}},{"hash":"8c8c1e96f4ae2b9d676720b605ea09c51b5aa60b","isMergeCommit":true,"messageTitle":"Merge pull request #104 from panavdua/branch-findCommandUpdate","messageBody":"Find Command update","fileTypesAndContributionMap":{}},{"hash":"3a651c0d712270067d76a0bc7da320ebfcff9158","isMergeCommit":true,"messageTitle":"Resolve merge conflicts","messageBody":"","fileTypesAndContributionMap":{}},{"hash":"57cf7b07552e56b6ec5ee98dde93f144c1b6d841","isMergeCommit":false,"messageTitle":"Fix checkstyle errors","messageBody":"","fileTypesAndContributionMap":{"docs":{"insertions":10,"deletions":10}}},{"hash":"566563477f94cde9c9b3725e60fe8cb3317960c7","isMergeCommit":false,"messageTitle":"Fix EOF error","messageBody":"","fileTypesAndContributionMap":{"docs":{"insertions":1,"deletions":1}}}]}],"panavdua":[{"date":"2023-02-25","commitResults":[{"hash":"8c31e1cc36a6864e7aa5f48d49d335762932210f","isMergeCommit":false,"messageTitle":"Create the PPP","messageBody":"","fileTypesAndContributionMap":{"docs":{"insertions":0,"deletions":0}}},{"hash":"1cfec301ce17880ef847e981a63afcc9dd3571f8","isMergeCommit":false,"messageTitle":"Create framework for PPP","messageBody":"","fileTypesAndContributionMap":{"docs":{"insertions":29,"deletions":0}}},{"hash":"3750196894277f061c60cacd2adaaf10c3b94170","isMergeCommit":true,"messageTitle":"Merge pull request #8 from JunHao247/branch-PPP","messageBody":"Add my own project portfolio page","fileTypesAndContributionMap":{}},{"hash":"739b28308ad2486a7851e963c3cf40d8a4e94ab3","isMergeCommit":true,"messageTitle":"Merge pull request #13 from JunHao247/branch-README","messageBody":"Update JavaCI status badge and README documentation","fileTypesAndContributionMap":{}}]},{"date":"2023-02-26","commitResults":[{"hash":"7cb14937515c50e335ea17e239a1103dfbd5b0d2","isMergeCommit":true,"messageTitle":"Merge pull request #16 from JunHao247/branch-README2","messageBody":"Update AboutUs and rectify Java CI errors","fileTypesAndContributionMap":{}},{"hash":"18c169b252290cbc13eb9966296f4d122c13d50f","isMergeCommit":true,"messageTitle":"Merge pull request #21 from JunHao247/branch-UImockup","messageBody":"Update Ui mockup to proper naming","fileTypesAndContributionMap":{}}]},{"date":"2023-03-05","commitResults":[{"hash":"621baaf0497816a75bf8e0d03e1d23cc9f6d4ac3","isMergeCommit":false,"messageTitle":"Update AboutUs","messageBody":"","fileTypesAndContributionMap":{"docs":{"insertions":5,"deletions":5}}},{"hash":"5951728928290b0df6455edf575d3989094ecefe","isMergeCommit":false,"messageTitle":"Add \u0027find\u0027 command details in UserGuide","messageBody":"","fileTypesAndContributionMap":{"docs":{"insertions":12,"deletions":2}}},{"hash":"d3121be1ef20ed90d40756e9eaae70d989ca6922","isMergeCommit":false,"messageTitle":"Update glossary of Developer guide","messageBody":"","fileTypesAndContributionMap":{"docs":{"insertions":7,"deletions":1}}},{"hash":"8e64570e1b1d5cb3477cccef70b7b31e45a735c9","isMergeCommit":true,"messageTitle":"Merge pull request #51 from abenx162/branch-DeveloperGuide","messageBody":"Update developer guide: Use cases 1, 2, 3","fileTypesAndContributionMap":{}}]},{"date":"2023-03-09","commitResults":[{"hash":"9a8bff9bc8e3112409dde9dfd9a9fd0b2d86f319","isMergeCommit":true,"messageTitle":"Merge pull request #58 from JunHao247/branch-EmployeeId","messageBody":"Create employeeId class, update Command, Ui, Parser and Person class","fileTypesAndContributionMap":{}},{"hash":"3c5d4ea9416623b1e2dc1bb0440b47f70234ce76","isMergeCommit":true,"messageTitle":"Merge pull request #59 from JunHao247/branch-AddCommand","messageBody":"Update AddCommand class","fileTypesAndContributionMap":{}}]},{"date":"2023-03-10","commitResults":[{"hash":"09eeb4056fcd9e9166419426238bb014bec6df30","isMergeCommit":false,"messageTitle":"Replace instances of \u0027person\u0027 with \u0027employee\u0027","messageBody":"","fileTypesAndContributionMap":{"functional-code":{"insertions":2,"deletions":2}}},{"hash":"1a58ba7e9cf874aad897192e63e0000d30c94519","isMergeCommit":false,"messageTitle":"Update UserGuide for Find command","messageBody":"","fileTypesAndContributionMap":{"docs":{"insertions":3,"deletions":2}}},{"hash":"236ca8282d6cc2fe016f5d2a8d51b3b8f4c764cc","isMergeCommit":false,"messageTitle":"Update Messages class to include message in the case of \u0027find\u0027 command not finding any employee with the inputted keyword","messageBody":"","fileTypesAndContributionMap":{"functional-code":{"insertions":6,"deletions":1}}},{"hash":"f26a9f265b6abee1ae0fabc2e799562630c9e4f0","isMergeCommit":false,"messageTitle":"Fixed bug","messageBody":"","fileTypesAndContributionMap":{"functional-code":{"insertions":1,"deletions":1}}},{"hash":"219791cd2bb49e63341cd951bbe90a27a106cb77","isMergeCommit":true,"messageTitle":"Merge branch \u0027master\u0027 of https://github.com/panavdua/tp","messageBody":"","fileTypesAndContributionMap":{}}]},{"date":"2023-03-12","commitResults":[{"hash":"0b47cac722e7b3cf63bbd8b702776c76e0b32f72","isMergeCommit":true,"messageTitle":"Merge pull request #78 from JunHao247/branch-EmployeeId","messageBody":"Update Classes to fix the storage of inputs","fileTypesAndContributionMap":{}},{"hash":"c7688615b8959481635bdb117ec8931415a4a131","isMergeCommit":true,"messageTitle":"Merge pull request #79 from JunHao247/branch-TestFiles","messageBody":"Update Test classes in order to resolve Java CI errors.","fileTypesAndContributionMap":{}}]},{"date":"2023-03-14","commitResults":[{"hash":"f9a83c8f94b96021919a66def3bd0987e2dfb940","isMergeCommit":true,"messageTitle":"Merge branch \u0027master\u0027 of https://github.com/panavdua/tp","messageBody":"","fileTypesAndContributionMap":{}}]},{"date":"2023-03-15","commitResults":[{"hash":"c3b25f504d091c4acb60aef1eef4d27980c2f1d1","isMergeCommit":true,"messageTitle":"Merge branch \u0027AY2223S2-CS2103T-W09-4:master\u0027 into master","messageBody":"","fileTypesAndContributionMap":{}},{"hash":"f2d0f5536fd96654f3c593b50b86a3bc7794d323","isMergeCommit":true,"messageTitle":"Merge branch \u0027master\u0027 of https://github.com/panavdua/tp","messageBody":"","fileTypesAndContributionMap":{}}]},{"date":"2023-03-16","commitResults":[{"hash":"8e7c2adf3e7e62e0431d18c982f30617f369aec8","isMergeCommit":true,"messageTitle":"Merge branch \u0027AY2223S2-CS2103T-W09-4:master\u0027 into master","messageBody":"","fileTypesAndContributionMap":{}},{"hash":"fe78167037f4bb8afd0ee18788026b6fb5553415","isMergeCommit":true,"messageTitle":"Merge branch \u0027master\u0027 of https://github.com/panavdua/tp","messageBody":"","fileTypesAndContributionMap":{}}]},{"date":"2023-03-21","commitResults":[{"hash":"369450f39740aba842a531b4dc89a9c15f21bd44","isMergeCommit":true,"messageTitle":"Merge pull request #94 from yanlings/branch-UI","messageBody":"Update DG to include new delete sequence diagram","fileTypesAndContributionMap":{}}]},{"date":"2023-03-23","commitResults":[{"hash":"335730c29209a892193aaf2383b812748144abff","isMergeCommit":true,"messageTitle":"Merge branch \u0027AY2223S2-CS2103T-W09-4:master\u0027 into master","messageBody":"","fileTypesAndContributionMap":{}},{"hash":"12b4408ab00339c64ef1ddfd88bf9a9c12c2fb33","isMergeCommit":true,"messageTitle":"Merge branch \u0027master\u0027 of https://github.com/panavdua/tp","messageBody":"","fileTypesAndContributionMap":{}},{"hash":"976c5b9780e8f7f38cb89787831293ced01dd203","isMergeCommit":false,"messageTitle":"Enable feature to find names without inputting full name","messageBody":"","fileTypesAndContributionMap":{"functional-code":{"insertions":5,"deletions":3}}},{"hash":"bd44cad2ee8c6bd5accc9731c9dd315a5831d2d9","isMergeCommit":false,"messageTitle":"Update tests related to FindCommand","messageBody":"","fileTypesAndContributionMap":{"test-code":{"insertions":21,"deletions":4}}},{"hash":"581b565c54e0214b23fdc643b25273ab77c97a28","isMergeCommit":true,"messageTitle":"Merge branch \u0027AY2223S2-CS2103T-W09-4:master\u0027 into master","messageBody":"","fileTypesAndContributionMap":{}},{"hash":"a7f600554ccbd6084d1744542882544ff47fb776","isMergeCommit":true,"messageTitle":"Merge branch \u0027master\u0027 of https://github.com/panavdua/tp","messageBody":"","fileTypesAndContributionMap":{}},{"hash":"d98771df72ded7ead169533e8a8af6ca60a1b2a0","isMergeCommit":true,"messageTitle":"Merge branch \u0027master\u0027 into branch-findCommandUpdate","messageBody":"","fileTypesAndContributionMap":{}},{"hash":"709d40ca36a83b20f7a4a141933b12b16be8274d","isMergeCommit":false,"messageTitle":"Fix checkstyle","messageBody":"","fileTypesAndContributionMap":{"functional-code":{"insertions":0,"deletions":3}}},{"hash":"5eef944200a4fce25477dbc8cc99b12513d0c10f","isMergeCommit":false,"messageTitle":"Fix checkstyle errors","messageBody":"","fileTypesAndContributionMap":{"test-code":{"insertions":27,"deletions":21}}},{"hash":"2903bcfd7894a0bf65e4a3240304d0f9639fea7b","isMergeCommit":false,"messageTitle":"Fix checkstyle errors","messageBody":"","fileTypesAndContributionMap":{"test-code":{"insertions":1,"deletions":2}}},{"hash":"90d5a4712d138873f12b3d25ba0805c7b538d5ae","isMergeCommit":false,"messageTitle":"Fix StringUtil tests","messageBody":"","fileTypesAndContributionMap":{"test-code":{"insertions":1,"deletions":1}}}]}]},"authorFileTypeContributionMap":{"yanlings":{"docs":226,"functional-code":119,"test-code":3},"gyulong1":{"docs":97,"functional-code":692,"test-code":1053},"abenx162":{"docs":93,"functional-code":639,"test-code":116},"JunHao247":{"docs":181,"functional-code":115,"test-code":63,"other":1},"panavdua":{"docs":42,"functional-code":9,"test-code":26}},"authorContributionVariance":{"yanlings":1971.5967,"gyulong1":295279.25,"abenx162":10664.733,"JunHao247":2753.3113,"panavdua":265.81714},"authorDisplayNameMap":{"yanlings":"CS2103T-W09-4 LIM ..LING","gyulong1":"CS2103T-W09-4 GUO ..LONG","abenx162":"CS2103T-W09-4 ANG ..XUAN","JunHao247":"CS2103T-W09-4 LIM .. HAO","panavdua":"CS2103T-W09-4 PANA.. DUA"}}
