{"authorDailyContributionsMap":{"yanlings":[{"date":"2023-02-25","commitResults":[{"hash":"e45e09e4c47ddb3b521b7e038a8f6f938ae213db","messageTitle":"Updated Yan Ling\u0027s PPP","messageBody":"","fileTypesAndContributionMap":{"docs":{"insertions":31,"deletions":0}}},{"hash":"326a00095b568662a269ae908316b0a44b49ea04","messageTitle":"Updated Yan Ling\u0027s PPP","messageBody":"","fileTypesAndContributionMap":{"docs":{"insertions":2,"deletions":0}}}]}],"gyulong1":[],"abenx162":[],"JunHao247":[{"date":"2023-02-22","commitResults":[{"hash":"22ea460e61745b0f0de8b6a86a0cc6b277517ade","messageTitle":"Add codecov badge to README","messageBody":"","fileTypesAndContributionMap":{"docs":{"insertions":1,"deletions":1}}},{"hash":"287aacd8880648a639f56c1e800dc3c4b2205b21","messageTitle":"Update codecov token in badge","messageBody":"","fileTypesAndContributionMap":{"docs":{"insertions":1,"deletions":1}}}]},{"date":"2023-02-25","commitResults":[{"hash":"39be1d9b29634175932cfed97183c4e5692b26fe","messageTitle":"Create docs/team/junhao247.md and add my own PPP","messageBody":"","fileTypesAndContributionMap":{"docs":{"insertions":42,"deletions":0}}},{"hash":"f38a78fb060d53178481fbc0a1594a02cde0fd26","messageTitle":"Update JavaCI status badge and README documentation","messageBody":"","fileTypesAndContributionMap":{"docs":{"insertions":12,"deletions":10}}}]}],"panavdua":[{"date":"2023-02-25","commitResults":[{"hash":"8c31e1cc36a6864e7aa5f48d49d335762932210f","messageTitle":"Create the PPP","messageBody":"","fileTypesAndContributionMap":{"docs":{"insertions":0,"deletions":0}}},{"hash":"1cfec301ce17880ef847e981a63afcc9dd3571f8","messageTitle":"Create framework for PPP","messageBody":"","fileTypesAndContributionMap":{"docs":{"insertions":29,"deletions":0}}}]}]},"authorFileTypeContributionMap":{"yanlings":{"docs":33,"functional-code":0,"test-code":0},"gyulong1":{"docs":0,"functional-code":0,"test-code":0},"abenx162":{"docs":0,"functional-code":0,"test-code":0},"JunHao247":{"docs":55,"functional-code":0,"test-code":0},"panavdua":{"docs":29,"functional-code":0,"test-code":0}},"authorContributionVariance":{"yanlings":107.555565,"gyulong1":0.0,"abenx162":0.0,"JunHao247":399.80243,"panavdua":83.06174},"authorDisplayNameMap":{"yanlings":"CS2103T-W09-4 LIM ..LING","gyulong1":"CS2103T-W09-4 GUO ..LONG","abenx162":"CS2103T-W09-4 ANG ..XUAN","JunHao247":"CS2103T-W09-4 LIM .. HAO","panavdua":"CS2103T-W09-4 PANA.. DUA"}}
