{"authorDailyContributionsMap":{"yanlings":[{"date":"2023-02-25","commitResults":[{"hash":"e45e09e4c47ddb3b521b7e038a8f6f938ae213db","isMergeCommit":false,"messageTitle":"Updated Yan Ling\u0027s PPP","messageBody":"","fileTypesAndContributionMap":{"docs":{"insertions":31,"deletions":0}}},{"hash":"326a00095b568662a269ae908316b0a44b49ea04","isMergeCommit":false,"messageTitle":"Updated Yan Ling\u0027s PPP","messageBody":"","fileTypesAndContributionMap":{"docs":{"insertions":2,"deletions":0}}}]},{"date":"2023-02-26","commitResults":[{"hash":"a157919869a2e8fff40bc89f6c8cca76884375fc","isMergeCommit":false,"messageTitle":"Update AboutUs","messageBody":"","fileTypesAndContributionMap":{"docs":{"insertions":4,"deletions":4}}},{"hash":"4d7321825d77a27dd2c6ac152b440b5fd738d099","isMergeCommit":false,"messageTitle":"Update AboutUs","messageBody":"","fileTypesAndContributionMap":{"docs":{"insertions":1,"deletions":1}}},{"hash":"85e4283dfdd674b06a627ee27d6b758a44bf2251","isMergeCommit":false,"messageTitle":"Update AboutUs","messageBody":"","fileTypesAndContributionMap":{"docs":{"insertions":3,"deletions":3}}},{"hash":"f3f066c02c77446581aaca744c4875857d81bc63","isMergeCommit":false,"messageTitle":"Rename YanLing.md to yanling.md","messageBody":"","fileTypesAndContributionMap":{"docs":{"insertions":0,"deletions":33}}},{"hash":"86cbe28c1a0dc5b98ca895809e01a53d693d2716","isMergeCommit":false,"messageTitle":"Renamed YanLing.md to yanling.md","messageBody":"","fileTypesAndContributionMap":{"docs":{"insertions":33,"deletions":0}}},{"hash":"022b86d46f8e5f776563326663da2e7796b61bc7","isMergeCommit":false,"messageTitle":"Update AboutUs","messageBody":"","fileTypesAndContributionMap":{"docs":{"insertions":1,"deletions":1}}},{"hash":"1c68a296c0eda6b27026ef84c39251d63f30cd67","isMergeCommit":false,"messageTitle":"Update AboutUs","messageBody":"","fileTypesAndContributionMap":{"docs":{"insertions":1,"deletions":1}}}]},{"date":"2023-02-28","commitResults":[{"hash":"de8c51a87d10ca70633fa52edb09625edb3e5ff2","isMergeCommit":false,"messageTitle":"Update delete feature for user guide","messageBody":"","fileTypesAndContributionMap":{"docs":{"insertions":8,"deletions":8}}},{"hash":"230ba748cdca6f67236f738e87c6b84635d89842","isMergeCommit":true,"messageTitle":"Merge pull request #25 from JunHao247/branch-PPP2","messageBody":"Update Skeletal PPP ","fileTypesAndContributionMap":{}},{"hash":"29e7b4e2e536020049bfbef9448ead2b745e7633","isMergeCommit":false,"messageTitle":"Update delete feature for user guide","messageBody":"","fileTypesAndContributionMap":{"docs":{"insertions":1,"deletions":1}}},{"hash":"2e3d8c1410cd2326d5351f74922f3bb7460e5847","isMergeCommit":false,"messageTitle":"Update Yan Ling\u0027s PPP","messageBody":"","fileTypesAndContributionMap":{"docs":{"insertions":1,"deletions":3}}},{"hash":"ac21f297190d6769446e8b32a4e2a0f6a67a8c04","isMergeCommit":false,"messageTitle":"Update Yan Ling\u0027s PPP","messageBody":"","fileTypesAndContributionMap":{"docs":{"insertions":2,"deletions":2}}}]},{"date":"2023-03-05","commitResults":[{"hash":"a60c543cd680c0ebc3c6c0417904ff8169d17003","isMergeCommit":false,"messageTitle":"Update Yan Ling\u0027s PPP","messageBody":"","fileTypesAndContributionMap":{"docs":{"insertions":0,"deletions":0}}},{"hash":"68ca4a7344d797420b51bfe364a541a3857330ff","isMergeCommit":false,"messageTitle":"Update AboutUs","messageBody":"","fileTypesAndContributionMap":{"docs":{"insertions":1,"deletions":1}}},{"hash":"0d10ba3bff1ef9a2d377eeea8abf4ce09fcff443","isMergeCommit":true,"messageTitle":"Merge pull request #40 from panavdua/branch-updateAboutUs","messageBody":"Update AboutUs","fileTypesAndContributionMap":{}},{"hash":"5abb3ff1683630de308aab1021e27b6134ef079e","isMergeCommit":true,"messageTitle":"Merge pull request #48 from JunHao247/branch-UserGuide","messageBody":"Update UserGuide for \"add\" command","fileTypesAndContributionMap":{}},{"hash":"c37e15ab3ee3bec8a672cdb883ffb3c573ad82e2","isMergeCommit":true,"messageTitle":"Merge pull request #49 from JunHao247/branch-DeveloperGuide","messageBody":"Update developer guide: Target user profile, value proposition and user stories","fileTypesAndContributionMap":{}},{"hash":"bfae5f362f6257d2fdc5d3bd2d98d3f96c677faa","isMergeCommit":false,"messageTitle":"Update developer guide: Use cases 4,5,6","messageBody":"","fileTypesAndContributionMap":{"docs":{"insertions":27,"deletions":10}}}]},{"date":"2023-03-08","commitResults":[{"hash":"60d60d7247220b1bedf04dc6677e7557a5f24915","isMergeCommit":false,"messageTitle":"Update DeleteCommand","messageBody":"","fileTypesAndContributionMap":{"functional-code":{"insertions":10,"deletions":10}}}]},{"date":"2023-03-09","commitResults":[{"hash":"1ca2bb501739ac83ee71d1c51f9856cb172c711d","isMergeCommit":false,"messageTitle":"Update DeleteCommand","messageBody":"","fileTypesAndContributionMap":{"functional-code":{"insertions":0,"deletions":1}}}]},{"date":"2023-03-10","commitResults":[{"hash":"b2f591f5aed9db72b34e8ce8d8a44b55741cf702","isMergeCommit":false,"messageTitle":"Update DeleteCommand","messageBody":"","fileTypesAndContributionMap":{"functional-code":{"insertions":40,"deletions":9}}},{"hash":"a9d01f66f7a146e9b9dd8b2ecfa12f385510e3bd","isMergeCommit":false,"messageTitle":"Update DeleteCommand","messageBody":"","fileTypesAndContributionMap":{"functional-code":{"insertions":0,"deletions":19}}},{"hash":"70d0c8b1e777b6a2507984a33b6b398e4e6a752b","isMergeCommit":false,"messageTitle":"Update DeleteCommand","messageBody":"","fileTypesAndContributionMap":{"functional-code":{"insertions":2,"deletions":1}}},{"hash":"0da042415f14140033a88d1c51bb97df626e17af","isMergeCommit":false,"messageTitle":" Update Message class to include message for \u0027delete\u0027 command","messageBody":"","fileTypesAndContributionMap":{"functional-code":{"insertions":1,"deletions":0}}},{"hash":"53e5f6637b346d2813b04ce9fc1288ec74556d9a","isMergeCommit":true,"messageTitle":"Merge pull request #69 from JunHao247/branch-AddCommand","messageBody":"Update AddCommand and UserGuide to take in employeeId","fileTypesAndContributionMap":{}},{"hash":"0380f3ac6113bcc56ad75b39d1d46e5999c5aa40","isMergeCommit":false,"messageTitle":"Updated DeleteCommand","messageBody":"","fileTypesAndContributionMap":{"functional-code":{"insertions":2,"deletions":4}}}]},{"date":"2023-03-13","commitResults":[{"hash":"bb36c141ce5bde742e63857490a7bb92cd0c0e0b","isMergeCommit":false,"messageTitle":"Change appearance of ExecutivePro","messageBody":"","fileTypesAndContributionMap":{"functional-code":{"insertions":46,"deletions":13}}},{"hash":"b8c2c2145b2fe7c8cafb506c0b8e31dceb35f6a6","isMergeCommit":false,"messageTitle":"Change appearance of ExecutivePro","messageBody":"","fileTypesAndContributionMap":{"functional-code":{"insertions":0,"deletions":14}}},{"hash":"fd335b3ade6b7e1033ff751d4137675f1a1c4f0e","isMergeCommit":true,"messageTitle":"Merge branch \u0027master\u0027 into branch-UI","messageBody":"","fileTypesAndContributionMap":{}}]},{"date":"2023-03-21","commitResults":[{"hash":"4255df37ce5187728f6fd3e8ee8eab98b307cbb0","isMergeCommit":false,"messageTitle":"Update DG to include new delete sequence diagram","messageBody":"","fileTypesAndContributionMap":{"docs":{"insertions":88,"deletions":0}}},{"hash":"2ee93441f385805ab8235071b23a21596d452b90","isMergeCommit":false,"messageTitle":"Update DG to include new delete sequence diagram","messageBody":"","fileTypesAndContributionMap":{"docs":{"insertions":72,"deletions":0}}},{"hash":"29ad24a9fb5d48124093b2edabe3d0b593999fe8","isMergeCommit":false,"messageTitle":"Update DG to include new delete sequence diagram","messageBody":"","fileTypesAndContributionMap":{"docs":{"insertions":0,"deletions":1}}}]},{"date":"2023-03-22","commitResults":[{"hash":"6024c99651d0c61442403adbcf421b1202e21aa2","isMergeCommit":false,"messageTitle":"Update files such that ExecutivePro has a clicking function","messageBody":"","fileTypesAndContributionMap":{"functional-code":{"insertions":82,"deletions":11}}},{"hash":"71565612a7a1c5f6052d7c691dbe583c9b721db5","isMergeCommit":true,"messageTitle":"Merge branch \u0027master\u0027 into branch-UI","messageBody":"* master:\n  Change AddressBook class to ExecutiveProDb\n  Minor checkstyle changes\n  Minor style changes\n  Add test cases relating to Theme commands\n  Update spaces\n  Update user guide to include tags\n  Change Person class to Employee for most test cases\n  Change test cases for new EmployeeId class\n  Resolve CI error\n  Resolve checkstyle errors\n  Resolve merge conflict Change \"employee\" in LICENCE file back to \"person\"\n  Add department field check for isAnyFieldEdited() in EditCommand.java\n  Change Person class to Employee class\n  Add department check to isAnyFieldEdited in EditCommand.java\n  Add department to \"edit\" command\n  Fix themes to work with nameCard.\n  Edit UserGuide to include Change Theme command.\n  Implement light theme for ExecutivePro\n\n# Conflicts:\n#\tsrc/main/java/seedu/address/ui/MainWindow.java\n#\tsrc/main/java/seedu/address/ui/PersonListPanel.java\n#\tsrc/main/resources/view/MainWindow.fxml\n#\tsrc/main/resources/view/PersonListPanel.fxml\n","fileTypesAndContributionMap":{}},{"hash":"b0c404e9ed943e67ca0f4bf73bb4f57d3710215d","isMergeCommit":false,"messageTitle":"Update files such that ExecutivePro has a clicking function","messageBody":"","fileTypesAndContributionMap":{"functional-code":{"insertions":84,"deletions":9}}}]},{"date":"2023-03-23","commitResults":[{"hash":"83cf43aae83bbd0bf42cf9ce9a935a7bd7c5e84c","isMergeCommit":false,"messageTitle":"Fix checkstyle errors","messageBody":"","fileTypesAndContributionMap":{"docs":{"insertions":4,"deletions":4}}},{"hash":"f7b0e1a8dcb74ea44ffbf39762e34830e601d623","isMergeCommit":false,"messageTitle":"Fix import errors","messageBody":"","fileTypesAndContributionMap":{"functional-code":{"insertions":5,"deletions":6}}},{"hash":"340a0edc13b339da78f23af3e5300d44e5d1240e","isMergeCommit":false,"messageTitle":"Fix import errors","messageBody":"","fileTypesAndContributionMap":{"functional-code":{"insertions":3,"deletions":1}}},{"hash":"789cd2c5600659f43b9205a3390668799ab28e3e","isMergeCommit":false,"messageTitle":"Add Assert test","messageBody":"","fileTypesAndContributionMap":{"functional-code":{"insertions":5,"deletions":5},"test-code":{"insertions":6,"deletions":3}}},{"hash":"660779d0b2df2d82b8eaa18fbd001f86efac5cee","isMergeCommit":false,"messageTitle":"Add Assert test","messageBody":"","fileTypesAndContributionMap":{"test-code":{"insertions":1,"deletions":1}}}]},{"date":"2023-03-24","commitResults":[{"hash":"d6a6747f852751605d3f26ceeae8be9a5b61c84d","isMergeCommit":false,"messageTitle":"Add Assert test","messageBody":"","fileTypesAndContributionMap":{"functional-code":{"insertions":1,"deletions":0}}},{"hash":"666ad4eb65a0d99fc34f152c1495dd476cc635f0","isMergeCommit":false,"messageTitle":"Fix CheckStyle error","messageBody":"","fileTypesAndContributionMap":{"functional-code":{"insertions":1,"deletions":1}}},{"hash":"b4688d28a02cbfc406a3f59ccf6a0d734c8410c4","isMergeCommit":true,"messageTitle":"Merge branch \u0027master\u0027 into branch-assert","messageBody":"","fileTypesAndContributionMap":{}}]},{"date":"2023-03-25","commitResults":[{"hash":"2b67170d19bc049eeea9af4acd3f42add6d6d8ba","isMergeCommit":true,"messageTitle":"Merge pull request #116 from JunHao247/branch-EmployeeId","messageBody":"Update EmployeeId class to fix bug in max ID","fileTypesAndContributionMap":{}},{"hash":"d942b468f3851b4ad78bc4b0ffa6ac81be5df687","isMergeCommit":false,"messageTitle":"Fix UI Bug","messageBody":"","fileTypesAndContributionMap":{"functional-code":{"insertions":9,"deletions":4}}},{"hash":"53e60aecf85c55f397222bc919a0ca00abfffc24","isMergeCommit":false,"messageTitle":"Fix UI Bug","messageBody":"","fileTypesAndContributionMap":{"functional-code":{"insertions":1,"deletions":1}}}]},{"date":"2023-03-26","commitResults":[{"hash":"7b5948bc79d67f64a66cf9ca4469a23c97d2cac9","isMergeCommit":false,"messageTitle":"Fix UI Picture Bug","messageBody":"","fileTypesAndContributionMap":{"functional-code":{"insertions":1,"deletions":5}}},{"hash":"94dc74fde2495008e64b2389fa2463f873f64a45","isMergeCommit":true,"messageTitle":"Merge pull request #124 from JunHao247/branch-EmployeeCard","messageBody":"Remove fields from EmployeeCard","fileTypesAndContributionMap":{}},{"hash":"3bc5df55122465d95ff77522308be925f59b2fa8","isMergeCommit":true,"messageTitle":"Merge pull request #132 from JunHao247/branch-DuplicateEmployee","messageBody":"Update ExecutiveProDb and Employee class for a stronger duplicate employee check","fileTypesAndContributionMap":{}}]},{"date":"2023-03-28","commitResults":[{"hash":"51345d71d6554014e63d61a23dca5817a2de2e7c","isMergeCommit":false,"messageTitle":"Update UG based on peer review","messageBody":"","fileTypesAndContributionMap":{"docs":{"insertions":18,"deletions":15}}},{"hash":"79a99cb7e00c4e115de8504bab4254d12d537df2","isMergeCommit":false,"messageTitle":"Change font size","messageBody":"","fileTypesAndContributionMap":{"functional-code":{"insertions":31,"deletions":6}}}]},{"date":"2023-03-29","commitResults":[{"hash":"564262264ff318ecdfde0e782befe442d25d6249","isMergeCommit":false,"messageTitle":"Address is now not compulsory","messageBody":"","fileTypesAndContributionMap":{"functional-code":{"insertions":9,"deletions":2}}},{"hash":"abead4669eae606b5de088a9fef467e523b18ef0","isMergeCommit":true,"messageTitle":"Merge branch \u0027master\u0027 into branch-Compulsory","messageBody":"","fileTypesAndContributionMap":{}},{"hash":"c4fbcdd262e26ef46ae331ed31e530e190d93871","isMergeCommit":false,"messageTitle":"Address is now not compulsory","messageBody":"","fileTypesAndContributionMap":{"functional-code":{"insertions":0,"deletions":6}}},{"hash":"87f27bf2c6414e96ceea357a7901a75e0a9c377c","isMergeCommit":false,"messageTitle":"Fix checkstyle error","messageBody":"","fileTypesAndContributionMap":{"functional-code":{"insertions":0,"deletions":1}}}]}],"gyulong1":[{"date":"2023-02-27","commitResults":[{"hash":"3a801887efebf0114d4ae20bff263a4cd319ba0c","isMergeCommit":false,"messageTitle":"Add Yulong\u0027s PPP page and update README.md","messageBody":"","fileTypesAndContributionMap":{"docs":{"insertions":26,"deletions":52}}},{"hash":"b6b31abc3320eb62318cc42dcb93670040df6db9","isMergeCommit":false,"messageTitle":"Fix trailing whitespace and empty EOF","messageBody":"","fileTypesAndContributionMap":{"docs":{"insertions":5,"deletions":5}}},{"hash":"47f8e573f440b6e61c3f54ca743b2732c9e4b382","isMergeCommit":false,"messageTitle":"Update UserGuide.md for introduction and list command","messageBody":"","fileTypesAndContributionMap":{"docs":{"insertions":16,"deletions":109}}}]},{"date":"2023-02-28","commitResults":[{"hash":"a66ba7e2571d433760d1b6435f93256f270bc2d0","isMergeCommit":false,"messageTitle":"Add new line at end of UserGuide.md","messageBody":"","fileTypesAndContributionMap":{"docs":{"insertions":1,"deletions":1}}},{"hash":"91a219cc06a0d4748fa9a61371c8e2a3b83eb00d","isMergeCommit":true,"messageTitle":"Merge pull request #28 from abenx162/branch-AboutUs","messageBody":"Add Ben Xuan to AboutUs page","fileTypesAndContributionMap":{}}]},{"date":"2023-03-05","commitResults":[{"hash":"a246d6ae4d26a74b4361591a55611b783d9dbb22","isMergeCommit":false,"messageTitle":"Add table of contents to UserGuide.md","messageBody":"","fileTypesAndContributionMap":{"docs":{"insertions":16,"deletions":1}}},{"hash":"b6b0c7535406514c3e7de3621d5c68d4f4b2d4b4","isMergeCommit":false,"messageTitle":"Add NFR to DeveloperGuide.md","messageBody":"","fileTypesAndContributionMap":{"docs":{"insertions":11,"deletions":3}}},{"hash":"2f1e942d196918098d32eca6e0430a0d415ed3c0","isMergeCommit":false,"messageTitle":"Change TOC in UserGuide.md","messageBody":"","fileTypesAndContributionMap":{"docs":{"insertions":1,"deletions":16}}},{"hash":"8153a816a890a2122c2dfa67acb85b7582a4ef02","isMergeCommit":false,"messageTitle":"Update \"edit\" command in command summary of UserGuide.md","messageBody":"","fileTypesAndContributionMap":{"docs":{"insertions":1,"deletions":1}}}]},{"date":"2023-03-10","commitResults":[{"hash":"498efe265505b2dc0fdfa3ef8ae5fc655a493600","isMergeCommit":false,"messageTitle":"Update implementation of \"edit\" command","messageBody":"Edit command uses Index.\n\nA command that uses employee ID would be easier for managers to use.\n\nLet\u0027s,\n* update the implementation to use employee ID instead.\n","fileTypesAndContributionMap":{"functional-code":{"insertions":57,"deletions":24},"test-code":{"insertions":6,"deletions":6}}}]},{"date":"2023-03-13","commitResults":[{"hash":"92b2537ec3982e0794a24808e94d0ec75e118232","isMergeCommit":true,"messageTitle":"Merge pull request #81 from yanlings/branch-UI","messageBody":"Branch UI","fileTypesAndContributionMap":{}}]},{"date":"2023-03-14","commitResults":[{"hash":"777516b8bb908de820e4f5bf70e81a0de3abc1b1","isMergeCommit":true,"messageTitle":"Merge pull request #82 from abenx162/branch-LightMode","messageBody":"Implement Light theme","tags":["v1.2"],"fileTypesAndContributionMap":{}},{"hash":"5d4417991f73d09a0c7a24b891e5b2b2b0a3af2f","isMergeCommit":false,"messageTitle":"Add department to \"edit\" command","messageBody":"","fileTypesAndContributionMap":{"functional-code":{"insertions":10,"deletions":3}}},{"hash":"2c24d74488a6b4863acac7af333b6ac155f07c6d","isMergeCommit":false,"messageTitle":"Add department check to isAnyFieldEdited in EditCommand.java","messageBody":"","fileTypesAndContributionMap":{"functional-code":{"insertions":10,"deletions":10}}},{"hash":"0a5f88d63b298638bf5395e292d6ae3fcc2bc7fd","isMergeCommit":false,"messageTitle":"Change Person class to Employee class","messageBody":"Rename all instances of person to employee to make the abstraction more accurate\n","fileTypesAndContributionMap":{"functional-code":{"insertions":347,"deletions":350},"other":{"insertions":117,"deletions":117},"docs":{"insertions":50,"deletions":50},"test-code":{"insertions":434,"deletions":433}}},{"hash":"46c56a57980d26dd49e4218295cda216bcebf739","isMergeCommit":false,"messageTitle":"Add department field check for isAnyFieldEdited() in EditCommand.java","messageBody":"","fileTypesAndContributionMap":{"functional-code":{"insertions":11,"deletions":11}}},{"hash":"661fc4073b575a8968ff30b4800994c3864b81b3","isMergeCommit":true,"messageTitle":"Merge branch \u0027master\u0027 into branch-rename-classes","messageBody":"# Conflicts:\n#\tsrc/main/java/seedu/address/logic/commands/EditCommand.java\n","fileTypesAndContributionMap":{}},{"hash":"395b5b259a558ef047b0814f7ad8154d211e4e2e","isMergeCommit":false,"messageTitle":"Resolve checkstyle errors","messageBody":"","fileTypesAndContributionMap":{"functional-code":{"insertions":15,"deletions":11},"test-code":{"insertions":36,"deletions":21}}},{"hash":"c66bd65cf9cf77cc2449f1ab904197d1cfef90ec","isMergeCommit":false,"messageTitle":"Resolve CI error","messageBody":"","fileTypesAndContributionMap":{"functional-code":{"insertions":1,"deletions":1}}},{"hash":"959266a84071b38042dc1821e6bd843bfca8c5b7","isMergeCommit":false,"messageTitle":"Change test cases for new EmployeeId class","messageBody":"","fileTypesAndContributionMap":{"functional-code":{"insertions":51,"deletions":45},"test-code":{"insertions":90,"deletions":132}}},{"hash":"7bd207c390c7902c0c6f6a08d55e105f43aa646f","isMergeCommit":false,"messageTitle":"Change Person class to Employee for most test cases","messageBody":"","fileTypesAndContributionMap":{"other":{"insertions":43,"deletions":43},"test-code":{"insertions":325,"deletions":366}}}]},{"date":"2023-03-15","commitResults":[{"hash":"3747954126393288db9a0363b73e4ce372caf711","isMergeCommit":true,"messageTitle":"Merge pull request #90 from abenx162/branch-LightMode-TestCases","messageBody":"Add test cases relating to Theme commands","fileTypesAndContributionMap":{}},{"hash":"c24091932947897bbcf147f5eca68cea45c1bbba","isMergeCommit":false,"messageTitle":"Change AddressBook class to ExecutiveProDb","messageBody":"Change all instances of AddressBook to ExecutivePro\nUpdate test cases with new class name\n","fileTypesAndContributionMap":{"functional-code":{"insertions":156,"deletions":154},"other":{"insertions":73,"deletions":73},"docs":{"insertions":1,"deletions":1},"test-code":{"insertions":285,"deletions":279}}}]},{"date":"2023-03-22","commitResults":[{"hash":"aa0fd6e9d34e53b175777aa3dcd81b1c5457472d","isMergeCommit":false,"messageTitle":"Add assertion support in build.gradle","messageBody":"","fileTypesAndContributionMap":{"other":{"insertions":4,"deletions":0}}},{"hash":"7cc5e9cb9551f84a9905e245a7ce24468aa58fae","isMergeCommit":true,"messageTitle":"Merge pull request #100 from yanlings/branch-UI","messageBody":"ExecutivePro UI","fileTypesAndContributionMap":{}}]},{"date":"2023-03-23","commitResults":[{"hash":"a40bc69e5163fb9e1265ab01b023c43e1f39f6dc","isMergeCommit":true,"messageTitle":"Merge pull request #107 from abenx162/branch-List-Theme-DG","messageBody":"update DG for ListCommand and ThemeCommand","fileTypesAndContributionMap":{}},{"hash":"edd85fb85c7162b2eff8928dc6bb6e990af55c10","isMergeCommit":false,"messageTitle":"Add EditCommand implementation in DG","messageBody":"","fileTypesAndContributionMap":{"docs":{"insertions":105,"deletions":0}}},{"hash":"88e6c969d0e10e304bd1e4bcfcd5358ad84de460","isMergeCommit":false,"messageTitle":"Add EditSequenceDiagram.png","messageBody":"","fileTypesAndContributionMap":{"docs":{"insertions":1,"deletions":1}}}]},{"date":"2023-03-24","commitResults":[{"hash":"ce8829f17f236aa28a679f067e7fcdcd70dfce39","isMergeCommit":false,"messageTitle":"Add getFullEmployeeList() method in Model class Add getEmployee() method in Model class","messageBody":"","fileTypesAndContributionMap":{"functional-code":{"insertions":52,"deletions":10},"test-code":{"insertions":10,"deletions":0}}},{"hash":"6488e27d479c764bead4523d6b83e0d9a63a56c3","isMergeCommit":false,"messageTitle":"Add Assertions to gradle file","messageBody":"","fileTypesAndContributionMap":{"other":{"insertions":5,"deletions":0}}}]},{"date":"2023-03-26","commitResults":[{"hash":"6f06bb021cf7b6ed396ed97c6d1ed238f2954dea","isMergeCommit":true,"messageTitle":"Merge branch \u0027master\u0027 into branch-addattributes","messageBody":"","fileTypesAndContributionMap":{}}]},{"date":"2023-03-28","commitResults":[{"hash":"87efd177ea6c5a551faa4461234dd1753b5a0c83","isMergeCommit":false,"messageTitle":"Add payroll,  leave count, date of birth and join date in Employee Class","messageBody":"","fileTypesAndContributionMap":{"functional-code":{"insertions":95,"deletions":0}}},{"hash":"d3c08f0c650f569fe6aeb2b9ee174574d95a3720","isMergeCommit":true,"messageTitle":"Merge branch \u0027master\u0027 into branch-addattributes","messageBody":"","fileTypesAndContributionMap":{}}]},{"date":"2023-03-29","commitResults":[{"hash":"98bb7b30b72d7c516bbea69cbdcee0edd42a31c6","isMergeCommit":false,"messageTitle":"Add payroll,  leave count, date of birth and join date for Add Command and Edit Command","messageBody":"Edit JsonAdaptedEmployee with new fields\n\nAdd JsonAdaptedLeaveCounter and JsonAdaptedPayroll\n","fileTypesAndContributionMap":{"functional-code":{"insertions":502,"deletions":71}}},{"hash":"25661594efca1314cb0777ecd10bccdd0be12eaf","isMergeCommit":false,"messageTitle":"Edit SampleDataUtil to use Optional.empty()","messageBody":"","fileTypesAndContributionMap":{"functional-code":{"insertions":11,"deletions":11}}},{"hash":"5f30f7a8e8616bf86f8d0a29a264d4b91bdc5130","isMergeCommit":false,"messageTitle":"Fix exceptions when adding Employee","messageBody":"","fileTypesAndContributionMap":{"functional-code":{"insertions":28,"deletions":31}}},{"hash":"5bee913a6638dfeb3bf1efa19a9153f3bdf32320","isMergeCommit":false,"messageTitle":"Add functionality for Edit command to change new fields","messageBody":"","fileTypesAndContributionMap":{"functional-code":{"insertions":58,"deletions":14}}},{"hash":"1eb21353580739519524441422541fdd0fbe757e","isMergeCommit":true,"messageTitle":"Merge branch \u0027master\u0027 into branch-addattributes","messageBody":"# Conflicts:\n#\tsrc/main/resources/view/PersonListPanel.fxml\n","fileTypesAndContributionMap":{}},{"hash":"c68af494759bb813e07fa339ce447da1564a46a3","isMergeCommit":false,"messageTitle":"Fix BatchAddCommand bug when fields have \",\"","messageBody":"","fileTypesAndContributionMap":{"functional-code":{"insertions":8,"deletions":3}}},{"hash":"9323ba20d437bdc3faa2dd2c8c85f04db90d1191","isMergeCommit":false,"messageTitle":"Fix CheckStyle issues","messageBody":"","fileTypesAndContributionMap":{"functional-code":{"insertions":0,"deletions":3}}},{"hash":"5db2103694c2d723d5cc4eff773fc31baa464e99","isMergeCommit":false,"messageTitle":"Add Leave Command for employees to take leave","messageBody":"","fileTypesAndContributionMap":{"functional-code":{"insertions":137,"deletions":16}}}]}],"abenx162":[{"date":"2023-02-26","commitResults":[{"hash":"1321f81ae4ec8bfb72af441fedcd886685eefc6c","isMergeCommit":false,"messageTitle":"Add Ben Xuan\u0027s PPP to docs/team","messageBody":"","fileTypesAndContributionMap":{"docs":{"insertions":22,"deletions":0}}},{"hash":"1275cca9df704236d35d048e6675d96e66b356b0","isMergeCommit":false,"messageTitle":"Update Ben Xuan\u0027s PPP to display correctly on GitHub","messageBody":"","fileTypesAndContributionMap":{"docs":{"insertions":2,"deletions":2}}}]},{"date":"2023-02-27","commitResults":[{"hash":"8db120a6bfd0f0e792e40885c9a2ca60cbba9364","isMergeCommit":false,"messageTitle":"Add Ben Xuan to AboutUs page","messageBody":"","fileTypesAndContributionMap":{"docs":{"insertions":6,"deletions":5}}}]},{"date":"2023-03-01","commitResults":[{"hash":"6ec115ee509bc34aa4ed6c09a0a3854adc9a2a5c","isMergeCommit":true,"messageTitle":"Merge branch \u0027master\u0027 into update-ug","messageBody":"","fileTypesAndContributionMap":{}},{"hash":"a44ecb4f8d1655238aad82c8a488b618437e9977","isMergeCommit":true,"messageTitle":"Merge pull request #30 from gyulong1/update-ug","messageBody":"Update UserGuide.md for introduction and list command","fileTypesAndContributionMap":{}},{"hash":"65208ea6f6e455e6013901db91b4a923a5a5215b","isMergeCommit":true,"messageTitle":"Merge branch \u0027master\u0027 into aboutus","messageBody":"","fileTypesAndContributionMap":{}},{"hash":"4db5b27d596ab7b519958f92fce54b419c9d13c2","isMergeCommit":true,"messageTitle":"Merge pull request #29 from gyulong1/aboutus","messageBody":"Add Yulong\u0027s PPP page and update README.md","fileTypesAndContributionMap":{}}]},{"date":"2023-03-05","commitResults":[{"hash":"c5d3322feb3caecd21df094509eadff5be4aa263","isMergeCommit":true,"messageTitle":"Merge pull request #37 from yanlings/Branch-PPP","messageBody":"Update Yan Ling\u0027s PPP","fileTypesAndContributionMap":{}},{"hash":"bead2db86d397d9028ae40cf2106f47dbb643402","isMergeCommit":true,"messageTitle":"Merge pull request #38 from yanlings/Branch-AboutUs","messageBody":"Update AboutUs","fileTypesAndContributionMap":{}},{"hash":"8e183f51d13db670ec60b02bdd108ac316b935e2","isMergeCommit":true,"messageTitle":"Merge pull request #39 from yanlings/Branch-AboutUs","messageBody":"Update AboutUs","fileTypesAndContributionMap":{}},{"hash":"c9eeddf5168ed87626bacb8a75c155741d2e51f0","isMergeCommit":false,"messageTitle":"Update developer guide: Use cases 1, 2, 3 Minor edit to user guide and about us.","messageBody":"","fileTypesAndContributionMap":{"docs":{"insertions":64,"deletions":15}}}]},{"date":"2023-03-10","commitResults":[{"hash":"d8f73023d6a84a2442cfae0b405a426d6cf53a84","isMergeCommit":true,"messageTitle":"Merge pull request #63 from gyulong1/branch-editcommand","messageBody":"Update implementation of \"edit\" command","fileTypesAndContributionMap":{}}]},{"date":"2023-03-12","commitResults":[{"hash":"e98eb756a18df4ca687ae6d3ad8cb337ae2422fc","isMergeCommit":false,"messageTitle":"Modify success message for ListCommand to match ExecutivePro","messageBody":"","fileTypesAndContributionMap":{"functional-code":{"insertions":1,"deletions":1}}},{"hash":"02b207407aea9f7c9f95c2fc9e5588247ce063e4","isMergeCommit":false,"messageTitle":"Add Department field to Person class, and update other classes accordingly","messageBody":"","fileTypesAndContributionMap":{"functional-code":{"insertions":144,"deletions":49},"test-code":{"insertions":14,"deletions":6}}},{"hash":"3928f592b85f4cb909cb9c8e948c1570c90bd006","isMergeCommit":false,"messageTitle":"Update Department class","messageBody":"","fileTypesAndContributionMap":{"functional-code":{"insertions":1,"deletions":1}}},{"hash":"fbe6ee3fb29e8be7d251dac97fd4e2b88ded5415","isMergeCommit":false,"messageTitle":"Minor checkstyle fixes","messageBody":"","fileTypesAndContributionMap":{"functional-code":{"insertions":45,"deletions":9}}},{"hash":"03fecc252e3a72a19c6e81f5bb474e1758817d8f","isMergeCommit":false,"messageTitle":"Update UserGuide for List command","messageBody":"","fileTypesAndContributionMap":{"docs":{"insertions":2,"deletions":2}}},{"hash":"854ac619dcb3af29333e66634ca2b5429ee4eaa0","isMergeCommit":false,"messageTitle":"Update UserGuide to include Department","messageBody":"","fileTypesAndContributionMap":{"docs":{"insertions":12,"deletions":12}}},{"hash":"7539c9c78a1cd1fdf220a32d309af928111ee267","isMergeCommit":true,"messageTitle":"Merge pull request #77 from JunHao247/branch-AddCommand","messageBody":"Update example for AddCommand","fileTypesAndContributionMap":{}}]},{"date":"2023-03-13","commitResults":[{"hash":"89e1b512fcc9e4420162254c87f7264aa34a5cad","isMergeCommit":false,"messageTitle":"Implement light theme for ExecutivePro","messageBody":"","fileTypesAndContributionMap":{"functional-code":{"insertions":524,"deletions":1},"other":{"insertions":0,"deletions":0}}},{"hash":"61c4cd39dd9c532ceb44f416eb35b71bcbcd76cf","isMergeCommit":true,"messageTitle":"Merge branch \u0027master\u0027 into branch-LightMode","messageBody":"# Conflicts:\n#\tsrc/main/java/seedu/address/logic/parser/ParserUtil.java\n","fileTypesAndContributionMap":{}}]},{"date":"2023-03-14","commitResults":[{"hash":"0d81ca83f35efb8047cacf9c2ec8dc1d2cf89244","isMergeCommit":false,"messageTitle":"Edit UserGuide to include Change Theme command.","messageBody":"","fileTypesAndContributionMap":{"docs":{"insertions":12,"deletions":0}}},{"hash":"b6b116032d4277901c086ecd9e83141ebf1290a5","isMergeCommit":false,"messageTitle":"Fix themes to work with nameCard.","messageBody":"","fileTypesAndContributionMap":{"functional-code":{"insertions":6,"deletions":6}}},{"hash":"a5cd9e902e5381ab0f9dbbfa9a197bc477a0b644","isMergeCommit":true,"messageTitle":"Merge pull request #84 from gyulong1/branch-editcommand","messageBody":"Add department to \"edit\" command","fileTypesAndContributionMap":{}},{"hash":"2f79d67de11ab4f0b81bdd64c9d63a8080bf183b","isMergeCommit":true,"messageTitle":"Merge pull request #86 from gyulong1/branch-rename-classes","messageBody":"Change Person class to Employee class","fileTypesAndContributionMap":{}}]},{"date":"2023-03-15","commitResults":[{"hash":"19414b99b05dc427ae9de0d14b6f4e5a4b7c19a6","isMergeCommit":true,"messageTitle":"Merge pull request #89 from JunHao247/branch-UserGuide","messageBody":"Update user guide to include tags","fileTypesAndContributionMap":{}},{"hash":"c798904dbf1853b38edca9478a4ddc1632304dd8","isMergeCommit":false,"messageTitle":"Add test cases relating to Theme commands","messageBody":"","fileTypesAndContributionMap":{"functional-code":{"insertions":6,"deletions":5},"test-code":{"insertions":114,"deletions":20}}},{"hash":"ef2f38fa8745081dea0399615cba5b47a3997048","isMergeCommit":false,"messageTitle":"Minor style changes","messageBody":"","fileTypesAndContributionMap":{"test-code":{"insertions":16,"deletions":10}}},{"hash":"f488d99a8928ca61c23ac31de9258a3c5fd5785e","isMergeCommit":false,"messageTitle":"Minor checkstyle changes","messageBody":"","fileTypesAndContributionMap":{"test-code":{"insertions":15,"deletions":12}}}]},{"date":"2023-03-17","commitResults":[{"hash":"49402e012281900103ebc983104822a529f51426","isMergeCommit":true,"messageTitle":"Merge pull request #91 from gyulong1/branch-rename-classes","messageBody":"Change AddressBook class to ExecutiveProDb","fileTypesAndContributionMap":{}}]},{"date":"2023-03-23","commitResults":[{"hash":"67e8221c9a006d553b8da1109c86ad85fffa03af","isMergeCommit":false,"messageTitle":"Add UML diagrams for ListCommand and ThemeCommand, and update DG accordingly","messageBody":"","fileTypesAndContributionMap":{"docs":{"insertions":222,"deletions":0}}},{"hash":"2ecfc1eef424c1dc3fc7d0e4a9ad99d305fc2479","isMergeCommit":false,"messageTitle":"Minor checkstyle fixes","messageBody":"","fileTypesAndContributionMap":{"docs":{"insertions":9,"deletions":14}}},{"hash":"2ff51d9c08db2c9d1aaf71ad95d8e5ff6389852a","isMergeCommit":true,"messageTitle":"Merge pull request #106 from JunHao247/branch-UML","messageBody":"Update UML diagram for AddCommand","fileTypesAndContributionMap":{}}]},{"date":"2023-03-24","commitResults":[{"hash":"4f908966f72948468c10b4286e3cf8e401daff03","isMergeCommit":true,"messageTitle":"Merge pull request #110 from gyulong1/update-dg","messageBody":"Add EditCommand implementation in DG","fileTypesAndContributionMap":{}},{"hash":"f0f880443d32f5fd820a83afbc96517000b59735","isMergeCommit":false,"messageTitle":"Add functionality to copy image from file explorer.","messageBody":"","fileTypesAndContributionMap":{"functional-code":{"insertions":140,"deletions":10}}}]},{"date":"2023-03-25","commitResults":[{"hash":"663ab5abc846b0a85e943c7ffb2f99c23e2ef7c3","isMergeCommit":false,"messageTitle":"Add image upload and display functionality","messageBody":"","fileTypesAndContributionMap":{"functional-code":{"insertions":70,"deletions":25}}},{"hash":"f64a50b1a305f9f2f8e93f094240d33f59e933cc","isMergeCommit":false,"messageTitle":"Implement PicturePath class Implement saving images and retrieving on startup Add test cases relating to setting pictures Modify existing test cases to accommodate PicturePath","messageBody":"","fileTypesAndContributionMap":{"functional-code":{"insertions":151,"deletions":55},"test-code":{"insertions":345,"deletions":111}}},{"hash":"9ed8f1f128ae20f87b77a5c5731c3f6faca1af67","isMergeCommit":true,"messageTitle":"Merge branch \u0027master\u0027 into branch-AddPictures","messageBody":"# Conflicts:\n#\tsrc/main/resources/view/PersonListPanel.fxml\n","fileTypesAndContributionMap":{}},{"hash":"bab067637834f9d2ffd4ea4bbf9c683ad402bcf9","isMergeCommit":false,"messageTitle":"Add testing to improve code coverage","messageBody":"","fileTypesAndContributionMap":{"test-code":{"insertions":8,"deletions":9}}},{"hash":"2703487172a9fcc10a7363aa726eae722718aa19","isMergeCommit":false,"messageTitle":"Minor checkstyle changes","messageBody":"","fileTypesAndContributionMap":{"test-code":{"insertions":10,"deletions":1}}},{"hash":"00b764524d6cf2a9e9fbabecaf6a6fed072950ec","isMergeCommit":false,"messageTitle":"Tidy up SetPictureCommand class, add test cases","messageBody":"","fileTypesAndContributionMap":{"functional-code":{"insertions":44,"deletions":40},"test-code":{"insertions":20,"deletions":1}}},{"hash":"6aed172af8b5f715e1a76884a785048d78b79c35","isMergeCommit":false,"messageTitle":"Add PicturePath tests","messageBody":"","fileTypesAndContributionMap":{"test-code":{"insertions":31,"deletions":0}}}]},{"date":"2023-03-26","commitResults":[{"hash":"6780d14ab99ab84a551fa5597a0223a3958290e4","isMergeCommit":true,"messageTitle":"Merge pull request #121 from JunHao247/branch-BatchAddCommand","messageBody":"Add BatchAddCommand","fileTypesAndContributionMap":{}},{"hash":"954c5baaea794f76aaffb9cc02b2bd9ac4075865","isMergeCommit":true,"messageTitle":"Merge pull request #122 from JunHao247/branch-EmployeeId","messageBody":"Update ClearCommand ","fileTypesAndContributionMap":{}},{"hash":"4e560df811bd2ee3218faf1390c43c8c8fff3b10","isMergeCommit":true,"messageTitle":"Merge pull request #130 from JunHao247/branch-BatchExportCommand","messageBody":"Add BatchExportCommand ","fileTypesAndContributionMap":{}}]},{"date":"2023-03-27","commitResults":[{"hash":"bdc519ceef662da96690df6ef2ffe30112936db7","isMergeCommit":false,"messageTitle":"Update Userguide to include Theme and SetPicture commands","messageBody":"","fileTypesAndContributionMap":{"docs":{"insertions":27,"deletions":11}}},{"hash":"8422093a7a13d5dcee66fe6ad4fdeb77a97d8532","isMergeCommit":true,"messageTitle":"Merge pull request #139 from JunHao247/branch-UserGuide","messageBody":"Update UserGuide to include helpwindow, batchadd, batchexport, Developer Guide to include batchadd","fileTypesAndContributionMap":{}}]},{"date":"2023-03-28","commitResults":[{"hash":"b3762d2caf8838b37930bf349cb1593ac28f5db4","isMergeCommit":true,"messageTitle":"Merge pull request #142 from panavdua/branch-FindCommand","messageBody":"Update Find Command","fileTypesAndContributionMap":{}}]},{"date":"2023-03-29","commitResults":[{"hash":"1f1c78f524fa86c5eb00fdb7927021f33c742dbd","isMergeCommit":true,"messageTitle":"Merge pull request #147 from yanlings/branch-UI","messageBody":"Change font size","fileTypesAndContributionMap":{}},{"hash":"ee2175adf86182afaf272b88927bf339419d76bf","isMergeCommit":true,"messageTitle":"Merge pull request #148 from gyulong1/branch-addattributes","messageBody":"Add new fields to Employee Class","fileTypesAndContributionMap":{}}]},{"date":"2023-03-30","commitResults":[{"hash":"b06a9f61e3b0ec8a9d94b1574809b795a044de57","isMergeCommit":true,"messageTitle":"Merge pull request #152 from gyulong1/branch-leave-command","messageBody":"Add Leave Command for employees to take leave","fileTypesAndContributionMap":{}}]}],"JunHao247":[{"date":"2023-02-22","commitResults":[{"hash":"22ea460e61745b0f0de8b6a86a0cc6b277517ade","isMergeCommit":false,"messageTitle":"Add codecov badge to README","messageBody":"","fileTypesAndContributionMap":{"docs":{"insertions":1,"deletions":1}}},{"hash":"b3ed9bc561b008e9de78bdfafaff7687b7d414c3","isMergeCommit":true,"messageTitle":"Merge pull request #1 from JunHao247/master","messageBody":"Add codecov badge to README","fileTypesAndContributionMap":{}},{"hash":"287aacd8880648a639f56c1e800dc3c4b2205b21","isMergeCommit":false,"messageTitle":"Update codecov token in badge","messageBody":"","fileTypesAndContributionMap":{"docs":{"insertions":1,"deletions":1}}},{"hash":"e047fe7d9eff200c10eec572263d68158f67909d","isMergeCommit":true,"messageTitle":"Merge pull request #2 from JunHao247/master","messageBody":"Update codecov token in badge","fileTypesAndContributionMap":{}}]},{"date":"2023-02-25","commitResults":[{"hash":"39be1d9b29634175932cfed97183c4e5692b26fe","isMergeCommit":false,"messageTitle":"Create docs/team/junhao247.md and add my own PPP","messageBody":"","fileTypesAndContributionMap":{"docs":{"insertions":42,"deletions":0}}},{"hash":"58222fc62d0a76233ffcbab30fd92ae81fcbb856","isMergeCommit":true,"messageTitle":"Merge pull request #9 from panavdua/branch-ppp","messageBody":"Create ppp for me","fileTypesAndContributionMap":{}},{"hash":"12de313486040afd32a3ec65979f13b6fab955f5","isMergeCommit":true,"messageTitle":"Merge pull request #10 from yanlings/Branch-PPP","messageBody":"Updated Yan Ling\u0027s PPP","fileTypesAndContributionMap":{}},{"hash":"f38a78fb060d53178481fbc0a1594a02cde0fd26","isMergeCommit":false,"messageTitle":"Update JavaCI status badge and README documentation","messageBody":"","fileTypesAndContributionMap":{"docs":{"insertions":12,"deletions":10}}},{"hash":"8c4c45ccc99c19d81b7ef771d803b523fc19d3cb","isMergeCommit":false,"messageTitle":"Update AboutUs with my own details and rectify Java CI errors","messageBody":"","fileTypesAndContributionMap":{"docs":{"insertions":17,"deletions":16}}}]},{"date":"2023-02-26","commitResults":[{"hash":"1297034b8832cf967e7095f948459968ec210cfe","isMergeCommit":false,"messageTitle":"Update index.md, site-wite settings documentations","messageBody":"","fileTypesAndContributionMap":{"docs":{"insertions":6,"deletions":6}}},{"hash":"951b1beb46f7601525f71a4a2959720c7d6dae5a","isMergeCommit":false,"messageTitle":"Update index.md","messageBody":"","fileTypesAndContributionMap":{"docs":{"insertions":1,"deletions":1}}},{"hash":"3d7a440eb9c428dbcf80c4aba8ecc470585061ca","isMergeCommit":false,"messageTitle":"Update ReadMe","messageBody":"","fileTypesAndContributionMap":{"docs":{"insertions":1,"deletions":1}}},{"hash":"ec023cad82c2edcb9a5028bed188f68d8d82ec7e","isMergeCommit":true,"messageTitle":"Merge pull request #22 from yanlings/Branch-PPP","messageBody":"Branch PPP","fileTypesAndContributionMap":{}},{"hash":"252535cfa3739f1d5c9c57adfd908bfbfc8e6cd0","isMergeCommit":true,"messageTitle":"Merge pull request #23 from yanlings/Branch-AboutUs","messageBody":"Branch-AboutUs","fileTypesAndContributionMap":{}},{"hash":"bc9b6a88c3e70539a07be91d78daf08b82953620","isMergeCommit":false,"messageTitle":"Update Skeletal PPP to make it more uniform and proper.","messageBody":"","fileTypesAndContributionMap":{"docs":{"insertions":2,"deletions":10}}},{"hash":"3dad5f5dbe90bdfa2e90869b1f44c0d6262167ef","isMergeCommit":true,"messageTitle":"Merge pull request #24 from abenx162/branch-PPP","messageBody":"Add Ben Xuan\u0027s PPP to docs/team","fileTypesAndContributionMap":{}}]},{"date":"2023-02-28","commitResults":[{"hash":"f2dc5a706618aa5fd4ddb745b8c745c857a724a8","isMergeCommit":true,"messageTitle":"Merge pull request #33 from yanlings/Branch-UG","messageBody":"Update delete feature for user guide","fileTypesAndContributionMap":{}},{"hash":"bd8e617dd87daf0137a931817f2b5c92fe568612","isMergeCommit":true,"messageTitle":"Merge pull request #34 from yanlings/Branch-PPP","messageBody":"Branch ppp","fileTypesAndContributionMap":{}},{"hash":"4811c62f612dad7ce892c3a72c3273db26e97d41","isMergeCommit":true,"messageTitle":"Merge pull request #35 from yanlings/Branch-PPP","messageBody":"Update Yan Ling\u0027s PPP","fileTypesAndContributionMap":{}}]},{"date":"2023-03-05","commitResults":[{"hash":"f95ba36acead25ed02a4ffc08363cd2780322e58","isMergeCommit":true,"messageTitle":"Merge pull request #36 from panavdua/branch-update-Aboutus","messageBody":"Add picture to docs/images","fileTypesAndContributionMap":{}},{"hash":"b1b145fb8f50dc58315797ad6b18ff9ff5b81e29","isMergeCommit":true,"messageTitle":"Merge pull request #41 from gyulong1/update-ug","messageBody":"Add table of contents to UserGuide.md","fileTypesAndContributionMap":{}},{"hash":"38c8868e14a65cf1cd80073c0ec239eb1f2783b9","isMergeCommit":true,"messageTitle":"Merge pull request #44 from gyulong1/update-ug","messageBody":"Change TOC in UserGuide.md","fileTypesAndContributionMap":{}},{"hash":"6b182a630d0fca31746690da816fe06bc06df174","isMergeCommit":true,"messageTitle":"Merge pull request #45 from gyulong1/update-dg","messageBody":"Add NFR to DeveloperGuide.md","fileTypesAndContributionMap":{}},{"hash":"7f88c2568010cc7d5c78f49481cd0180373c3752","isMergeCommit":true,"messageTitle":"Merge pull request #46 from panavdua/update-UserGuide","messageBody":"Add \u0027find\u0027 command details in UserGuide","fileTypesAndContributionMap":{}},{"hash":"688dd24a8bc72dbcdf8321a1f11abc5a1c459cb4","isMergeCommit":false,"messageTitle":"Update UserGuide to current UserGuide with appropriate format for add command","messageBody":"","fileTypesAndContributionMap":{"docs":{"insertions":7,"deletions":11}}},{"hash":"29b0c736031646c2b99763548f5b8adc512640af","isMergeCommit":true,"messageTitle":"Merge pull request #47 from gyulong1/update-ug","messageBody":"Update \"edit\" command in command summary of UserGuide.md","fileTypesAndContributionMap":{}},{"hash":"693f5dab38f4a30515ad41e7001785a229d90994","isMergeCommit":false,"messageTitle":"Update developer guide: Target user profile, value proposition and user stories","messageBody":"","fileTypesAndContributionMap":{"docs":{"insertions":10,"deletions":11}}},{"hash":"60c6f01fbb90073f4f7bed3c4632fee8b36977f5","isMergeCommit":true,"messageTitle":"Merge pull request #50 from yanlings/branch-DeveloperGuide","messageBody":"Update developer guide: Use cases 4,5,6","fileTypesAndContributionMap":{}}]},{"date":"2023-03-06","commitResults":[{"hash":"bc4ca791fd32d854baec65def6b0dcf0bb79183f","isMergeCommit":true,"messageTitle":"Merge pull request #52 from panavdua/branch-updateDeveloperGuide","messageBody":"Update glossary of Developer guide","fileTypesAndContributionMap":{}}]},{"date":"2023-03-09","commitResults":[{"hash":"d25443fc70fb3a4c267d4bcaafeb66da709cc9db","isMergeCommit":true,"messageTitle":"Merge pull request #57 from yanlings/branch-deleteCommand","messageBody":"Branch delete command","fileTypesAndContributionMap":{}},{"hash":"cd1d350cd1724d6cf5af8b392bb06228ccfc78b9","isMergeCommit":false,"messageTitle":"Create employeeId class, update Command, Ui, Parser and Person class in order to take in employeeId. Update JsonAdaptedPerson so that EmployeeId is stored properly","messageBody":"","fileTypesAndContributionMap":{"functional-code":{"insertions":167,"deletions":14}}},{"hash":"3770d353bbab46f822aba7a3cdfd07e756ae8155","isMergeCommit":false,"messageTitle":"Rectify CI errors","messageBody":"","fileTypesAndContributionMap":{"functional-code":{"insertions":1,"deletions":1},"docs":{"insertions":2,"deletions":2}}},{"hash":"1f1d183b97a6d1bf3756976384b70b334af067eb","isMergeCommit":false,"messageTitle":"Rectify Gradle checkstyle errors","messageBody":"","fileTypesAndContributionMap":{"functional-code":{"insertions":18,"deletions":17}}},{"hash":"60da51936e2b3b00f721d4d6f3c627cbedf6edea","isMergeCommit":false,"messageTitle":"Update AddCommand class to include EmployeeId","messageBody":"","fileTypesAndContributionMap":{"functional-code":{"insertions":3,"deletions":0}}}]},{"date":"2023-03-10","commitResults":[{"hash":"3464938df8ed1c02d6fc1409568faec83f11cde7","isMergeCommit":true,"messageTitle":"Merge pull request #65 from panavdua/branch-findCommand","messageBody":"Branch find command","fileTypesAndContributionMap":{}},{"hash":"c526a7b7027b69cbc907d6a9a8c0e0808d62e7de","isMergeCommit":true,"messageTitle":"Merge pull request #66 from panavdua/branch-findCommand","messageBody":"Branch find command","fileTypesAndContributionMap":{}},{"hash":"0e8ce9073000ee7bf30b7e355563d90710d361bb","isMergeCommit":false,"messageTitle":"Update AddCommand and UserGuide to take in employeeId","messageBody":"","fileTypesAndContributionMap":{"functional-code":{"insertions":3,"deletions":5},"docs":{"insertions":4,"deletions":4}}},{"hash":"779791cb5486ea51bca3e8226931583be1b88732","isMergeCommit":true,"messageTitle":"Merge branch \u0027master\u0027 into branch-deleteCommand","messageBody":"","fileTypesAndContributionMap":{}},{"hash":"88fd0b505cb3ca1e122dfb47ab5de9fe9d3f1276","isMergeCommit":true,"messageTitle":"Merge pull request #70 from yanlings/branch-deleteCommand","messageBody":"Branch delete command","fileTypesAndContributionMap":{}},{"hash":"c26ee821c2185f292c293f66eebc7370edfe1c12","isMergeCommit":true,"messageTitle":"Merge pull request #72 from yanlings/branch-deleteCommand","messageBody":"Branch delete command","fileTypesAndContributionMap":{}}]},{"date":"2023-03-12","commitResults":[{"hash":"03d72370ec25e553a0e5b737161407855df07e12","isMergeCommit":true,"messageTitle":"Merge pull request #75 from abenx162/branch-Department","messageBody":"Add Department field to Person class","fileTypesAndContributionMap":{}},{"hash":"75192d1c01541b8b4655cd629710dfaddaddb4ec","isMergeCommit":true,"messageTitle":"Merge pull request #76 from abenx162/branch-ListCommand","messageBody":"Branch list command","fileTypesAndContributionMap":{}},{"hash":"ceebee5af1f3abc9a034a94b4c239824dbf45910","isMergeCommit":false,"messageTitle":"Update example for AddCommand","messageBody":"","fileTypesAndContributionMap":{"functional-code":{"insertions":1,"deletions":1}}},{"hash":"d3000a26149a345c01d9280ed049b35fd259a3e4","isMergeCommit":false,"messageTitle":"Update MainApp to ExecutivePro\u0027s name. Update AddCommand, JsonAdaptedPerson and EmployeeId so that database stores the inputs","messageBody":"","fileTypesAndContributionMap":{"functional-code":{"insertions":8,"deletions":47}}},{"hash":"43a0d055ccd682f2683cde6fb541aada78bfaa11","isMergeCommit":false,"messageTitle":"# Update Test classes in order to resolve Java CI errors.","messageBody":"Update\nUpdate PersonAddressBook class to include employeeId.\nUpdate LogicManagerTest to setEmployeeId.\nAdd employeeId in AddCommandParserTest, AddressBookParserTest.\nCreate EmployeeIdTest class.\nUpdate PersonBuilder,TypicalPersons class to include employeeId.\n","fileTypesAndContributionMap":{"test-code":{"insertions":96,"deletions":13}}},{"hash":"8f32ce8245bf84136782943469d74d0821c1a006","isMergeCommit":false,"messageTitle":"Update variable names to fix checkstyle errors","messageBody":"","fileTypesAndContributionMap":{"functional-code":{"insertions":4,"deletions":7}}},{"hash":"c9b1816e256bf8dd7acca26732ac670ee0f4d296","isMergeCommit":true,"messageTitle":"Merge branch \u0027master\u0027 into branch-TestFiles","messageBody":"* master:\n  Update MainApp to ExecutivePro\u0027s name. Update AddCommand, JsonAdaptedPerson and EmployeeId so that database stores the inputs\n","fileTypesAndContributionMap":{}}]},{"date":"2023-03-13","commitResults":[{"hash":"8e8e5bd09183c37f95f709c94e82cb833f743cc4","isMergeCommit":true,"messageTitle":"Merge branch \u0027master\u0027 into branch-TestFiles","messageBody":"* master:\n  Change appearance of ExecutivePro\n  Change appearance of ExecutivePro\n","fileTypesAndContributionMap":{}}]},{"date":"2023-03-15","commitResults":[{"hash":"26c914297231dd2d084acdbfb85616e9614768fe","isMergeCommit":false,"messageTitle":"Update user guide to include tags","messageBody":"","fileTypesAndContributionMap":{"docs":{"insertions":28,"deletions":11}}},{"hash":"5ff88a57f303c63c86ce9c18839f9f29764c5526","isMergeCommit":false,"messageTitle":"Update spaces","messageBody":"","fileTypesAndContributionMap":{"docs":{"insertions":0,"deletions":2}}}]},{"date":"2023-03-21","commitResults":[{"hash":"7c5303dba9d57ab15f247e8a96d62fcaeaf080c5","isMergeCommit":true,"messageTitle":"Merge pull request #95 from yanlings/branch-UI","messageBody":"Branch UI","fileTypesAndContributionMap":{}}]},{"date":"2023-03-23","commitResults":[{"hash":"981a62c245031ac138a2f5ff0b016b8b20279ba3","isMergeCommit":false,"messageTitle":"Add AddCommand sequence diagram using plantUML","messageBody":"","fileTypesAndContributionMap":{"docs":{"insertions":102,"deletions":5},"test-code":{"insertions":2,"deletions":0}}},{"hash":"f8cf286316421a374fe37285313a4f2d2f3a2d98","isMergeCommit":true,"messageTitle":"Merge branch \u0027master\u0027 into branch-UML","messageBody":"* master:\n  Update files such that ExecutivePro has a clicking function\n  Update files such that ExecutivePro has a clicking function\n","fileTypesAndContributionMap":{}},{"hash":"b33da0a98cd92283b30f42d82f2ecc49d30a89bd","isMergeCommit":true,"messageTitle":"Merge pull request #103 from yanlings/branch-assert","messageBody":"Fix checkstyle errors","fileTypesAndContributionMap":{}},{"hash":"8c8c1e96f4ae2b9d676720b605ea09c51b5aa60b","isMergeCommit":true,"messageTitle":"Merge pull request #104 from panavdua/branch-findCommandUpdate","messageBody":"Find Command update","fileTypesAndContributionMap":{}},{"hash":"3a651c0d712270067d76a0bc7da320ebfcff9158","isMergeCommit":true,"messageTitle":"Resolve merge conflicts","messageBody":"","fileTypesAndContributionMap":{}},{"hash":"57cf7b07552e56b6ec5ee98dde93f144c1b6d841","isMergeCommit":false,"messageTitle":"Fix checkstyle errors","messageBody":"","fileTypesAndContributionMap":{"docs":{"insertions":10,"deletions":10}}},{"hash":"566563477f94cde9c9b3725e60fe8cb3317960c7","isMergeCommit":false,"messageTitle":"Fix EOF error","messageBody":"","fileTypesAndContributionMap":{"docs":{"insertions":1,"deletions":1}}}]},{"date":"2023-03-24","commitResults":[{"hash":"aa1320be84f4bf4101c7858352b71fffc135324f","isMergeCommit":true,"messageTitle":"Merge pull request #112 from gyulong1/update-dg","messageBody":"Add methods in Model class","fileTypesAndContributionMap":{}},{"hash":"671f1ed17c9d0ed8d7e717b3943bd98029576560","isMergeCommit":false,"messageTitle":"Update Sequence diagram for AddCommand, DeleteCommand, EditCommand to fit our ExecutiveProParser naming","messageBody":"","fileTypesAndContributionMap":{"docs":{"insertions":42,"deletions":42}}},{"hash":"0904cda671f3cfe6c1ad388b655e5f38ac5d444f","isMergeCommit":false,"messageTitle":"Update naming convention for sequence diagram for all commands","messageBody":"","fileTypesAndContributionMap":{"docs":{"insertions":6,"deletions":75}}},{"hash":"41fc42cd947ea1ebb98902c327adb4ad5783b245","isMergeCommit":true,"messageTitle":"Merge pull request #114 from panavdua/branch-updateDG","messageBody":"Branch update DG","tags":["v1.3.trial"],"fileTypesAndContributionMap":{}},{"hash":"a38399c9412464e87869b3144e53e6bf05a17267","isMergeCommit":true,"messageTitle":"Merge pull request #115 from yanlings/branch-assert","messageBody":"Add Assert test","fileTypesAndContributionMap":{}},{"hash":"c00106ff579f0a64bfc0314a07b43970ee53ec98","isMergeCommit":false,"messageTitle":"Update EmployeeId class to fix bug in max ID","messageBody":"","fileTypesAndContributionMap":{"functional-code":{"insertions":13,"deletions":23}}}]},{"date":"2023-03-25","commitResults":[{"hash":"8bace927ee844c33798029d2e5a2f82b2e270e73","isMergeCommit":true,"messageTitle":"Merge pull request #117 from yanlings/branch-UI","messageBody":"Branch UI","fileTypesAndContributionMap":{}},{"hash":"19f550fef79db036fd7d693446bcecf384043f31","isMergeCommit":true,"messageTitle":"Merge pull request #119 from abenx162/branch-AddPictures","messageBody":"Implement setting employee pictures","fileTypesAndContributionMap":{}},{"hash":"c4e52f273dcd6990f5f9846a29c87c16b4abe80e","isMergeCommit":false,"messageTitle":"A functionality to add multiple employees at once would be useful for HR managers.","messageBody":"Let\u0027s:\n- Add BatchAddCommand and BatchAddCommandParser in order to add multiple\nemployees at once via a csv file.\n- Add PrefixList so that batchadd command can add employees with\ncompulsory and missing fields (e.g. compulsory field for name needed,\nbut can have missing phone number field).\n- Add parseFileName to take in filename for csv file.\n\naccording to #120\n","fileTypesAndContributionMap":{"functional-code":{"insertions":191,"deletions":0}}},{"hash":"b004673ba0925c6b7554dbc4f19238b026bf0317","isMergeCommit":true,"messageTitle":"Merge branch \u0027master\u0027 into branch-BatchAddCommand","messageBody":"* master:\n  Add PicturePath tests\n  Tidy up SetPictureCommand class, add test cases\n  Minor checkstyle changes\n  Add testing to improve code coverage\n  Implement PicturePath class Implement saving images and retrieving on startup Add test cases relating to setting pictures Modify existing test cases to accommodate PicturePath\n  Add image upload and display functionality\n  Add functionality to copy image from file explorer.\n","fileTypesAndContributionMap":{}}]},{"date":"2023-03-26","commitResults":[{"hash":"75bd66292085cf231d303d1fde9c35f005ccc296","isMergeCommit":false,"messageTitle":"Update ClearCommand to reset employeeId count","messageBody":"","fileTypesAndContributionMap":{"functional-code":{"insertions":2,"deletions":0}}},{"hash":"91805ee2a91f0b39102085c2dd1d4202ab5e96fb","isMergeCommit":false,"messageTitle":"Remove fields that are not essential from EmployeeCard display","messageBody":"","fileTypesAndContributionMap":{"functional-code":{"insertions":0,"deletions":6}}},{"hash":"dace1e6f5e195a6e4fb6eb1ba91dbaeb144d7fa2","isMergeCommit":true,"messageTitle":"Merge pull request #127 from yanlings/branch-UI","messageBody":"Fix UI Picture Bug","fileTypesAndContributionMap":{}},{"hash":"3044a5f4919286ac4ecf94f4f87755c716989ca2","isMergeCommit":false,"messageTitle":"Add BatchExportCommand so that HR managers can export the database into a csv file, update BatchExportCommandParser and Parser class accordingly.","messageBody":"","fileTypesAndContributionMap":{"functional-code":{"insertions":108,"deletions":1},"other":{"insertions":1,"deletions":0}}},{"hash":"15e5b5df6aa09666fc27a71463e9b8828f0c4255","isMergeCommit":false,"messageTitle":"Update ExecutiveProDb and Employee class to check for a stronger relation between duplicate employees, not just the names","messageBody":"","fileTypesAndContributionMap":{"functional-code":{"insertions":16,"deletions":3}}},{"hash":"edd620a23c0fa6f976b17a5a87f7120c4fdc51b0","isMergeCommit":true,"messageTitle":"Merge branch \u0027master\u0027 into branch-DuplicateEmployee","messageBody":"* master:\n  Add BatchExportCommand so that HR managers can export the database into a csv file, update BatchExportCommandParser and Parser class accordingly.\n","fileTypesAndContributionMap":{}},{"hash":"58d010d2b9a3925afcfe0532c3a172564f7d859a","isMergeCommit":false,"messageTitle":"Fix checkstyle errors","messageBody":"","fileTypesAndContributionMap":{"functional-code":{"insertions":2,"deletions":2},"docs":{"insertions":2,"deletions":2}}},{"hash":"b03b3a06cf2ea0f4e72e964b7d869bc9202ca815","isMergeCommit":false,"messageTitle":"fix import errors","messageBody":"","fileTypesAndContributionMap":{"functional-code":{"insertions":8,"deletions":8}}},{"hash":"f906b54bf0f3ac0f699e212fa9c5734a02e29d0e","isMergeCommit":false,"messageTitle":"fix checkstyle errors","messageBody":"","fileTypesAndContributionMap":{"functional-code":{"insertions":65,"deletions":45}}},{"hash":"d677b02dffaa765220d1e4e7621f43a319e8aa7b","isMergeCommit":true,"messageTitle":"Merge branch \u0027master\u0027 into branch-TestFiles","messageBody":"* master: (65 commits)\n  Add BatchExportCommand so that HR managers can export the database into a csv file, update BatchExportCommandParser and Parser class accordingly.\n  Fix UI Picture Bug\n  Remove fields that are not essential from EmployeeCard display\n  Update ClearCommand to reset employeeId count\n  A functionality to add multiple employees at once would be useful for HR managers.\n  Add PicturePath tests\n  Tidy up SetPictureCommand class, add test cases\n  Minor checkstyle changes\n  Add testing to improve code coverage\n  Implement PicturePath class Implement saving images and retrieving on startup Add test cases relating to setting pictures Modify existing test cases to accommodate PicturePath\n  Fix UI Bug\n  Fix UI Bug\n  Add image upload and display functionality\n  Update EmployeeId class to fix bug in max ID\n  Add functionality to copy image from file explorer.\n  Fix CheckStyle error\n  Add Assert test\n  Update DG\n  Update DG with FindCommand implementation\n  Update naming convention for sequence diagram for all commands\n  ...\n","fileTypesAndContributionMap":{}},{"hash":"d54365199e322f52238d34f01bbc4fb899ee4523","isMergeCommit":true,"messageTitle":"Merge branch \u0027master\u0027 into branch-TestFiles","messageBody":"* master:\n  fix checkstyle errors\n  fix import errors\n  Fix checkstyle errors\n  Update ExecutiveProDb and Employee class to check for a stronger relation between duplicate employees, not just the names\n","fileTypesAndContributionMap":{}},{"hash":"3302975694fa0fb89bf948c04e8217f3725b742e","isMergeCommit":false,"messageTitle":"Update test files for duplicate employees and batchaddcommandtest","messageBody":"","fileTypesAndContributionMap":{"test-code":{"insertions":52,"deletions":7}}},{"hash":"4012f22739acd811ce60874ccf2cb53bbe11c567","isMergeCommit":false,"messageTitle":"fix checkstyle errors","messageBody":"","fileTypesAndContributionMap":{"test-code":{"insertions":7,"deletions":8}}},{"hash":"ec0a0de143cccd325db46d9096e0db6eb8dc3036","isMergeCommit":false,"messageTitle":"Update test cases in BatchAddCommandTest","messageBody":"","fileTypesAndContributionMap":{"functional-code":{"insertions":21,"deletions":3},"test-code":{"insertions":81,"deletions":10}}},{"hash":"bd6058ba4a08aa405546b10bef964e6cf9a19051","isMergeCommit":false,"messageTitle":"fix checkstyle errors","messageBody":"","fileTypesAndContributionMap":{"test-code":{"insertions":16,"deletions":29}}},{"hash":"b6d3a9765d8fd3f00ac1cc4754274460674b0d4a","isMergeCommit":true,"messageTitle":"Merge pull request #136 from panavdua/branch-Asertions","messageBody":"Add assertions","fileTypesAndContributionMap":{}},{"hash":"bd3e207f299066e0309b638228a80d4ad7468d0e","isMergeCommit":false,"messageTitle":"Change HelpWindow to become a pop-up table to view help for all functions, and for a more comprehensive guide, the user can visit the user guide in the website via the button \"UserGuide\"","messageBody":"","fileTypesAndContributionMap":{"functional-code":{"insertions":307,"deletions":43}}}]},{"date":"2023-03-27","commitResults":[{"hash":"63a2789b3e7dd506297ffd73cd73215f961bf144","isMergeCommit":false,"messageTitle":"Update UserGuide to include batchadd and batchexport into both the content of user guide and the command summary. Update the introduction of user guide to make it more concise. Change the location of images to make it more organised, PPP images into PPP folder and UserGuide images into UserGuide folder.","messageBody":"","fileTypesAndContributionMap":{"functional-code":{"insertions":2,"deletions":1},"docs":{"insertions":189,"deletions":24}}},{"hash":"3d2e7f412b9ab0bd1fc64adefd9222e29b669c88","isMergeCommit":false,"messageTitle":"fix checkstyle errors","messageBody":"","fileTypesAndContributionMap":{"functional-code":{"insertions":4,"deletions":3},"docs":{"insertions":4,"deletions":5}}},{"hash":"dbdcaa02c1769ca731470ace09ca39978f6a1c76","isMergeCommit":false,"messageTitle":"Update Developer Guide to include batchadd implementation","messageBody":"","fileTypesAndContributionMap":{"docs":{"insertions":142,"deletions":88}}},{"hash":"8ea4eb8770d357790eb96da39403772f0de0d4a6","isMergeCommit":true,"messageTitle":"Merge pull request #138 from abenx162/branch-SetPic-UGDG","messageBody":"Update Userguide to include Theme and SetPicture commands","fileTypesAndContributionMap":{}},{"hash":"eeb2a6ece0290a2beb99f5f8c1e343f192ffaabc","isMergeCommit":true,"messageTitle":"Merge branch \u0027master\u0027 into branch-UserGuide","messageBody":"","fileTypesAndContributionMap":{}}]},{"date":"2023-03-28","commitResults":[{"hash":"727646175c51907ec8df184fba5720745e962502","isMergeCommit":true,"messageTitle":"Merge pull request #141 from yanlings/Branch-UG","messageBody":"Update UG based on peer review","fileTypesAndContributionMap":{}},{"hash":"3e71249a5b07cc88e39bee801ff8c384267a1e8a","isMergeCommit":false,"messageTitle":"Change PPP\u0027s images into images folder","messageBody":"","fileTypesAndContributionMap":{"docs":{"insertions":5,"deletions":5}}}]},{"date":"2023-03-29","commitResults":[{"hash":"74252260c5b614a2f97510cabd877737d5b7ee0f","isMergeCommit":true,"messageTitle":"Merge pull request #151 from yanlings/branch-Compulsory","messageBody":"Branch compulsory","fileTypesAndContributionMap":{}}]},{"date":"2023-03-30","commitResults":[{"hash":"e5fdc508b0bae8fb2f65984f9af0e834bdaf7a77","isMergeCommit":false,"messageTitle":"Update Email and AddCommandParser so that Email is made as an optional field.","messageBody":"","fileTypesAndContributionMap":{"functional-code":{"insertions":19,"deletions":5}}},{"hash":"821146a01a39a6d4363fe227c172c82f2854eaaa","isMergeCommit":false,"messageTitle":"Add conditions to isValidEmail in order batch add a batch exported file which might contain N/A values for optional email field.","messageBody":"","fileTypesAndContributionMap":{"functional-code":{"insertions":3,"deletions":0}}}]}],"panavdua":[{"date":"2023-02-25","commitResults":[{"hash":"8c31e1cc36a6864e7aa5f48d49d335762932210f","isMergeCommit":false,"messageTitle":"Create the PPP","messageBody":"","fileTypesAndContributionMap":{"docs":{"insertions":0,"deletions":0}}},{"hash":"1cfec301ce17880ef847e981a63afcc9dd3571f8","isMergeCommit":false,"messageTitle":"Create framework for PPP","messageBody":"","fileTypesAndContributionMap":{"docs":{"insertions":29,"deletions":0}}},{"hash":"3750196894277f061c60cacd2adaaf10c3b94170","isMergeCommit":true,"messageTitle":"Merge pull request #8 from JunHao247/branch-PPP","messageBody":"Add my own project portfolio page","fileTypesAndContributionMap":{}},{"hash":"739b28308ad2486a7851e963c3cf40d8a4e94ab3","isMergeCommit":true,"messageTitle":"Merge pull request #13 from JunHao247/branch-README","messageBody":"Update JavaCI status badge and README documentation","fileTypesAndContributionMap":{}}]},{"date":"2023-02-26","commitResults":[{"hash":"7cb14937515c50e335ea17e239a1103dfbd5b0d2","isMergeCommit":true,"messageTitle":"Merge pull request #16 from JunHao247/branch-README2","messageBody":"Update AboutUs and rectify Java CI errors","fileTypesAndContributionMap":{}},{"hash":"18c169b252290cbc13eb9966296f4d122c13d50f","isMergeCommit":true,"messageTitle":"Merge pull request #21 from JunHao247/branch-UImockup","messageBody":"Update Ui mockup to proper naming","fileTypesAndContributionMap":{}}]},{"date":"2023-03-05","commitResults":[{"hash":"621baaf0497816a75bf8e0d03e1d23cc9f6d4ac3","isMergeCommit":false,"messageTitle":"Update AboutUs","messageBody":"","fileTypesAndContributionMap":{"docs":{"insertions":5,"deletions":5}}},{"hash":"5951728928290b0df6455edf575d3989094ecefe","isMergeCommit":false,"messageTitle":"Add \u0027find\u0027 command details in UserGuide","messageBody":"","fileTypesAndContributionMap":{"docs":{"insertions":12,"deletions":2}}},{"hash":"d3121be1ef20ed90d40756e9eaae70d989ca6922","isMergeCommit":false,"messageTitle":"Update glossary of Developer guide","messageBody":"","fileTypesAndContributionMap":{"docs":{"insertions":7,"deletions":1}}},{"hash":"8e64570e1b1d5cb3477cccef70b7b31e45a735c9","isMergeCommit":true,"messageTitle":"Merge pull request #51 from abenx162/branch-DeveloperGuide","messageBody":"Update developer guide: Use cases 1, 2, 3","fileTypesAndContributionMap":{}}]},{"date":"2023-03-09","commitResults":[{"hash":"9a8bff9bc8e3112409dde9dfd9a9fd0b2d86f319","isMergeCommit":true,"messageTitle":"Merge pull request #58 from JunHao247/branch-EmployeeId","messageBody":"Create employeeId class, update Command, Ui, Parser and Person class","fileTypesAndContributionMap":{}},{"hash":"3c5d4ea9416623b1e2dc1bb0440b47f70234ce76","isMergeCommit":true,"messageTitle":"Merge pull request #59 from JunHao247/branch-AddCommand","messageBody":"Update AddCommand class","fileTypesAndContributionMap":{}}]},{"date":"2023-03-10","commitResults":[{"hash":"09eeb4056fcd9e9166419426238bb014bec6df30","isMergeCommit":false,"messageTitle":"Replace instances of \u0027person\u0027 with \u0027employee\u0027","messageBody":"","fileTypesAndContributionMap":{"functional-code":{"insertions":2,"deletions":2}}},{"hash":"1a58ba7e9cf874aad897192e63e0000d30c94519","isMergeCommit":false,"messageTitle":"Update UserGuide for Find command","messageBody":"","fileTypesAndContributionMap":{"docs":{"insertions":3,"deletions":2}}},{"hash":"236ca8282d6cc2fe016f5d2a8d51b3b8f4c764cc","isMergeCommit":false,"messageTitle":"Update Messages class to include message in the case of \u0027find\u0027 command not finding any employee with the inputted keyword","messageBody":"","fileTypesAndContributionMap":{"functional-code":{"insertions":6,"deletions":1}}},{"hash":"f26a9f265b6abee1ae0fabc2e799562630c9e4f0","isMergeCommit":false,"messageTitle":"Fixed bug","messageBody":"","fileTypesAndContributionMap":{"functional-code":{"insertions":1,"deletions":1}}},{"hash":"219791cd2bb49e63341cd951bbe90a27a106cb77","isMergeCommit":true,"messageTitle":"Merge branch \u0027master\u0027 of https://github.com/panavdua/tp","messageBody":"","fileTypesAndContributionMap":{}}]},{"date":"2023-03-12","commitResults":[{"hash":"0b47cac722e7b3cf63bbd8b702776c76e0b32f72","isMergeCommit":true,"messageTitle":"Merge pull request #78 from JunHao247/branch-EmployeeId","messageBody":"Update Classes to fix the storage of inputs","fileTypesAndContributionMap":{}},{"hash":"c7688615b8959481635bdb117ec8931415a4a131","isMergeCommit":true,"messageTitle":"Merge pull request #79 from JunHao247/branch-TestFiles","messageBody":"Update Test classes in order to resolve Java CI errors.","fileTypesAndContributionMap":{}}]},{"date":"2023-03-14","commitResults":[{"hash":"f9a83c8f94b96021919a66def3bd0987e2dfb940","isMergeCommit":true,"messageTitle":"Merge branch \u0027master\u0027 of https://github.com/panavdua/tp","messageBody":"","fileTypesAndContributionMap":{}}]},{"date":"2023-03-15","commitResults":[{"hash":"c3b25f504d091c4acb60aef1eef4d27980c2f1d1","isMergeCommit":true,"messageTitle":"Merge branch \u0027AY2223S2-CS2103T-W09-4:master\u0027 into master","messageBody":"","fileTypesAndContributionMap":{}},{"hash":"f2d0f5536fd96654f3c593b50b86a3bc7794d323","isMergeCommit":true,"messageTitle":"Merge branch \u0027master\u0027 of https://github.com/panavdua/tp","messageBody":"","fileTypesAndContributionMap":{}}]},{"date":"2023-03-16","commitResults":[{"hash":"8e7c2adf3e7e62e0431d18c982f30617f369aec8","isMergeCommit":true,"messageTitle":"Merge branch \u0027AY2223S2-CS2103T-W09-4:master\u0027 into master","messageBody":"","fileTypesAndContributionMap":{}},{"hash":"fe78167037f4bb8afd0ee18788026b6fb5553415","isMergeCommit":true,"messageTitle":"Merge branch \u0027master\u0027 of https://github.com/panavdua/tp","messageBody":"","fileTypesAndContributionMap":{}}]},{"date":"2023-03-21","commitResults":[{"hash":"369450f39740aba842a531b4dc89a9c15f21bd44","isMergeCommit":true,"messageTitle":"Merge pull request #94 from yanlings/branch-UI","messageBody":"Update DG to include new delete sequence diagram","fileTypesAndContributionMap":{}}]},{"date":"2023-03-23","commitResults":[{"hash":"335730c29209a892193aaf2383b812748144abff","isMergeCommit":true,"messageTitle":"Merge branch \u0027AY2223S2-CS2103T-W09-4:master\u0027 into master","messageBody":"","fileTypesAndContributionMap":{}},{"hash":"12b4408ab00339c64ef1ddfd88bf9a9c12c2fb33","isMergeCommit":true,"messageTitle":"Merge branch \u0027master\u0027 of https://github.com/panavdua/tp","messageBody":"","fileTypesAndContributionMap":{}},{"hash":"976c5b9780e8f7f38cb89787831293ced01dd203","isMergeCommit":false,"messageTitle":"Enable feature to find names without inputting full name","messageBody":"","fileTypesAndContributionMap":{"functional-code":{"insertions":5,"deletions":3}}},{"hash":"bd44cad2ee8c6bd5accc9731c9dd315a5831d2d9","isMergeCommit":false,"messageTitle":"Update tests related to FindCommand","messageBody":"","fileTypesAndContributionMap":{"test-code":{"insertions":21,"deletions":4}}},{"hash":"581b565c54e0214b23fdc643b25273ab77c97a28","isMergeCommit":true,"messageTitle":"Merge branch \u0027AY2223S2-CS2103T-W09-4:master\u0027 into master","messageBody":"","fileTypesAndContributionMap":{}},{"hash":"a7f600554ccbd6084d1744542882544ff47fb776","isMergeCommit":true,"messageTitle":"Merge branch \u0027master\u0027 of https://github.com/panavdua/tp","messageBody":"","fileTypesAndContributionMap":{}},{"hash":"d98771df72ded7ead169533e8a8af6ca60a1b2a0","isMergeCommit":true,"messageTitle":"Merge branch \u0027master\u0027 into branch-findCommandUpdate","messageBody":"","fileTypesAndContributionMap":{}},{"hash":"709d40ca36a83b20f7a4a141933b12b16be8274d","isMergeCommit":false,"messageTitle":"Fix checkstyle","messageBody":"","fileTypesAndContributionMap":{"functional-code":{"insertions":0,"deletions":3}}},{"hash":"5eef944200a4fce25477dbc8cc99b12513d0c10f","isMergeCommit":false,"messageTitle":"Fix checkstyle errors","messageBody":"","fileTypesAndContributionMap":{"test-code":{"insertions":27,"deletions":21}}},{"hash":"2903bcfd7894a0bf65e4a3240304d0f9639fea7b","isMergeCommit":false,"messageTitle":"Fix checkstyle errors","messageBody":"","fileTypesAndContributionMap":{"test-code":{"insertions":1,"deletions":2}}},{"hash":"90d5a4712d138873f12b3d25ba0805c7b538d5ae","isMergeCommit":false,"messageTitle":"Fix StringUtil tests","messageBody":"","fileTypesAndContributionMap":{"test-code":{"insertions":1,"deletions":1}}},{"hash":"db0d2d988e62af3e4e6a32c11250ae977b12197c","isMergeCommit":true,"messageTitle":"Merge branch \u0027master\u0027 of https://github.com/panavdua/tp","messageBody":"","fileTypesAndContributionMap":{}}]},{"date":"2023-03-24","commitResults":[{"hash":"f15b89db308f2b54ec51ff8dfa308ee96eb2e55c","isMergeCommit":true,"messageTitle":"Merge branch \u0027master\u0027 of https://github.com/panavdua/tp","messageBody":"","fileTypesAndContributionMap":{}},{"hash":"a0f12291c0d7f450d59a9cdaa45d02129494d70d","isMergeCommit":false,"messageTitle":"Create UML diagram for Find Command","messageBody":"","fileTypesAndContributionMap":{"docs":{"insertions":69,"deletions":0}}},{"hash":"ee7b73f40d7297e66b64033ecfbf5b498b698554","isMergeCommit":true,"messageTitle":"Merge pull request #113 from JunHao247/branch-UML","messageBody":"Update Sequence diagram for AddCommand, DeleteCommand, EditCommand to","fileTypesAndContributionMap":{}},{"hash":"db3d7c1109c2158eef51f8f6fb531a765c8c0d2d","isMergeCommit":false,"messageTitle":"Update DG with FindCommand implementation","messageBody":"","fileTypesAndContributionMap":{"docs":{"insertions":69,"deletions":0}}},{"hash":"2b033e1f30eebc471dbe048e42141e4d79d5e536","isMergeCommit":false,"messageTitle":"Update DG","messageBody":"","fileTypesAndContributionMap":{"docs":{"insertions":30,"deletions":3}}}]},{"date":"2023-03-26","commitResults":[{"hash":"cc34a811868408daf53e150a6b69d65e282d1200","isMergeCommit":true,"messageTitle":"Merge branch \u0027master\u0027 of https://github.com/panavdua/tp","messageBody":"","fileTypesAndContributionMap":{}},{"hash":"0a71408854ba919b74952f1affc502126cc9030a","isMergeCommit":false,"messageTitle":"Add assertions","messageBody":"","fileTypesAndContributionMap":{"functional-code":{"insertions":1,"deletions":0}}},{"hash":"78fa18d92188c3807a142f1ea165edcf3f1d4bda","isMergeCommit":true,"messageTitle":"Merge pull request #137 from JunHao247/branch-HelpWindow","messageBody":"Change HelpWindow for better readability","fileTypesAndContributionMap":{}},{"hash":"0cd764f6234377279c6c203402e73fb9c21e2f04","isMergeCommit":true,"messageTitle":"Merge pull request #133 from JunHao247/branch-TestFiles","messageBody":"Update test files to pass test cases","fileTypesAndContributionMap":{}}]},{"date":"2023-03-28","commitResults":[{"hash":"2ac59f5cd4fc0d01e416f7ba29fc43338e9fcfc2","isMergeCommit":true,"messageTitle":"Merge branch \u0027master\u0027 of https://github.com/panavdua/tp","messageBody":"","fileTypesAndContributionMap":{}},{"hash":"28c4c53e47aa05f33f038f116a29dde41be81d14","isMergeCommit":true,"messageTitle":"Merge branch \u0027master\u0027 of https://github.com/panavdua/tp","messageBody":"","fileTypesAndContributionMap":{}},{"hash":"7e0cd6ee42bbcf170b2b9da9b5da9e1fb29ebe37","isMergeCommit":false,"messageTitle":"Add functionality to find Department","messageBody":"","fileTypesAndContributionMap":{"functional-code":{"insertions":28,"deletions":1}}},{"hash":"04f4afdb2112b8f4620780b64aa2b4a145337051","isMergeCommit":false,"messageTitle":"Implement functionality to do exclusive search using asterisk","messageBody":"","fileTypesAndContributionMap":{"functional-code":{"insertions":62,"deletions":6}}},{"hash":"bfca4ec117b41919e0e8f0e8177a948da1e22489","isMergeCommit":false,"messageTitle":"Update relevant documentation and command formats for latest updates","messageBody":"","fileTypesAndContributionMap":{"functional-code":{"insertions":5,"deletions":5},"docs":{"insertions":9,"deletions":4}}},{"hash":"a76611a2e3351bf3f5283e081f9c5b2ffd05093a","isMergeCommit":false,"messageTitle":"Fix checkstyle","messageBody":"","fileTypesAndContributionMap":{"functional-code":{"insertions":4,"deletions":3}}}]},{"date":"2023-03-29","commitResults":[{"hash":"e4d7037383f47c194748a31470ca66184aa5ed00","isMergeCommit":true,"messageTitle":"Merge pull request #146 from JunHao247/branch-PPP2","messageBody":"Change PPP\u0027s images into images folder","fileTypesAndContributionMap":{}}]},{"date":"2023-03-30","commitResults":[{"hash":"570ea20ccb32ce3aefcc1999ca78f593a00cf75b","isMergeCommit":true,"messageTitle":"Merge pull request #155 from JunHao247/branch-Fields","messageBody":"Update Email to be an optional field","fileTypesAndContributionMap":{}}]}]},"authorFileTypeContributionMap":{"yanlings":{"docs":161,"functional-code":149,"test-code":3},"gyulong1":{"docs":174,"functional-code":1442,"test-code":1017,"other":9},"abenx162":{"docs":311,"functional-code":867,"test-code":517},"JunHao247":{"docs":485,"functional-code":767,"test-code":173,"other":2},"panavdua":{"docs":216,"functional-code":81,"test-code":26}},"authorContributionVariance":{"yanlings":1735.1051,"gyulong1":261189.78,"abenx162":28412.71,"JunHao247":23468.477,"panavdua":1197.3429},"authorDisplayNameMap":{"yanlings":"CS2103T-W09-4 LIM ..LING","gyulong1":"CS2103T-W09-4 GUO ..LONG","abenx162":"CS2103T-W09-4 ANG ..XUAN","JunHao247":"CS2103T-W09-4 LIM .. HAO","panavdua":"CS2103T-W09-4 PANA.. DUA"}}
