{"authorDailyContributionsMap":{"Huggenguggen":[{"date":"2023-02-18","commitResults":[{"hash":"e35da4f8d3c1c3a2a7b471139df47fcb9ed213e1","isMergeCommit":false,"messageTitle":"Update AboutUs and PPP for Huggenguggen","messageBody":"Add details of @Huggenguggen to AboutUs as well as image.\n\nAdd skeletal PP for huggenguggen.\n","fileTypesAndContributionMap":{"docs":{"insertions":40,"deletions":6}}},{"hash":"4042abde0832ba08011dd1e975dd2372f8c36d35","isMergeCommit":false,"messageTitle":"Update UserGuide and DeveloperGuide","messageBody":"Update User Guide to reflect correct application.\n\nUpdate command syntax to be more in line with Clock-work.\n\nNote images not up to date\n\nUpdate Developer Guide Appendix, target user profile, user stories\n","fileTypesAndContributionMap":{"docs":{"insertions":37,"deletions":33}}}]},{"date":"2023-02-19","commitResults":[{"hash":"ca7f29fd4960d167c89082a7ec38f11860db2b4b","isMergeCommit":true,"messageTitle":"Merge pull request #38 from lywich/master","messageBody":"Refactor Person to Task","fileTypesAndContributionMap":{}}]},{"date":"2023-02-20","commitResults":[{"hash":"934507cf203742849c79731e58c8813b89ce6894","isMergeCommit":true,"messageTitle":"Merge pull request #45 from lywich/Update-PPP","messageBody":"Update AboutUs and team docs","fileTypesAndContributionMap":{}},{"hash":"dd5f3f6e7220ee8b7b5ec939e72b25764b99bebc","isMergeCommit":false,"messageTitle":"Implement simple find","messageBody":"Implement simple find in name only\n\nTODO: Implement find with tags and description\n\nTODO: Update tests to reflect change\n","fileTypesAndContributionMap":{"functional-code":{"insertions":34,"deletions":12}}},{"hash":"c54665a49b7e1a76e66ac757c1ef5ac163b45318","isMergeCommit":false,"messageTitle":"Implement advanced find functionality","messageBody":"Implement Find using either name, description, tag\n\nAdd new classes DescContainsKeywordsPredicate and TagsContainsKeywordsPredicate\n\nAdd new method in StringUtil StringUtil::containsIgnoreCase\n\nTODO: Add test classes and change test to reflect changes\n\nTODO: change documentation to reflect new find\n","fileTypesAndContributionMap":{"functional-code":{"insertions":124,"deletions":14}}},{"hash":"06a48b1cf846162f798d50f49e3bbd53b07b7e8d","isMergeCommit":false,"messageTitle":"Update Tests and UserGuide to reflect changes","messageBody":"Update Tests in general to reflect change\n\nAdd more test classes for new classes made (DescContainsKeywordsPredicate and TagsContainsKeywordsPredicate)\n\nAdd test cases for new methods\n(StringUtil::containsIgnoreCase)\n\nChange UserGuide to reflect behavior of find.\n","fileTypesAndContributionMap":{"functional-code":{"insertions":4,"deletions":4},"docs":{"insertions":5,"deletions":3},"test-code":{"insertions":277,"deletions":46}}}]},{"date":"2023-02-21","commitResults":[{"hash":"d603c4371a91d123f29a87f37b3e52a1dd075549","isMergeCommit":true,"messageTitle":"Merge pull request #46 from joyngjr/Remove-Feature","messageBody":"Modify Remove feature","fileTypesAndContributionMap":{}},{"hash":"2d95cc00e9343f006040ea1fa06a64154f4e2dcd","isMergeCommit":true,"messageTitle":"Merge branch \u0027master\u0027 into find-command","messageBody":"","fileTypesAndContributionMap":{}},{"hash":"e263cf2a3f527739f08e8c232643f03a92a48792","isMergeCommit":false,"messageTitle":"Update UserGuide and CommandTestUtil","messageBody":"Update UserGuide to reflect more complicated situation with multi-word queries.\n\nUpdate CommandTestUtil due to conflict from PR #46\n","fileTypesAndContributionMap":{"docs":{"insertions":11,"deletions":11},"test-code":{"insertions":1,"deletions":2}}}]},{"date":"2023-02-27","commitResults":[{"hash":"60a835b74ad67330ad77c33e3d10079ba0fb4b55","isMergeCommit":true,"messageTitle":"Merge pull request #54 from joyngjr/Edit-ReadMe","messageBody":"Update ReadMe CI link","fileTypesAndContributionMap":{}}]},{"date":"2023-03-01","commitResults":[{"hash":"3f34646dbbf112e14370472f6c7f2491566ea248","isMergeCommit":true,"messageTitle":"Merge pull request #50 from lywich/add-Date-class","messageBody":"Create Date class and testcases","fileTypesAndContributionMap":{}},{"hash":"052deb11104e634fe4f001d57416cbcc7fe1d08d","isMergeCommit":false,"messageTitle":"Add SimpleTask, Event, Deadline classes","messageBody":"Add concrete classes SimpleTask, Event and Deadline while making Task an abstract class.\n\nChange parser to dynamically accept different types of Tasks based on user input.\n\nTODO: Add tests and possibly clean up UI\n","fileTypesAndContributionMap":{"functional-code":{"insertions":354,"deletions":18},"other":{"insertions":10,"deletions":9},"test-code":{"insertions":88,"deletions":77}}},{"hash":"2f6529a1bd03aca0446b105f835b8dff3e353034","isMergeCommit":false,"messageTitle":"Add Simple UI for displaying time","messageBody":"Add basic UI in TaskListCard for displaying of time for Deadlines or Events\n","fileTypesAndContributionMap":{"functional-code":{"insertions":14,"deletions":0}}},{"hash":"89d21330e4a62425117b938cb8f721112e03350f","isMergeCommit":false,"messageTitle":"Add Tests for new classes","messageBody":"Add tests for Deadline, Event and SimpleTask.\n\nAdd tests for new methods in Date, JsonAdaptedTest.\n\nAdd example data for Deadlines and Events.\n","fileTypesAndContributionMap":{"functional-code":{"insertions":4,"deletions":1},"other":{"insertions":1,"deletions":1},"test-code":{"insertions":492,"deletions":1}}},{"hash":"f21204ad3ebbf787ca7af30560485a81177cbbc7","isMergeCommit":false,"messageTitle":"Add new UI image and update UG and README","messageBody":"Update UG to reflect changes to adding tasks.\n\nUpdate README to use new prototype UI.\n\nFix checkstyle errors.\n","fileTypesAndContributionMap":{"docs":{"insertions":17,"deletions":6},"test-code":{"insertions":4,"deletions":4}}},{"hash":"6bcc0f9f6cd051d05273dc1bc8974d58f81293b7","isMergeCommit":false,"messageTitle":"Add more test coverage in CommandParserTest","messageBody":"","fileTypesAndContributionMap":{"test-code":{"insertions":47,"deletions":3}}}]},{"date":"2023-03-04","commitResults":[{"hash":"ee279b93d1fddabde3410ce7800febc58ca32d85","isMergeCommit":false,"messageTitle":"Update JsonAdaptedTaskTest","messageBody":"Update JsonAdaptedTaskTest to include more coverage of the toModelType logic as commented by @lywich\n","fileTypesAndContributionMap":{"test-code":{"insertions":17,"deletions":0}}}]},{"date":"2023-03-06","commitResults":[{"hash":"73c4a97065a202263e06edb531182e87f587ddac","isMergeCommit":true,"messageTitle":"Merge pull request #64 from lywich/Add-Sort-Command","messageBody":"Update UserGuide.md","fileTypesAndContributionMap":{}},{"hash":"1f14ff19c1972f83ed07d15e14749cdc8a080825","isMergeCommit":true,"messageTitle":"Merge pull request #65 from PROGRAMMERHAO/filterByTags","messageBody":"Enhanced find method","fileTypesAndContributionMap":{}}]}],"lywich":[{"date":"2023-02-18","commitResults":[{"hash":"1139a494ce330e8797e12c7decc776f3e30bb1fc","isMergeCommit":false,"messageTitle":"Rename Person to Task","messageBody":"Rename Person to Task as per our Project aims.\n","fileTypesAndContributionMap":{"functional-code":{"insertions":138,"deletions":275},"other":{"insertions":82,"deletions":126},"docs":{"insertions":71,"deletions":71},"test-code":{"insertions":361,"deletions":383}}},{"hash":"5ed7b50e95a8bbe121eaaeda6f390498cf759d3f","isMergeCommit":false,"messageTitle":"Remove unneeded classes","messageBody":"Task does not require a Phone, Email or Address.\n\nRemove Phone, Email and Address classes.\nRemove Phone, Email and Address JUnit testcases.\n","fileTypesAndContributionMap":{"functional-code":{"insertions":0,"deletions":181},"test-code":{"insertions":0,"deletions":144}}},{"hash":"6e6005d73525469e8c2cec14a16bb4b6c9d94606","isMergeCommit":false,"messageTitle":"Create Description.java","messageBody":"Task will take Description as one of its paramters along with Name and Set\u003cTag\u003e.\n","fileTypesAndContributionMap":{"functional-code":{"insertions":53,"deletions":0}}},{"hash":"af4ff0e2df600e797910dee389978f78c47880d9","isMergeCommit":false,"messageTitle":"Refactor codebase to accommodate Task","messageBody":"Codebase relies heavily on AB3\u0027s Person.\n\nRequire refactoring to function properly.\n\nLet\u0027s\n* edit prefix syntax to accommodate Description\n* refactor instantiations of Person to the new Task object in JUnit tests.\n* refactor logic for Person to the new Task object for parsing.\n* refactor JUnit Testcases to handle Description\n* refactor JUnit Testcases to handle logic relating to Task parsing\n* edit JSON formats for default and testcases to handle new Task parameters.\n","fileTypesAndContributionMap":{"functional-code":{"insertions":331,"deletions":303},"test-code":{"insertions":358,"deletions":559}}},{"hash":"5a3467f4b01e2208362a4870e1881acf8ca14043","isMergeCommit":false,"messageTitle":"Update FXML files","messageBody":"GUI looks for PersonListCard/Panel.\n\nEdit the FXML file names to be TaskListCard/Panel to function.\n","fileTypesAndContributionMap":{"functional-code":{"insertions":1,"deletions":1},"other":{"insertions":0,"deletions":0}}},{"hash":"99abd734e73d9048733a5b8a4a233229375eabd4","isMergeCommit":true,"messageTitle":"Merge branch \u0027AY2223S2-CS2103T-W13-3:master\u0027 into Renaming-Person","messageBody":"","fileTypesAndContributionMap":{}},{"hash":"44edf42c758718418d9fb9ea82c273e894171805","isMergeCommit":false,"messageTitle":"Rename Person to Task","messageBody":"Functions, testcases and FileNames still utilizes Person as the subject.\n\nRename these files and folders to Task as the subject\n","fileTypesAndContributionMap":{"functional-code":{"insertions":163,"deletions":172},"other":{"insertions":7,"deletions":7},"test-code":{"insertions":300,"deletions":301}}},{"hash":"4d8c2777019c4858655ca876c7c7b713c871e336","isMergeCommit":false,"messageTitle":"Rename Person in documents to Task","messageBody":"Markdowns and puml refers to Person rather than Task.\n\nChange Person to Task.\n\nRename JSONs that contains Person to Task.\n","fileTypesAndContributionMap":{"docs":{"insertions":91,"deletions":91},"test-code":{"insertions":6,"deletions":6}}},{"hash":"10090fa2355ee23766fbe6ec583b388454493bcd","isMergeCommit":true,"messageTitle":"Merge pull request #1 from lywich/Renaming-Person","messageBody":"Renaming person","fileTypesAndContributionMap":{}},{"hash":"8cac424fadc05325c127eff9b365ec7b97f5dbdb","isMergeCommit":true,"messageTitle":"Merge branch \u0027AY2223S2-CS2103T-W13-3:master\u0027 into master","messageBody":"","fileTypesAndContributionMap":{}},{"hash":"9e73f316ae7370a2ec8766261db4049148ecfd49","isMergeCommit":false,"messageTitle":"Add Description testcases and minor bug fixes","messageBody":"Add DescriptionTest to test Description functions\n\nFix minor bug in NameContainsKeywordsPredicate.\nTestcase does not reflect the actual usecase.\n","fileTypesAndContributionMap":{"functional-code":{"insertions":1,"deletions":2},"test-code":{"insertions":46,"deletions":2}}},{"hash":"1b7f4aa72e4ba8c2de5c1bc77658642da621df78","isMergeCommit":false,"messageTitle":"Rename Address to Task","messageBody":"Rename Address to Task.\nRename AddressBook to TaskBook.\n","fileTypesAndContributionMap":{"functional-code":{"insertions":297,"deletions":296},"other":{"insertions":816,"deletions":816},"docs":{"insertions":13,"deletions":13},"test-code":{"insertions":328,"deletions":328}}},{"hash":"74791682818b13220c17a641b1c7f6642cf98c0b","isMergeCommit":true,"messageTitle":"Merge pull request #43 from Huggenguggen/master","messageBody":"Update DG, UG, AboutUs. Add PPP (Huggenguggen)","fileTypesAndContributionMap":{}}]},{"date":"2023-02-19","commitResults":[{"hash":"fec8feb0bf084f789dbdc0bf6431e12711971861","isMergeCommit":true,"messageTitle":"Merge branch \u0027master\u0027 into master","messageBody":"","fileTypesAndContributionMap":{}},{"hash":"0aff234c956acfd5656bee48111eb4b0fc9e6cdb","isMergeCommit":false,"messageTitle":"Update AboutUs and team docs","messageBody":"Add lywich\u0027s skeletal PPP.\nAdd lywich\u0027s AboutUs.\nAdd lywich\u0027s photo to doc/images\n","fileTypesAndContributionMap":{"docs":{"insertions":39,"deletions":6}}},{"hash":"c71d0edc2d90c273a8a53e71fed4a137b322b807","isMergeCommit":true,"messageTitle":"Merge branch \u0027AY2223S2-CS2103T-W13-3:master\u0027 into Update-PPP","messageBody":"","fileTypesAndContributionMap":{}}]},{"date":"2023-02-21","commitResults":[{"hash":"2cf25234eb570f2888dac63d45969c8ba94afcc8","isMergeCommit":false,"messageTitle":"Create Date class and testcases","messageBody":"Add Date class to be used in Task subclasses.\nAdd testcases for Date\n","fileTypesAndContributionMap":{"functional-code":{"insertions":64,"deletions":1},"test-code":{"insertions":57,"deletions":0}}},{"hash":"0cbe4fec776789e0e95ebe839a3a2e8e7231d621","isMergeCommit":false,"messageTitle":"Remove print statement","messageBody":"","fileTypesAndContributionMap":{"functional-code":{"insertions":0,"deletions":1}}},{"hash":"5fe6f25d8125634d2a3501e58830dd2db04865a1","isMergeCommit":false,"messageTitle":"Fix bugs in Date","messageBody":"Constructor assumes valid input, will fail if invalid input is entered.\n\ntoString outputs the raw form with a \"T\" inside.\n\nEquals checks for instanceof LocalDateTime, which is not intended.\n\nLet\u0027s:\n* format input such that it throws exception on wrong input.\n* change toString to return a cleaner String (JAN 1 2023, 1800)\n* Change equals to reflect intended usage.\n\nAdded testcases to test for the above.\n","fileTypesAndContributionMap":{"functional-code":{"insertions":31,"deletions":9},"test-code":{"insertions":32,"deletions":7}}}]},{"date":"2023-03-04","commitResults":[{"hash":"ca64ced31cf188ab3283105c45831c035147448f","isMergeCommit":true,"messageTitle":"Merge pull request #59 from Huggenguggen/todo-event-deadline-branch","messageBody":"Add support for SimpleTask, Deadline and Event","fileTypesAndContributionMap":{}},{"hash":"81cf17b804f63d46054a0619d876ec20a97b507b","isMergeCommit":false,"messageTitle":"Add Sorting function","messageBody":"Change private fields of Task to protected to reduce repetition.\nThis is also to allow sort to call each other fields when comparing.\n\nImplement Sorting function.\n","fileTypesAndContributionMap":{"functional-code":{"insertions":170,"deletions":25}}},{"hash":"2026b105896e20712b7de46b9fde5657f0df062d","isMergeCommit":false,"messageTitle":"Add testcases for Tasks and SortCommand","messageBody":"","fileTypesAndContributionMap":{"functional-code":{"insertions":3,"deletions":0},"test-code":{"insertions":195,"deletions":3}}},{"hash":"a4e95bf79ef4dbd8b512bff8880046a4c88b9a89","isMergeCommit":false,"messageTitle":"Add testcase to test interaction between tasks","messageBody":"Test for interaction between SimpleTask, Deadline and Event when sorting.\n","fileTypesAndContributionMap":{"functional-code":{"insertions":0,"deletions":1},"test-code":{"insertions":16,"deletions":1}}}]},{"date":"2023-03-06","commitResults":[{"hash":"671e564eda4cfe0c6d9fad4f0a4b3504c24a3423","isMergeCommit":true,"messageTitle":"Merge pull request #63 from joyngjr/Stats-Feature","messageBody":"Add basic stats feature","fileTypesAndContributionMap":{}},{"hash":"1eac7f2e25ddf57357f68d8e1e58b2e6208643d8","isMergeCommit":false,"messageTitle":"Update UserGuide.md","messageBody":"Add documentation for sort and stats.\n","fileTypesAndContributionMap":{"docs":{"insertions":21,"deletions":0}}},{"hash":"7669d369db04d5961dea9bd647aa11dd7d6ed2a7","isMergeCommit":false,"messageTitle":"Update UserGuide.md","messageBody":"Remove whitespace.\n","fileTypesAndContributionMap":{"docs":{"insertions":4,"deletions":4}}}]}],"PROGRAMMERHAO":[{"date":"2023-02-17","commitResults":[{"hash":"baed25be82f2e6545a0fa63cb4da3a62a9a964ee","isMergeCommit":true,"messageTitle":"Merge pull request #36 from joyngjr/W7-AdminMatters","messageBody":"Add files for W7 admin tasks","fileTypesAndContributionMap":{}}]},{"date":"2023-02-18","commitResults":[{"hash":"4530d501e696c141ba72cb2094a933a4053c9a75","isMergeCommit":false,"messageTitle":"Create programmerhao.md","messageBody":"","fileTypesAndContributionMap":{"docs":{"insertions":32,"deletions":0}}}]},{"date":"2023-02-19","commitResults":[{"hash":"cc94676a440470a869afb69ca0d16d43055ed189","isMergeCommit":false,"messageTitle":"Update programmerhao.md","messageBody":"","fileTypesAndContributionMap":{"docs":{"insertions":1,"deletions":1}}}]},{"date":"2023-02-21","commitResults":[{"hash":"b5a5e54ba635a97c97a12b541ca76b63a8d1693b","isMergeCommit":false,"messageTitle":"Allowed user to enter multiple task names with the same description and tags","messageBody":"","fileTypesAndContributionMap":{"functional-code":{"insertions":76,"deletions":14},"test-code":{"insertions":12,"deletions":6}}},{"hash":"212d8d229dc66d6c7bd78adb6bac65ce644a0a1b","isMergeCommit":false,"messageTitle":"Pass the tests","messageBody":"","fileTypesAndContributionMap":{"functional-code":{"insertions":3,"deletions":3},"test-code":{"insertions":40,"deletions":6}}},{"hash":"69e5eed69c19e3d3b6867f94b4f3d3794f27398a","isMergeCommit":false,"messageTitle":"Solved minor issue","messageBody":"","fileTypesAndContributionMap":{"test-code":{"insertions":2,"deletions":2}}}]},{"date":"2023-02-22","commitResults":[{"hash":"70bdca352f827b8b2fc064cc7bcbfe77e07ebd48","isMergeCommit":false,"messageTitle":"change coding standard","messageBody":"","fileTypesAndContributionMap":{"functional-code":{"insertions":4,"deletions":4}}},{"hash":"9a949e892e4147d440e9976d6f80961bcfba3800","isMergeCommit":false,"messageTitle":"Add the functionality of allowing user to enter multiple task names with the same description and tags","messageBody":"","fileTypesAndContributionMap":{"functional-code":{"insertions":2,"deletions":2}}}]},{"date":"2023-02-26","commitResults":[{"hash":"3043c573aa1147be8d6a77accd24a8b007252fd0","isMergeCommit":false,"messageTitle":"Allowed user to enter multiple task names with the same description and tags","messageBody":"","fileTypesAndContributionMap":{"functional-code":{"insertions":76,"deletions":14},"test-code":{"insertions":12,"deletions":6}}},{"hash":"c4d9698e64d1305bd1e2dc8df1a4e2dcb5962ee7","isMergeCommit":false,"messageTitle":"Pass the tests","messageBody":"","fileTypesAndContributionMap":{"functional-code":{"insertions":3,"deletions":3},"test-code":{"insertions":40,"deletions":6}}},{"hash":"81b13010f46ba4560ae9b60a4cba5282a7dc060f","isMergeCommit":false,"messageTitle":"Solved minor issue","messageBody":"","fileTypesAndContributionMap":{"test-code":{"insertions":2,"deletions":2}}}]},{"date":"2023-02-28","commitResults":[{"hash":"8bda1885470757b68a85259df2f38bb7a5bb0f55","isMergeCommit":false,"messageTitle":"Update AboutUs.md","messageBody":"","fileTypesAndContributionMap":{"docs":{"insertions":4,"deletions":4}}},{"hash":"837886868b4f08736aea74ed0b4758f999492885","isMergeCommit":false,"messageTitle":"Update UserGuide.md","messageBody":"","fileTypesAndContributionMap":{"docs":{"insertions":2,"deletions":1}}},{"hash":"14dbc0e592a03e83bf3e20af8ed3f424a40827db","isMergeCommit":false,"messageTitle":"Update UserGuide.md","messageBody":"","fileTypesAndContributionMap":{"docs":{"insertions":1,"deletions":0}}},{"hash":"f7a08a8212241789bd302dfacfaa28fc2dca91ef","isMergeCommit":false,"messageTitle":"Update UserGuide.md","messageBody":"","fileTypesAndContributionMap":{"docs":{"insertions":2,"deletions":2}}}]},{"date":"2023-03-05","commitResults":[{"hash":"d7186a335444074e58b9e7ddc69593254833a5bb","isMergeCommit":true,"messageTitle":"Merge pull request #61 from lywich/Add-Sort-Command","messageBody":"Add sort command","fileTypesAndContributionMap":{}}]},{"date":"2023-03-06","commitResults":[{"hash":"1b8e614f4297a820ba745db139c314cb208c864a","isMergeCommit":false,"messageTitle":"fix the bug for find n/ and d/ and t/ when there is no input after the prefix. Allowed all keyword","messageBody":"","fileTypesAndContributionMap":{"functional-code":{"insertions":8,"deletions":0}}},{"hash":"9253e805efe2054daee9f8ff607bc35e1fdcff87","isMergeCommit":false,"messageTitle":"add the all/ prefix to allow find by a task that matches all tags","messageBody":"","fileTypesAndContributionMap":{"functional-code":{"insertions":261,"deletions":15},"test-code":{"insertions":25,"deletions":0}}},{"hash":"49c42037b4a07e2ba78bf0bbc30b9e645cb69681","isMergeCommit":false,"messageTitle":"Added support for find date","messageBody":"","fileTypesAndContributionMap":{"functional-code":{"insertions":159,"deletions":14}}},{"hash":"c711d058d7994409d49462c0585d3e890204cec3","isMergeCommit":false,"messageTitle":"Added tests for new predicates","messageBody":"","fileTypesAndContributionMap":{"functional-code":{"insertions":27,"deletions":87},"test-code":{"insertions":304,"deletions":5}}},{"hash":"6411f84df006f73058a7e73d9d79be49983caef6","isMergeCommit":false,"messageTitle":"Added more tests for find deadlines as events by date","messageBody":"","fileTypesAndContributionMap":{"functional-code":{"insertions":1,"deletions":1},"test-code":{"insertions":61,"deletions":1}}},{"hash":"3208820872d0b50ee0d5dd75ee0eb0ed25709bfa","isMergeCommit":false,"messageTitle":"add tests for find command parser to check the find by date behaviours","messageBody":"","fileTypesAndContributionMap":{"test-code":{"insertions":15,"deletions":2}}},{"hash":"c89d096eb28c1609b1441a2a5a709044f133b6bc","isMergeCommit":false,"messageTitle":"pass checkstyle","messageBody":"","fileTypesAndContributionMap":{"test-code":{"insertions":0,"deletions":1}}},{"hash":"054deb87a54a3d8947683dbcbf32ead10d8f2547","isMergeCommit":false,"messageTitle":"fix some bugs in tests","messageBody":"","fileTypesAndContributionMap":{"test-code":{"insertions":4,"deletions":4}}},{"hash":"49b520156dc68f4d74f81e6155102124b5f23734","isMergeCommit":false,"messageTitle":"Update UserGuide.md","messageBody":"","fileTypesAndContributionMap":{"docs":{"insertions":10,"deletions":1}}},{"hash":"17f86dffad5c2977800dff7bef16004623bec2c9","isMergeCommit":true,"messageTitle":"Merge pull request #68 from joyngjr/Edit-Helplink","messageBody":"Edit helplink to clock-work\u0027s UG","fileTypesAndContributionMap":{}},{"hash":"e304f59f4339b2132c826ebb2284ece71304d747","isMergeCommit":false,"messageTitle":"Update UserGuide.md","messageBody":"","fileTypesAndContributionMap":{"docs":{"insertions":1,"deletions":1}}},{"hash":"5b6f85184ac02ad33e14504fed87c2d765480d37","isMergeCommit":false,"messageTitle":"fix the bug in testing and improve code quality","messageBody":"","fileTypesAndContributionMap":{"functional-code":{"insertions":49,"deletions":26},"test-code":{"insertions":1,"deletions":1}}},{"hash":"9ec4576627c19a5dbbea65924658e6e4aaa1677b","isMergeCommit":true,"messageTitle":"Merge branch \u0027filterByTags\u0027 of https://github.com/PROGRAMMERHAO/tp into filterByTags","messageBody":"","fileTypesAndContributionMap":{}},{"hash":"39c454c5c43d547f4c60d2b30b2bc70e53be3de5","isMergeCommit":false,"messageTitle":"fix checkstyle bugs","messageBody":"","fileTypesAndContributionMap":{"functional-code":{"insertions":14,"deletions":20}}},{"hash":"45782118085ef1cbba87cf7f57e9fb170d8bcd89","isMergeCommit":false,"messageTitle":"fix bugs for findCommandParser","messageBody":"","fileTypesAndContributionMap":{"functional-code":{"insertions":6,"deletions":6}}}]}],"joyngjr":[{"date":"2023-02-17","commitResults":[{"hash":"18337decf29b637876fadd7f2f83e42592e5ebcd","isMergeCommit":false,"messageTitle":"Update PPP and AboutUs for Joy","messageBody":"","fileTypesAndContributionMap":{"docs":{"insertions":39,"deletions":16}}},{"hash":"702721fecaef910b9359cd7291c2c30f2c697ea4","isMergeCommit":false,"messageTitle":"Fix broken link","messageBody":"","fileTypesAndContributionMap":{"docs":{"insertions":1,"deletions":1}}}]},{"date":"2023-02-20","commitResults":[{"hash":"da7fdefcc8d5ace6bd24d18102f8689076c8801b","isMergeCommit":false,"messageTitle":"Modify delete feature to support multiple index deletion","messageBody":"","fileTypesAndContributionMap":{"functional-code":{"insertions":132,"deletions":17},"test-code":{"insertions":83,"deletions":29}}},{"hash":"9151894773b32c57416ce0f263c56bb36432cc7e","isMergeCommit":false,"messageTitle":"Modify UG for delete feature","messageBody":"","fileTypesAndContributionMap":{"functional-code":{"insertions":2,"deletions":2},"docs":{"insertions":3,"deletions":1}}},{"hash":"505c7265390cb9090ae8cb0536a0e51824bd6bc5","isMergeCommit":false,"messageTitle":"Add unit tests for IndexList","messageBody":"","fileTypesAndContributionMap":{"functional-code":{"insertions":4,"deletions":2},"test-code":{"insertions":104,"deletions":6}}}]},{"date":"2023-02-21","commitResults":[{"hash":"21ff375eb355c429668f3c3de031f469c1b2b152","isMergeCommit":true,"messageTitle":"Merge pull request #48 from Huggenguggen/find-command","messageBody":"Modify and enhance Find command","fileTypesAndContributionMap":{}}]},{"date":"2023-02-26","commitResults":[{"hash":"6be344e4cd005d7cd59c1494494d984af78693bc","isMergeCommit":false,"messageTitle":"Change file name to fit grading script","messageBody":"","fileTypesAndContributionMap":{"docs":{"insertions":1,"deletions":1}}},{"hash":"2293d5b9b59d02d20d4cc949970ca0925da6e33f","isMergeCommit":false,"messageTitle":"Update ReadMe CI link","messageBody":"","fileTypesAndContributionMap":{"docs":{"insertions":1,"deletions":1}}}]},{"date":"2023-02-28","commitResults":[{"hash":"32cfd36cc3af5c5861f2c3566e3accce0a8b595b","isMergeCommit":true,"messageTitle":"Merge branch \u0027AY2223S2-CS2103T-W13-3:master\u0027 into master","messageBody":"","fileTypesAndContributionMap":{}},{"hash":"4a8de6d31d3c3f4fe60310ba0d96b0fbaf5720fa","isMergeCommit":true,"messageTitle":"Merge pull request #53 from PROGRAMMERHAO/heads/MultipleNames","messageBody":"Allow user to enter multiple task names with the same description and tags","fileTypesAndContributionMap":{}}]},{"date":"2023-03-05","commitResults":[{"hash":"924c650c7cfc107b515772503f8789d6b0fa58e4","isMergeCommit":true,"messageTitle":"Merge commit \u0027d7186a335444074e58b9e7ddc69593254833a5bb\u0027","messageBody":"* commit \u0027d7186a335444074e58b9e7ddc69593254833a5bb\u0027: (24 commits)\n  Add testcase to test interaction between tasks\n  Add testcases for Tasks and SortCommand\n  Add Sorting function\n  Update JsonAdaptedTaskTest\n  Add more test coverage in CommandParserTest\n  Add new UI image and update UG and README\n  Add Tests for new classes\n  Add Simple UI for displaying time\n  Add SimpleTask, Event, Deadline classes\n  Update UserGuide.md\n  Update UserGuide.md\n  Update UserGuide.md\n  Delete programmerhao.png\n  Add files via upload\n  Update AboutUs.md\n  Add files via upload\n  Add the functionality of allowing user to enter multiple task names with the same description and tags\n  change coding standard\n  Solved minor issue\n  Pass the tests\n  ...\n\n# Conflicts:\n#\tdocs/images/programmerhao.png\n#\tsrc/main/java/seedu/task/logic/commands/AddCommand.java\n#\tsrc/main/java/seedu/task/logic/parser/AddCommandParser.java\n#\tsrc/test/java/seedu/task/logic/commands/AddCommandIntegrationTest.java\n#\tsrc/test/java/seedu/task/logic/commands/AddCommandTest.java\n#\tsrc/test/java/seedu/task/logic/parser/AddCommandParserTest.java\n#\tsrc/test/java/seedu/task/logic/parser/TaskBookParserTest.java\n#\tsrc/test/java/seedu/task/testutil/TypicalTasks.java\n","fileTypesAndContributionMap":{}}]},{"date":"2023-03-06","commitResults":[{"hash":"3eafe3fded82cb3c6ab5738b0e963f58b13a53eb","isMergeCommit":false,"messageTitle":"Implement tracker for tasks by tag","messageBody":"","fileTypesAndContributionMap":{"functional-code":{"insertions":101,"deletions":15}}},{"hash":"88ca5a655529a890f94b8f3eb8b6c58ee6a91334","isMergeCommit":false,"messageTitle":"Add unit testing Update UG","messageBody":"","fileTypesAndContributionMap":{"functional-code":{"insertions":60,"deletions":32},"docs":{"insertions":6,"deletions":0},"test-code":{"insertions":112,"deletions":27}}},{"hash":"da923993e31e06936e33d4388c097be7b4ab709b","isMergeCommit":false,"messageTitle":"Edit style issues","messageBody":"","fileTypesAndContributionMap":{"functional-code":{"insertions":1,"deletions":1}}},{"hash":"cf3fd1c28950906657746072921766974ad99191","isMergeCommit":false,"messageTitle":"Edit more style issues","messageBody":"","fileTypesAndContributionMap":{"test-code":{"insertions":18,"deletions":5}}},{"hash":"b7fd884ba7e6d0f2e2c6b63800c41f8bd6f6cba9","isMergeCommit":false,"messageTitle":"Abstract out function","messageBody":"","fileTypesAndContributionMap":{"functional-code":{"insertions":6,"deletions":1}}},{"hash":"184c74ccf3ee656f4f804c69b12c9c6a34f3d4e1","isMergeCommit":false,"messageTitle":"Edit helplink to clock-work\u0027s UG","messageBody":"","fileTypesAndContributionMap":{"functional-code":{"insertions":1,"deletions":1}}}]}]},"authorFileTypeContributionMap":{"Huggenguggen":{"docs":99,"functional-code":493,"test-code":906},"lywich":{"docs":208,"functional-code":1446,"test-code":1709,"other":2},"PROGRAMMERHAO":{"docs":48,"functional-code":441,"test-code":448,"other":1},"joyngjr":{"docs":46,"functional-code":271,"test-code":300}},"authorContributionVariance":{"Huggenguggen":79235.73,"lywich":2961318.2,"PROGRAMMERHAO":66992.03,"joyngjr":14594.976},"authorDisplayNameMap":{"Huggenguggen":"CS2103T-W13-3 LEE ..HENG","lywich":"CS2103T-W13-3 ONG ..YANG","PROGRAMMERHAO":"CS2103T-W13-3 HAO ..ZEYU","joyngjr":"CS2103T-W13-3 JOY ..G RU"}}
