{"authorDailyContributionsMap":{"ezeAng":[{"date":"2023-02-17","commitResults":[{"hash":"10bf58dbd528fa7f22e72ae79c8f39934ad37b89","isMergeCommit":false,"messageTitle":"Update README.md","messageBody":"","fileTypesAndContributionMap":{"docs":{"insertions":1,"deletions":1}}}]},{"date":"2023-03-01","commitResults":[{"hash":"c47103a513d3204bc142a2c38f319741b2018eea","isMergeCommit":false,"messageTitle":"Create about us page","messageBody":"","fileTypesAndContributionMap":{"other":{"insertions":580,"deletions":0},"docs":{"insertions":5,"deletions":5}}},{"hash":"03f8d49070ffa91da7179abe59149b008110b7ae","isMergeCommit":true,"messageTitle":"Merge pull request #2 from iapetusbob/master","messageBody":"Yuan Hao\u0027s AboutUs and Portfolio","fileTypesAndContributionMap":{}},{"hash":"2e40f0ce04928ec2b605787d568d09d48af2322b","isMergeCommit":true,"messageTitle":"Merge pull request #3 from ezeAng/master","messageBody":"Create about us page","fileTypesAndContributionMap":{}},{"hash":"867bb5c9175ed3098f4fda2edf8c82e7d38ed58f","isMergeCommit":false,"messageTitle":"Change ezekiel profile pic filename","messageBody":"","fileTypesAndContributionMap":{"docs":{"insertions":2,"deletions":2}}},{"hash":"bca667cf3e04b9edfb675b4118f06123148e913d","isMergeCommit":true,"messageTitle":"Merge pull request #13 from ezeAng/master","messageBody":"Change ezekiel profile pic filename","fileTypesAndContributionMap":{}}]},{"date":"2023-03-03","commitResults":[{"hash":"cf6790df045d06c2f443e0985d1d52954baf6f68","isMergeCommit":false,"messageTitle":"CHange User profile, User Stories, Glossary","messageBody":"","fileTypesAndContributionMap":{"docs":{"insertions":44,"deletions":10}}},{"hash":"667777dd3ba41346b5cbb89c2b390e956b88b639","isMergeCommit":false,"messageTitle":"Fix checkstyle","messageBody":"","fileTypesAndContributionMap":{"docs":{"insertions":4,"deletions":4}}},{"hash":"a6fa1e2ee0e402a96d168ce6a0a7f70eab024ee5","isMergeCommit":true,"messageTitle":"Merge pull request #22 from ezeAng/master","messageBody":"Fix Checkstyle","fileTypesAndContributionMap":{}}]},{"date":"2023-03-05","commitResults":[{"hash":"f206987d3f6c6a7adb23d6eadb5b5d7e8637d816","isMergeCommit":false,"messageTitle":"Update AboutUs.md","messageBody":"changed filename","fileTypesAndContributionMap":{"docs":{"insertions":2,"deletions":2}}},{"hash":"6f803a54da29da7c81bc12e689befef05b80a023","isMergeCommit":false,"messageTitle":"Renaming","messageBody":"","fileTypesAndContributionMap":{"docs":{"insertions":2,"deletions":2}}}]},{"date":"2023-03-10","commitResults":[{"hash":"11cb5eea1727f2cec6903aba4873664cc96fc62c","isMergeCommit":true,"messageTitle":"Merge pull request #24 from jjiayyingtt/v1.2-help,edit","messageBody":"Modified help and edit features.","fileTypesAndContributionMap":{}},{"hash":"8f3b499ab4898c71373d59c56c9d77a28fde6c7a","isMergeCommit":true,"messageTitle":"Merge pull request #25 from ezeAng/master","messageBody":"Renaming","fileTypesAndContributionMap":{}},{"hash":"7ec24d30b730513eb5fd52d6e6925a6ef772b395","isMergeCommit":false,"messageTitle":"Add dummy comments","messageBody":"","fileTypesAndContributionMap":{"functional-code":{"insertions":2,"deletions":1}}},{"hash":"54ff06c16e0beaa716ee5b9e36e90b8ac0182f35","isMergeCommit":false,"messageTitle":"Fix trailing whitespaces","messageBody":"","fileTypesAndContributionMap":{"functional-code":{"insertions":1,"deletions":1}}}]},{"date":"2023-03-16","commitResults":[{"hash":"c170bc90eec4c58e3d0aa150410b5ca9dec825ca","isMergeCommit":true,"messageTitle":"Merge pull request #32 from seriouslia0/master","messageBody":"","fileTypesAndContributionMap":{}}]},{"date":"2023-03-21","commitResults":[{"hash":"340396bcc8e110834fb839471c1a179ceb7f70e4","isMergeCommit":false,"messageTitle":"Change User Guide and ReadME to have more content","messageBody":"Add more content to UserGuide, change names from Address book to NextBigFish\n","fileTypesAndContributionMap":{"docs":{"insertions":125,"deletions":41}}},{"hash":"4e1d8182cd34a2ca72995fe61a3ac08c6af58142","isMergeCommit":false,"messageTitle":"Update ReadME check links, checkstyles","messageBody":"Modify ReadME JavaCI and Codecov links, homepage links\nSolve Checkstyle issues\n","fileTypesAndContributionMap":{"docs":{"insertions":8,"deletions":8}}}]},{"date":"2023-03-23","commitResults":[{"hash":"46df3954389abb66c2f0483127c07fb79826a964","isMergeCommit":false,"messageTitle":"Create Filter-by-tag Command, Fix Ui-BusinessSize / List Bug","messageBody":"The filter command filters all contacts by the tag specified as arguments.\nIn cases where multiple tags are specified, filter will list only the contacts\nwhich match all the tags.\n\nFix Ui-Business bug which was causing Contact cards to not show.\nMoving forward, lets make sure all @FMXL references exist in the fxml file itself before adding\nthe fields. Doing so will make sure no Ui bugs occur.\n","fileTypesAndContributionMap":{"functional-code":{"insertions":126,"deletions":0},"other":{"insertions":1,"deletions":0}}},{"hash":"0d1f45f347035752b032b8682cadbfaf7f861dda","isMergeCommit":false,"messageTitle":"Remove some irrelevant comments","messageBody":"","fileTypesAndContributionMap":{"functional-code":{"insertions":0,"deletions":3}}},{"hash":"f32186cabb3e813b5802cedbed0ac44875badd7f","isMergeCommit":false,"messageTitle":"Fix Checkstyle","messageBody":"","fileTypesAndContributionMap":{"functional-code":{"insertions":2,"deletions":4}}},{"hash":"45f9f1d5abcfc542ce26c49151b4b535903a0903","isMergeCommit":false,"messageTitle":"Fix Checkstyle","messageBody":"","fileTypesAndContributionMap":{"functional-code":{"insertions":2,"deletions":3}}},{"hash":"3f3a0815be22203959f3505f8b8a0695c557ab5a","isMergeCommit":false,"messageTitle":"Add Test Coverage","messageBody":"","fileTypesAndContributionMap":{"test-code":{"insertions":139,"deletions":0}}},{"hash":"168eea8f4a780708eb405788a548dc0cdd92e1cc","isMergeCommit":false,"messageTitle":"Add Test Coverage","messageBody":"","fileTypesAndContributionMap":{"test-code":{"insertions":1,"deletions":1}}},{"hash":"2c5120aad3554ea4745208f27eee6de22443f171","isMergeCommit":false,"messageTitle":"Add Test Coverage","messageBody":"","fileTypesAndContributionMap":{"test-code":{"insertions":0,"deletions":1}}},{"hash":"96aa6eea8a5aeef9920a8628bbc4587d60b9e093","isMergeCommit":false,"messageTitle":"Add Tests","messageBody":"","fileTypesAndContributionMap":{"functional-code":{"insertions":3,"deletions":11},"test-code":{"insertions":6,"deletions":16}}},{"hash":"b64423769fc32c70dbd2be417c5a539d150162f7","isMergeCommit":false,"messageTitle":"checkstyle","messageBody":"","fileTypesAndContributionMap":{"test-code":{"insertions":0,"deletions":1}}}]},{"date":"2023-03-24","commitResults":[{"hash":"3f87ea367c5940f23f9bda8b09980ba26aae67ed","isMergeCommit":true,"messageTitle":"Merge pull request #49 from ezeAng/filter-by-tag","messageBody":"Create Filter-by-tag Command, Fix Ui-BusinessSize / List Bug","tags":["v1.3.trial"],"fileTypesAndContributionMap":{}},{"hash":"70bd9da3fb7a75db08171a078327146944989fb3","isMergeCommit":false,"messageTitle":"Developer Guide addition","messageBody":"","fileTypesAndContributionMap":{"docs":{"insertions":49,"deletions":9}}},{"hash":"cffdd32bbef70d6ed00738e6e35322746bdfa59c","isMergeCommit":true,"messageTitle":"Merge pull request #51 from ezeAng/master","messageBody":"Developer Guide addition","fileTypesAndContributionMap":{}},{"hash":"4d1139ff0bc03298c7bdb2046a0fb3517182b701","isMergeCommit":true,"messageTitle":"Merge pull request #55 from seriouslia0/master","messageBody":"Extended List feature to fit into NextBigFish ","fileTypesAndContributionMap":{}},{"hash":"b31caa89ee16289580bd72fc7f3459e160b5e101","isMergeCommit":false,"messageTitle":"Add sorting functionality and change developer guide","messageBody":"Adding sorting functinality with 3 options for sorting:\n1) Sort by ascending sale/business size\n2) Sort by descending sale/business size\n3) Sort by name in alphabetical order\n\nAdded new documentation to developer guide to explain sorting process\n","fileTypesAndContributionMap":{"functional-code":{"insertions":184,"deletions":16},"docs":{"insertions":88,"deletions":48},"test-code":{"insertions":150,"deletions":6}}},{"hash":"fe1832df9f368febc058addd8cbdd9edee959b7f","isMergeCommit":true,"messageTitle":"Merge branch \u0027master\u0027 into sort-business-size","messageBody":"","fileTypesAndContributionMap":{}}]}],"seriouslia0":[{"date":"2023-03-01","commitResults":[{"hash":"a30be714f7eeb269796e93a097636e798c85b531","isMergeCommit":false,"messageTitle":"Added personal details","messageBody":"","fileTypesAndContributionMap":{"docs":{"insertions":50,"deletions":4}}},{"hash":"063db050956c81880cccbb951cad10c675554ebd","isMergeCommit":false,"messageTitle":"no message","messageBody":"","fileTypesAndContributionMap":{"docs":{"insertions":3,"deletions":2}}},{"hash":"e2526d0671c4609294892e2aee32c0a8b5ccb5ee","isMergeCommit":false,"messageTitle":"no message","messageBody":"","fileTypesAndContributionMap":{"docs":{"insertions":1,"deletions":2}}},{"hash":"9fca018987bd73eb1a96782aeab01be5e5ef15b9","isMergeCommit":true,"messageTitle":"Merge pull request #4 from seriouslia0/master","messageBody":"personal details ","fileTypesAndContributionMap":{}},{"hash":"1921e2a52d62230f14156f81ad700f6bb38f6795","isMergeCommit":true,"messageTitle":"Merge pull request #5 from jjiayyingtt/master","messageBody":"Added info","fileTypesAndContributionMap":{}}]},{"date":"2023-03-13","commitResults":[{"hash":"46fc78c063245335a11192d19bc6022f2b548708","isMergeCommit":false,"messageTitle":"Edit the \u0027add\u0027 Command","messageBody":"","fileTypesAndContributionMap":{"functional-code":{"insertions":128,"deletions":13}}}]},{"date":"2023-03-15","commitResults":[{"hash":"8b4b211b3aa0e7093075b8e3fff7266f7910de67","isMergeCommit":false,"messageTitle":"no message","messageBody":"","fileTypesAndContributionMap":{"functional-code":{"insertions":13,"deletions":6}}},{"hash":"8ec53eedaaad0b58637eb0705e40397ec3b323bb","isMergeCommit":false,"messageTitle":"no message","messageBody":"","fileTypesAndContributionMap":{"functional-code":{"insertions":0,"deletions":1}}},{"hash":"6e895b58809f6f7f862d675d6ec273f39d75f699","isMergeCommit":false,"messageTitle":"no message","messageBody":"","fileTypesAndContributionMap":{"functional-code":{"insertions":12,"deletions":4},"test-code":{"insertions":103,"deletions":23}}}]},{"date":"2023-03-16","commitResults":[{"hash":"4ccb046c0dcab32652883072a55a9584745b1dcc","isMergeCommit":false,"messageTitle":"no message","messageBody":"","fileTypesAndContributionMap":{"functional-code":{"insertions":8,"deletions":6},"test-code":{"insertions":52,"deletions":25}}}]},{"date":"2023-03-21","commitResults":[{"hash":"2c226afe15ef2182c02c0a835f4524f0c5f1f661","isMergeCommit":true,"messageTitle":"Merge pull request #39 from ezeAng/guide-change","messageBody":"Make changes to UserGuide and ReadME","fileTypesAndContributionMap":{}}]},{"date":"2023-03-23","commitResults":[{"hash":"5fda1ed395c28406dfd666adedbf52a6839354fe","isMergeCommit":true,"messageTitle":"Merge pull request #48 from jjiayyingtt/master","messageBody":"Updated the Developer Guide","fileTypesAndContributionMap":{}},{"hash":"d27cda47f200096eabdc9d2f1cfafe4561a5bc1a","isMergeCommit":false,"messageTitle":"Added Documentation of lead receptivity feature","messageBody":"","fileTypesAndContributionMap":{"docs":{"insertions":21,"deletions":0}}},{"hash":"e407c2541a7055ad30c8cefdb0b740c7f9b4e544","isMergeCommit":true,"messageTitle":"Merge pull request #50 from seriouslia0/master","messageBody":"Added Documentation of lead receptivity feature","fileTypesAndContributionMap":{}}]},{"date":"2023-03-24","commitResults":[{"hash":"00efb8583a726dd507816639c09083fc69180c56","isMergeCommit":false,"messageTitle":"Fixed List feature to include the company size","messageBody":"","fileTypesAndContributionMap":{"functional-code":{"insertions":4,"deletions":0}}},{"hash":"791ea3d92c2c2cc7d93b0613eaf131d147d1443b","isMergeCommit":false,"messageTitle":"Fixed the UI for list to display attribute names","messageBody":"","fileTypesAndContributionMap":{"functional-code":{"insertions":6,"deletions":6}}},{"hash":"71269f784b9cb9b4cbccf74c3d8badcac387a69e","isMergeCommit":false,"messageTitle":"Added the Total potential Earnings to the Summary Window","messageBody":"","fileTypesAndContributionMap":{"functional-code":{"insertions":49,"deletions":0},"test-code":{"insertions":16,"deletions":1}}},{"hash":"db29c85962f070ee5430bb157b457102efc2c204","isMergeCommit":true,"messageTitle":"Merge pull request #56 from ezeAng/sort-business-size","messageBody":"Add sorting functionality and change developer guide","fileTypesAndContributionMap":{}}]},{"date":"2023-03-25","commitResults":[{"hash":"1d5a9344e2ac0f34418dbc5ce89c4ccfe8de5978","isMergeCommit":true,"messageTitle":"Merge pull request #57 from jjiayyingtt/master","messageBody":"Fixed User Guide formatting issue","fileTypesAndContributionMap":{}}]}],"iapetusbob":[{"date":"2023-03-01","commitResults":[{"hash":"20e9121283a212356f56faae491eaffe53bfa333","isMergeCommit":false,"messageTitle":"Update AboutUs.md","messageBody":"","fileTypesAndContributionMap":{"docs":{"insertions":3,"deletions":3}}},{"hash":"bb4d7a5fa65162e363bad625ba8e675a7933845c","isMergeCommit":false,"messageTitle":"UG","messageBody":"","fileTypesAndContributionMap":{"docs":{"insertions":1,"deletions":1}}},{"hash":"38202d10570a79a47acd3b9463508b6b39ebb067","isMergeCommit":false,"messageTitle":"yh-portfolio","messageBody":"","fileTypesAndContributionMap":{"docs":{"insertions":46,"deletions":0}}},{"hash":"4ee0571ad6d7232ac03c0fb3835a25b709b0a297","isMergeCommit":false,"messageTitle":"jpg-to-png","messageBody":"","fileTypesAndContributionMap":{"docs":{"insertions":2,"deletions":2}}},{"hash":"4feab7939a65e06afb24d40ca69c3faaa461cb32","isMergeCommit":true,"messageTitle":"Merge pull request #11 from iapetusbob/master","messageBody":"jpg-to-png","fileTypesAndContributionMap":{}}]},{"date":"2023-03-03","commitResults":[{"hash":"39cf91dc57c3947af77177a96bb4f5599b157869","isMergeCommit":false,"messageTitle":"DG","messageBody":"","fileTypesAndContributionMap":{"docs":{"insertions":58,"deletions":6}}},{"hash":"01ba033695103d80b059c18e6352bac054adcb2e","isMergeCommit":true,"messageTitle":"Merge branch \u0027AY2223S2-CS2103-F10-4:master\u0027 into master","messageBody":"","fileTypesAndContributionMap":{}},{"hash":"28bb96891a135a550b5aefd5c22917a2b269be40","isMergeCommit":true,"messageTitle":"Merge branch \u0027AY2223S2-CS2103-F10-4:master\u0027 into master","messageBody":"","fileTypesAndContributionMap":{}},{"hash":"e678969d5c97e328ed1bf2304950f4857d8b189e","isMergeCommit":false,"messageTitle":"Update DeveloperGuide.md","messageBody":"","fileTypesAndContributionMap":{"docs":{"insertions":60,"deletions":6}}},{"hash":"335c6af3900f31e83f5ccbe3fef9ad67f3e60e76","isMergeCommit":false,"messageTitle":"Update DeveloperGuide.md","messageBody":"","fileTypesAndContributionMap":{"docs":{"insertions":0,"deletions":2}}}]},{"date":"2023-03-10","commitResults":[{"hash":"a1d35c6578429e6e70854db98b7caa309371bba5","isMergeCommit":false,"messageTitle":"Find and Exit updated","messageBody":"","fileTypesAndContributionMap":{"functional-code":{"insertions":2,"deletions":1},"other":{"insertions":1,"deletions":1}}},{"hash":"86ac60d8f89547218abbcd03708faece57e72ac0","isMergeCommit":true,"messageTitle":"Merge branch \u0027master\u0027 of https://github.com/iapetusbob/tp","messageBody":"","fileTypesAndContributionMap":{}},{"hash":"c1cb47c605ec3c9db44163354ff36095e70bc1ed","isMergeCommit":true,"messageTitle":"Merge branch \u0027AY2223S2-CS2103-F10-4:master\u0027 into master","messageBody":"","fileTypesAndContributionMap":{}},{"hash":"cab42736eeb0bf06e7d75f1a3fb5b90918deef7b","isMergeCommit":true,"messageTitle":"Merge pull request #26 from iapetusbob/master","messageBody":"Updated Find and Exit","fileTypesAndContributionMap":{}}]},{"date":"2023-03-18","commitResults":[{"hash":"d7a5890a3d1d8c44ff4c6221479ae916ae65ff69","isMergeCommit":false,"messageTitle":"updated find command to work with address and company","messageBody":"","fileTypesAndContributionMap":{"functional-code":{"insertions":44,"deletions":3},"test-code":{"insertions":26,"deletions":10}}},{"hash":"90398f2eaf189173960857d84b01a6a8abac3b5a","isMergeCommit":false,"messageTitle":"updated find command to work with address and company","messageBody":"","fileTypesAndContributionMap":{"functional-code":{"insertions":1,"deletions":2},"test-code":{"insertions":0,"deletions":1}}},{"hash":"a75c23c83aa98e0ca9b69d71b05a13448ccc0ad0","isMergeCommit":false,"messageTitle":"updated find command to work with address and company","messageBody":"","fileTypesAndContributionMap":{"functional-code":{"insertions":0,"deletions":2}}},{"hash":"2f97d5882d682b06f257b91136f24d6074edab1a","isMergeCommit":false,"messageTitle":"updated find command!!!!","messageBody":"","fileTypesAndContributionMap":{"test-code":{"insertions":2,"deletions":4}}},{"hash":"353f67db400d433b94892a9b3bbaf2bc1554ffde","isMergeCommit":true,"messageTitle":"Merge pull request #37 from iapetusbob/master","messageBody":"updated findcommand!!!!!!","fileTypesAndContributionMap":{}}]}],"jjiayyingtt":[{"date":"2023-03-01","commitResults":[{"hash":"8b0b8947072794d87b39cf24b868b0d630ab043c","isMergeCommit":false,"messageTitle":"added personal info","messageBody":"","fileTypesAndContributionMap":{"docs":{"insertions":4,"deletions":4}}},{"hash":"4e0cbef9ba1ecb1593c97a7978dc2a84551d48e0","isMergeCommit":false,"messageTitle":"edited personal info","messageBody":"","fileTypesAndContributionMap":{"docs":{"insertions":1,"deletions":1}}},{"hash":"88c10c52cf1df9774709b11fa38b8d97da7af246","isMergeCommit":false,"messageTitle":"re-edited personal info","messageBody":"","fileTypesAndContributionMap":{"docs":{"insertions":0,"deletions":9}}},{"hash":"d4df33e55b3865980a4447431d4c201ca723bd6d","isMergeCommit":true,"messageTitle":"Merge pull request #7 from jjiayyingtt/master","messageBody":"re-edited personal info","fileTypesAndContributionMap":{}},{"hash":"e2e72837bf7e50fc24df0ddc29b9a2245cba518f","isMergeCommit":false,"messageTitle":"changed username","messageBody":"","fileTypesAndContributionMap":{"docs":{"insertions":49,"deletions":3}}},{"hash":"0293bc1ea53421e0f2b5cd1627c5d1239beafef9","isMergeCommit":true,"messageTitle":"Merge pull request #10 from jjiayyingtt/master","messageBody":"changed username","fileTypesAndContributionMap":{}},{"hash":"0829191511db8fef30a3715b74be3a0fcab12aad","isMergeCommit":false,"messageTitle":"Updated User Guide","messageBody":"","fileTypesAndContributionMap":{"docs":{"insertions":72,"deletions":128}}},{"hash":"b9a576c4f25ae3a23eeacd028c8ce172c6214983","isMergeCommit":true,"messageTitle":"Merge pull request #12 from jjiayyingtt/master","messageBody":"Updated User Guide","fileTypesAndContributionMap":{}}]},{"date":"2023-03-03","commitResults":[{"hash":"ad43959b9f21c3bfaf1d708baad42b9649186a33","isMergeCommit":false,"messageTitle":"added non functional requirements","messageBody":"","fileTypesAndContributionMap":{"docs":{"insertions":3,"deletions":0}}},{"hash":"9b7a1def30f1bf8fdf6d1bae5e74ac912216a5ac","isMergeCommit":false,"messageTitle":"fixed checkstyle","messageBody":"","fileTypesAndContributionMap":{"docs":{"insertions":2,"deletions":2}}},{"hash":"f01eab2b5c81b3900a1217148cc75ab0b57e5858","isMergeCommit":true,"messageTitle":"Merge pull request #23 from jjiayyingtt/master","messageBody":"non functional requirements","fileTypesAndContributionMap":{}}]},{"date":"2023-03-05","commitResults":[{"hash":"8887cbc94d79e062b02ba9840d0fb172588ea513","isMergeCommit":false,"messageTitle":"Modified help and edit features. Added Business Size attribute, and modified almost all functioning code to match.","messageBody":"","fileTypesAndContributionMap":{"functional-code":{"insertions":136,"deletions":42},"test-code":{"insertions":37,"deletions":13}}}]},{"date":"2023-03-06","commitResults":[{"hash":"c5389e5c4e281686f345509ebd0bbccc85ce911c","isMergeCommit":false,"messageTitle":"Fixed checkstyle issue","messageBody":"","fileTypesAndContributionMap":{"functional-code":{"insertions":39,"deletions":18}}},{"hash":"e7e9fe4a7931ba2f4de1db20eaba03fc06d7d0a2","isMergeCommit":false,"messageTitle":"Fixed checkstyle issue 2.0","messageBody":"","fileTypesAndContributionMap":{"functional-code":{"insertions":6,"deletions":1}}},{"hash":"6c1ef87ee4df0340bbf0b0058e7759068cae2b1a","isMergeCommit":false,"messageTitle":"Modified test file","messageBody":"","fileTypesAndContributionMap":{"test-code":{"insertions":15,"deletions":1}}},{"hash":"9a54cb94431d57094129cdbed48d1fecb1d9a188","isMergeCommit":false,"messageTitle":"Test files","messageBody":"","fileTypesAndContributionMap":{"functional-code":{"insertions":1,"deletions":1},"test-code":{"insertions":19,"deletions":1}}}]},{"date":"2023-03-22","commitResults":[{"hash":"ad47cff70f77cdab2b8eadcf5081bbe6e0247a62","isMergeCommit":false,"messageTitle":"no message","messageBody":"","fileTypesAndContributionMap":{"docs":{"insertions":8,"deletions":8}}},{"hash":"c4add84abc7d756b792695753ba8616b2396f184","isMergeCommit":true,"messageTitle":"Merge branch \u0027v1.2-help,edit\u0027","messageBody":"# Conflicts:\n#\tdocs/UserGuide.md\n","fileTypesAndContributionMap":{}}]},{"date":"2023-03-23","commitResults":[{"hash":"cc09ada39c18ffc6bddd97f2fe53e0192b5a61d3","isMergeCommit":false,"messageTitle":"Updated the Developer Guide with Data Summary Feature implementation","messageBody":"","fileTypesAndContributionMap":{"docs":{"insertions":44,"deletions":0}}}]},{"date":"2023-03-24","commitResults":[{"hash":"01584683057995da1e3208da90e373adba95bd7d","isMergeCommit":false,"messageTitle":"Added summary feature","messageBody":"","fileTypesAndContributionMap":{"functional-code":{"insertions":225,"deletions":4},"docs":{"insertions":1,"deletions":1}}},{"hash":"37b8f25bfc6ec941b4c898f7d2d3264ef632b175","isMergeCommit":false,"messageTitle":"no message","messageBody":"","fileTypesAndContributionMap":{"docs":{"insertions":1,"deletions":1}}},{"hash":"6982b20597294fbb90d6364702694d90fd949a18","isMergeCommit":true,"messageTitle":"Merge branch \u0027master\u0027 of https://github.com/jjiayyingtt/tp","messageBody":"","fileTypesAndContributionMap":{}},{"hash":"0c1703c9cf287eab2f8994e841bafa4ecb60d199","isMergeCommit":false,"messageTitle":"Fixed summary feature","messageBody":"","fileTypesAndContributionMap":{"functional-code":{"insertions":23,"deletions":6}}},{"hash":"f2f649a178ffc300b03f71c78907c63002606ef1","isMergeCommit":false,"messageTitle":"stylecheck issue fixed","messageBody":"","fileTypesAndContributionMap":{"functional-code":{"insertions":1,"deletions":0},"docs":{"insertions":2,"deletions":2}}},{"hash":"3f6df85603956eca6f08a8da7086c5be12a7ca91","isMergeCommit":false,"messageTitle":"no message","messageBody":"","fileTypesAndContributionMap":{"functional-code":{"insertions":1,"deletions":1}}},{"hash":"33b517b4f45548dc7f936276bb765ef7c036216c","isMergeCommit":false,"messageTitle":"no message","messageBody":"","fileTypesAndContributionMap":{"functional-code":{"insertions":4,"deletions":8}}},{"hash":"fd89a2c4df5df0511f63e37f54953a3c9055b9aa","isMergeCommit":false,"messageTitle":"no message","messageBody":"","fileTypesAndContributionMap":{"functional-code":{"insertions":0,"deletions":1}}},{"hash":"0b55248fc1f10c1073be23e438e74604365a83a6","isMergeCommit":false,"messageTitle":"no message","messageBody":"","fileTypesAndContributionMap":{"functional-code":{"insertions":8,"deletions":5}}},{"hash":"0d452335a65bdb238efb7334e5ae9a24166d5d5b","isMergeCommit":false,"messageTitle":"no message","messageBody":"","fileTypesAndContributionMap":{"functional-code":{"insertions":0,"deletions":1}}},{"hash":"f60cf029a702504d855a72bbb42f5b4c16c5c790","isMergeCommit":false,"messageTitle":"modified test files","messageBody":"","fileTypesAndContributionMap":{"functional-code":{"insertions":1,"deletions":0},"test-code":{"insertions":15,"deletions":7}}},{"hash":"3937e6b6b4d147c3ff46038ac5c9048579cc9a78","isMergeCommit":false,"messageTitle":"no message","messageBody":"","fileTypesAndContributionMap":{"test-code":{"insertions":1,"deletions":1}}},{"hash":"fc0aebc306be106cec377fc44b365891ced14c60","isMergeCommit":false,"messageTitle":"wrote test for summary feature","messageBody":"","fileTypesAndContributionMap":{"test-code":{"insertions":2,"deletions":0}}},{"hash":"4c5359f03b01c86bc1d1040378b407a79a41f2f2","isMergeCommit":false,"messageTitle":"no message","messageBody":"","fileTypesAndContributionMap":{"functional-code":{"insertions":1,"deletions":0},"test-code":{"insertions":19,"deletions":2}}},{"hash":"d68260d9f172adcd96b808191d93668474eadc9c","isMergeCommit":false,"messageTitle":"no message","messageBody":"","fileTypesAndContributionMap":{"functional-code":{"insertions":1,"deletions":1},"test-code":{"insertions":1,"deletions":1}}},{"hash":"4b1a63ccbdd0d3d7e9f115a0318c0b58b347be3c","isMergeCommit":false,"messageTitle":"no message","messageBody":"","fileTypesAndContributionMap":{"test-code":{"insertions":1,"deletions":0}}},{"hash":"bcb66aaea688244ca56f697cca552776eec70465","isMergeCommit":false,"messageTitle":"no message","messageBody":"","fileTypesAndContributionMap":{"test-code":{"insertions":3,"deletions":3}}},{"hash":"724e6e6927d1ab602ebc666f18a9f7d237074c8a","isMergeCommit":false,"messageTitle":"no message","messageBody":"","fileTypesAndContributionMap":{"test-code":{"insertions":10,"deletions":0}}},{"hash":"1efd564a5327456b4d7f1180383f5c6a8b369186","isMergeCommit":false,"messageTitle":"no message","messageBody":"","fileTypesAndContributionMap":{"functional-code":{"insertions":1,"deletions":0}}},{"hash":"82db985ae502d8356fe7ac8129f6e432be2393fa","isMergeCommit":false,"messageTitle":"no message","messageBody":"","fileTypesAndContributionMap":{"test-code":{"insertions":6,"deletions":0}}},{"hash":"d6bbaa160125f2ff22028bf7727054001b3e66b2","isMergeCommit":true,"messageTitle":"Merge pull request #53 from jjiayyingtt/master","messageBody":"Added summary feature","fileTypesAndContributionMap":{}}]},{"date":"2023-03-25","commitResults":[{"hash":"67877357b598897ee03ac002ab78f108a6c089ef","isMergeCommit":false,"messageTitle":"Fixed User Guide formatting issue","messageBody":"","fileTypesAndContributionMap":{"docs":{"insertions":9,"deletions":20}}}]}]},"authorFileTypeContributionMap":{"ezeAng":{"docs":192,"functional-code":303,"test-code":279,"other":582},"seriouslia0":{"docs":69,"functional-code":204,"test-code":158},"iapetusbob":{"docs":106,"functional-code":41,"test-code":22,"other":1},"jjiayyingtt":{"docs":133,"functional-code":365,"test-code":100}},"authorContributionVariance":{"ezeAng":19312.459,"seriouslia0":1539.7178,"iapetusbob":745.0007,"jjiayyingtt":6678.291},"authorDisplayNameMap":{"ezeAng":"CS2103-F10-4 ANG ..KIEL","seriouslia0":"CS2103-F10-4 TAN ..NEDA","iapetusbob":"CS2103-F10-4 YUAN.. HAO","jjiayyingtt":"CS2103-F10-4 TAY ..YING"}}
