{"authorDailyContributionsMap":{"rockman007372":[{"date":"2023-03-05","commitResults":[{"hash":"843e3315e23e6483ce85c5119683d5f5ae5e5822","isMergeCommit":false,"messageTitle":"Add skeletal PPP of Nathan Tran","messageBody":"","fileTypesAndContributionMap":{"docs":{"insertions":46,"deletions":0}}},{"hash":"d9f7480eeec683330600059285bfe372594818ee","isMergeCommit":true,"messageTitle":"Merge pull request #25 from ruiyigan/adding_powercard_class","messageBody":"Create Powercard Class","fileTypesAndContributionMap":{}},{"hash":"b81c69107747099b089cfaa3406976169b1fce1d","isMergeCommit":false,"messageTitle":"Add PowerDeck class, addCard and removeCard methods","messageBody":"","fileTypesAndContributionMap":{"functional-code":{"insertions":186,"deletions":0},"other":{"insertions":5,"deletions":5}}},{"hash":"4830dc0f3eff750ecdd3c6fe2ff204b5bfd059d8","isMergeCommit":false,"messageTitle":"Fix Checkstyle","messageBody":"","fileTypesAndContributionMap":{"functional-code":{"insertions":4,"deletions":0}}},{"hash":"3594d2572291e4bbca2e57c0a16cb35a47b959db","isMergeCommit":true,"messageTitle":"Merge pull request #34 from rockman007372/branch-add-deck-class","messageBody":"Add PowerDeck class, addCard and removeCard methods","fileTypesAndContributionMap":{}}]},{"date":"2023-03-06","commitResults":[{"hash":"9e7694a4afc261fda25d0d889a4c2238d0c360d0","isMergeCommit":false,"messageTitle":"Add CardModel class and some test cases","messageBody":"","fileTypesAndContributionMap":{"functional-code":{"insertions":296,"deletions":21},"other":{"insertions":48,"deletions":1},"test-code":{"insertions":120,"deletions":0}}},{"hash":"b7f08cdc5dd6b48102f6e67df6e7ff361532cd48","isMergeCommit":false,"messageTitle":"Undo accidental modified files","messageBody":"","fileTypesAndContributionMap":{"functional-code":{"insertions":15,"deletions":14}}},{"hash":"632053c82b265d2c36de7f5b51d0de38bdf49943","isMergeCommit":false,"messageTitle":"Add new line","messageBody":"","fileTypesAndContributionMap":{"functional-code":{"insertions":1,"deletions":1}}},{"hash":"d4566752261e130c19318562e28e9800e69c57cc","isMergeCommit":false,"messageTitle":"Move UniqueCardList back to powercard module","messageBody":"","fileTypesAndContributionMap":{"functional-code":{"insertions":1,"deletions":0},"other":{"insertions":1,"deletions":2}}}]},{"date":"2023-03-08","commitResults":[{"hash":"2032fd43c5d25d6725d96c823da155a34fbfaea0","isMergeCommit":true,"messageTitle":"Merge pull request #42 from ruiyigan/editing_modal","messageBody":"Add new methods to support multiple decks","fileTypesAndContributionMap":{}},{"hash":"374d7fcfc04dbb152daf360cfbb4323bca9196fb","isMergeCommit":false,"messageTitle":"Add SelectDeckCommand","messageBody":"","fileTypesAndContributionMap":{"functional-code":{"insertions":158,"deletions":49}}}]},{"date":"2023-03-09","commitResults":[{"hash":"e16a7e7a7f06f40aaabd009c3ca75218fde4a925","isMergeCommit":false,"messageTitle":"Add SelectDeckCommand and various code tweaks","messageBody":"","fileTypesAndContributionMap":{"functional-code":{"insertions":19,"deletions":7}}},{"hash":"9d5ae9d192929a8935dd88151f49f532eb81f9a5","isMergeCommit":true,"messageTitle":"Merge pull request #53 from HJ-PRK/update-ug","messageBody":"Update UserGuide.md","fileTypesAndContributionMap":{}}]},{"date":"2023-03-11","commitResults":[{"hash":"2a6f3bc964a622b09918fabe4ec5462ef5245f69","isMergeCommit":true,"messageTitle":"Merge pull request #58 from HJ-PRK/master","messageBody":"Refactor Card - Email \u0026 Phone","fileTypesAndContributionMap":{}},{"hash":"2ffea4ef4eaa04c8731d64f38a8f5142733509ec","isMergeCommit":false,"messageTitle":"Add and modify use cases","messageBody":"","fileTypesAndContributionMap":{"docs":{"insertions":50,"deletions":46}}},{"hash":"795ff68e35d1adc2cea1ac7399cda77a41c8fde9","isMergeCommit":true,"messageTitle":"Merge branch \u0027master\u0027 into branch-modify-use-cases","messageBody":"","fileTypesAndContributionMap":{}}]},{"date":"2023-03-12","commitResults":[{"hash":"805f5228bf55c311a8fae8f5f3c8609a6e9b843e","isMergeCommit":true,"messageTitle":"Merge pull request #60 from rockman007372/branch-modify-use-cases","messageBody":"Add and modify use cases","fileTypesAndContributionMap":{}}]}],"junianob":[{"date":"2023-02-28","commitResults":[{"hash":"58b299764e223a3d9d97cf91ff39279e72e803b3","isMergeCommit":false,"messageTitle":"Update About Us","messageBody":"","fileTypesAndContributionMap":{"docs":{"insertions":22,"deletions":20}}},{"hash":"5d9397cd5c8c67a9f4e227c6c6d6baa213b4308c","isMergeCommit":true,"messageTitle":"Merge pull request #5 from junianob/update-AboutUs","messageBody":"Group member details updated.","fileTypesAndContributionMap":{}},{"hash":"82bc969eb807d36b8ceb0c65903e0f25d241c806","isMergeCommit":false,"messageTitle":"Add PPP","messageBody":"","fileTypesAndContributionMap":{"docs":{"insertions":46,"deletions":0}}},{"hash":"1503fcbce4926dd1bf86921a06cbef5304e0caf4","isMergeCommit":true,"messageTitle":"Merge pull request #18 from junianob/Update-PPP","messageBody":"Add PPP","fileTypesAndContributionMap":{}}]}],"ruiyigan":[{"date":"2023-02-28","commitResults":[{"hash":"87f1287755337aae1953773ac678a6fcf24bb582","isMergeCommit":false,"messageTitle":"Added ruiyigan PPP","messageBody":"","fileTypesAndContributionMap":{"docs":{"insertions":46,"deletions":0}}},{"hash":"99789c2732fc42abb7e17f53bf83de582e824927","isMergeCommit":false,"messageTitle":"Update PPP","messageBody":"","fileTypesAndContributionMap":{"docs":{"insertions":25,"deletions":25}}},{"hash":"52bd54a896815bb93dfcb7f4c079d96363dfcaf9","isMergeCommit":false,"messageTitle":"Switch to my name","messageBody":"","fileTypesAndContributionMap":{"docs":{"insertions":1,"deletions":1}}},{"hash":"d87c48dd4819e9d05fba00ac184956d30c6f0d6d","isMergeCommit":false,"messageTitle":"Update ruiyigan.md","messageBody":"","fileTypesAndContributionMap":{"docs":{"insertions":23,"deletions":23}}},{"hash":"906311da93ba46786a401daee0811c9d099ddd74","isMergeCommit":true,"messageTitle":"Merge pull request #16 from ruiyigan/adding_PPP","messageBody":"Add ruiyigan PPP","fileTypesAndContributionMap":{}}]},{"date":"2023-03-04","commitResults":[{"hash":"d507c5e74e1d200641297e211e684f92919230da","isMergeCommit":false,"messageTitle":"Create Powercard Class","messageBody":"","fileTypesAndContributionMap":{"functional-code":{"insertions":22,"deletions":0}}},{"hash":"c87b9ee8ca11328f49c11446323bd82e593e0356","isMergeCommit":false,"messageTitle":"Added Question and Answer class for better management","messageBody":"","fileTypesAndContributionMap":{"functional-code":{"insertions":162,"deletions":3}}},{"hash":"2993822d1cea3275dd16160414c70a1015cdf44c","isMergeCommit":false,"messageTitle":"Add equals methods to ensure unique cards","messageBody":"","fileTypesAndContributionMap":{"functional-code":{"insertions":45,"deletions":0}}}]},{"date":"2023-03-05","commitResults":[{"hash":"aa2450af7b711c7c028cf8f2be0f81ee4ff4101b","isMergeCommit":false,"messageTitle":"Update README.md","messageBody":"","fileTypesAndContributionMap":{"docs":{"insertions":10,"deletions":0}}},{"hash":"cf6712e581fd2a016bd810ac0362a170acd0aeff","isMergeCommit":false,"messageTitle":"Update README.md","messageBody":"","fileTypesAndContributionMap":{"docs":{"insertions":3,"deletions":3}}},{"hash":"163c57434ee0c776a80e32d4df3f9a4f0d29a098","isMergeCommit":false,"messageTitle":"Update UserGuide.md","messageBody":"Closes #2\r\n\r\nRemoved extra info, for now, refer to https://github.com/nus-cs2103-AY2223S2/tp/blob/master/docs/UserGuide.md for original information","fileTypesAndContributionMap":{"docs":{"insertions":23,"deletions":86}}},{"hash":"a65fca75a210737623f0a9a5687b06390ae73438","isMergeCommit":false,"messageTitle":"Update UserGuide.md","messageBody":"","fileTypesAndContributionMap":{"docs":{"insertions":13,"deletions":1}}},{"hash":"494559b87eb26bc3d2447b262e8811ddee388306","isMergeCommit":false,"messageTitle":"Update UserGuide.md","messageBody":"","fileTypesAndContributionMap":{"docs":{"insertions":25,"deletions":6}}},{"hash":"3bcede05ddeeacbd93da2ae37d23fb0bf78f51f2","isMergeCommit":false,"messageTitle":"Change address to question","messageBody":"","fileTypesAndContributionMap":{"functional-code":{"insertions":2,"deletions":2}}},{"hash":"77b5d3561432fe6fa90f3cfd45f440c04f942fee","isMergeCommit":false,"messageTitle":"Update rockman007372.md","messageBody":"","fileTypesAndContributionMap":{"docs":{"insertions":1,"deletions":1}}},{"hash":"b2329536eb81042ad278f16d2396c6336e65204f","isMergeCommit":true,"messageTitle":"Merge pull request #29 from rockman007372/branch-add-skeletalPPP","messageBody":"Branch add skeletal ppp","fileTypesAndContributionMap":{}}]},{"date":"2023-03-06","commitResults":[{"hash":"b78671ed3c64784d24b3a11b45dcd0f9c3a20aa9","isMergeCommit":true,"messageTitle":"Merge pull request #39 from rockman007372/branch-create-new-model-class","messageBody":"Create new Model class","fileTypesAndContributionMap":{}},{"hash":"7bbe6b0c5b61b9364a76444a8873338df23fec6e","isMergeCommit":true,"messageTitle":"Merge pull request #41 from AY2223S2-CS2103T-W11-3/add_model_class","messageBody":"Add model class","fileTypesAndContributionMap":{}},{"hash":"a9e9880eec9be06e8e648e8952e7ea4edaf56cb5","isMergeCommit":false,"messageTitle":"Add new methods to support multiple decks","messageBody":"","fileTypesAndContributionMap":{"other":{"insertions":67,"deletions":33}}},{"hash":"3a95149e09843a0e5129f739bbac0b79565b68b5","isMergeCommit":false,"messageTitle":"Fix checkstyle errors","messageBody":"","fileTypesAndContributionMap":{"functional-code":{"insertions":7,"deletions":8},"test-code":{"insertions":4,"deletions":4}}}]},{"date":"2023-03-08","commitResults":[{"hash":"71862bed77f7f2b0fdf328976f0cb0540f7f4557","isMergeCommit":false,"messageTitle":"Add parameter for constructor and uncomment filteredcards","messageBody":"","fileTypesAndContributionMap":{"functional-code":{"insertions":10,"deletions":6}}},{"hash":"20cd6df1a0193ce01d38e26518438f7ba8bcdd26","isMergeCommit":false,"messageTitle":"Switch to null for FilteredList","messageBody":"","fileTypesAndContributionMap":{"functional-code":{"insertions":2,"deletions":5}}}]},{"date":"2023-03-10","commitResults":[{"hash":"da9f14c7a4018e3d4b3d255eb3be69d8d8331c2e","isMergeCommit":true,"messageTitle":"Merge pull request #54 from unfazing/refactor","messageBody":"Refactor Useful Classes from AddressBook to align with PowerCards","fileTypesAndContributionMap":{}}]}],"unfazing":[{"date":"2023-03-01","commitResults":[{"hash":"d7850639c6d7629140a1bb0cca2c7da16ab9ed71","isMergeCommit":false,"messageTitle":"Add skeletal PPP","messageBody":"","fileTypesAndContributionMap":{"docs":{"insertions":46,"deletions":0}}},{"hash":"c6b9681ac4d8efb9b5a8298b59d455a747acf57b","isMergeCommit":true,"messageTitle":"Merge pull request #21 from unfazing/master","messageBody":"Add skeletal PPP","fileTypesAndContributionMap":{}}]},{"date":"2023-03-05","commitResults":[{"hash":"54a3fec9e460c076bfe689756005974b59d3d5e2","isMergeCommit":false,"messageTitle":"Added UI Mockup","messageBody":"","fileTypesAndContributionMap":{"other":{"insertions":580,"deletions":0},"docs":{"insertions":3,"deletions":0}}},{"hash":"c6a291ada9ec122c73ee32df43027afdd2078136","isMergeCommit":false,"messageTitle":"Removed bin","messageBody":"","fileTypesAndContributionMap":{"other":{"insertions":0,"deletions":580}}},{"hash":"ee2fa3f79ce6ad2ff9e181f5356c44347a49254b","isMergeCommit":true,"messageTitle":"Merge pull request #36 from unfazing/master","messageBody":"Updated UI Mockup in doc/images for README","fileTypesAndContributionMap":{}},{"hash":"1304609d380ea9a65641d0a1a80dfbfaa049cbb6","isMergeCommit":false,"messageTitle":"Update README UI description","messageBody":"","fileTypesAndContributionMap":{"docs":{"insertions":2,"deletions":0}}},{"hash":"c1c72e9c6a3d77daee52cc69938047f7fb8890fc","isMergeCommit":true,"messageTitle":"Merge pull request #37 from unfazing/readme","messageBody":"Update README UI description","fileTypesAndContributionMap":{}}]},{"date":"2023-03-10","commitResults":[{"hash":"abc3ddd9cc0343ae730072bcc6228b74d3f634d5","isMergeCommit":true,"messageTitle":"Merge pull request #51 from rockman007372/branch-modify-parser","messageBody":"Add SelectDeckCommand and various tweaks","fileTypesAndContributionMap":{}},{"hash":"e8f2262414d68fd75e3981786565f2bfaa10a38c","isMergeCommit":false,"messageTitle":"Refactor Model and ModelManager for Deck","messageBody":"","fileTypesAndContributionMap":{"functional-code":{"insertions":106,"deletions":64},"test-code":{"insertions":73,"deletions":73}}},{"hash":"37d80637ba83c8e84e26268675f2cbdbaec0e96a","isMergeCommit":false,"messageTitle":"Preliminary Refactor Person to Card","messageBody":"","fileTypesAndContributionMap":{"functional-code":{"insertions":203,"deletions":205},"other":{"insertions":38,"deletions":38},"docs":{"insertions":42,"deletions":42},"test-code":{"insertions":195,"deletions":172}}},{"hash":"fe88dc0d46014ec6ce41a7993979503f388f4ecb","isMergeCommit":false,"messageTitle":"Refactor ReadOnlyAddressBook to ReadOnlyDeck","messageBody":"","fileTypesAndContributionMap":{"functional-code":{"insertions":72,"deletions":71},"other":{"insertions":10,"deletions":10},"test-code":{"insertions":56,"deletions":56}}},{"hash":"7221ee586eedf1142b9ac3090f3a839bdc51550a","isMergeCommit":false,"messageTitle":"Refactor person package to card package","messageBody":"","fileTypesAndContributionMap":{"functional-code":{"insertions":40,"deletions":40},"other":{"insertions":20,"deletions":20},"test-code":{"insertions":45,"deletions":45}}},{"hash":"fa6cc361c728ae9a69f259b04e316abb95d1cfb1","isMergeCommit":false,"messageTitle":"Refactor Person to Card, and Addressbook to Deck","messageBody":"","fileTypesAndContributionMap":{"functional-code":{"insertions":34,"deletions":32},"other":{"insertions":16,"deletions":16},"test-code":{"insertions":69,"deletions":69}}},{"hash":"a834e2b2da1a240c6dee6f6bd7dcc131c07a94c9","isMergeCommit":false,"messageTitle":"Refactor","messageBody":"","fileTypesAndContributionMap":{"functional-code":{"insertions":15,"deletions":19},"other":{"insertions":6,"deletions":6}}},{"hash":"b5f215adaa4ded5e1a2c2409b793c8a931c18db2","isMergeCommit":false,"messageTitle":"Refactor Name to Question","messageBody":"","fileTypesAndContributionMap":{"functional-code":{"insertions":43,"deletions":41},"other":{"insertions":6,"deletions":6},"test-code":{"insertions":64,"deletions":64}}},{"hash":"4aad43081106669c139530a56868baabca8dd888","isMergeCommit":false,"messageTitle":"Refactor Name to Question","messageBody":"","fileTypesAndContributionMap":{"functional-code":{"insertions":22,"deletions":22},"other":{"insertions":5,"deletions":5},"test-code":{"insertions":46,"deletions":42}}},{"hash":"78b466253ac9b5b0f8134cce70fd67bf43334e65","isMergeCommit":false,"messageTitle":"Refactor","messageBody":"","fileTypesAndContributionMap":{"other":{"insertions":0,"deletions":0}}},{"hash":"073e45c06fb9c006b33cb09b83a0fcdefec6b68a","isMergeCommit":false,"messageTitle":"Refactor","messageBody":"","fileTypesAndContributionMap":{"functional-code":{"insertions":21,"deletions":21},"test-code":{"insertions":6,"deletions":6}}},{"hash":"928ab5053231183843870f981d4530c8db0b0dff","isMergeCommit":false,"messageTitle":"Refactor Address to Answer","messageBody":"","fileTypesAndContributionMap":{"functional-code":{"insertions":40,"deletions":40},"other":{"insertions":14,"deletions":14},"test-code":{"insertions":22,"deletions":22}}},{"hash":"64887f8baeb5101b4c00f957bed2014c398f891b","isMergeCommit":false,"messageTitle":"Refactor Address to Answer","messageBody":"","fileTypesAndContributionMap":{"functional-code":{"insertions":18,"deletions":18},"test-code":{"insertions":8,"deletions":8}}},{"hash":"d997943aaadab8c9c87275a7a78e9170066c74d7","isMergeCommit":false,"messageTitle":"Remove unnecessary classes","messageBody":"","fileTypesAndContributionMap":{"functional-code":{"insertions":7,"deletions":795},"test-code":{"insertions":0,"deletions":121}}}]},{"date":"2023-03-12","commitResults":[{"hash":"06aa6b876e4766d053a00d3075b07a455fc99f62","isMergeCommit":true,"messageTitle":"Merge branch \u0027master\u0027 into master","messageBody":"","fileTypesAndContributionMap":{}},{"hash":"b9bf1788c208c9da2fb39b775ef126186819a35b","isMergeCommit":true,"messageTitle":"Merge pull request #61 from HJ-PRK/master","messageBody":"Add addDeck feature","fileTypesAndContributionMap":{}}]}],"HJ-PRK":[{"date":"2023-02-28","commitResults":[{"hash":"6c52500703e5323b0dee0084de6fc6d9aed3ab9b","isMergeCommit":false,"messageTitle":"Create hj-prk.md","messageBody":"","fileTypesAndContributionMap":{"docs":{"insertions":47,"deletions":0}}}]},{"date":"2023-03-02","commitResults":[{"hash":"94fc831b591bb14ceca0027eceaedb41a9c26883","isMergeCommit":false,"messageTitle":"Update hj-prk.md","messageBody":"","fileTypesAndContributionMap":{"docs":{"insertions":1,"deletions":1}}},{"hash":"257b6a70c4aac64f1f1794f5fadf5a548b3c17d3","isMergeCommit":true,"messageTitle":"Merge pull request #23 from AY2223S2-CS2103T-W11-3/Add-PPP-1","messageBody":"Update hj-prk.md","fileTypesAndContributionMap":{}}]},{"date":"2023-03-05","commitResults":[{"hash":"731667053904166d3cf132ac4558733f623ad546","isMergeCommit":false,"messageTitle":"Update DeveloperGuide.md","messageBody":"","fileTypesAndContributionMap":{"docs":{"insertions":108,"deletions":20}}},{"hash":"a425121024a0352f25bfdca8049038cfa9c8c59a","isMergeCommit":true,"messageTitle":"Merge pull request #31 from HJ-PRK/Update-DG","messageBody":"Update DeveloperGuide.md","fileTypesAndContributionMap":{}}]},{"date":"2023-03-09","commitResults":[{"hash":"dcc3c49ce4365a6e922308ecd457cf409649b10e","isMergeCommit":false,"messageTitle":"Update UserGuide.md","messageBody":"","fileTypesAndContributionMap":{"docs":{"insertions":37,"deletions":2}}}]},{"date":"2023-03-10","commitResults":[{"hash":"e8c3e6427ebd8fc50849f6e71a9bbdc6c5f876cd","isMergeCommit":false,"messageTitle":"Refractor Email","messageBody":"","fileTypesAndContributionMap":{"functional-code":{"insertions":22,"deletions":103},"test-code":{"insertions":21,"deletions":265}}},{"hash":"9aba2782625da318effd663ffe27431685994deb","isMergeCommit":false,"messageTitle":"Refractor Phone","messageBody":"","fileTypesAndContributionMap":{"functional-code":{"insertions":0,"deletions":124},"test-code":{"insertions":0,"deletions":40}}},{"hash":"4d9c9c5b0750487bafe10ab98812c4a619ecb43b","isMergeCommit":false,"messageTitle":"Delete all email \u0026 phone usages","messageBody":"","fileTypesAndContributionMap":{"functional-code":{"insertions":3,"deletions":59},"test-code":{"insertions":34,"deletions":122}}},{"hash":"c9b87b8e56d7efe45bb048527882bb5ed78894e9","isMergeCommit":false,"messageTitle":"Fix Checkstyle errors","messageBody":"","fileTypesAndContributionMap":{"test-code":{"insertions":9,"deletions":6}}},{"hash":"d18ff18fb4ca3b8e7998026ff6a8290a70f22b8e","isMergeCommit":false,"messageTitle":"Fix minor errors","messageBody":"","fileTypesAndContributionMap":{"test-code":{"insertions":4,"deletions":28}}}]},{"date":"2023-03-11","commitResults":[{"hash":"9db77c932034cba2d4c49d525f3a0c316a10ddd7","isMergeCommit":false,"messageTitle":"Commentize some testcases","messageBody":"","fileTypesAndContributionMap":{"test-code":{"insertions":32,"deletions":0}}},{"hash":"44abf0a91a8b59d30ca64b83f47e25c7d899ccf6","isMergeCommit":false,"messageTitle":"Add AddDeckCommand","messageBody":"","fileTypesAndContributionMap":{"functional-code":{"insertions":63,"deletions":2},"test-code":{"insertions":1,"deletions":1}}},{"hash":"10a9812e764c3b51db2d13dd7fc20de92d73c981","isMergeCommit":false,"messageTitle":"Rename Deck to MasterDeck","messageBody":"","fileTypesAndContributionMap":{"functional-code":{"insertions":73,"deletions":73},"other":{"insertions":7,"deletions":7},"docs":{"insertions":24,"deletions":24},"test-code":{"insertions":53,"deletions":53}}},{"hash":"41bdb61bb922d6b948e3685d1d676868fda662bb","isMergeCommit":false,"messageTitle":"Fix class name typo","messageBody":"","fileTypesAndContributionMap":{"functional-code":{"insertions":21,"deletions":21},"other":{"insertions":5,"deletions":5},"test-code":{"insertions":37,"deletions":37}}},{"hash":"9e46b953ba66c1a7eae5f4d7c85f12a608e1bca6","isMergeCommit":false,"messageTitle":"Add Deck class and UniqueDeckList class","messageBody":"","fileTypesAndContributionMap":{"functional-code":{"insertions":226,"deletions":0},"other":{"insertions":1,"deletions":1}}},{"hash":"20c5a7854a73e4cf4bb43b74b7750330b1dc9665","isMergeCommit":false,"messageTitle":"Modify AddDeckCommand","messageBody":"","fileTypesAndContributionMap":{"functional-code":{"insertions":20,"deletions":15}}},{"hash":"e910148cd00a2c8d992f90b1b58c4a1d855046a3","isMergeCommit":false,"messageTitle":"Add Deck features to MasterDeck","messageBody":"","fileTypesAndContributionMap":{"functional-code":{"insertions":40,"deletions":4},"test-code":{"insertions":7,"deletions":1}}},{"hash":"2656e21067c7101f53fcc5ba37c2369c57a49267","isMergeCommit":false,"messageTitle":"Update Deck features","messageBody":"","fileTypesAndContributionMap":{"functional-code":{"insertions":48,"deletions":7},"test-code":{"insertions":15,"deletions":0}}},{"hash":"46bfeb074ea7c5df5f5a86063c0777262a9f8fcf","isMergeCommit":false,"messageTitle":"Update Parser to execute AddDeckCommand","messageBody":"","fileTypesAndContributionMap":{"functional-code":{"insertions":60,"deletions":1}}},{"hash":"b7f31d1e05320e568ab0bc83782f4e2a18e3c0fc","isMergeCommit":false,"messageTitle":"Add AddDeckCommand to the main parser class","messageBody":"","fileTypesAndContributionMap":{"functional-code":{"insertions":4,"deletions":1}}},{"hash":"b619e728527124526ab2bc3dbb250f99da7b4d4d","isMergeCommit":false,"messageTitle":"Fix Checkstyle errors","messageBody":"","fileTypesAndContributionMap":{"functional-code":{"insertions":2,"deletions":14}}},{"hash":"f38a7208e47b196e47cba350131cdaf99bc37bf2","isMergeCommit":false,"messageTitle":"Update testcases","messageBody":"","fileTypesAndContributionMap":{"test-code":{"insertions":9,"deletions":1}}},{"hash":"2de47dd8323f31eaa8f93f8337820bc48fafd9f0","isMergeCommit":false,"messageTitle":"Update testcases","messageBody":"","fileTypesAndContributionMap":{"test-code":{"insertions":1,"deletions":1}}}]}]},"authorFileTypeContributionMap":{"rockman007372":{"docs":91,"functional-code":94,"test-code":0},"junianob":{"docs":68,"functional-code":0,"test-code":0},"ruiyigan":{"docs":93,"functional-code":0,"test-code":0},"unfazing":{"docs":92,"functional-code":405,"test-code":419},"HJ-PRK":{"docs":157,"functional-code":514,"test-code":147}},"authorContributionVariance":{"rockman007372":13943.638,"junianob":309.2222,"ruiyigan":4203.91,"unfazing":546589.25,"HJ-PRK":65950.57},"authorDisplayNameMap":{"rockman007372":"CS2103T-W11-3 TRAN..GHIA","junianob":"CS2103T-W11-3 BRYA..IANO","ruiyigan":"CS2103T-W11-3 GAN ..I YI","unfazing":"CS2103T-W11-3 LIAN.. HAI","HJ-PRK":"CS2103T-W11-3 PARK..NJIN"}}
