{"authorDailyContributionsMap":{"rockman007372":[{"date":"2023-03-05","commitResults":[{"hash":"843e3315e23e6483ce85c5119683d5f5ae5e5822","isMergeCommit":false,"messageTitle":"Add skeletal PPP of Nathan Tran","messageBody":"","fileTypesAndContributionMap":{"docs":{"insertions":46,"deletions":0}}},{"hash":"d9f7480eeec683330600059285bfe372594818ee","isMergeCommit":true,"messageTitle":"Merge pull request #25 from ruiyigan/adding_powercard_class","messageBody":"Create Powercard Class","fileTypesAndContributionMap":{}},{"hash":"b81c69107747099b089cfaa3406976169b1fce1d","isMergeCommit":false,"messageTitle":"Add PowerDeck class, addCard and removeCard methods","messageBody":"","fileTypesAndContributionMap":{"functional-code":{"insertions":186,"deletions":0},"other":{"insertions":5,"deletions":5}}},{"hash":"4830dc0f3eff750ecdd3c6fe2ff204b5bfd059d8","isMergeCommit":false,"messageTitle":"Fix Checkstyle","messageBody":"","fileTypesAndContributionMap":{"functional-code":{"insertions":4,"deletions":0}}},{"hash":"3594d2572291e4bbca2e57c0a16cb35a47b959db","isMergeCommit":true,"messageTitle":"Merge pull request #34 from rockman007372/branch-add-deck-class","messageBody":"Add PowerDeck class, addCard and removeCard methods","fileTypesAndContributionMap":{}}]},{"date":"2023-03-06","commitResults":[{"hash":"9e7694a4afc261fda25d0d889a4c2238d0c360d0","isMergeCommit":false,"messageTitle":"Add CardModel class and some test cases","messageBody":"","fileTypesAndContributionMap":{"functional-code":{"insertions":296,"deletions":21},"other":{"insertions":48,"deletions":1},"test-code":{"insertions":120,"deletions":0}}},{"hash":"b7f08cdc5dd6b48102f6e67df6e7ff361532cd48","isMergeCommit":false,"messageTitle":"Undo accidental modified files","messageBody":"","fileTypesAndContributionMap":{"functional-code":{"insertions":15,"deletions":14}}},{"hash":"632053c82b265d2c36de7f5b51d0de38bdf49943","isMergeCommit":false,"messageTitle":"Add new line","messageBody":"","fileTypesAndContributionMap":{"functional-code":{"insertions":1,"deletions":1}}},{"hash":"d4566752261e130c19318562e28e9800e69c57cc","isMergeCommit":false,"messageTitle":"Move UniqueCardList back to powercard module","messageBody":"","fileTypesAndContributionMap":{"functional-code":{"insertions":1,"deletions":0},"other":{"insertions":1,"deletions":2}}}]},{"date":"2023-03-08","commitResults":[{"hash":"2032fd43c5d25d6725d96c823da155a34fbfaea0","isMergeCommit":true,"messageTitle":"Merge pull request #42 from ruiyigan/editing_modal","messageBody":"Add new methods to support multiple decks","fileTypesAndContributionMap":{}},{"hash":"374d7fcfc04dbb152daf360cfbb4323bca9196fb","isMergeCommit":false,"messageTitle":"Add SelectDeckCommand","messageBody":"","fileTypesAndContributionMap":{"functional-code":{"insertions":158,"deletions":49}}}]},{"date":"2023-03-09","commitResults":[{"hash":"e16a7e7a7f06f40aaabd009c3ca75218fde4a925","isMergeCommit":false,"messageTitle":"Add SelectDeckCommand and various code tweaks","messageBody":"","fileTypesAndContributionMap":{"functional-code":{"insertions":19,"deletions":7}}},{"hash":"9d5ae9d192929a8935dd88151f49f532eb81f9a5","isMergeCommit":true,"messageTitle":"Merge pull request #53 from HJ-PRK/update-ug","messageBody":"Update UserGuide.md","fileTypesAndContributionMap":{}}]},{"date":"2023-03-11","commitResults":[{"hash":"2a6f3bc964a622b09918fabe4ec5462ef5245f69","isMergeCommit":true,"messageTitle":"Merge pull request #58 from HJ-PRK/master","messageBody":"Refactor Card - Email \u0026 Phone","fileTypesAndContributionMap":{}},{"hash":"2ffea4ef4eaa04c8731d64f38a8f5142733509ec","isMergeCommit":false,"messageTitle":"Add and modify use cases","messageBody":"","fileTypesAndContributionMap":{"docs":{"insertions":50,"deletions":46}}},{"hash":"795ff68e35d1adc2cea1ac7399cda77a41c8fde9","isMergeCommit":true,"messageTitle":"Merge branch \u0027master\u0027 into branch-modify-use-cases","messageBody":"","fileTypesAndContributionMap":{}}]},{"date":"2023-03-12","commitResults":[{"hash":"805f5228bf55c311a8fae8f5f3c8609a6e9b843e","isMergeCommit":true,"messageTitle":"Merge pull request #60 from rockman007372/branch-modify-use-cases","messageBody":"Add and modify use cases","fileTypesAndContributionMap":{}},{"hash":"9fee6bdfa0a944d2c325d77dd07f7015e17ad750","isMergeCommit":false,"messageTitle":"Modify selectDeckCommand, Model, ModelManager and create new Deck class","messageBody":"","fileTypesAndContributionMap":{"functional-code":{"insertions":43,"deletions":25}}},{"hash":"bb211ec9d4db05f20ea9dd462dba79db5210529a","isMergeCommit":false,"messageTitle":"Add a parser for selectDeck command","messageBody":"","fileTypesAndContributionMap":{"functional-code":{"insertions":73,"deletions":25}}},{"hash":"93881cf049253db6bf254dd1992e7c540505b741","isMergeCommit":false,"messageTitle":"Remove Phone and Email fields from GUI","messageBody":"","fileTypesAndContributionMap":{"functional-code":{"insertions":0,"deletions":2}}},{"hash":"a50cfb9b0f5907c23a189dc0b2db853e119e8fe0","isMergeCommit":false,"messageTitle":"Remove old occurences of Phone and Email in data","messageBody":"","fileTypesAndContributionMap":{"functional-code":{"insertions":0,"deletions":41}}}]},{"date":"2023-03-13","commitResults":[{"hash":"d124a42144c516decf3443e78f1818e27288c8e0","isMergeCommit":true,"messageTitle":"Sync branch with remote repo","messageBody":"","fileTypesAndContributionMap":{}},{"hash":"0ac40f9ef68fff5cf5f79da94de3b06853d49176","isMergeCommit":false,"messageTitle":"Fix checkstyles","messageBody":"","fileTypesAndContributionMap":{"functional-code":{"insertions":13,"deletions":12},"test-code":{"insertions":5,"deletions":0}}},{"hash":"12c41468fad6af775f0b16b0c5b3f7bf277e402d","isMergeCommit":true,"messageTitle":"Merge pull request #68 from AY2223S2-CS2103T-W11-3/branch_select_deck_command","messageBody":"Complete SelectDeckCommand","fileTypesAndContributionMap":{}},{"hash":"a482543966bf9439acf466067d130b7dd090f54b","isMergeCommit":true,"messageTitle":"Merge pull request #72 from AY2223S2-CS2103T-W11-3/branch_unselect_deck","messageBody":"Add UnselectDeck command","fileTypesAndContributionMap":{}},{"hash":"74a532921d47745bebfcd2a1bfa3ceb81ed3a6ed","isMergeCommit":true,"messageTitle":"Merge pull request #79 from AY2223S2-CS2103T-W11-3/branch_refactor","messageBody":"Remove some traces of Address Book ","fileTypesAndContributionMap":{}}]},{"date":"2023-03-14","commitResults":[{"hash":"3ead990581759f902d7d0424f17f38ce1e341a75","isMergeCommit":false,"messageTitle":"Modify getReview to return Optional","messageBody":"","fileTypesAndContributionMap":{"functional-code":{"insertions":8,"deletions":8}}},{"hash":"4077c1a85d09faf21ed02a5204e746807a4f7263","isMergeCommit":false,"messageTitle":"Use Optional class more appropriately","messageBody":"","fileTypesAndContributionMap":{"functional-code":{"insertions":46,"deletions":33}}},{"hash":"8b8c7b52c3c827be69d3463d4cfb26a5aebda295","isMergeCommit":false,"messageTitle":"Modify FlipCommand","messageBody":"","fileTypesAndContributionMap":{"functional-code":{"insertions":11,"deletions":16}}},{"hash":"88e6c5b3f00803d71378fedf7d551bd9c71b9593","isMergeCommit":false,"messageTitle":"Fix checkstyle","messageBody":"","fileTypesAndContributionMap":{"functional-code":{"insertions":0,"deletions":2},"test-code":{"insertions":2,"deletions":1}}},{"hash":"6b231d8c0ad83e4ba876efc8c4f3fcf9c9835b45","isMergeCommit":false,"messageTitle":"Add flipCard method in Model to follow Law of Delimiter","messageBody":"","fileTypesAndContributionMap":{"functional-code":{"insertions":11,"deletions":8},"test-code":{"insertions":4,"deletions":0}}},{"hash":"c73ae3194b9eac0f0c6f032ead64c356147ff5b5","isMergeCommit":true,"messageTitle":"Merge pull request #89 from rockman007372/branch-modify-Optional","messageBody":"Modify Optional usage","fileTypesAndContributionMap":{}},{"hash":"35bf4384b4eabe8c1ef1094c2de114db8f537d96","isMergeCommit":false,"messageTitle":"Move updateFilteredCardList to ModelManager","messageBody":"","fileTypesAndContributionMap":{"functional-code":{"insertions":1,"deletions":1}}},{"hash":"28b367cbc33bf2d59a1b104d494137f7f3d887ed","isMergeCommit":false,"messageTitle":"Allow users to exit in any mode","messageBody":"","fileTypesAndContributionMap":{"functional-code":{"insertions":7,"deletions":3}}},{"hash":"a64f0053a33733fe0bfea6fc3c49fefd74c3ef28","isMergeCommit":false,"messageTitle":"Modify AddCommand to follow Law of Demeter","messageBody":"","fileTypesAndContributionMap":{"functional-code":{"insertions":1,"deletions":2}}},{"hash":"df167b033ed54dd4a4e439d4d6259a9a4b077b74","isMergeCommit":false,"messageTitle":"Modify addCard method to pass test cases","messageBody":"","fileTypesAndContributionMap":{"functional-code":{"insertions":7,"deletions":1}}},{"hash":"547821785d49351f293d721cb10c1e540c56ab66","isMergeCommit":false,"messageTitle":"Enable Storage to load the decks from JSON file","messageBody":"","fileTypesAndContributionMap":{"functional-code":{"insertions":5,"deletions":0}}},{"hash":"54ca3e7a3f85053eb7ff2b02d0f5240c253b3652","isMergeCommit":true,"messageTitle":"Merge pull request #97 from rockman007372/branch-load-decks","messageBody":"Enable Storage to load the decks from JSON file","fileTypesAndContributionMap":{}},{"hash":"a2a691ad9d1e291e544b1755139fdd38ce23edac","isMergeCommit":false,"messageTitle":"Remove unnecessary predicate in addCard method","messageBody":"","fileTypesAndContributionMap":{"functional-code":{"insertions":1,"deletions":6}}}]},{"date":"2023-03-18","commitResults":[{"hash":"8a867a7ec7b210b5fea8cd6411074460a71f9f17","isMergeCommit":false,"messageTitle":"modify initDecks","messageBody":"","fileTypesAndContributionMap":{"functional-code":{"insertions":4,"deletions":5}}},{"hash":"327af2936c2013315a727175ec3bd659465e185b","isMergeCommit":false,"messageTitle":"Modify equal method in MasterDeck to compare deck list","messageBody":"","fileTypesAndContributionMap":{"functional-code":{"insertions":4,"deletions":3}}},{"hash":"8532fdeeda3307b75b20f2663dbee788bebf830c","isMergeCommit":false,"messageTitle":"Change Person details to Card detail in SampleDatUtil","messageBody":"","fileTypesAndContributionMap":{"functional-code":{"insertions":25,"deletions":33}}},{"hash":"fa9fd3ec2d8c017ecea93aff9a4e18f486fe7376","isMergeCommit":false,"messageTitle":"Allow deck to be (de)serialized as JSON object","messageBody":"","fileTypesAndContributionMap":{"functional-code":{"insertions":70,"deletions":11},"test-code":{"insertions":10,"deletions":10}}},{"hash":"4fcf5c96a1ee606d5732df0c818276f6e82d3eb3","isMergeCommit":false,"messageTitle":"Refractor JsonSerializableAddressBook to JsonSerializableMasterDeck","messageBody":"","fileTypesAndContributionMap":{"functional-code":{"insertions":3,"deletions":3},"other":{"insertions":6,"deletions":6},"test-code":{"insertions":7,"deletions":7}}},{"hash":"6703ea05ce01290a47fc9706dbf5518e78d63fd1","isMergeCommit":false,"messageTitle":"Throw exception if JSON card exists without a JSON deck","messageBody":"","fileTypesAndContributionMap":{"functional-code":{"insertions":7,"deletions":0},"test-code":{"insertions":11,"deletions":2}}},{"hash":"7610bdab5610155579f3782a84e10004488d0434","isMergeCommit":true,"messageTitle":"Merge pull request #125 from AY2223S2-CS2103T-W11-3/branch-selectDeck","messageBody":"Skip unselectDeck when selecting new deck","fileTypesAndContributionMap":{}},{"hash":"8492903c715d5be118f1c8312511fbec3a1589ec","isMergeCommit":false,"messageTitle":"Reformat Storage classes from addressbook to masterdeck","messageBody":"","fileTypesAndContributionMap":{"functional-code":{"insertions":24,"deletions":24},"other":{"insertions":27,"deletions":27},"test-code":{"insertions":24,"deletions":24}}},{"hash":"deafc5ddd663ac256bc3d022a8165ec1b49cdaf4","isMergeCommit":false,"messageTitle":"Refractor out all the addressbook references in Storage","messageBody":"","fileTypesAndContributionMap":{"functional-code":{"insertions":9,"deletions":9}}},{"hash":"8a5b5f27bd2bdae84c69563336cc5c6f77dda7ee","isMergeCommit":false,"messageTitle":"Refactor Card class constructor to take in Deck","messageBody":"","fileTypesAndContributionMap":{"functional-code":{"insertions":109,"deletions":22},"test-code":{"insertions":4,"deletions":5}}},{"hash":"8f419da95d936807afb64da6c12495bed17ca406","isMergeCommit":false,"messageTitle":"Comment out unused class to boost code coverage","messageBody":"","fileTypesAndContributionMap":{"functional-code":{"insertions":74,"deletions":80}}},{"hash":"2f92766810405d4c4fc5533b4717d427a2f1a5f4","isMergeCommit":false,"messageTitle":"Add unit test for AddCommandTest","messageBody":"","fileTypesAndContributionMap":{"functional-code":{"insertions":7,"deletions":7},"test-code":{"insertions":25,"deletions":2}}},{"hash":"c935b274dce79d9662f01cf42fe195238f1c1b51","isMergeCommit":true,"messageTitle":"Merge pull request #133 from AY2223S2-CS2103T-W11-3/branch-token","messageBody":"Update token to use backslash","fileTypesAndContributionMap":{}},{"hash":"60eabf5692af00178cebe71046e07f59d7672491","isMergeCommit":true,"messageTitle":"Merge pull request #128 from AY2223S2-CS2103T-W11-3/branch_review","messageBody":"Show a message when no more cards","fileTypesAndContributionMap":{}},{"hash":"e823a561ddf057c1fa8ae156b4536ea7750951d8","isMergeCommit":true,"messageTitle":"Merge pull request #134 from rockman007372/branch-handle-JSON-deck-list-exception","messageBody":"Refractor storage class to remove traces of AddressBook","fileTypesAndContributionMap":{}},{"hash":"a7f961aa25d2e3338d456e2a1c7ce9bc2131df6e","isMergeCommit":true,"messageTitle":"Merge branch \u0027master\u0027 into branch-optional-deck","messageBody":"","fileTypesAndContributionMap":{}},{"hash":"652f140bb1c4c6cc2f499f9e177027f98942c414","isMergeCommit":true,"messageTitle":"Solve merge conflict","messageBody":"","fileTypesAndContributionMap":{}},{"hash":"4711721708e67a1ce59cd1d890d4ed5d9dca01ad","isMergeCommit":true,"messageTitle":"Fix checkstyle","messageBody":"","fileTypesAndContributionMap":{}}]},{"date":"2023-03-19","commitResults":[{"hash":"1ba56a6fdff0d22ddefca0a23afd60a0983f7296","isMergeCommit":true,"messageTitle":"Merge pull request #136 from rockman007372/branch-optional-deck","messageBody":"Refactor Card class constructor to take in Deck instead of Optional\u003cDeck\u003e","fileTypesAndContributionMap":{}},{"hash":"4c750a9f0e77365bbbfe6f21521f4a5a7f48b10b","isMergeCommit":false,"messageTitle":"Remove unnecessary setting of predicates","messageBody":"","fileTypesAndContributionMap":{"functional-code":{"insertions":1,"deletions":3}}},{"hash":"963ecac5fd8e71a56287c2457ed8cc91c62e0383","isMergeCommit":false,"messageTitle":"Make use of parallel stream in deleteDeck","messageBody":"","fileTypesAndContributionMap":{"functional-code":{"insertions":31,"deletions":18},"test-code":{"insertions":1,"deletions":1}}},{"hash":"3c32afa40a64a9c5170e24d17af842779accab9d","isMergeCommit":false,"messageTitle":"Add test case in CardTest","messageBody":"","fileTypesAndContributionMap":{"functional-code":{"insertions":2,"deletions":1},"test-code":{"insertions":11,"deletions":0}}},{"hash":"d5abefff32c67cf2969e2b5bd49f0b04ad3e5d7f","isMergeCommit":true,"messageTitle":"Solve merge conflicts","messageBody":"","fileTypesAndContributionMap":{}},{"hash":"04f64ef8da9467aed35e6cb09cc8c76ee1c90e91","isMergeCommit":true,"messageTitle":"Merge pull request #141 from rockman007372/branch-modify-deleteDeck","messageBody":"Delete unnecessary UpdateFilteredLists in addDeck and deleteDeck","fileTypesAndContributionMap":{}}]},{"date":"2023-03-20","commitResults":[{"hash":"16b4427aa2348396c831757c5a3a6a9efd366af8","isMergeCommit":false,"messageTitle":"Modify EditDeckCommandParser to fix parser bug","messageBody":"","fileTypesAndContributionMap":{"functional-code":{"insertions":37,"deletions":15}}},{"hash":"dc551695b4bc336559057abbf27d1c08eeb1bf74","isMergeCommit":false,"messageTitle":"Move cards to the new editted deck after EditDeckCommand","messageBody":"","fileTypesAndContributionMap":{"functional-code":{"insertions":39,"deletions":14},"test-code":{"insertions":16,"deletions":4}}},{"hash":"dd6199a5a6f1332ba09b0d7e4432493cc9e3dea9","isMergeCommit":false,"messageTitle":"Fix checkstyle","messageBody":"","fileTypesAndContributionMap":{"test-code":{"insertions":0,"deletions":1}}},{"hash":"505f6d91c5cd85e31901e591fe30ca94ad51be9a","isMergeCommit":true,"messageTitle":"Solve merge conflict","messageBody":"","fileTypesAndContributionMap":{}},{"hash":"ed22f89267739a3be2a51135b37dc2ab8c1b44ea","isMergeCommit":true,"messageTitle":"Merge pull request #149 from rockman007372/branch-fix-edit-deck","messageBody":"Revamp EditDeckCommand to fix bugs","fileTypesAndContributionMap":{}},{"hash":"390f777d266e55b82d0c8d593f0b73673aa93c8c","isMergeCommit":true,"messageTitle":"Merge pull request #143 from HJ-PRK/master","messageBody":"Remove traces of address book","fileTypesAndContributionMap":{}}]},{"date":"2023-03-21","commitResults":[{"hash":"063c0774a8a1d7c5c4034ea77ff6d5c4372d4ea9","isMergeCommit":false,"messageTitle":"Update ReviewCommand and CommandResult constructor","messageBody":"","fileTypesAndContributionMap":{"functional-code":{"insertions":17,"deletions":6}}},{"hash":"56c442024c5c53445e4976d26289ef5edf118650","isMergeCommit":false,"messageTitle":"Add ReviewCard and ReviewCard.fxml","messageBody":"","fileTypesAndContributionMap":{"functional-code":{"insertions":153,"deletions":5}}},{"hash":"06d46c904bfa62b339adf416dfbd23655a265b98","isMergeCommit":false,"messageTitle":"Remove card index in review mode","messageBody":"","fileTypesAndContributionMap":{"functional-code":{"insertions":22,"deletions":6}}},{"hash":"122c3fef3b4172a076a46ba823f7a0d0d7cf35eb","isMergeCommit":false,"messageTitle":"Fix bug with Review mode","messageBody":"","fileTypesAndContributionMap":{"functional-code":{"insertions":31,"deletions":40}}},{"hash":"d5decf29c912de70cb8423d697a5d7ed78d47cb7","isMergeCommit":false,"messageTitle":"Fix test cases in CommandResultTest","messageBody":"","fileTypesAndContributionMap":{"functional-code":{"insertions":10,"deletions":6},"test-code":{"insertions":34,"deletions":12}}},{"hash":"05606ae2828cdbe061f8f729757ef4d5953e955b","isMergeCommit":true,"messageTitle":"Solve merge conflict","messageBody":"","fileTypesAndContributionMap":{}},{"hash":"6ea217372a23c0b5eabab27f1f88690a860608b1","isMergeCommit":true,"messageTitle":"Merge pull request #163 from rockman007372/gui-separate-index","messageBody":"[GUI] Separate Index From Card during Review","fileTypesAndContributionMap":{}},{"hash":"c8da7a144f4b621392933ef361b0791bd3b84b08","isMergeCommit":false,"messageTitle":"Change PersonCard fields to match card fields","messageBody":"","fileTypesAndContributionMap":{"functional-code":{"insertions":14,"deletions":14}}},{"hash":"95fe046708634d97b55e33d29ba19d414728a9d3","isMergeCommit":false,"messageTitle":"Remove unnecessary item in ReviewCard.fxml","messageBody":"","fileTypesAndContributionMap":{"functional-code":{"insertions":10,"deletions":9}}}]},{"date":"2023-03-22","commitResults":[{"hash":"48744d906af3ce3e98a21d42eb5d753fdeb93a5a","isMergeCommit":false,"messageTitle":"Alter question size","messageBody":"","fileTypesAndContributionMap":{"functional-code":{"insertions":13,"deletions":1}}},{"hash":"34eacce8562db543b99069d16398f5a9955d82c3","isMergeCommit":false,"messageTitle":"Adjust padding for tag","messageBody":"","fileTypesAndContributionMap":{"functional-code":{"insertions":1,"deletions":3}}},{"hash":"115b79cb0e04abdff8cc2fadba259b6ef9927f3a","isMergeCommit":false,"messageTitle":"Centralise review card gui","messageBody":"","fileTypesAndContributionMap":{"functional-code":{"insertions":21,"deletions":9}}},{"hash":"2c769834ec0e4ec123a047b74e760907c9350c2a","isMergeCommit":false,"messageTitle":"Centralise card gui","messageBody":"","fileTypesAndContributionMap":{"functional-code":{"insertions":8,"deletions":4}}}]}],"junianob":[{"date":"2023-02-28","commitResults":[{"hash":"58b299764e223a3d9d97cf91ff39279e72e803b3","isMergeCommit":false,"messageTitle":"Update About Us","messageBody":"","fileTypesAndContributionMap":{"docs":{"insertions":22,"deletions":20}}},{"hash":"5d9397cd5c8c67a9f4e227c6c6d6baa213b4308c","isMergeCommit":true,"messageTitle":"Merge pull request #5 from junianob/update-AboutUs","messageBody":"Group member details updated.","fileTypesAndContributionMap":{}},{"hash":"82bc969eb807d36b8ceb0c65903e0f25d241c806","isMergeCommit":false,"messageTitle":"Add PPP","messageBody":"","fileTypesAndContributionMap":{"docs":{"insertions":46,"deletions":0}}},{"hash":"1503fcbce4926dd1bf86921a06cbef5304e0caf4","isMergeCommit":true,"messageTitle":"Merge pull request #18 from junianob/Update-PPP","messageBody":"Add PPP","fileTypesAndContributionMap":{}}]},{"date":"2023-03-12","commitResults":[{"hash":"05919567dfc8652850da40e05a930bfcae637147","isMergeCommit":false,"messageTitle":"Update MainWindow.fxml","messageBody":"","fileTypesAndContributionMap":{"functional-code":{"insertions":9,"deletions":10}}},{"hash":"46396beddd606b5bef2b46916508135010a02965","isMergeCommit":false,"messageTitle":"Change Input and Output box position","messageBody":"","fileTypesAndContributionMap":{"functional-code":{"insertions":14,"deletions":10}}},{"hash":"1a2ae3fd722562d4d61ce82071acd319d63be6aa","isMergeCommit":false,"messageTitle":"Add placeholder for Decklist","messageBody":"","fileTypesAndContributionMap":{"functional-code":{"insertions":16,"deletions":4}}},{"hash":"9b873280fd789d9120a4558c3c2ac4ee00e2d3ff","isMergeCommit":false,"messageTitle":"Fix minor bugs","messageBody":"","fileTypesAndContributionMap":{"functional-code":{"insertions":3,"deletions":3}}},{"hash":"4d1ae65402db1897655162bfd2262357d9fe22e1","isMergeCommit":false,"messageTitle":"Fix minor bugs","messageBody":"","fileTypesAndContributionMap":{"functional-code":{"insertions":3,"deletions":2}}}]},{"date":"2023-03-13","commitResults":[{"hash":"ea5dc3a47822fe19f672d84156ad19f758918d83","isMergeCommit":false,"messageTitle":"Add Deck to UI","messageBody":"Bugs expected! Will be testing and fixing along the way.\n","fileTypesAndContributionMap":{"functional-code":{"insertions":164,"deletions":3}}},{"hash":"690e4e3c63d10cd8736d8c84575a0f0fde7d2d46","isMergeCommit":false,"messageTitle":"Fix Checkstyle","messageBody":"","fileTypesAndContributionMap":{"functional-code":{"insertions":1,"deletions":1}}},{"hash":"96a9a0aff5fd130d91aaaac51cea13e14a1a15ed","isMergeCommit":false,"messageTitle":"Fix Checkstyle again","messageBody":"","fileTypesAndContributionMap":{"functional-code":{"insertions":5,"deletions":4}}}]},{"date":"2023-03-14","commitResults":[{"hash":"2d5f4d9f9761e094c67dfc17f839ff15eb2a638f","isMergeCommit":false,"messageTitle":"Fix minor bug","messageBody":"","fileTypesAndContributionMap":{"functional-code":{"insertions":1,"deletions":1}}},{"hash":"ea061ede6b569c5180b1b10989137f477abb6fb2","isMergeCommit":true,"messageTitle":"Merge pull request #86 from junianob/UI-Deck","messageBody":"Add Deck to UI","fileTypesAndContributionMap":{}},{"hash":"11ac1a80880c02499ec3008c42a1ca43fee2c733","isMergeCommit":false,"messageTitle":"Add Theme change","messageBody":"","fileTypesAndContributionMap":{"functional-code":{"insertions":361,"deletions":5}}},{"hash":"f495be30821035e5586473e2ab602b59c6694d39","isMergeCommit":false,"messageTitle":"Update Theme","messageBody":"","fileTypesAndContributionMap":{"functional-code":{"insertions":21,"deletions":32}}},{"hash":"c112e79186c1efe9319b78afb6b280cb1477632e","isMergeCommit":false,"messageTitle":"Add padding for Deck and Card","messageBody":"","fileTypesAndContributionMap":{"functional-code":{"insertions":7,"deletions":21}}},{"hash":"6d0201cb3434ff5728a226051c59af1aa8e3ed66","isMergeCommit":false,"messageTitle":"Update Theme","messageBody":"","fileTypesAndContributionMap":{"functional-code":{"insertions":21,"deletions":25}}}]},{"date":"2023-03-15","commitResults":[{"hash":"352bf14ac9cc28ba9100066b73095293f9f26c5d","isMergeCommit":false,"messageTitle":"Change colors","messageBody":"","fileTypesAndContributionMap":{"functional-code":{"insertions":17,"deletions":16}}},{"hash":"22d26960ad9ab12cf5edd9612fc2594e2464c70c","isMergeCommit":false,"messageTitle":"Add Vbox containers","messageBody":"","fileTypesAndContributionMap":{"functional-code":{"insertions":23,"deletions":8}}},{"hash":"7427370281f17865eb9792b8cfe767ff5e3e3ff2","isMergeCommit":false,"messageTitle":"Fix black border issue","messageBody":"","fileTypesAndContributionMap":{"functional-code":{"insertions":1,"deletions":1}}},{"hash":"c1d97727afa125b23eb4fc4f5b407fd856a4f8c7","isMergeCommit":false,"messageTitle":"Add Powercard title to UI","messageBody":"","fileTypesAndContributionMap":{"functional-code":{"insertions":11,"deletions":0}}},{"hash":"bac8073d351100763256100fabee4c26265e2a44","isMergeCommit":false,"messageTitle":"Update Title","messageBody":"","fileTypesAndContributionMap":{"functional-code":{"insertions":5,"deletions":1}}},{"hash":"a54dcc8d255d66fe1855d870a0efc367c95098ea","isMergeCommit":true,"messageTitle":"Merge pull request #98 from junianob/Theme","messageBody":"Theme update","fileTypesAndContributionMap":{}}]},{"date":"2023-03-18","commitResults":[{"hash":"6d074d4441df802528927ccd2044bf89e3bf4b97","isMergeCommit":false,"messageTitle":"Round out corner","messageBody":"","fileTypesAndContributionMap":{"functional-code":{"insertions":28,"deletions":6}}},{"hash":"4e6909c82fe9f405e8ecd2eab3b7e99114ef3fae","isMergeCommit":false,"messageTitle":"Fix bug","messageBody":"","fileTypesAndContributionMap":{"functional-code":{"insertions":6,"deletions":0}}}]},{"date":"2023-03-19","commitResults":[{"hash":"a80e651d9202e3833c3b3dde427a8320ee998c43","isMergeCommit":false,"messageTitle":"Change scroll bar and fix graphical bug","messageBody":"","fileTypesAndContributionMap":{"functional-code":{"insertions":39,"deletions":30}}},{"hash":"38e56426b1727ba0b53642a1875181bad4b9b1dc","isMergeCommit":false,"messageTitle":"Fix Checkstyle","messageBody":"","fileTypesAndContributionMap":{"functional-code":{"insertions":5,"deletions":5}}},{"hash":"dbf48f943cb6549536b3dc8ca78690a45686ffa6","isMergeCommit":false,"messageTitle":"Fix Checkstyle","messageBody":"","fileTypesAndContributionMap":{"functional-code":{"insertions":4,"deletions":4}}},{"hash":"3ebcbc28d498143189c62495f599c0a8e8701673","isMergeCommit":false,"messageTitle":"Fix text truncation issue and improve tag","messageBody":"","fileTypesAndContributionMap":{"functional-code":{"insertions":9,"deletions":6}}},{"hash":"bd2e77b479b6f253e1ea9056b166a04b57005115","isMergeCommit":true,"messageTitle":"Merge pull request #138 from junianob/UI-update2","messageBody":"Round out corner","fileTypesAndContributionMap":{}},{"hash":"0f0bc9453cc95828c534b63a34ba10aa6f85ba6e","isMergeCommit":true,"messageTitle":"Merge branch \u0027master\u0027 into UI-update3","messageBody":"","fileTypesAndContributionMap":{}},{"hash":"780797867af6d13a77fa7ba1af652f43b995c898","isMergeCommit":false,"messageTitle":"Fix bug","messageBody":"","fileTypesAndContributionMap":{"functional-code":{"insertions":0,"deletions":1}}},{"hash":"5760914d23301ec1ea8abd850075755102e182f2","isMergeCommit":true,"messageTitle":"Merge branch \u0027UI-update3\u0027 of https://github.com/junianob/tp into UI-update3","messageBody":"","fileTypesAndContributionMap":{}}]},{"date":"2023-03-20","commitResults":[{"hash":"fec54710f3e9aad60f8e6f5bdf3a30e8e9049de8","isMergeCommit":false,"messageTitle":"Add color for tag","messageBody":"","fileTypesAndContributionMap":{"functional-code":{"insertions":14,"deletions":2}}},{"hash":"df52d31ce2fa0b058a875fbf560372448009f393","isMergeCommit":false,"messageTitle":"Fix Checkstyle","messageBody":"","fileTypesAndContributionMap":{"functional-code":{"insertions":4,"deletions":4}}},{"hash":"4bb5ed3b568c6b56d5826757e1ad04b19fc33b7a","isMergeCommit":true,"messageTitle":"Merge pull request #146 from junianob/UI-update3","messageBody":"Change scroll bar, fix graphical bug and color code tag","fileTypesAndContributionMap":{}}]},{"date":"2023-03-21","commitResults":[{"hash":"54d82b0d9585bf5212d9384d420f9f5eedb6f5f2","isMergeCommit":false,"messageTitle":"Add default Style to review panel","messageBody":"","fileTypesAndContributionMap":{"functional-code":{"insertions":67,"deletions":0}}},{"hash":"2588c5de2904103cc9b27d8c496fdbab2ad4dc3f","isMergeCommit":false,"messageTitle":"Style Review Panel","messageBody":"","fileTypesAndContributionMap":{"functional-code":{"insertions":47,"deletions":43},"test-code":{"insertions":4,"deletions":2}}},{"hash":"e9106fc24e00be650dea9c7e0a0d6e03f20464cc","isMergeCommit":false,"messageTitle":"Fix Checkstyle","messageBody":"","fileTypesAndContributionMap":{"functional-code":{"insertions":14,"deletions":11}}},{"hash":"bb1544729b7127b8bda306fcc1734c1ea8e48fc5","isMergeCommit":false,"messageTitle":"Fix Checkstyle","messageBody":"","fileTypesAndContributionMap":{"functional-code":{"insertions":5,"deletions":5}}},{"hash":"2e328b91c131bad675413ca3679f2b14d2d0ffbc","isMergeCommit":false,"messageTitle":"Change all references to AB3","messageBody":"","fileTypesAndContributionMap":{"functional-code":{"insertions":11,"deletions":11},"other":{"insertions":28,"deletions":28},"docs":{"insertions":1,"deletions":1}}},{"hash":"5d7bd7ff4ad25e21e5410460b0896ea3b5f23f27","isMergeCommit":false,"messageTitle":"Revert \"Change all references to AB3\"","messageBody":"This reverts commit 2e328b91c131bad675413ca3679f2b14d2d0ffbc.\n","fileTypesAndContributionMap":{"functional-code":{"insertions":11,"deletions":11},"other":{"insertions":28,"deletions":28},"docs":{"insertions":1,"deletions":1}}}]},{"date":"2023-03-22","commitResults":[{"hash":"7b712253b1df48492ffe8e9a7a23647e8cffb427","isMergeCommit":true,"messageTitle":"Merge pull request #167 from junianob/UI-ReviewUpdate","messageBody":"UI review update","fileTypesAndContributionMap":{}},{"hash":"dbf914bdee185f154e8d279ec367e238b07902ae","isMergeCommit":true,"messageTitle":"Merge pull request #168 from rockman007372/gui-style-review","messageBody":"Make questions and answer more distinct + centralise card fields","fileTypesAndContributionMap":{}}]}],"ruiyigan":[{"date":"2023-02-28","commitResults":[{"hash":"87f1287755337aae1953773ac678a6fcf24bb582","isMergeCommit":false,"messageTitle":"Added ruiyigan PPP","messageBody":"","fileTypesAndContributionMap":{"docs":{"insertions":46,"deletions":0}}},{"hash":"99789c2732fc42abb7e17f53bf83de582e824927","isMergeCommit":false,"messageTitle":"Update PPP","messageBody":"","fileTypesAndContributionMap":{"docs":{"insertions":25,"deletions":25}}},{"hash":"52bd54a896815bb93dfcb7f4c079d96363dfcaf9","isMergeCommit":false,"messageTitle":"Switch to my name","messageBody":"","fileTypesAndContributionMap":{"docs":{"insertions":1,"deletions":1}}},{"hash":"d87c48dd4819e9d05fba00ac184956d30c6f0d6d","isMergeCommit":false,"messageTitle":"Update ruiyigan.md","messageBody":"","fileTypesAndContributionMap":{"docs":{"insertions":23,"deletions":23}}},{"hash":"906311da93ba46786a401daee0811c9d099ddd74","isMergeCommit":true,"messageTitle":"Merge pull request #16 from ruiyigan/adding_PPP","messageBody":"Add ruiyigan PPP","fileTypesAndContributionMap":{}}]},{"date":"2023-03-04","commitResults":[{"hash":"d507c5e74e1d200641297e211e684f92919230da","isMergeCommit":false,"messageTitle":"Create Powercard Class","messageBody":"","fileTypesAndContributionMap":{"functional-code":{"insertions":22,"deletions":0}}},{"hash":"c87b9ee8ca11328f49c11446323bd82e593e0356","isMergeCommit":false,"messageTitle":"Added Question and Answer class for better management","messageBody":"","fileTypesAndContributionMap":{"functional-code":{"insertions":162,"deletions":3}}},{"hash":"2993822d1cea3275dd16160414c70a1015cdf44c","isMergeCommit":false,"messageTitle":"Add equals methods to ensure unique cards","messageBody":"","fileTypesAndContributionMap":{"functional-code":{"insertions":45,"deletions":0}}}]},{"date":"2023-03-05","commitResults":[{"hash":"aa2450af7b711c7c028cf8f2be0f81ee4ff4101b","isMergeCommit":false,"messageTitle":"Update README.md","messageBody":"","fileTypesAndContributionMap":{"docs":{"insertions":10,"deletions":0}}},{"hash":"cf6712e581fd2a016bd810ac0362a170acd0aeff","isMergeCommit":false,"messageTitle":"Update README.md","messageBody":"","fileTypesAndContributionMap":{"docs":{"insertions":3,"deletions":3}}},{"hash":"163c57434ee0c776a80e32d4df3f9a4f0d29a098","isMergeCommit":false,"messageTitle":"Update UserGuide.md","messageBody":"Closes #2\r\n\r\nRemoved extra info, for now, refer to https://github.com/nus-cs2103-AY2223S2/tp/blob/master/docs/UserGuide.md for original information","fileTypesAndContributionMap":{"docs":{"insertions":23,"deletions":86}}},{"hash":"a65fca75a210737623f0a9a5687b06390ae73438","isMergeCommit":false,"messageTitle":"Update UserGuide.md","messageBody":"","fileTypesAndContributionMap":{"docs":{"insertions":13,"deletions":1}}},{"hash":"494559b87eb26bc3d2447b262e8811ddee388306","isMergeCommit":false,"messageTitle":"Update UserGuide.md","messageBody":"","fileTypesAndContributionMap":{"docs":{"insertions":25,"deletions":6}}},{"hash":"3bcede05ddeeacbd93da2ae37d23fb0bf78f51f2","isMergeCommit":false,"messageTitle":"Change address to question","messageBody":"","fileTypesAndContributionMap":{"functional-code":{"insertions":2,"deletions":2}}},{"hash":"77b5d3561432fe6fa90f3cfd45f440c04f942fee","isMergeCommit":false,"messageTitle":"Update rockman007372.md","messageBody":"","fileTypesAndContributionMap":{"docs":{"insertions":1,"deletions":1}}},{"hash":"b2329536eb81042ad278f16d2396c6336e65204f","isMergeCommit":true,"messageTitle":"Merge pull request #29 from rockman007372/branch-add-skeletalPPP","messageBody":"Branch add skeletal ppp","fileTypesAndContributionMap":{}}]},{"date":"2023-03-06","commitResults":[{"hash":"b78671ed3c64784d24b3a11b45dcd0f9c3a20aa9","isMergeCommit":true,"messageTitle":"Merge pull request #39 from rockman007372/branch-create-new-model-class","messageBody":"Create new Model class","fileTypesAndContributionMap":{}},{"hash":"7bbe6b0c5b61b9364a76444a8873338df23fec6e","isMergeCommit":true,"messageTitle":"Merge pull request #41 from AY2223S2-CS2103T-W11-3/add_model_class","messageBody":"Add model class","fileTypesAndContributionMap":{}},{"hash":"a9e9880eec9be06e8e648e8952e7ea4edaf56cb5","isMergeCommit":false,"messageTitle":"Add new methods to support multiple decks","messageBody":"","fileTypesAndContributionMap":{"other":{"insertions":67,"deletions":33}}},{"hash":"3a95149e09843a0e5129f739bbac0b79565b68b5","isMergeCommit":false,"messageTitle":"Fix checkstyle errors","messageBody":"","fileTypesAndContributionMap":{"functional-code":{"insertions":7,"deletions":8},"test-code":{"insertions":4,"deletions":4}}}]},{"date":"2023-03-08","commitResults":[{"hash":"71862bed77f7f2b0fdf328976f0cb0540f7f4557","isMergeCommit":false,"messageTitle":"Add parameter for constructor and uncomment filteredcards","messageBody":"","fileTypesAndContributionMap":{"functional-code":{"insertions":10,"deletions":6}}},{"hash":"20cd6df1a0193ce01d38e26518438f7ba8bcdd26","isMergeCommit":false,"messageTitle":"Switch to null for FilteredList","messageBody":"","fileTypesAndContributionMap":{"functional-code":{"insertions":2,"deletions":5}}}]},{"date":"2023-03-10","commitResults":[{"hash":"da9f14c7a4018e3d4b3d255eb3be69d8d8331c2e","isMergeCommit":true,"messageTitle":"Merge pull request #54 from unfazing/refactor","messageBody":"Refactor Useful Classes from AddressBook to align with PowerCards","fileTypesAndContributionMap":{}}]},{"date":"2023-03-11","commitResults":[{"hash":"48cfaae587cabe0473c75c053f4fd6950ea32710","isMergeCommit":false,"messageTitle":"Add methods in Model to get selected deck name","messageBody":"","fileTypesAndContributionMap":{"functional-code":{"insertions":32,"deletions":25},"test-code":{"insertions":18,"deletions":14}}},{"hash":"693d6740dfd80a5fc0ceb6763445f3fdedafc640","isMergeCommit":false,"messageTitle":"Support different parser based on deck selected or not","messageBody":"Comment out a few testcases and imports for now\n","fileTypesAndContributionMap":{"functional-code":{"insertions":39,"deletions":12},"test-code":{"insertions":47,"deletions":57}}},{"hash":"19a3cd5b808b3b225094ce8c28b6760a3c092f43","isMergeCommit":false,"messageTitle":"Enable AddCommand to add card and tag card to selectedDeck","messageBody":"","fileTypesAndContributionMap":{"functional-code":{"insertions":21,"deletions":12},"test-code":{"insertions":2,"deletions":2}}},{"hash":"39bc045fa2f94bb3f7cb8c0297cb9dcc5de0bb69","isMergeCommit":false,"messageTitle":"Comment out old test cases preventing build","messageBody":"","fileTypesAndContributionMap":{"functional-code":{"insertions":2,"deletions":2},"test-code":{"insertions":41,"deletions":60}}},{"hash":"300614d8569e48a79263ffafb8c0b460a0894760","isMergeCommit":false,"messageTitle":"Change prefix of PREFIX_QUESTION to q/ instead of n/","messageBody":"","fileTypesAndContributionMap":{"functional-code":{"insertions":1,"deletions":1}}},{"hash":"343dbc334c97712c1ac197c56b1d24d6c713865d","isMergeCommit":false,"messageTitle":"Update test case","messageBody":"","fileTypesAndContributionMap":{"functional-code":{"insertions":6,"deletions":6},"test-code":{"insertions":3,"deletions":2}}}]},{"date":"2023-03-12","commitResults":[{"hash":"40e68278e88e498c42306b761f43327ffd6f6526","isMergeCommit":true,"messageTitle":"Merge conflict","messageBody":"","fileTypesAndContributionMap":{}},{"hash":"2b470d7c170ce6c10e7e3e4c6dffc28250224069","isMergeCommit":true,"messageTitle":"Merge pull request #62 from ruiyigan/card_commands","messageBody":"Add add card feature making use of the old addCommand class","fileTypesAndContributionMap":{}},{"hash":"205ec2fd5ee065f0606d449713dd051c2aca2b75","isMergeCommit":false,"messageTitle":"Test commit to check tracking","messageBody":"","fileTypesAndContributionMap":{"functional-code":{"insertions":1,"deletions":4}}},{"hash":"08605080c11e092ec801561ed31fe70d86a2cf9d","isMergeCommit":false,"messageTitle":"Refactor code to allow card to take in additional Deck as an attribute","messageBody":"","fileTypesAndContributionMap":{"functional-code":{"insertions":50,"deletions":31},"test-code":{"insertions":29,"deletions":19}}},{"hash":"c8a7133fde617ac97368f2c848c6372b2392980d","isMergeCommit":false,"messageTitle":"Fix checkstyle","messageBody":"","fileTypesAndContributionMap":{"test-code":{"insertions":3,"deletions":1}}},{"hash":"564642c6c3ec4d31b4254351aafc9a3948aa02a8","isMergeCommit":false,"messageTitle":"Change and remove some comments","messageBody":"","fileTypesAndContributionMap":{"functional-code":{"insertions":1,"deletions":1}}},{"hash":"18cbf0c87504d8d95c36cead86cd5166f7c8a6f9","isMergeCommit":true,"messageTitle":"Merge pull request #64 from rockman007372/branch-remove-fields-GUI","messageBody":"Remove Phone and Email fields in GUI","fileTypesAndContributionMap":{}}]},{"date":"2023-03-13","commitResults":[{"hash":"733bc9b6e51ead1713b67fe56d36d1c87c0dd9d5","isMergeCommit":false,"messageTitle":"Change select deck to Optional\u003cDeck\u003e instead","messageBody":"","fileTypesAndContributionMap":{"functional-code":{"insertions":44,"deletions":37},"test-code":{"insertions":9,"deletions":7}}},{"hash":"954e4346a369baea445f1c6c16937bb97ac887a6","isMergeCommit":false,"messageTitle":"Rename AddressBook to MasterDeck Parser","messageBody":"","fileTypesAndContributionMap":{"functional-code":{"insertions":5,"deletions":5},"other":{"insertions":3,"deletions":3}}},{"hash":"b679a6a1a26a53303b49eed91545154e59fa3a0e","isMergeCommit":false,"messageTitle":"Refactor JsonAdaptedPerson to JsonAdaptedCard","messageBody":"","fileTypesAndContributionMap":{"functional-code":{"insertions":5,"deletions":5},"other":{"insertions":17,"deletions":17},"test-code":{"insertions":10,"deletions":10}}},{"hash":"59360b1a80abb981f272bdd0fc7bc8f75e07f904","isMergeCommit":false,"messageTitle":"Add getSelectedDeckName method","messageBody":"","fileTypesAndContributionMap":{"functional-code":{"insertions":12,"deletions":3},"test-code":{"insertions":4,"deletions":3}}},{"hash":"a53a2204922956e7e435339d304e391bed67cf31","isMergeCommit":false,"messageTitle":"Remove extra method from Card","messageBody":"","fileTypesAndContributionMap":{"functional-code":{"insertions":0,"deletions":3}}},{"hash":"6a6a23fb7fcb68c336e3033d2292d262dbd1e9e4","isMergeCommit":true,"messageTitle":"Merge pull request #73 from AY2223S2-CS2103T-W11-3/branch_review","messageBody":"Add Functionality for Review ","fileTypesAndContributionMap":{}},{"hash":"de1e4840f6aab5e9ac3eacd9c3098270920ae4a8","isMergeCommit":true,"messageTitle":"Fix merge conflicts","messageBody":"","fileTypesAndContributionMap":{}},{"hash":"0b45d6b736c87e6a06cc5a7aec7f9725d88ed9e9","isMergeCommit":false,"messageTitle":"Fix checkstyle","messageBody":"","fileTypesAndContributionMap":{"functional-code":{"insertions":6,"deletions":11}}},{"hash":"5eef35453585eaff510fb15f1008f4ff11226736","isMergeCommit":false,"messageTitle":"Change editCommand to when deck selected","messageBody":"","fileTypesAndContributionMap":{"functional-code":{"insertions":3,"deletions":3}}},{"hash":"350b160ed6c81eb9de38170158ecf63968e34f68","isMergeCommit":false,"messageTitle":"Change delete command to when deck is selected","messageBody":"","fileTypesAndContributionMap":{"functional-code":{"insertions":3,"deletions":3},"test-code":{"insertions":5,"deletions":6}}}]},{"date":"2023-03-14","commitResults":[{"hash":"cf0b8d6050e04ba1d37b14a3b2c4f9b447397492","isMergeCommit":false,"messageTitle":"Remove traces of AB3 in Edit command","messageBody":"","fileTypesAndContributionMap":{"functional-code":{"insertions":44,"deletions":44},"docs":{"insertions":2,"deletions":2},"test-code":{"insertions":55,"deletions":54}}},{"hash":"f0b561e28dd9ff09ae35eaa159065a4c97293360","isMergeCommit":false,"messageTitle":"Remove traces of AB3 in Edit Command Parser","messageBody":"","fileTypesAndContributionMap":{"functional-code":{"insertions":16,"deletions":16},"test-code":{"insertions":8,"deletions":8}}},{"hash":"77fcabae5f33182e1b927c8a4db2acf937a6638f","isMergeCommit":false,"messageTitle":"Remove traces of AB3 in DeleteCommand and DeleteCommandParser","messageBody":"","fileTypesAndContributionMap":{"functional-code":{"insertions":4,"deletions":4},"test-code":{"insertions":2,"deletions":2}}}]},{"date":"2023-03-15","commitResults":[{"hash":"7dca82ba458ef8ff19a471e97d942258e0d4e277","isMergeCommit":true,"messageTitle":"Merge pull request #92 from rockman007372/branch-edit-SelectDeckCommand","messageBody":"Modify Command classes to follow Law Of Demeter","fileTypesAndContributionMap":{}}]},{"date":"2023-03-17","commitResults":[{"hash":"4c46b756d18f1cc27b2096ebbb3a429d6e449ff3","isMergeCommit":false,"messageTitle":"Changed data in typicalPersonAddressBook","messageBody":"","fileTypesAndContributionMap":{"test-code":{"insertions":23,"deletions":23}}},{"hash":"5d8556a2a6ee92b789b9b83779e0eab699e8d640","isMergeCommit":false,"messageTitle":"Change test cases to remove traces of AB3","messageBody":"","fileTypesAndContributionMap":{"test-code":{"insertions":255,"deletions":243}}},{"hash":"c3229bee5a47790712808d0cbc6d66f483cc07d5","isMergeCommit":false,"messageTitle":"Rename PersonBuilder to CardBuiler","messageBody":"","fileTypesAndContributionMap":{"other":{"insertions":9,"deletions":9},"test-code":{"insertions":52,"deletions":52}}},{"hash":"ee7ac280b64d960ffce29170bea207d18669f8a8","isMergeCommit":false,"messageTitle":"Refactor PersonBuilder to CardBuiler","messageBody":"","fileTypesAndContributionMap":{"test-code":{"insertions":53,"deletions":52}}},{"hash":"deb688314e310c6b0fa02ff3e3b755655c5f8841","isMergeCommit":false,"messageTitle":"Refactor AddressBookBuilder to MasterDeckBuilder","messageBody":"","fileTypesAndContributionMap":{"test-code":{"insertions":36,"deletions":36}}},{"hash":"d9ef209d8d8170f7fafa6892ba9cfc4fba784785","isMergeCommit":false,"messageTitle":"Refactor","messageBody":"","fileTypesAndContributionMap":{"other":{"insertions":13,"deletions":13},"test-code":{"insertions":35,"deletions":35}}},{"hash":"74217a7137d59ee2e373e0d347be2756e0f9134b","isMergeCommit":false,"messageTitle":"More refactoring","messageBody":"","fileTypesAndContributionMap":{"other":{"insertions":19,"deletions":20},"test-code":{"insertions":49,"deletions":50}}},{"hash":"8944f7b6b86f3ed86e8c743f492a69494974069d","isMergeCommit":false,"messageTitle":"Remove more traces of AB3 in test","messageBody":"","fileTypesAndContributionMap":{"other":{"insertions":20,"deletions":20}}},{"hash":"19bbd9a89d1fc502ccee5f6917f563065e913580","isMergeCommit":false,"messageTitle":"Change save to cards instead of persons","messageBody":"","fileTypesAndContributionMap":{"functional-code":{"insertions":5,"deletions":5}}},{"hash":"78ab798d0e177c1002e218e5188e1e3ad28eaa5c","isMergeCommit":true,"messageTitle":"Merge pull request #113 from ruiyigan/branch_update_test_Data","messageBody":"Refactoring of Test Folder","fileTypesAndContributionMap":{}}]},{"date":"2023-03-18","commitResults":[{"hash":"c903a78f8471a2f995d7680a4ee01b4a34de56a8","isMergeCommit":false,"messageTitle":"Added test cases for add and delete deck commands","messageBody":"","fileTypesAndContributionMap":{"functional-code":{"insertions":2,"deletions":5},"test-code":{"insertions":496,"deletions":57}}},{"hash":"9b9b16b1d980617549ec38e2b8e4983cc3bbe985","isMergeCommit":false,"messageTitle":"Create EditDeckCommandTest","messageBody":"","fileTypesAndContributionMap":{"test-code":{"insertions":173,"deletions":0}}},{"hash":"87025de92261128602c7786ff7e15670fa71faca","isMergeCommit":false,"messageTitle":"Remove extra test cases","messageBody":"","fileTypesAndContributionMap":{"test-code":{"insertions":0,"deletions":33}}},{"hash":"b8396738dda3792b00fc80036232c96da08611a3","isMergeCommit":true,"messageTitle":"Merge remote-tracking branch \u0027upstream/master\u0027 into branch_deck_test","messageBody":"","fileTypesAndContributionMap":{}},{"hash":"bdb12794e9f2fa373168c42ebcfce1aef677fe5c","isMergeCommit":false,"messageTitle":"Handle conflict","messageBody":"","fileTypesAndContributionMap":{"test-code":{"insertions":4,"deletions":5}}}]},{"date":"2023-03-19","commitResults":[{"hash":"dbf0e062ed9e7820897cb12b9fd91cd68cf1e3b3","isMergeCommit":false,"messageTitle":"Add edit deck command test cases","messageBody":"","fileTypesAndContributionMap":{"test-code":{"insertions":14,"deletions":69}}},{"hash":"d68aed576c70ffefbb603778ae46b308e11f193e","isMergeCommit":false,"messageTitle":"Comment out extra code in model manager","messageBody":"","fileTypesAndContributionMap":{"functional-code":{"insertions":0,"deletions":2},"test-code":{"insertions":14,"deletions":14}}},{"hash":"1353b10101274fc270894f2914965c19f7c03e70","isMergeCommit":true,"messageTitle":"Merge pull request #140 from ruiyigan/branch_deck_test","messageBody":"Add test cases for deck commands","fileTypesAndContributionMap":{}}]},{"date":"2023-03-20","commitResults":[{"hash":"b796b4b31181701ae17052330efd36018fc00b60","isMergeCommit":false,"messageTitle":"Fix AddCommand test cases to suit PowerCards","messageBody":"","fileTypesAndContributionMap":{"test-code":{"insertions":66,"deletions":74}}},{"hash":"606eb71e4da57aa5e7c416ab4bb3c98e166bbf38","isMergeCommit":false,"messageTitle":"Add test cases for adddeckparser","messageBody":"","fileTypesAndContributionMap":{"functional-code":{"insertions":2,"deletions":1},"test-code":{"insertions":38,"deletions":3}}},{"hash":"982b204d2018743c5ecc3a7cea92bec300a9b526","isMergeCommit":false,"messageTitle":"Add test cases for deleteDeckParser","messageBody":"","fileTypesAndContributionMap":{"test-code":{"insertions":21,"deletions":1}}},{"hash":"8e11b4ad8f11d19a8c17d546c596f5e3f45adcf7","isMergeCommit":false,"messageTitle":"Add test case for edit deck command","messageBody":"","fileTypesAndContributionMap":{"functional-code":{"insertions":2,"deletions":2},"test-code":{"insertions":40,"deletions":36}}},{"hash":"79589847a0e439570748a4ea3ded490f4bf4b00e","isMergeCommit":false,"messageTitle":"Minor comments","messageBody":"","fileTypesAndContributionMap":{"functional-code":{"insertions":1,"deletions":1}}},{"hash":"2931c9017508cac3aee881703b0df60e1314b21a","isMergeCommit":false,"messageTitle":"Add parse_invalidValue_failure test case","messageBody":"","fileTypesAndContributionMap":{"test-code":{"insertions":15,"deletions":0}}},{"hash":"98602656b67de119491e1f7e65576a9ed6a52cf9","isMergeCommit":false,"messageTitle":"Fix code based on comments","messageBody":"","fileTypesAndContributionMap":{"test-code":{"insertions":12,"deletions":15}}},{"hash":"1c98897bcd18da6ca93f3176a814ec76836136bb","isMergeCommit":false,"messageTitle":"Fix checkstyle","messageBody":"","fileTypesAndContributionMap":{"test-code":{"insertions":15,"deletions":1}}},{"hash":"53f46fcfe4ecce59d89295a39c0f6045dd3d57e8","isMergeCommit":true,"messageTitle":"Merge pull request #145 from AY2223S2-CS2103T-W11-3/branch_parser_test","messageBody":"Test cases for Deck Command Parser","fileTypesAndContributionMap":{}},{"hash":"de8591fbc51546a2813ef540fb33fe35a0ec9bc6","isMergeCommit":true,"messageTitle":"Merge pull request #147 from AY2223S2-CS2103T-W11-3/branch-review","messageBody":"Implement user set limit for number of cards for Review","fileTypesAndContributionMap":{}},{"hash":"141ed20a455bcdc6968bc6e3f43f846957840451","isMergeCommit":false,"messageTitle":"Add methods for tagging card during review","messageBody":"","fileTypesAndContributionMap":{"functional-code":{"insertions":20,"deletions":2}}},{"hash":"5ea80c17bcdf2a75a883b58318029ed579f25f36","isMergeCommit":false,"messageTitle":"Save changes","messageBody":"","fileTypesAndContributionMap":{"functional-code":{"insertions":37,"deletions":0}}},{"hash":"cd60dad842657adf8b9c2e57909c64af66647bf2","isMergeCommit":false,"messageTitle":"Amend and add new display","messageBody":"","fileTypesAndContributionMap":{"functional-code":{"insertions":33,"deletions":1}}},{"hash":"f076384080271c177d8c490f0d9fb637d8ed514e","isMergeCommit":false,"messageTitle":"Add javadocs and fix checkstyle","messageBody":"","fileTypesAndContributionMap":{"functional-code":{"insertions":56,"deletions":23},"test-code":{"insertions":8,"deletions":0}}},{"hash":"992379d745d68c57cbb4d239105ff687c9a4a8d2","isMergeCommit":false,"messageTitle":"Pass tag rather than string","messageBody":"","fileTypesAndContributionMap":{"functional-code":{"insertions":18,"deletions":14},"test-code":{"insertions":4,"deletions":2}}},{"hash":"e261c8f99351a1dd989b24859303374ef56d452c","isMergeCommit":false,"messageTitle":"Fix syntax","messageBody":"","fileTypesAndContributionMap":{"functional-code":{"insertions":1,"deletions":1}}}]},{"date":"2023-03-21","commitResults":[{"hash":"461d9c612fd0d1ca69e3f7c18c327618ce7e1e13","isMergeCommit":false,"messageTitle":"Link up with masterDeck","messageBody":"","fileTypesAndContributionMap":{"functional-code":{"insertions":14,"deletions":0}}},{"hash":"7aa93b30986a66dae24f413c27da8452f437f31c","isMergeCommit":false,"messageTitle":"Fix checkstyle","messageBody":"","fileTypesAndContributionMap":{"functional-code":{"insertions":7,"deletions":0}}},{"hash":"0feb7ab24c618fdb2fe0e146473655de3bd52875","isMergeCommit":true,"messageTitle":"Remove extra method from Card","messageBody":"","fileTypesAndContributionMap":{}},{"hash":"d222a4f3aeb618aba5f73423301451e646454fc7","isMergeCommit":false,"messageTitle":"Fix merge conflicts","messageBody":"","fileTypesAndContributionMap":{"functional-code":{"insertions":0,"deletions":10}}}]},{"date":"2023-03-22","commitResults":[{"hash":"f291c827f890d2eb5f71efffb5413ba06fafcefe","isMergeCommit":false,"messageTitle":"Update filtered cardlist too","messageBody":"","fileTypesAndContributionMap":{"functional-code":{"insertions":1,"deletions":0}}}]}],"unfazing":[{"date":"2023-03-01","commitResults":[{"hash":"d7850639c6d7629140a1bb0cca2c7da16ab9ed71","isMergeCommit":false,"messageTitle":"Add skeletal PPP","messageBody":"","fileTypesAndContributionMap":{"docs":{"insertions":46,"deletions":0}}},{"hash":"c6b9681ac4d8efb9b5a8298b59d455a747acf57b","isMergeCommit":true,"messageTitle":"Merge pull request #21 from unfazing/master","messageBody":"Add skeletal PPP","fileTypesAndContributionMap":{}}]},{"date":"2023-03-05","commitResults":[{"hash":"54a3fec9e460c076bfe689756005974b59d3d5e2","isMergeCommit":false,"messageTitle":"Added UI Mockup","messageBody":"","fileTypesAndContributionMap":{"other":{"insertions":580,"deletions":0},"docs":{"insertions":3,"deletions":0}}},{"hash":"c6a291ada9ec122c73ee32df43027afdd2078136","isMergeCommit":false,"messageTitle":"Removed bin","messageBody":"","fileTypesAndContributionMap":{"other":{"insertions":0,"deletions":580}}},{"hash":"ee2fa3f79ce6ad2ff9e181f5356c44347a49254b","isMergeCommit":true,"messageTitle":"Merge pull request #36 from unfazing/master","messageBody":"Updated UI Mockup in doc/images for README","fileTypesAndContributionMap":{}},{"hash":"1304609d380ea9a65641d0a1a80dfbfaa049cbb6","isMergeCommit":false,"messageTitle":"Update README UI description","messageBody":"","fileTypesAndContributionMap":{"docs":{"insertions":2,"deletions":0}}},{"hash":"c1c72e9c6a3d77daee52cc69938047f7fb8890fc","isMergeCommit":true,"messageTitle":"Merge pull request #37 from unfazing/readme","messageBody":"Update README UI description","fileTypesAndContributionMap":{}}]},{"date":"2023-03-10","commitResults":[{"hash":"abc3ddd9cc0343ae730072bcc6228b74d3f634d5","isMergeCommit":true,"messageTitle":"Merge pull request #51 from rockman007372/branch-modify-parser","messageBody":"Add SelectDeckCommand and various tweaks","fileTypesAndContributionMap":{}},{"hash":"e8f2262414d68fd75e3981786565f2bfaa10a38c","isMergeCommit":false,"messageTitle":"Refactor Model and ModelManager for Deck","messageBody":"","fileTypesAndContributionMap":{"functional-code":{"insertions":106,"deletions":64},"test-code":{"insertions":73,"deletions":73}}},{"hash":"37d80637ba83c8e84e26268675f2cbdbaec0e96a","isMergeCommit":false,"messageTitle":"Preliminary Refactor Person to Card","messageBody":"","fileTypesAndContributionMap":{"functional-code":{"insertions":203,"deletions":205},"other":{"insertions":38,"deletions":38},"docs":{"insertions":42,"deletions":42},"test-code":{"insertions":195,"deletions":172}}},{"hash":"fe88dc0d46014ec6ce41a7993979503f388f4ecb","isMergeCommit":false,"messageTitle":"Refactor ReadOnlyAddressBook to ReadOnlyDeck","messageBody":"","fileTypesAndContributionMap":{"functional-code":{"insertions":72,"deletions":71},"other":{"insertions":10,"deletions":10},"test-code":{"insertions":56,"deletions":56}}},{"hash":"7221ee586eedf1142b9ac3090f3a839bdc51550a","isMergeCommit":false,"messageTitle":"Refactor person package to card package","messageBody":"","fileTypesAndContributionMap":{"functional-code":{"insertions":40,"deletions":40},"other":{"insertions":20,"deletions":20},"test-code":{"insertions":45,"deletions":45}}},{"hash":"fa6cc361c728ae9a69f259b04e316abb95d1cfb1","isMergeCommit":false,"messageTitle":"Refactor Person to Card, and Addressbook to Deck","messageBody":"","fileTypesAndContributionMap":{"functional-code":{"insertions":34,"deletions":32},"other":{"insertions":16,"deletions":16},"test-code":{"insertions":69,"deletions":69}}},{"hash":"a834e2b2da1a240c6dee6f6bd7dcc131c07a94c9","isMergeCommit":false,"messageTitle":"Refactor","messageBody":"","fileTypesAndContributionMap":{"functional-code":{"insertions":15,"deletions":19},"other":{"insertions":6,"deletions":6}}},{"hash":"b5f215adaa4ded5e1a2c2409b793c8a931c18db2","isMergeCommit":false,"messageTitle":"Refactor Name to Question","messageBody":"","fileTypesAndContributionMap":{"functional-code":{"insertions":43,"deletions":41},"other":{"insertions":6,"deletions":6},"test-code":{"insertions":64,"deletions":64}}},{"hash":"4aad43081106669c139530a56868baabca8dd888","isMergeCommit":false,"messageTitle":"Refactor Name to Question","messageBody":"","fileTypesAndContributionMap":{"functional-code":{"insertions":22,"deletions":22},"other":{"insertions":5,"deletions":5},"test-code":{"insertions":46,"deletions":42}}},{"hash":"78b466253ac9b5b0f8134cce70fd67bf43334e65","isMergeCommit":false,"messageTitle":"Refactor","messageBody":"","fileTypesAndContributionMap":{"other":{"insertions":0,"deletions":0}}},{"hash":"073e45c06fb9c006b33cb09b83a0fcdefec6b68a","isMergeCommit":false,"messageTitle":"Refactor","messageBody":"","fileTypesAndContributionMap":{"functional-code":{"insertions":21,"deletions":21},"test-code":{"insertions":6,"deletions":6}}},{"hash":"928ab5053231183843870f981d4530c8db0b0dff","isMergeCommit":false,"messageTitle":"Refactor Address to Answer","messageBody":"","fileTypesAndContributionMap":{"functional-code":{"insertions":40,"deletions":40},"other":{"insertions":14,"deletions":14},"test-code":{"insertions":22,"deletions":22}}},{"hash":"64887f8baeb5101b4c00f957bed2014c398f891b","isMergeCommit":false,"messageTitle":"Refactor Address to Answer","messageBody":"","fileTypesAndContributionMap":{"functional-code":{"insertions":18,"deletions":18},"test-code":{"insertions":8,"deletions":8}}},{"hash":"d997943aaadab8c9c87275a7a78e9170066c74d7","isMergeCommit":false,"messageTitle":"Remove unnecessary classes","messageBody":"","fileTypesAndContributionMap":{"functional-code":{"insertions":7,"deletions":795},"test-code":{"insertions":0,"deletions":121}}}]},{"date":"2023-03-12","commitResults":[{"hash":"06aa6b876e4766d053a00d3075b07a455fc99f62","isMergeCommit":true,"messageTitle":"Merge branch \u0027master\u0027 into master","messageBody":"","fileTypesAndContributionMap":{}},{"hash":"b9bf1788c208c9da2fb39b775ef126186819a35b","isMergeCommit":true,"messageTitle":"Merge pull request #61 from HJ-PRK/master","messageBody":"Add addDeck feature","fileTypesAndContributionMap":{}}]},{"date":"2023-03-13","commitResults":[{"hash":"ee5d9f85c1fc70c5b0528ca510f51acd5773d5a3","isMergeCommit":true,"messageTitle":"Merge pull request #63 from junianob/UI-update","messageBody":"UI update","fileTypesAndContributionMap":{}},{"hash":"e9f18b979bd5281e6ac564beb48b5b31c58ed6d7","isMergeCommit":true,"messageTitle":"Merge branch \u0027master\u0027 into add_deck_attribute_to_card","messageBody":"","fileTypesAndContributionMap":{}},{"hash":"e5b74690a8f38e4c52437ed432466fede62f3a6c","isMergeCommit":true,"messageTitle":"Merge pull request #66 from AY2223S2-CS2103T-W11-3/add_deck_attribute_to_card","messageBody":"Refactor code to allow Card class to accept additional attribute Deck","fileTypesAndContributionMap":{}},{"hash":"f7237b0295b522216650710a47c5c1bb755e7e88","isMergeCommit":false,"messageTitle":"Refactor","messageBody":"","fileTypesAndContributionMap":{"functional-code":{"insertions":36,"deletions":26},"other":{"insertions":10,"deletions":18},"test-code":{"insertions":25,"deletions":25}}},{"hash":"82230edce614487f3a523b0b2e259f87b2e4d419","isMergeCommit":true,"messageTitle":"Merge pull request #67 from rockman007372/branch-feature-selectDeck","messageBody":"Add select deck feature","fileTypesAndContributionMap":{}},{"hash":"71df48f4f82d887de8c5bfe179dfa0a006084231","isMergeCommit":true,"messageTitle":"Fix merge conflicts","messageBody":"","fileTypesAndContributionMap":{}},{"hash":"b1af48a40f533600fdba70bb3552d0579dc8015c","isMergeCommit":false,"messageTitle":"Complete Select Deck Command","messageBody":"","fileTypesAndContributionMap":{"functional-code":{"insertions":6,"deletions":9}}},{"hash":"9dda5098cd150aecad3245e1a55add7b555572cb","isMergeCommit":false,"messageTitle":"Add UnselectDeck command","messageBody":"","fileTypesAndContributionMap":{"functional-code":{"insertions":28,"deletions":2}}},{"hash":"97c99bda0d19b015dc20339081c284e1b52b4e08","isMergeCommit":true,"messageTitle":"Merge branch \u0027branch_unselect_deck\u0027","messageBody":"","fileTypesAndContributionMap":{}},{"hash":"06ab1331eeca1a7dbc26374ca980f7ba9482e010","isMergeCommit":false,"messageTitle":"Add ReviewCommand and Review Classes","messageBody":"","fileTypesAndContributionMap":{"functional-code":{"insertions":127,"deletions":0}}},{"hash":"8789e08895010b869e2ab9888cc36e8de77c8186","isMergeCommit":false,"messageTitle":"Add ReviewCommandParser","messageBody":"","fileTypesAndContributionMap":{"functional-code":{"insertions":42,"deletions":0}}},{"hash":"fb92344b4d2a6e43f9bf19adc16f766c45b30533","isMergeCommit":false,"messageTitle":"Update model stub","messageBody":"","fileTypesAndContributionMap":{"functional-code":{"insertions":16,"deletions":19},"test-code":{"insertions":11,"deletions":0}}},{"hash":"4b982822deaf291938e5606aacb9461c83dfe2e8","isMergeCommit":false,"messageTitle":"Add cardList to Review","messageBody":"","fileTypesAndContributionMap":{"functional-code":{"insertions":21,"deletions":2}}},{"hash":"a23518e4ab2fe05c3ebe05898280e7df919cdd3a","isMergeCommit":false,"messageTitle":"Add CardInDeckPredicate","messageBody":"","fileTypesAndContributionMap":{"functional-code":{"insertions":40,"deletions":4}}},{"hash":"c5cf3b5661c08ef1f8c54a9527c338051ef995cd","isMergeCommit":false,"messageTitle":"Fix SampleDataUtil to support Decks","messageBody":"","fileTypesAndContributionMap":{"functional-code":{"insertions":24,"deletions":8}}},{"hash":"6d112140be82b41db7fa045f3991b1956d85913c","isMergeCommit":false,"messageTitle":"Refactor and fix test case","messageBody":"","fileTypesAndContributionMap":{"functional-code":{"insertions":15,"deletions":5},"test-code":{"insertions":5,"deletions":2}}},{"hash":"df086a412b82a1b418cf824debddda4de0ababfc","isMergeCommit":false,"messageTitle":"Add methods","messageBody":"","fileTypesAndContributionMap":{"functional-code":{"insertions":33,"deletions":5}}},{"hash":"a7d2c7d484e375eb1b77479ca880bdb1bf9c3e77","isMergeCommit":false,"messageTitle":"Implement Review logic","messageBody":"","fileTypesAndContributionMap":{"functional-code":{"insertions":66,"deletions":5},"test-code":{"insertions":5,"deletions":0}}},{"hash":"3baf26f1cbe154613c4d84aac8fc7c3eda991881","isMergeCommit":false,"messageTitle":"Add Flip command","messageBody":"","fileTypesAndContributionMap":{"functional-code":{"insertions":68,"deletions":13},"test-code":{"insertions":4,"deletions":4}}},{"hash":"90c56e43a4593e7c6a2320bbe4164c8133ea384e","isMergeCommit":true,"messageTitle":"Merge branch \u0027master\u0027 into branch_review","messageBody":"","fileTypesAndContributionMap":{}},{"hash":"be590f6bceb2a209a575fb201aa016c2a8e65bc7","isMergeCommit":false,"messageTitle":"Update AddressBookParser.java","messageBody":"","fileTypesAndContributionMap":{"functional-code":{"insertions":0,"deletions":2}}},{"hash":"474b38711a7dc5530f0a35c7eac5f4d6b828118b","isMergeCommit":false,"messageTitle":"Refactor by Law of Demeter and use Optional","messageBody":"","fileTypesAndContributionMap":{"functional-code":{"insertions":14,"deletions":6},"test-code":{"insertions":5,"deletions":0}}},{"hash":"fcf655d7c4c41003d5205454a60103cb072e31f6","isMergeCommit":true,"messageTitle":"Fix merge conflicts","messageBody":"","fileTypesAndContributionMap":{}},{"hash":"a39a17e3f669e188bce7c013d6c43c0390f89a0a","isMergeCommit":true,"messageTitle":"Merge pull request #77 from AY2223S2-CS2103T-W11-3/branch_switch_to_optional","messageBody":"Change selectedDeck class from Deck to Optional\u003cDeck\u003e instead","fileTypesAndContributionMap":{}}]},{"date":"2023-03-14","commitResults":[{"hash":"9db10e7717901850749e70a66dd944f10a20bfa3","isMergeCommit":true,"messageTitle":"Merge pull request #87 from AY2223S2-CS2103T-W11-3/branch_card_commands","messageBody":"Enable Edit and Delete card command when deck selected","fileTypesAndContributionMap":{}},{"hash":"afc66aa8da5f0d6b10deabddc9f68ac636b51496","isMergeCommit":true,"messageTitle":"Merge pull request #90 from junianob/Theme","messageBody":"Theme","fileTypesAndContributionMap":{}},{"hash":"83f82c3e966ca07e3ef188de51500d2bb1b1c7c3","isMergeCommit":false,"messageTitle":"Add marking functionality for review","messageBody":"","fileTypesAndContributionMap":{"functional-code":{"insertions":270,"deletions":38},"other":{"insertions":3,"deletions":3}}},{"hash":"193133f1913124da0a90861c04fe883c925df145","isMergeCommit":false,"messageTitle":"Fix checkstyle","messageBody":"","fileTypesAndContributionMap":{"functional-code":{"insertions":26,"deletions":30},"other":{"insertions":4,"deletions":4},"test-code":{"insertions":21,"deletions":0}}},{"hash":"c210c058a4e7db546ced1a034b95cb941d96ddcc","isMergeCommit":false,"messageTitle":"Update JavaDocs","messageBody":"","fileTypesAndContributionMap":{"functional-code":{"insertions":27,"deletions":24}}},{"hash":"b6f5c50b8d8a5b6eae364eaac6605f3c3ca20d43","isMergeCommit":false,"messageTitle":"Rename IsSameCard to IsSameCardPredicate","messageBody":"","fileTypesAndContributionMap":{"functional-code":{"insertions":7,"deletions":7},"other":{"insertions":4,"deletions":4}}},{"hash":"8c4414ada0d7002566f2a1ad06c82c32fd39e217","isMergeCommit":false,"messageTitle":"Amend use of updateFilteredCardList","messageBody":"","fileTypesAndContributionMap":{"functional-code":{"insertions":5,"deletions":3}}},{"hash":"b2eeb3a9e6333effbb33e6492122970014a4add4","isMergeCommit":false,"messageTitle":"Add exception case for Review","messageBody":"","fileTypesAndContributionMap":{"functional-code":{"insertions":14,"deletions":3},"test-code":{"insertions":7,"deletions":1}}},{"hash":"17b2e4c53dca8b455a17b8c24f362d036d87484e","isMergeCommit":false,"messageTitle":"Fix bug with flipped cards","messageBody":"","fileTypesAndContributionMap":{"functional-code":{"insertions":12,"deletions":2}}},{"hash":"5f264cd442c40879e9e470f8165713c56636b6b8","isMergeCommit":false,"messageTitle":"Amend expected state of filteredCardList","messageBody":"","fileTypesAndContributionMap":{"functional-code":{"insertions":5,"deletions":2}}},{"hash":"bd3a68a31eb30c7938294444f2faf069d31d32d6","isMergeCommit":false,"messageTitle":"Amend to pass test cases","messageBody":"","fileTypesAndContributionMap":{"functional-code":{"insertions":1,"deletions":2}}},{"hash":"67b3784e4a47b38f2da26febf3899a5a3c9b6133","isMergeCommit":false,"messageTitle":"Amend message","messageBody":"","fileTypesAndContributionMap":{"functional-code":{"insertions":1,"deletions":1}}},{"hash":"6127c3292920636f01645312ceaf4b7cfdccada7","isMergeCommit":false,"messageTitle":"Amend command messages for clarity","messageBody":"","fileTypesAndContributionMap":{"functional-code":{"insertions":14,"deletions":4}}}]},{"date":"2023-03-15","commitResults":[{"hash":"0235d4e8faf4bed0041759dae21b1b516a9c7cbf","isMergeCommit":true,"messageTitle":"Merge branch \u0027master\u0027 into branch_review","messageBody":"","fileTypesAndContributionMap":{}},{"hash":"f8fbae04d861c29ce57b904dca460237fe2b67b1","isMergeCommit":false,"messageTitle":"Amend command message","messageBody":"","fileTypesAndContributionMap":{"functional-code":{"insertions":2,"deletions":2}}},{"hash":"f042f5c22731a0afd405f0cdb6effa5203b06cbb","isMergeCommit":true,"messageTitle":"Merge branch \u0027branch_review\u0027 of https://github.com/AY2223S2-CS2103T-W11-3/tp into branch_review","messageBody":"","fileTypesAndContributionMap":{}},{"hash":"4f9639b61fdab8cba1f6eddf1a5069ddc1f52f4f","isMergeCommit":false,"messageTitle":"Fix edit command bug","messageBody":"","fileTypesAndContributionMap":{"functional-code":{"insertions":0,"deletions":1}}},{"hash":"4f4282667695fe29602fa4d03cd4a88d4a7394cb","isMergeCommit":true,"messageTitle":"Merge pull request #99 from AY2223S2-CS2103T-W11-3/branch_review","messageBody":"Complete Review Functionality","fileTypesAndContributionMap":{}}]},{"date":"2023-03-18","commitResults":[{"hash":"d5fc4ba635d5e5d0391a6067caba7d12587d697c","isMergeCommit":false,"messageTitle":"Identify unique card by both Q and A","messageBody":"","fileTypesAndContributionMap":{"functional-code":{"insertions":2,"deletions":1}}},{"hash":"055bd2c59c48003fe8169c5c391c887f0141fcea","isMergeCommit":false,"messageTitle":"Skip unselectDeck when selecting new deck","messageBody":"","fileTypesAndContributionMap":{"functional-code":{"insertions":3,"deletions":0}}},{"hash":"919d1642d1643f652e8be1c238ff354cd81e90f0","isMergeCommit":false,"messageTitle":"Update Card.java","messageBody":"","fileTypesAndContributionMap":{"functional-code":{"insertions":1,"deletions":1}}},{"hash":"248e7a2d2b8fe01a5d8400c6110c913df4da22df","isMergeCommit":false,"messageTitle":"Update test cases","messageBody":"","fileTypesAndContributionMap":{"test-code":{"insertions":62,"deletions":54}}},{"hash":"b8981d489831f9de2053ca04033685db981c8a2d","isMergeCommit":false,"messageTitle":"Show a message when no more cards","messageBody":"","fileTypesAndContributionMap":{"functional-code":{"insertions":54,"deletions":26},"test-code":{"insertions":4,"deletions":4}}},{"hash":"81c3645494715873eb95b2ece4496616c9704f36","isMergeCommit":true,"messageTitle":"Merge pull request #114 from rockman007372/branch-test-pr","messageBody":"Allow decks to be saved in JSON format","fileTypesAndContributionMap":{}},{"hash":"4ff6a31497182faff011285b2f876d956998fe98","isMergeCommit":true,"messageTitle":"Merge branch \u0027master\u0027 into branch-isSameCard","messageBody":"","fileTypesAndContributionMap":{}},{"hash":"7fdaa5bb956b21900104062c9e0a46562b6531cd","isMergeCommit":true,"messageTitle":"Merge pull request #124 from AY2223S2-CS2103T-W11-3/branch-isSameCard","messageBody":"Identify unique card by both Q and A","fileTypesAndContributionMap":{}},{"hash":"5e8347c19b343efd62f706d23282c7dbe8da8862","isMergeCommit":false,"messageTitle":"Update token to use backslash","messageBody":"","fileTypesAndContributionMap":{"functional-code":{"insertions":4,"deletions":4}}}]},{"date":"2023-03-20","commitResults":[{"hash":"6cb24689546d4a8878e77d4a0ff132c5dc928138","isMergeCommit":false,"messageTitle":"Implement user set limit for number of cards for Review","messageBody":"","fileTypesAndContributionMap":{"functional-code":{"insertions":186,"deletions":8},"test-code":{"insertions":5,"deletions":0}}},{"hash":"bec0a00180db3844deadd477ec42f67c10c14c1d","isMergeCommit":false,"messageTitle":"Fix checkstyle","messageBody":"","fileTypesAndContributionMap":{"functional-code":{"insertions":15,"deletions":16},"test-code":{"insertions":5,"deletions":0}}},{"hash":"5c6898e59321f6bb03b50afe8b75defd76a5d0e3","isMergeCommit":false,"messageTitle":"Refactor command name to SetNumCardsPerReview","messageBody":"","fileTypesAndContributionMap":{"functional-code":{"insertions":73,"deletions":75},"other":{"insertions":6,"deletions":6},"test-code":{"insertions":2,"deletions":2}}},{"hash":"4f4b38c8531585841496bfdbc97a19947fafad32","isMergeCommit":false,"messageTitle":"Rename to \u0027all\u0027","messageBody":"","fileTypesAndContributionMap":{"functional-code":{"insertions":3,"deletions":3}}},{"hash":"0d228e93ec9c49e23d21cacff2193ad07ed1dbba","isMergeCommit":false,"messageTitle":"Rename to \u0027all\u0027","messageBody":"","fileTypesAndContributionMap":{"functional-code":{"insertions":2,"deletions":2}}}]},{"date":"2023-03-21","commitResults":[{"hash":"61fb86cf7d6f314b8330b50ce987d2746f554a58","isMergeCommit":false,"messageTitle":"Add Review Stats Panel","messageBody":"","fileTypesAndContributionMap":{"functional-code":{"insertions":140,"deletions":18}}},{"hash":"d1c79579b397b05f89dfc024fde71d68501d8fdf","isMergeCommit":false,"messageTitle":"Fix checkstyle","messageBody":"","fileTypesAndContributionMap":{"functional-code":{"insertions":10,"deletions":5}}},{"hash":"398e1abf797bb6e4d229f12a367733c15244d0a7","isMergeCommit":false,"messageTitle":"Fix test cases","messageBody":"","fileTypesAndContributionMap":{"functional-code":{"insertions":4,"deletions":2},"test-code":{"insertions":24,"deletions":7}}},{"hash":"b7072588d8c4c738171afa8763d665a912a2ac4b","isMergeCommit":false,"messageTitle":"Rename title of app","messageBody":"","fileTypesAndContributionMap":{"functional-code":{"insertions":1,"deletions":1}}},{"hash":"4eae45b91e53ef810a9bc1151ca555d25980b849","isMergeCommit":true,"messageTitle":"Merge pull request #162 from AY2223S2-CS2103T-W11-3/branch-ui-review","messageBody":" Review sidebar containing review statistics","fileTypesAndContributionMap":{}}]},{"date":"2023-03-22","commitResults":[{"hash":"49a4ce494959aa3f7c0ba1c03b4cba749ada83f0","isMergeCommit":true,"messageTitle":"Merge branch \u0027master\u0027 into branch_tag_during_review","messageBody":"","fileTypesAndContributionMap":{}}]},{"date":"2023-03-23","commitResults":[{"hash":"d77ce0bb5b86f2f0b0fa294c15262fe2ff38dbf7","isMergeCommit":true,"messageTitle":"Merge pull request #156 from AY2223S2-CS2103T-W11-3/branch_tag_during_review","messageBody":"Branch tag during review","fileTypesAndContributionMap":{}}]}],"HJ-PRK":[{"date":"2023-02-28","commitResults":[{"hash":"6c52500703e5323b0dee0084de6fc6d9aed3ab9b","isMergeCommit":false,"messageTitle":"Create hj-prk.md","messageBody":"","fileTypesAndContributionMap":{"docs":{"insertions":47,"deletions":0}}}]},{"date":"2023-03-02","commitResults":[{"hash":"94fc831b591bb14ceca0027eceaedb41a9c26883","isMergeCommit":false,"messageTitle":"Update hj-prk.md","messageBody":"","fileTypesAndContributionMap":{"docs":{"insertions":1,"deletions":1}}},{"hash":"257b6a70c4aac64f1f1794f5fadf5a548b3c17d3","isMergeCommit":true,"messageTitle":"Merge pull request #23 from AY2223S2-CS2103T-W11-3/Add-PPP-1","messageBody":"Update hj-prk.md","fileTypesAndContributionMap":{}}]},{"date":"2023-03-05","commitResults":[{"hash":"731667053904166d3cf132ac4558733f623ad546","isMergeCommit":false,"messageTitle":"Update DeveloperGuide.md","messageBody":"","fileTypesAndContributionMap":{"docs":{"insertions":108,"deletions":20}}},{"hash":"a425121024a0352f25bfdca8049038cfa9c8c59a","isMergeCommit":true,"messageTitle":"Merge pull request #31 from HJ-PRK/Update-DG","messageBody":"Update DeveloperGuide.md","fileTypesAndContributionMap":{}}]},{"date":"2023-03-09","commitResults":[{"hash":"dcc3c49ce4365a6e922308ecd457cf409649b10e","isMergeCommit":false,"messageTitle":"Update UserGuide.md","messageBody":"","fileTypesAndContributionMap":{"docs":{"insertions":37,"deletions":2}}}]},{"date":"2023-03-10","commitResults":[{"hash":"e8c3e6427ebd8fc50849f6e71a9bbdc6c5f876cd","isMergeCommit":false,"messageTitle":"Refractor Email","messageBody":"","fileTypesAndContributionMap":{"functional-code":{"insertions":22,"deletions":103},"test-code":{"insertions":21,"deletions":265}}},{"hash":"9aba2782625da318effd663ffe27431685994deb","isMergeCommit":false,"messageTitle":"Refractor Phone","messageBody":"","fileTypesAndContributionMap":{"functional-code":{"insertions":0,"deletions":124},"test-code":{"insertions":0,"deletions":40}}},{"hash":"4d9c9c5b0750487bafe10ab98812c4a619ecb43b","isMergeCommit":false,"messageTitle":"Delete all email \u0026 phone usages","messageBody":"","fileTypesAndContributionMap":{"functional-code":{"insertions":3,"deletions":59},"test-code":{"insertions":34,"deletions":122}}},{"hash":"c9b87b8e56d7efe45bb048527882bb5ed78894e9","isMergeCommit":false,"messageTitle":"Fix Checkstyle errors","messageBody":"","fileTypesAndContributionMap":{"test-code":{"insertions":9,"deletions":6}}},{"hash":"d18ff18fb4ca3b8e7998026ff6a8290a70f22b8e","isMergeCommit":false,"messageTitle":"Fix minor errors","messageBody":"","fileTypesAndContributionMap":{"test-code":{"insertions":4,"deletions":28}}}]},{"date":"2023-03-11","commitResults":[{"hash":"9db77c932034cba2d4c49d525f3a0c316a10ddd7","isMergeCommit":false,"messageTitle":"Commentize some testcases","messageBody":"","fileTypesAndContributionMap":{"test-code":{"insertions":32,"deletions":0}}},{"hash":"44abf0a91a8b59d30ca64b83f47e25c7d899ccf6","isMergeCommit":false,"messageTitle":"Add AddDeckCommand","messageBody":"","fileTypesAndContributionMap":{"functional-code":{"insertions":63,"deletions":2},"test-code":{"insertions":1,"deletions":1}}},{"hash":"10a9812e764c3b51db2d13dd7fc20de92d73c981","isMergeCommit":false,"messageTitle":"Rename Deck to MasterDeck","messageBody":"","fileTypesAndContributionMap":{"functional-code":{"insertions":73,"deletions":73},"other":{"insertions":7,"deletions":7},"docs":{"insertions":24,"deletions":24},"test-code":{"insertions":53,"deletions":53}}},{"hash":"41bdb61bb922d6b948e3685d1d676868fda662bb","isMergeCommit":false,"messageTitle":"Fix class name typo","messageBody":"","fileTypesAndContributionMap":{"functional-code":{"insertions":21,"deletions":21},"other":{"insertions":5,"deletions":5},"test-code":{"insertions":37,"deletions":37}}},{"hash":"9e46b953ba66c1a7eae5f4d7c85f12a608e1bca6","isMergeCommit":false,"messageTitle":"Add Deck class and UniqueDeckList class","messageBody":"","fileTypesAndContributionMap":{"functional-code":{"insertions":226,"deletions":0},"other":{"insertions":1,"deletions":1}}},{"hash":"20c5a7854a73e4cf4bb43b74b7750330b1dc9665","isMergeCommit":false,"messageTitle":"Modify AddDeckCommand","messageBody":"","fileTypesAndContributionMap":{"functional-code":{"insertions":20,"deletions":15}}},{"hash":"e910148cd00a2c8d992f90b1b58c4a1d855046a3","isMergeCommit":false,"messageTitle":"Add Deck features to MasterDeck","messageBody":"","fileTypesAndContributionMap":{"functional-code":{"insertions":40,"deletions":4},"test-code":{"insertions":7,"deletions":1}}},{"hash":"2656e21067c7101f53fcc5ba37c2369c57a49267","isMergeCommit":false,"messageTitle":"Update Deck features","messageBody":"","fileTypesAndContributionMap":{"functional-code":{"insertions":48,"deletions":7},"test-code":{"insertions":15,"deletions":0}}},{"hash":"46bfeb074ea7c5df5f5a86063c0777262a9f8fcf","isMergeCommit":false,"messageTitle":"Update Parser to execute AddDeckCommand","messageBody":"","fileTypesAndContributionMap":{"functional-code":{"insertions":60,"deletions":1}}},{"hash":"b7f31d1e05320e568ab0bc83782f4e2a18e3c0fc","isMergeCommit":false,"messageTitle":"Add AddDeckCommand to the main parser class","messageBody":"","fileTypesAndContributionMap":{"functional-code":{"insertions":4,"deletions":1}}},{"hash":"b619e728527124526ab2bc3dbb250f99da7b4d4d","isMergeCommit":false,"messageTitle":"Fix Checkstyle errors","messageBody":"","fileTypesAndContributionMap":{"functional-code":{"insertions":2,"deletions":14}}},{"hash":"f38a7208e47b196e47cba350131cdaf99bc37bf2","isMergeCommit":false,"messageTitle":"Update testcases","messageBody":"","fileTypesAndContributionMap":{"test-code":{"insertions":9,"deletions":1}}},{"hash":"2de47dd8323f31eaa8f93f8337820bc48fafd9f0","isMergeCommit":false,"messageTitle":"Update testcases","messageBody":"","fileTypesAndContributionMap":{"test-code":{"insertions":1,"deletions":1}}}]},{"date":"2023-03-14","commitResults":[{"hash":"e3985459bbcfd041521dca2237ab35b919a65f3e","isMergeCommit":false,"messageTitle":"Add EditDeckCommand","messageBody":"","fileTypesAndContributionMap":{"functional-code":{"insertions":79,"deletions":1}}},{"hash":"b6e2e4568aed6c00228ec1a3e8744a37a54d0251","isMergeCommit":false,"messageTitle":"Add EditDeckCommandParser class","messageBody":"","fileTypesAndContributionMap":{"functional-code":{"insertions":62,"deletions":3}}},{"hash":"e68f3b9b4155f84b839b0bc39ec46b7a24f52b96","isMergeCommit":false,"messageTitle":"Fix bugs","messageBody":"","fileTypesAndContributionMap":{"functional-code":{"insertions":4,"deletions":0},"test-code":{"insertions":5,"deletions":0}}},{"hash":"34e2f24f3ab5c0558df8fe3d0a99df206114fe29","isMergeCommit":false,"messageTitle":"Fix Checkstyle errors","messageBody":"","fileTypesAndContributionMap":{"functional-code":{"insertions":3,"deletions":3}}},{"hash":"7467a8ae9746748c6fc005e60e4d3514c592e3e6","isMergeCommit":true,"messageTitle":"Merge pull request #91 from HJ-PRK/master","messageBody":"Add editDeck command","fileTypesAndContributionMap":{}},{"hash":"5009a0b202385feb8b2680ad7e3d813c6c6024d5","isMergeCommit":false,"messageTitle":"Remove prefix from AddDeckCommand","messageBody":"","fileTypesAndContributionMap":{"functional-code":{"insertions":5,"deletions":19}}},{"hash":"8c579898eb3044b596dfa7f9e699a3557d80bf26","isMergeCommit":false,"messageTitle":"Remove prefix from editDeck command","messageBody":"","fileTypesAndContributionMap":{"functional-code":{"insertions":10,"deletions":14}}},{"hash":"2633b2f8f63ba86c30cafb06fec82b0ae05525c8","isMergeCommit":false,"messageTitle":"Fix Checkstyle error","messageBody":"","fileTypesAndContributionMap":{"functional-code":{"insertions":0,"deletions":5}}},{"hash":"590816a67cff30206a14686236a7effef2f31a5c","isMergeCommit":false,"messageTitle":"Add DeleteDeckCommand class","messageBody":"","fileTypesAndContributionMap":{"functional-code":{"insertions":55,"deletions":0}}},{"hash":"9931d7947b364a90be23143d5d71e3711a0522dd","isMergeCommit":false,"messageTitle":"Add DeleteDeckCommandParser class","messageBody":"","fileTypesAndContributionMap":{"functional-code":{"insertions":34,"deletions":0}}},{"hash":"a18f7b917aafdbe34766303a48b7acd5615f8f37","isMergeCommit":false,"messageTitle":"Add deleteDeck in MasterDeck","messageBody":"","fileTypesAndContributionMap":{"functional-code":{"insertions":19,"deletions":2}}},{"hash":"a7ddea8b4a61035531da59b7ad63e04f73c94f4d","isMergeCommit":false,"messageTitle":"Fix Checkstyle error","messageBody":"","fileTypesAndContributionMap":{"functional-code":{"insertions":6,"deletions":3}}},{"hash":"34248407e4d4b8c9828e2edf7f5c63378bc40c3d","isMergeCommit":false,"messageTitle":"Minor changes for clarity","messageBody":"","fileTypesAndContributionMap":{"functional-code":{"insertions":2,"deletions":2}}},{"hash":"4562fa5728a3011ec07a5c4f47e8de89093f5743","isMergeCommit":true,"messageTitle":"Merge pull request #94 from HJ-PRK/master","messageBody":"Remove deck prefix and add deleteDeck","fileTypesAndContributionMap":{}}]},{"date":"2023-03-18","commitResults":[{"hash":"7e5c9336caa90f009059506c293f749b0cfdf368","isMergeCommit":false,"messageTitle":"Allow non-alphanumeric inputs for question","messageBody":"","fileTypesAndContributionMap":{"functional-code":{"insertions":2,"deletions":3},"test-code":{"insertions":2,"deletions":4}}},{"hash":"9c9b8bd15fb4ecbac14151b4ece475f25ba245de","isMergeCommit":false,"messageTitle":"Fix testcases for invalid question","messageBody":"","fileTypesAndContributionMap":{"test-code":{"insertions":2,"deletions":3}}},{"hash":"1e54e6ed9ab25b88d128a6dcc9ecd2e97fa57d48","isMergeCommit":false,"messageTitle":"Fix bug","messageBody":"","fileTypesAndContributionMap":{"test-code":{"insertions":1,"deletions":1}}},{"hash":"25cfcac69f9630cb5292a29d747505077ff3830b","isMergeCommit":false,"messageTitle":"Fix bug","messageBody":"","fileTypesAndContributionMap":{"test-code":{"insertions":1,"deletions":1}}},{"hash":"6869b59311178c4dfb2a0e572ffb0089d5febe18","isMergeCommit":false,"messageTitle":"Fix bug","messageBody":"","fileTypesAndContributionMap":{"test-code":{"insertions":1,"deletions":1}}}]},{"date":"2023-03-19","commitResults":[{"hash":"4b05b283dea974ae14de075b069a50dd33a6ab55","isMergeCommit":true,"messageTitle":"Merge pull request #137 from HJ-PRK/master","messageBody":"Allow non-alphanumeric inputs for question","fileTypesAndContributionMap":{}},{"hash":"0e0b5a8b480f718a8882b34a780ff64fe04681ed","isMergeCommit":false,"messageTitle":"Remove traces of addressbook from test cases","messageBody":"","fileTypesAndContributionMap":{"functional-code":{"insertions":1,"deletions":1},"test-code":{"insertions":150,"deletions":150}}},{"hash":"00ed364ff66bc7556d10520442d6271e19193fb3","isMergeCommit":false,"messageTitle":"Refactor test cases and exceptions","messageBody":"","fileTypesAndContributionMap":{"functional-code":{"insertions":17,"deletions":17},"other":{"insertions":3,"deletions":3},"test-code":{"insertions":110,"deletions":109}}},{"hash":"73a1f491135143b3b9e9ba3b90c90f804e7ee546","isMergeCommit":false,"messageTitle":"Refactor test data files","messageBody":"","fileTypesAndContributionMap":{"test-code":{"insertions":5,"deletions":5}}},{"hash":"e8079de3cee253bd45f33e7c6f9c6c60f99f8949","isMergeCommit":false,"messageTitle":"Refactor person, name, address, address book","messageBody":"","fileTypesAndContributionMap":{"functional-code":{"insertions":2,"deletions":2},"test-code":{"insertions":11,"deletions":11}}},{"hash":"6790e48c9e1655de79f256ce8d722ed27785a6ba","isMergeCommit":false,"messageTitle":"Remove address book traces from comments and strings","messageBody":"","fileTypesAndContributionMap":{"functional-code":{"insertions":53,"deletions":53},"test-code":{"insertions":16,"deletions":16}}},{"hash":"318877fd026515f732b1d0d656d52d5fbcd54176","isMergeCommit":false,"messageTitle":"Refactor json files","messageBody":"","fileTypesAndContributionMap":{"functional-code":{"insertions":21,"deletions":21},"test-code":{"insertions":4,"deletions":4}}},{"hash":"f28d146077d13c37037e95029641e6007d9eecf7","isMergeCommit":false,"messageTitle":"Remove other traces from ab3","messageBody":"","fileTypesAndContributionMap":{"functional-code":{"insertions":2,"deletions":2},"test-code":{"insertions":10,"deletions":10}}},{"hash":"a8eb29fb4e9226d3b4e5707639b9de4ee63836e9","isMergeCommit":false,"messageTitle":"Fix checkstyle","messageBody":"","fileTypesAndContributionMap":{"test-code":{"insertions":13,"deletions":7}}},{"hash":"fc0204b6d7d005ddebcbba130daecc0de4bae8e6","isMergeCommit":false,"messageTitle":"Fix typo","messageBody":"","fileTypesAndContributionMap":{"test-code":{"insertions":1,"deletions":1}}},{"hash":"4ff03ea23f509cd175ac6e309199b138d46af957","isMergeCommit":false,"messageTitle":"Fix bug","messageBody":"","fileTypesAndContributionMap":{"test-code":{"insertions":6,"deletions":6}}},{"hash":"5a54980b8f44eca6e070d8ddec56c1bf7dafcf5f","isMergeCommit":false,"messageTitle":"Remove commented out imports","messageBody":"","fileTypesAndContributionMap":{"functional-code":{"insertions":1,"deletions":2}}}]},{"date":"2023-03-20","commitResults":[{"hash":"c8a97a4f42b80e9cf047227451c8274766858d85","isMergeCommit":false,"messageTitle":"Resolve merge conflict","messageBody":"","fileTypesAndContributionMap":{"test-code":{"insertions":43,"deletions":0}}},{"hash":"1b80e4649e14bf63994b5096fca1057ec2a39d7a","isMergeCommit":false,"messageTitle":"Resolve merge conflict","messageBody":"","fileTypesAndContributionMap":{"test-code":{"insertions":21,"deletions":14}}},{"hash":"3e3a958073ba8ae1f52c26f404a4e154bdea0101","isMergeCommit":true,"messageTitle":"Merge branch \u0027master\u0027 into master","messageBody":"","fileTypesAndContributionMap":{}},{"hash":"1009441ffd04774fa32b193602cf76076c7140a4","isMergeCommit":false,"messageTitle":"Fix bug occured during merge","messageBody":"","fileTypesAndContributionMap":{"test-code":{"insertions":1,"deletions":3}}},{"hash":"97e1b5b5fd7d6cf23226993088ebde4f27dcd245","isMergeCommit":false,"messageTitle":"Fix checkstyle","messageBody":"","fileTypesAndContributionMap":{"test-code":{"insertions":0,"deletions":1}}},{"hash":"85e6f771a6f00f283f12eef70ea36ad526758b7d","isMergeCommit":false,"messageTitle":"Update UserGuide.md","messageBody":"Add more features that we have now.","fileTypesAndContributionMap":{"docs":{"insertions":74,"deletions":30}}}]},{"date":"2023-03-21","commitResults":[{"hash":"0c07a091944abe39f6e3a5625919a3a19e85addc","isMergeCommit":false,"messageTitle":"Update UserGuide.md","messageBody":"","fileTypesAndContributionMap":{"docs":{"insertions":22,"deletions":8}}},{"hash":"bcb83e9c05f123d9c2fae19ba1d4aad9ca72bb99","isMergeCommit":true,"messageTitle":"Merge pull request #158 from HJ-PRK/master","messageBody":"Update UserGuide.md (new pr)","fileTypesAndContributionMap":{}}]}]},"authorFileTypeContributionMap":{"rockman007372":{"docs":91,"functional-code":728,"test-code":139},"junianob":{"docs":68,"functional-code":662,"test-code":4},"ruiyigan":{"docs":83,"functional-code":346,"test-code":1159},"unfazing":{"docs":91,"functional-code":1311,"test-code":362},"HJ-PRK":{"docs":218,"functional-code":680,"test-code":342}},"authorContributionVariance":{"rockman007372":26647.703,"junianob":10807.831,"ruiyigan":59813.223,"unfazing":395177.16,"HJ-PRK":65085.914},"authorDisplayNameMap":{"rockman007372":"CS2103T-W11-3 TRAN..GHIA","junianob":"CS2103T-W11-3 BRYA..IANO","ruiyigan":"CS2103T-W11-3 GAN ..I YI","unfazing":"CS2103T-W11-3 LIAN.. HAI","HJ-PRK":"CS2103T-W11-3 PARK..NJIN"}}
