{"authorDailyContributionsMap":{"Dangabit":[{"date":"2023-02-27","commitResults":[{"hash":"fe815af1e606b56e02b28ac29b1e8e2d0aaeb05d","isMergeCommit":false,"messageTitle":"Delete bin directory","messageBody":"Binary files shouldn\u0027t be on the repo.","fileTypesAndContributionMap":{"other":{"insertions":0,"deletions":580}}},{"hash":"162b9f462030de820e1ebf3ea4e966796a56b357","isMergeCommit":false,"messageTitle":"Update AboutUs \u0026 PPP (Eric)","messageBody":"","fileTypesAndContributionMap":{"docs":{"insertions":34,"deletions":8}}},{"hash":"2757e00fb6eed864a8c23288488761c3414adf07","isMergeCommit":false,"messageTitle":"Normalise line endings","messageBody":"","fileTypesAndContributionMap":{"docs":{"insertions":27,"deletions":27}}}]},{"date":"2023-02-28","commitResults":[{"hash":"5067a0f3efd1cdf37272f7347c9bc97fd2b47325","isMergeCommit":false,"messageTitle":"Fix build error","messageBody":"","fileTypesAndContributionMap":{"docs":{"insertions":11,"deletions":3}}}]},{"date":"2023-03-01","commitResults":[{"hash":"0ffea5174c93cb428b12b3bb0f76081b0abe3e8b","isMergeCommit":false,"messageTitle":"Update UserGuide.md","messageBody":"","fileTypesAndContributionMap":{"docs":{"insertions":5,"deletions":4}}}]},{"date":"2023-03-03","commitResults":[{"hash":"aa3e11a9a5f70233ccb4a80d391b52e0eb96c500","isMergeCommit":false,"messageTitle":"Model storage update (#36)","messageBody":"* Rename to fit ModTrek\r\n\r\n* Create module model\r\n\r\n* Update tag model\r\n\r\n* Update UserPref and DegreeProgression models\r\n\r\n* Fix minor checkstyle\r\n\r\n* Modify Access and Fix Line Ends","fileTypesAndContributionMap":{"functional-code":{"insertions":788,"deletions":965},"other":{"insertions":844,"deletions":749},"docs":{"insertions":1,"deletions":1}}},{"hash":"a95e73d76e64add47ce60301c3c1bb3f07c0dec8","isMergeCommit":true,"messageTitle":"Resolve merge conflict PR #37","messageBody":"","fileTypesAndContributionMap":{}}]},{"date":"2023-03-08","commitResults":[{"hash":"1f4aeefbbe5ea1e1b5aa480a11d4b0383f92f4bf","isMergeCommit":false,"messageTitle":"Fix #42","messageBody":"","fileTypesAndContributionMap":{"functional-code":{"insertions":2,"deletions":1}}},{"hash":"512ae807db69a1644d30c1234822f5b32119afcd","isMergeCommit":false,"messageTitle":"Fix #57 and impose stricter regex for SemYear","messageBody":"","fileTypesAndContributionMap":{"functional-code":{"insertions":2,"deletions":2}}},{"hash":"abbde7dfba5cb560a5cc7da4868e1d530a5e62e2","isMergeCommit":false,"messageTitle":"Expand regex constraint for SemYear","messageBody":"After some discussion, we realised there may be people taking module\nbefore the start of the year and also those on special term. Therefore,\nthe regex is relaxed to include these cases, for Y0ST2 and special terms\nST.\n","fileTypesAndContributionMap":{"functional-code":{"insertions":1,"deletions":1}}},{"hash":"3cadf8a899921f81c97520554dbd75b24829791c","isMergeCommit":false,"messageTitle":"Added some small test cases for Module Code regex","messageBody":"","fileTypesAndContributionMap":{"test-code":{"insertions":11,"deletions":0}}},{"hash":"b78a8193c94dbeffff9ad5793b2fcd783431f9fd","isMergeCommit":false,"messageTitle":"Fix SemYear regex","messageBody":"","fileTypesAndContributionMap":{"functional-code":{"insertions":1,"deletions":1}}},{"hash":"2759edd2079404604d1c94f85594ee3a6de0adc8","isMergeCommit":false,"messageTitle":"Fix checkstyle issues","messageBody":"","fileTypesAndContributionMap":{"docs":{"insertions":3,"deletions":3},"test-code":{"insertions":1,"deletions":1}}},{"hash":"0c61ec4f4801a5ff1acebb9a7dbf143eeb5726c8","isMergeCommit":false,"messageTitle":"Write test for CodeCov","messageBody":"","fileTypesAndContributionMap":{"test-code":{"insertions":17,"deletions":11}}}]},{"date":"2023-03-09","commitResults":[{"hash":"412f5db9e24c0c9256f441fd2968a94d6f31451e","isMergeCommit":false,"messageTitle":"Edit JavaDocs and implement DegreeProgressionData model","messageBody":"","fileTypesAndContributionMap":{"functional-code":{"insertions":123,"deletions":107}}},{"hash":"147256fff0c3e83e558a76f6c03d4c36c9225863","isMergeCommit":false,"messageTitle":"Fix checkstyle","messageBody":"","fileTypesAndContributionMap":{"functional-code":{"insertions":21,"deletions":10}}}]},{"date":"2023-03-12","commitResults":[{"hash":"f64903acf1424caf566c5d2328882480102e951c","isMergeCommit":false,"messageTitle":"Fix computation of incomplete module","messageBody":"","fileTypesAndContributionMap":{"functional-code":{"insertions":19,"deletions":9}}},{"hash":"10ca3ffdb417e898e5662bd115a18abe0386bfa7","isMergeCommit":false,"messageTitle":"Provide an interface to retrieve data","messageBody":"","fileTypesAndContributionMap":{"functional-code":{"insertions":12,"deletions":0}}}]},{"date":"2023-03-13","commitResults":[{"hash":"f34146c6947520d4ae5b91ae2d5a6821c3329808","isMergeCommit":false,"messageTitle":"Fix test","messageBody":"","fileTypesAndContributionMap":{"test-code":{"insertions":5,"deletions":0}}},{"hash":"42c4e0a4b4e8d1d7223406547dba9f50e737c00b","isMergeCommit":false,"messageTitle":"Add test cases for DegreeProgressionData","messageBody":"","fileTypesAndContributionMap":{"functional-code":{"insertions":15,"deletions":8}}},{"hash":"4d97a5017382171bfe06ac0c5accb1b3b65cbb39","isMergeCommit":false,"messageTitle":"Add test cases for DegreeProgressionData","messageBody":"","fileTypesAndContributionMap":{"test-code":{"insertions":45,"deletions":0}}}]},{"date":"2023-03-14","commitResults":[{"hash":"2412a779c2750b57f7b2e2a7426d802e5bbac672","isMergeCommit":false,"messageTitle":"Abstract ValidTag","messageBody":"","fileTypesAndContributionMap":{"functional-code":{"insertions":62,"deletions":18}}}]},{"date":"2023-03-15","commitResults":[{"hash":"ea17a5524f6fa8539d7780fa7ca21edec210da19","isMergeCommit":false,"messageTitle":"Fix testing race condition","messageBody":"","fileTypesAndContributionMap":{"test-code":{"insertions":18,"deletions":4}}},{"hash":"e64287bfdef68ed7eca6d08a9daa3e9b1ab877db","isMergeCommit":true,"messageTitle":"Merge pull request #68 from Jun-How/implement-help-command","messageBody":"Implement help command","fileTypesAndContributionMap":{}},{"hash":"4c3931f760739ab16969bbef431c5ea4d2370fa4","isMergeCommit":true,"messageTitle":"Merge pull request #85 from AY2223S2-CS2103T-T13-1/ui","messageBody":"Merge UI with master","fileTypesAndContributionMap":{}},{"hash":"ee950cf81ba5a423aae712fc9eb1a5b059025c72","isMergeCommit":true,"messageTitle":"Merge branch \u0027master\u0027 into fix-tag-command-parser-bug","messageBody":"","fileTypesAndContributionMap":{}},{"hash":"d9240f79e9929d120f1ff325bd28fc31bcf8ae88","isMergeCommit":false,"messageTitle":"Update TagCommandParserTest.java","messageBody":"","fileTypesAndContributionMap":{"test-code":{"insertions":0,"deletions":5}}},{"hash":"baae7c709f1cf68df5af25ed51ef2f05d22a7dae","isMergeCommit":true,"messageTitle":"Merge pull request #50 from Jun-How/fix-tag-command-parser-bug","messageBody":"Resolve minor parser bug","fileTypesAndContributionMap":{}},{"hash":"de16d5c6c4dd3032528ca5878fae14e11fc03240","isMergeCommit":true,"messageTitle":"Merge pull request #84 from Dangabit/bugfix-enhancement","messageBody":"Fix testing race condition #70","tags":["v1.2"],"fileTypesAndContributionMap":{}},{"hash":"85bc91d8b54164431dded43466184252ea5120b9","isMergeCommit":false,"messageTitle":"Abstract ValidTag","messageBody":"","fileTypesAndContributionMap":{"functional-code":{"insertions":6,"deletions":0}}},{"hash":"fd788c39eb0949d7c36d07317e95cc2ef4aa2247","isMergeCommit":true,"messageTitle":"Resolve merge conflict","messageBody":"","fileTypesAndContributionMap":{}},{"hash":"272fb67514f264e35a32de228ade2c7450826839","isMergeCommit":false,"messageTitle":"Resolve merge conflict","messageBody":"","fileTypesAndContributionMap":{"functional-code":{"insertions":0,"deletions":15}}},{"hash":"8c0967bdc1d5096c762e26b75d795c023712f261","isMergeCommit":false,"messageTitle":"Update UI to use new ValidTag enum","messageBody":"","fileTypesAndContributionMap":{"functional-code":{"insertions":8,"deletions":14}}},{"hash":"a04f5e6d4a1e8ad3e7f01f243f39e5b874d2af28","isMergeCommit":false,"messageTitle":"Improve CodeCov for ValidTag","messageBody":"","fileTypesAndContributionMap":{"functional-code":{"insertions":2,"deletions":2},"test-code":{"insertions":38,"deletions":0}}},{"hash":"46a7725c2ce420d0ebc2607f24ca9ed8e78274e4","isMergeCommit":true,"messageTitle":"Merge remote-tracking branch \u0027upstream/master\u0027 into feature-show-progress","messageBody":"","fileTypesAndContributionMap":{}},{"hash":"5fa44b9b6e4499d5914fb8e0fffc1d02acf5c35c","isMergeCommit":false,"messageTitle":"Fix Stylecheck","messageBody":"","fileTypesAndContributionMap":{"test-code":{"insertions":3,"deletions":4}}}]},{"date":"2023-03-21","commitResults":[{"hash":"d66263ab95589f3f2d3dc55471e0ab87c5f44b40","isMergeCommit":false,"messageTitle":"Add extra computation to GPA","messageBody":"","fileTypesAndContributionMap":{"functional-code":{"insertions":11,"deletions":1}}},{"hash":"798f8a890705f7433b6373b42feb7bb396550dd3","isMergeCommit":false,"messageTitle":"Modify UG for 1.3","messageBody":"","fileTypesAndContributionMap":{"docs":{"insertions":25,"deletions":16}}},{"hash":"acde47e4ece8f43481b7ba42239cddba9139c7a2","isMergeCommit":false,"messageTitle":"Add user stories #89","messageBody":"","fileTypesAndContributionMap":{"docs":{"insertions":10,"deletions":8}}},{"hash":"00645f62b012f5d2fdc1e55f4783becc8f142e27","isMergeCommit":false,"messageTitle":"Modify glossary and clarification #90","messageBody":"","fileTypesAndContributionMap":{"docs":{"insertions":14,"deletions":2}}},{"hash":"2a1de4c63ca9d3cab3ff54953bad0f851f1b9d11","isMergeCommit":false,"messageTitle":"Fix calculation","messageBody":"","fileTypesAndContributionMap":{"functional-code":{"insertions":1,"deletions":1}}},{"hash":"11252dec41b0ffddaded9525c9d419f04e126cb0","isMergeCommit":false,"messageTitle":"Fix calculation","messageBody":"","fileTypesAndContributionMap":{"functional-code":{"insertions":0,"deletions":2}}}]},{"date":"2023-03-23","commitResults":[{"hash":"df90fe48c24a8b69b33a8df95b20b8206363c9e4","isMergeCommit":false,"messageTitle":"Update DG: Sort Command","messageBody":"","fileTypesAndContributionMap":{"docs":{"insertions":48,"deletions":0}}},{"hash":"ba1af993896feae29cc0bf9800c665880967ac94","isMergeCommit":false,"messageTitle":"Include diagrams for Sort Docs","messageBody":"","fileTypesAndContributionMap":{"docs":{"insertions":101,"deletions":7}}},{"hash":"de82b503b21a735bf6c49a54f172ed362bb233f4","isMergeCommit":false,"messageTitle":"Modify UG for 1.3","messageBody":"","fileTypesAndContributionMap":{"docs":{"insertions":25,"deletions":16}}},{"hash":"9caae727b5ccd3ceecd2f19e8b13be373988aaff","isMergeCommit":false,"messageTitle":"Add user stories #89","messageBody":"","fileTypesAndContributionMap":{"docs":{"insertions":10,"deletions":8}}},{"hash":"0ca9f6e51689e017392b8a129d0c68d42f49367a","isMergeCommit":false,"messageTitle":"Modify glossary and clarification #90","messageBody":"","fileTypesAndContributionMap":{"docs":{"insertions":14,"deletions":2}}},{"hash":"3a96ceb1e5c3d0626bbb58e551363410e1b117e8","isMergeCommit":false,"messageTitle":"Update DG: Sort Command","messageBody":"","fileTypesAndContributionMap":{"docs":{"insertions":48,"deletions":0}}},{"hash":"502fe55d293f4cbbd584e74eb4bc73d6b1f65133","isMergeCommit":false,"messageTitle":"Include diagrams for Sort Docs","messageBody":"","fileTypesAndContributionMap":{"docs":{"insertions":101,"deletions":7}}},{"hash":"f91da8396cfc495617fbf268c4278d747c778e52","isMergeCommit":true,"messageTitle":"Merge branch \u0027update-docs-v1.3\u0027 of github.com:Dangabit/tp into update-docs-v1.3","messageBody":"","fileTypesAndContributionMap":{}},{"hash":"e24b415d3fe8acf3756bdccc71b32016ba43898e","isMergeCommit":false,"messageTitle":"Implement View Command","messageBody":"CommandResult is changed to accomodate screen switches for GUI.\nSome test cases are fixed to work with the new changes.\nFix double tagging issue.\n","fileTypesAndContributionMap":{"functional-code":{"insertions":119,"deletions":16},"test-code":{"insertions":27,"deletions":14}}},{"hash":"5280ab63881bc2a100e7703f2215647d5b071d4f","isMergeCommit":true,"messageTitle":"Merge branch \u0027master\u0027 into update-docs-v1.3","messageBody":"","fileTypesAndContributionMap":{}},{"hash":"8d8835a0840f6d20761ba87e26704ef6dcb90b61","isMergeCommit":true,"messageTitle":"Merge pull request #92 from Dangabit/update-docs-v1.3","messageBody":"Docs for v1.3","fileTypesAndContributionMap":{}},{"hash":"a9f830c40d6021296e0f16ab9ea41c8f948becf0","isMergeCommit":true,"messageTitle":"Merge pull request #98 from Dangabit/feature-show-progress","messageBody":"Implement View Command","fileTypesAndContributionMap":{}},{"hash":"7f1fef6134a9a4df7889c5a3a940d116252434af","isMergeCommit":true,"messageTitle":"Merge branch \u0027master\u0027 into jmestxr-docs","messageBody":"","fileTypesAndContributionMap":{}},{"hash":"5e58a0583358fea4e0daa9291ae3232892b26a1e","isMergeCommit":true,"messageTitle":"Merge pull request #96 from jmestxr/jmestxr-docs","messageBody":"Document implementation for View feature","fileTypesAndContributionMap":{}},{"hash":"74223d54baafb88a345b5f930f1e06ee276cdb4e","isMergeCommit":true,"messageTitle":"Merge branch \u0027master\u0027 into update-dg","messageBody":"","fileTypesAndContributionMap":{}},{"hash":"205647be627d2a25afbab17e5ff8ae8d2c829575","isMergeCommit":true,"messageTitle":"Merge pull request #97 from Jun-How/update-dg","messageBody":"Update DG with Find Command implementation","fileTypesAndContributionMap":{}}]},{"date":"2023-03-24","commitResults":[{"hash":"5cb78791922f9abc944ca6f36885b79770f00551","isMergeCommit":false,"messageTitle":"Handle duplicates and UE extension","messageBody":"","fileTypesAndContributionMap":{"functional-code":{"insertions":99,"deletions":35},"test-code":{"insertions":0,"deletions":5}}},{"hash":"46d08727841a3951054540b350adb7171a5e605b","isMergeCommit":true,"messageTitle":"Implement duplication detection and UE extension","messageBody":"","fileTypesAndContributionMap":{}},{"hash":"987aa8e80f04e350e5747c21dc52650d4df1576e","isMergeCommit":false,"messageTitle":"Fix bugs","messageBody":"","fileTypesAndContributionMap":{"functional-code":{"insertions":13,"deletions":11}}},{"hash":"33dda0fefccae42379a9bcf2ac1eb48a23fb3aac","isMergeCommit":false,"messageTitle":"Fix not capping in overall %","messageBody":"","fileTypesAndContributionMap":{"functional-code":{"insertions":9,"deletions":7}}},{"hash":"99bc0b929c5a792657e9371464cc3d0149c5046f","isMergeCommit":false,"messageTitle":"Fix checkstyle error","messageBody":"","fileTypesAndContributionMap":{"functional-code":{"insertions":2,"deletions":2}}}]},{"date":"2023-03-27","commitResults":[{"hash":"2d0502198172216d9b3f4908ae85758bff9ac960","isMergeCommit":false,"messageTitle":"Fix planned and indicate note","messageBody":"","fileTypesAndContributionMap":{"functional-code":{"insertions":4,"deletions":2}}},{"hash":"33e0894f2d49dae39b51a22f006d3a43cc26dcf4","isMergeCommit":false,"messageTitle":"Fix test case","messageBody":"","fileTypesAndContributionMap":{"test-code":{"insertions":1,"deletions":1}}},{"hash":"0bfa7a80434ace1ce3bf401149ae3d3316e5361d","isMergeCommit":true,"messageTitle":"Merge branch \u0027master\u0027 into feature-show-progress","messageBody":"","fileTypesAndContributionMap":{}}]},{"date":"2023-03-28","commitResults":[{"hash":"d4cf1a9b43a1888138f97ba407082f54b382ab47","isMergeCommit":false,"messageTitle":"Fix typo","messageBody":"","fileTypesAndContributionMap":{"functional-code":{"insertions":1,"deletions":1}}},{"hash":"4f372f945ac74abdfacfb6e77ad9b6a121128748","isMergeCommit":true,"messageTitle":"Merge branch \u0027feature-show-progress\u0027 of github.com:Dangabit/tp into feature-show-progress","messageBody":"","fileTypesAndContributionMap":{}},{"hash":"a64e573bc133b9ab9abd600245b17b613ab1ffce","isMergeCommit":true,"messageTitle":"Merge pull request #108 from Jun-How/prettify-error-messages","messageBody":"Find command enhancement: Allow for multiple prefixes filtering","fileTypesAndContributionMap":{}},{"hash":"1da76b2ec14ca1425be474bc401127b95f132637","isMergeCommit":false,"messageTitle":"Fix calculation for Satisfactory mods","messageBody":"","fileTypesAndContributionMap":{"functional-code":{"insertions":35,"deletions":19},"test-code":{"insertions":5,"deletions":0}}},{"hash":"161747228840d2bf0f8f4be5752f894fe0c00cf3","isMergeCommit":true,"messageTitle":"Merge branch \u0027feature-show-progress\u0027 of github.com:Dangabit/tp into feature-show-progress","messageBody":"","fileTypesAndContributionMap":{}},{"hash":"d817c4b013f11a6d1af3c80f1719be3dfaa0ee44","isMergeCommit":false,"messageTitle":"Fix minor typo","messageBody":"","fileTypesAndContributionMap":{"functional-code":{"insertions":1,"deletions":1}}}]},{"date":"2023-03-31","commitResults":[{"hash":"84e582176ca94e207db6ad89ef71782465d14016","isMergeCommit":false,"messageTitle":"Update index.md","messageBody":"","fileTypesAndContributionMap":{"docs":{"insertions":2,"deletions":2}}},{"hash":"a629d6d70b52a4173c4de50c2ea950dbc2929363","isMergeCommit":false,"messageTitle":"Update index.md","messageBody":"","fileTypesAndContributionMap":{"docs":{"insertions":2,"deletions":2}}}]}],"jmestxr":[{"date":"2023-02-26","commitResults":[{"hash":"2aa243308d24a463851bde8ec113ca850116f838","isMergeCommit":false,"messageTitle":"Update AboutUs, README, PPP for jmestxr","messageBody":"","fileTypesAndContributionMap":{"docs":{"insertions":46,"deletions":63}}}]},{"date":"2023-02-27","commitResults":[{"hash":"2a21722d2ca035ddeb4a741e852275cfe1d34a09","isMergeCommit":false,"messageTitle":"Update UG","messageBody":"","fileTypesAndContributionMap":{"docs":{"insertions":48,"deletions":164}}},{"hash":"5296d4d284de6b36c24bd552ccdc8437e56b8189","isMergeCommit":false,"messageTitle":"Update UG to include Command Summary","messageBody":"","fileTypesAndContributionMap":{"docs":{"insertions":18,"deletions":8}}},{"hash":"ac7861c05cc1e1ce4c46cd30c68978634c25e17f","isMergeCommit":false,"messageTitle":"Amend ci/cd violations","messageBody":"","fileTypesAndContributionMap":{"docs":{"insertions":0,"deletions":1}}},{"hash":"065c30669931de103e8589e163295c7c084629d1","isMergeCommit":true,"messageTitle":"Merge branch \u0027AY2223S2-CS2103T-T13-1:master\u0027 into jmestxr-docs","messageBody":"","fileTypesAndContributionMap":{}}]},{"date":"2023-02-28","commitResults":[{"hash":"4cc462657f6ba3e573471a316e127a0f142f9c1b","isMergeCommit":true,"messageTitle":"Merge pull request #9 from jmestxr/jmestxr-docs","messageBody":"Update AboutUs (James), PPP (James), README, UG","fileTypesAndContributionMap":{}},{"hash":"e4b8f2cb76f2c67c407389259e1accd83c054732","isMergeCommit":true,"messageTitle":"Merge pull request #11 from Dangabit/dangabit-docs","messageBody":"Update AboutUs \u0026 PPP (Eric)","fileTypesAndContributionMap":{}},{"hash":"e93a2a62c73df29a1dc224baf50af5840fb7b2b9","isMergeCommit":true,"messageTitle":"Merge branch \u0027master\u0027 into Jun-How-docs","messageBody":"","fileTypesAndContributionMap":{}},{"hash":"d3f3237d56094136261fab0773c78a8ccf0bcd17","isMergeCommit":true,"messageTitle":"Merge pull request #12 from Jun-How/Jun-How-docs","messageBody":"Update AboutUs \u0026 PPP (Jun How)","fileTypesAndContributionMap":{}},{"hash":"1e58f525e7981f16959c5a6434dd891211572787","isMergeCommit":true,"messageTitle":"Merge branch \u0027master\u0027 into cjyothika-docs","messageBody":"","fileTypesAndContributionMap":{}},{"hash":"fbbd4104b270fde40d2ff8910a97c8c18af5eac7","isMergeCommit":true,"messageTitle":"Merge pull request #15 from cjyothika/cjyothika-docs","messageBody":"Update PPP and AboutUs.md (Jyothika)","fileTypesAndContributionMap":{}},{"hash":"26811f05d006ba6dd5411652bf07e5354daba2f6","isMergeCommit":true,"messageTitle":"Merge pull request #17 from Cheamybunny/master","messageBody":"Update AboutMe. Added image and PPP. Corrected some typos (Jia Wei)","fileTypesAndContributionMap":{}}]},{"date":"2023-03-01","commitResults":[{"hash":"f685a29d92ad9a195f9b219ca4feb552435e8c8d","isMergeCommit":false,"messageTitle":"Update UG","messageBody":"","fileTypesAndContributionMap":{"docs":{"insertions":30,"deletions":29}}},{"hash":"d00f5bfc50d2081051d2f3e9abfd28192dcf632b","isMergeCommit":true,"messageTitle":"Merge branch \u0027master\u0027 into jmestxr-docs","messageBody":"","fileTypesAndContributionMap":{}},{"hash":"6de2e3590aa086712527c522f90d2578387ce4bc","isMergeCommit":false,"messageTitle":"Update DG","messageBody":"","fileTypesAndContributionMap":{"docs":{"insertions":123,"deletions":20}}},{"hash":"05440f53dda4e4a85dabf7d97f9750bc8da98539","isMergeCommit":true,"messageTitle":"Merge pull request #34 from jmestxr/jmestxr-docs","messageBody":"Update UG, DG","fileTypesAndContributionMap":{}}]},{"date":"2023-03-05","commitResults":[{"hash":"bb3bcafb042fb60051da170e0dce39c64d83c139","isMergeCommit":false,"messageTitle":"Implement static GUI based on mockup","messageBody":"* Create the following UI components:\n    * MainWindow - the main app window, consisting of top section\n      (header comprising of logo), left section (GraphicsSection),\n      right section (CliSection)\n    * GraphicsSection - the left section of the app displaying command\n      execution results in illustration\n    * CliSection - the right section of the app which accepts user input\n      commands and displays system response messages from the execution\n      of commands\n    * ModuleList - sub-section within the GraphicsSection displaying the\n      modules added by the user\n\n* Note that this commit only implements the GUI statically (changes to\n  FXML \u0026 CSS files); no dynamic content can be displayed yet.\n\n* Implement skeletal structure of controllers attached to FXML\n  components for implementation of dynamic GUI in future commits.\n","fileTypesAndContributionMap":{"functional-code":{"insertions":925,"deletions":160},"other":{"insertions":2,"deletions":1}}},{"hash":"85d7c9512cacc30a055a2835676d3eae9efa6245","isMergeCommit":true,"messageTitle":"Merge pull request #41 from jmestxr/jmestxr-ui","messageBody":"Implement static GUI based on mockup","fileTypesAndContributionMap":{}}]},{"date":"2023-03-06","commitResults":[{"hash":"8d4c2b0d09996e344d4f98a8ded91b2b97d323da","isMergeCommit":false,"messageTitle":"Change padding sizes of several components in ModuleList","messageBody":"","fileTypesAndContributionMap":{"functional-code":{"insertions":8,"deletions":12}}},{"hash":"1ff4006554f9e570009db3b2b9a281583053655a","isMergeCommit":false,"messageTitle":"Add CliScreen welcome dialog","messageBody":"","fileTypesAndContributionMap":{"functional-code":{"insertions":72,"deletions":19}}},{"hash":"81f0351c12d987b5c10844daed5099454154feb8","isMergeCommit":true,"messageTitle":"Merge pull request #49 from jmestxr/jmestxr-ui","messageBody":"Some minor cosmetic changes + add CliScreen welcome dialog","fileTypesAndContributionMap":{}}]},{"date":"2023-03-08","commitResults":[{"hash":"d6d1bee9bfc646dfd2d1fd90b7b26bbd834a3141","isMergeCommit":true,"messageTitle":"Merge pull request #55 from Jun-How/ui","messageBody":"UI","fileTypesAndContributionMap":{}},{"hash":"36ada983e213b0f72d9043ccbfb71664c13385f3","isMergeCommit":false,"messageTitle":"Clear CliInput on command error","messageBody":"","fileTypesAndContributionMap":{"functional-code":{"insertions":2,"deletions":2}}},{"hash":"16cbf8b6f1725112a70d1f805efad6d729967210","isMergeCommit":false,"messageTitle":"Implement minor style changes to ModuleCard","messageBody":"* Set max width of ModuleCard with placeholder card\n* Add placeholder text \"-\" to replace empty grade\n","fileTypesAndContributionMap":{"functional-code":{"insertions":30,"deletions":5}}}]},{"date":"2023-03-09","commitResults":[{"hash":"5c7818648ca61688c1e75e98e0cfbd9e30f59b91","isMergeCommit":false,"messageTitle":"Create FooterButtons for GraphicsSection","messageBody":"","fileTypesAndContributionMap":{"functional-code":{"insertions":217,"deletions":189}}},{"hash":"979ebb62d094124726e06a205e4a51f25fc567e6","isMergeCommit":false,"messageTitle":"Add javadocs and rename GraphicsSection to ResultsSection","messageBody":"","fileTypesAndContributionMap":{"functional-code":{"insertions":40,"deletions":39},"other":{"insertions":97,"deletions":31}}},{"hash":"33c64334e43aab17ae01a3cab175007b7068bf21","isMergeCommit":false,"messageTitle":"Fix CI checks","messageBody":"","fileTypesAndContributionMap":{"functional-code":{"insertions":2,"deletions":2}}}]},{"date":"2023-03-10","commitResults":[{"hash":"110d81f07db6aad65cd3ce253ae55bda8a127c90","isMergeCommit":true,"messageTitle":"Merge pull request #61 from jmestxr/jmestxr-ui","messageBody":"Rename GraphicsSection to ResultsSection; Create FooterButtons for ResultsSection","fileTypesAndContributionMap":{}},{"hash":"06d5b04dd9855436f818d9aed4a6bd087d9c7cb5","isMergeCommit":false,"messageTitle":"Change from using local fonts to google api fonts","messageBody":"","fileTypesAndContributionMap":{"functional-code":{"insertions":9,"deletions":7}}},{"hash":"51fa7583c115220f3f0b6cdaa71c92ecb99e8524","isMergeCommit":true,"messageTitle":"Merge pull request #64 from jmestxr/jmestxr-ui","messageBody":"Change from using local fonts to google api fonts","fileTypesAndContributionMap":{}}]},{"date":"2023-03-13","commitResults":[{"hash":"7852b9d8c3eab7598034a6a5d2a59fd36e174c7f","isMergeCommit":true,"messageTitle":"Merge pull request #67 from Cheamybunny/master","messageBody":"UG updated","fileTypesAndContributionMap":{}}]},{"date":"2023-03-17","commitResults":[{"hash":"72f23e4889bb28affb4db907f6b06d5105f90b92","isMergeCommit":false,"messageTitle":"Create doughnut chart displaying degree progress","messageBody":"","fileTypesAndContributionMap":{"functional-code":{"insertions":457,"deletions":2}}},{"hash":"27392640a79265e5080979a12a4ec49325fefb6d","isMergeCommit":false,"messageTitle":"Remove muted colors no longer in use","messageBody":"","fileTypesAndContributionMap":{"functional-code":{"insertions":0,"deletions":7}}}]},{"date":"2023-03-18","commitResults":[{"hash":"5b497ea055a4fd79e67f7ce7526160bd9de085fe","isMergeCommit":false,"messageTitle":"Create dropdown box for modules sorting","messageBody":"","fileTypesAndContributionMap":{"functional-code":{"insertions":137,"deletions":31},"other":{"insertions":10,"deletions":10}}},{"hash":"6e9fe7d60ade6b5de6941be099b22526d5254f4a","isMergeCommit":false,"messageTitle":"Create ResultsSection footer buttons to toggle between progress and modules","messageBody":"","fileTypesAndContributionMap":{"functional-code":{"insertions":31,"deletions":9}}}]},{"date":"2023-03-19","commitResults":[{"hash":"45793340655008271cc8dfb2091f74c6f3ddadbd","isMergeCommit":false,"messageTitle":"Update behavior of footer buttons in ResultsSection.","messageBody":"* Previously, selected styles of footer buttons are updated only when\n  user manually clicks on the buttons.\n* Footer buttons are now able to have their selected styles updated even\n  when user types the relevant `view` command on the command line.\n","fileTypesAndContributionMap":{"functional-code":{"insertions":66,"deletions":72}}},{"hash":"3bdfcc84e471c421b69517cfbe7bf982ad17e2dc","isMergeCommit":false,"messageTitle":"Create CSS style for incomplete module card","messageBody":"","fileTypesAndContributionMap":{"functional-code":{"insertions":3,"deletions":0}}},{"hash":"6df76ce1a39c9969a46f3b3370a14d6bba6f935a","isMergeCommit":false,"messageTitle":"Resolve rendering issue for DoughnutChart.","messageBody":"* Previously, when switching from displaying module list to progress\n  section, there exists a split second where incomplete rendering of\n  DoughnutChart is displayed.\n","fileTypesAndContributionMap":{"functional-code":{"insertions":1,"deletions":2}}},{"hash":"2df52d704f0020cdf3f6d095c95f818c125b6d65","isMergeCommit":false,"messageTitle":"Resolve checkstyle violations","messageBody":"","fileTypesAndContributionMap":{"functional-code":{"insertions":46,"deletions":30}}},{"hash":"9bdacee77e0f8845fcf762d994b8e0105478c05b","isMergeCommit":false,"messageTitle":"Move theme-related styles from main-window.css to theme.css","messageBody":"","fileTypesAndContributionMap":{"functional-code":{"insertions":102,"deletions":477}}},{"hash":"f3b26b9ee50e946a81507fac9ca19dadd1715082","isMergeCommit":false,"messageTitle":"Create placeholder DoughnutChart for case where no modules completed","messageBody":"","fileTypesAndContributionMap":{"functional-code":{"insertions":44,"deletions":21}}},{"hash":"d08dc23c56b8e5dc7e58e45a2f6a19e70aca7486","isMergeCommit":false,"messageTitle":"Change source of CSS fonts from Google API to local .ttf files","messageBody":"","fileTypesAndContributionMap":{"functional-code":{"insertions":17,"deletions":2}}}]},{"date":"2023-03-20","commitResults":[{"hash":"e661d6532f646d4337e0dbb5b2f3da643bb14ef0","isMergeCommit":false,"messageTitle":"Improve coding standard - make scope of local variable as small as possible","messageBody":"","fileTypesAndContributionMap":{"functional-code":{"insertions":3,"deletions":3}}}]},{"date":"2023-03-22","commitResults":[{"hash":"9d4bf2ecb0613f6ad84ad8d96dca88d047e47c04","isMergeCommit":false,"messageTitle":"Resolve bug where ITP \u0026 UE tag colors displayed the same","messageBody":"","fileTypesAndContributionMap":{"functional-code":{"insertions":1,"deletions":1}}},{"hash":"4c145773977f3faaaaafccd4de00a1a4ed6f7147","isMergeCommit":true,"messageTitle":"Merge pull request #91 from Jun-How/modify-find-command","messageBody":"Modify find command","fileTypesAndContributionMap":{}},{"hash":"ec31c0fe8657fd60d178e2a62432d76d8daf970d","isMergeCommit":true,"messageTitle":"Merge pull request #62 from Dangabit/feature-show-progress","messageBody":"Model DegreeProgressionData","fileTypesAndContributionMap":{}},{"hash":"d91e7926f102504f9dba459b8d93a10b5fa7a46f","isMergeCommit":false,"messageTitle":"Create ModuleListSection and ModuleFindSection","messageBody":"* Both sections extend ModuleSection\n* ModuleListSection displays all modules and sorted by a specific\n  category indicated by user\n* ModuleFindSection displays filtered modules by a specific search query\n  indicated by user\n","fileTypesAndContributionMap":{"functional-code":{"insertions":199,"deletions":50}}},{"hash":"1e89ef218234824dbfe778a4e46b3613f6596a33","isMergeCommit":true,"messageTitle":"Merge branch \u0027master\u0027 into jmestxr-ui-v1.3","messageBody":"","fileTypesAndContributionMap":{}},{"hash":"bbec948f3730bf4f7d7bab0724f2a0a3174065a0","isMergeCommit":false,"messageTitle":"Make use of ValidTag enum in UI","messageBody":"","fileTypesAndContributionMap":{"functional-code":{"insertions":34,"deletions":48}}},{"hash":"15bb783d6807f94374ef5a5db8488951e2bfc6df","isMergeCommit":false,"messageTitle":"Make use of ValidTag enum in UI","messageBody":"","fileTypesAndContributionMap":{"functional-code":{"insertions":20,"deletions":33}}},{"hash":"04a00b227961786e5a6e41534454ad82b25daa19","isMergeCommit":false,"messageTitle":"Display data dynamically on ProgressSection based on modules in module list","messageBody":"","fileTypesAndContributionMap":{"functional-code":{"insertions":121,"deletions":105}}},{"hash":"a40620b6df3b50a2634438c78e4d55725ede687d","isMergeCommit":false,"messageTitle":"Fix test case for getCompletedRequirementCredits()","messageBody":"","fileTypesAndContributionMap":{"test-code":{"insertions":5,"deletions":1}}},{"hash":"397c959664b421254bf2bca4fe9384cb1d3f04ce","isMergeCommit":false,"messageTitle":"Fix checkstyle violations","messageBody":"","fileTypesAndContributionMap":{"test-code":{"insertions":1,"deletions":1}}},{"hash":"0e0a60180234935d270ae20593ba614cc7d61cf7","isMergeCommit":true,"messageTitle":"Merge pull request #93 from jmestxr/jmestxr-ui-v1.3","messageBody":"Implement UI for ProgressSection, ModuleListSection, ModuleSearchSection","fileTypesAndContributionMap":{}},{"hash":"763e65def9b8e8b5d20102a0d702995ff34c953d","isMergeCommit":true,"messageTitle":"Merge pull request #94 from AY2223S2-CS2103T-T13-1/ui","messageBody":"Implement Ui for ProgressSection, ModuleListSection, ModuleSearchSection","fileTypesAndContributionMap":{}}]},{"date":"2023-03-23","commitResults":[{"hash":"728c24e898e887b97f1d66f749e534946140d878","isMergeCommit":false,"messageTitle":"Document implementation for View feature","messageBody":"","fileTypesAndContributionMap":{"docs":{"insertions":143,"deletions":117}}},{"hash":"8ee3c561cf47d8eed19cc0d596ba4de388390a93","isMergeCommit":false,"messageTitle":"Display YearSem on ModuleCard","messageBody":"","fileTypesAndContributionMap":{"functional-code":{"insertions":38,"deletions":15}}},{"hash":"79ebbb58debad8acb963760d6fdec6fb570227bb","isMergeCommit":false,"messageTitle":"Display placeholder text when no modules present","messageBody":"","fileTypesAndContributionMap":{"functional-code":{"insertions":34,"deletions":10}}},{"hash":"92ab512d0bd71a9a69fdd4337f44b9bfdf1503f2","isMergeCommit":false,"messageTitle":"Add CSS styles for ModuleCard of incomplete modules","messageBody":"","fileTypesAndContributionMap":{"functional-code":{"insertions":19,"deletions":1}}},{"hash":"11473512b4db4705e4615a6b95883e33db56875e","isMergeCommit":false,"messageTitle":"Fix checkstyle violations","messageBody":"","fileTypesAndContributionMap":{"functional-code":{"insertions":0,"deletions":2}}},{"hash":"59853d0785558888c5abea6d54bffe93ae9f070a","isMergeCommit":false,"messageTitle":"Add hover style for ModuleCard tag","messageBody":"","fileTypesAndContributionMap":{"functional-code":{"insertions":3,"deletions":0}}},{"hash":"a7868222be2dc3b45884fee8a078640750da4b76","isMergeCommit":false,"messageTitle":"Remove unneccesary references in ModuleCard","messageBody":"","fileTypesAndContributionMap":{"functional-code":{"insertions":1,"deletions":4}}},{"hash":"420d9c0a0b9234eb95d868f76157941cb686deab","isMergeCommit":false,"messageTitle":"Remove ModuleGroup title for ModuleSearchSection","messageBody":"","fileTypesAndContributionMap":{"functional-code":{"insertions":28,"deletions":19}}},{"hash":"91f561d8b6fd83737be6ddc9b7baf3b600d5b4bc","isMergeCommit":false,"messageTitle":"Minor amend to cosmetics of FooterButtonGroup","messageBody":"","fileTypesAndContributionMap":{"functional-code":{"insertions":1,"deletions":1}}},{"hash":"9e2ad04c3f020c462889fec0cadfdb375de0838c","isMergeCommit":false,"messageTitle":"Update DoughnutChart to use DegreeProgressionData methods","messageBody":"","fileTypesAndContributionMap":{"functional-code":{"insertions":23,"deletions":7}}},{"hash":"e7f34bdad26f0a5503a79c5a70a2306d8335f5b8","isMergeCommit":false,"messageTitle":"Correctly display relevant screen on GUI for different commands","messageBody":"","fileTypesAndContributionMap":{"functional-code":{"insertions":48,"deletions":14}}},{"hash":"a3277fc758fcdee6312f9693ac07f26eb47a2270","isMergeCommit":false,"messageTitle":"Fix checkstyle violations","messageBody":"","fileTypesAndContributionMap":{"functional-code":{"insertions":1,"deletions":3}}}]},{"date":"2023-03-24","commitResults":[{"hash":"7e0d781b328a2b663a6be401e5242febef6aa881","isMergeCommit":false,"messageTitle":"Add fall-back fonts in case custom local fonts don\u0027t work","messageBody":"","fileTypesAndContributionMap":{"functional-code":{"insertions":6,"deletions":3}}},{"hash":"d0f30ebff2e0dd5e497a8fd0fd7a85b27b0b06dd","isMergeCommit":false,"messageTitle":"Fix test cases for HelpCommand","messageBody":"","fileTypesAndContributionMap":{"test-code":{"insertions":8,"deletions":8}}},{"hash":"f84bd4d2be27094d6790913f8664cc13284d013b","isMergeCommit":false,"messageTitle":"Fix checkstyle violations","messageBody":"","fileTypesAndContributionMap":{"test-code":{"insertions":16,"deletions":8}}},{"hash":"a6e77baf0b198b3570dff1f08b1741f190d72ce5","isMergeCommit":true,"messageTitle":"Merge pull request #100 from jmestxr/jmestxr-ui-v1.3","messageBody":"Correctly display relevant screen on GUI for different commands","fileTypesAndContributionMap":{}},{"hash":"2504b8f38765a8d6e67ffb80cc24d945cabbe7d0","isMergeCommit":false,"messageTitle":"Set application icon","messageBody":"","fileTypesAndContributionMap":{"functional-code":{"insertions":12,"deletions":4}}},{"hash":"20168fa7b6c96e524f144cba1a45ed599264d8aa","isMergeCommit":false,"messageTitle":"Remove commented-out code","messageBody":"","fileTypesAndContributionMap":{"functional-code":{"insertions":0,"deletions":2}}}]},{"date":"2023-03-26","commitResults":[{"hash":"b0e41d99a0929c3a7dfccabf619b145ec97798d4","isMergeCommit":false,"messageTitle":"Add listeners to ModuleSectionSortNav dropdown buttons","messageBody":"","fileTypesAndContributionMap":{"functional-code":{"insertions":38,"deletions":2}}},{"hash":"3a441cd7f1918867a6cf6c3b7db1155a15f53183","isMergeCommit":false,"messageTitle":"Set auto focus cliInput on app launch","messageBody":"","fileTypesAndContributionMap":{"functional-code":{"insertions":6,"deletions":0}}}]},{"date":"2023-03-27","commitResults":[{"hash":"15272f89d68c1196ed24feb69f71f74eca2de962","isMergeCommit":true,"messageTitle":"Merge pull request #106 from Jun-How/prettify-error-messages","messageBody":"Prettify/Modify output messages","fileTypesAndContributionMap":{}},{"hash":"2998df40d25969493e478c56a0f3eb11dc598117","isMergeCommit":true,"messageTitle":"Merge branch \u0027master\u0027 into jmestxr-ui-v1.3","messageBody":"","fileTypesAndContributionMap":{}},{"hash":"8e3c8fb6fbdf314d3aa7f903bfd8c626cc44fd0c","isMergeCommit":false,"messageTitle":"Display filters in ModuleSearchSection","messageBody":"","fileTypesAndContributionMap":{"functional-code":{"insertions":40,"deletions":15}}},{"hash":"da606e3b376fbefe7b9f440e2bbfd9956fe42ea8","isMergeCommit":false,"messageTitle":"Display placeholder on FindNav","messageBody":"","fileTypesAndContributionMap":{"functional-code":{"insertions":12,"deletions":0}}},{"hash":"123592455588fbeaca6bfc9e3a887ba522654e63","isMergeCommit":false,"messageTitle":"Add hover style on combo-box","messageBody":"","fileTypesAndContributionMap":{"functional-code":{"insertions":3,"deletions":0}}},{"hash":"21ae753d545e2c623145f696fe15e0f7710adafd","isMergeCommit":true,"messageTitle":"Merge pull request #107 from cjyothika/sort-command","messageBody":"Implement sort command","fileTypesAndContributionMap":{}},{"hash":"68974bfb37599f292cd072fea7535fd6b3fc0dc6","isMergeCommit":true,"messageTitle":"Resolve merge conflict with SortCommand","messageBody":"","fileTypesAndContributionMap":{}},{"hash":"a749a5ad99fd1e9e45355c4f4eaccb6554a8b56b","isMergeCommit":false,"messageTitle":"Reorganise UI components","messageBody":"","fileTypesAndContributionMap":{"functional-code":{"insertions":92,"deletions":93}}},{"hash":"d307486cf594877748194bf933bbae303659dd61","isMergeCommit":false,"messageTitle":"Fix checkstyle violations","messageBody":"","fileTypesAndContributionMap":{"functional-code":{"insertions":19,"deletions":2}}},{"hash":"207ac1febef59d564e8674f33c0d529407e0f906","isMergeCommit":false,"messageTitle":"Fix test cases","messageBody":"","fileTypesAndContributionMap":{"test-code":{"insertions":8,"deletions":8}}},{"hash":"46398ab1a72464bf63d0977144cd8a75dcfd5b47","isMergeCommit":true,"messageTitle":"Merge pull request #109 from jmestxr/jmestxr-ui-v1.3","messageBody":"Update UI to show sorted and filtered modules","fileTypesAndContributionMap":{}}]},{"date":"2023-03-28","commitResults":[{"hash":"72e8169e8f90deb4058f8641b7bc9dd93cc83f12","isMergeCommit":true,"messageTitle":"Merge pull request #111 from cjyothika/sort-command-bug-fix","messageBody":"Bug fix and SortCommand Complete Implementation","fileTypesAndContributionMap":{}},{"hash":"a6ed5dc6da6a0052f237b6cc82cbb067bb36a57a","isMergeCommit":true,"messageTitle":"Merge pull request #103 from Dangabit/feature-show-progress","messageBody":"Fix calculation","fileTypesAndContributionMap":{}},{"hash":"8f541ce38ffd9597996f92b1d47c92d93918e7f7","isMergeCommit":false,"messageTitle":"Update DoughnutChart to deal with completed \u003e total credits","messageBody":"","fileTypesAndContributionMap":{"functional-code":{"insertions":2,"deletions":1}}},{"hash":"b3bd614ac4d00e93b9ff92af88fb0b5d025e92ab","isMergeCommit":true,"messageTitle":"Merge pull request #115 from Dangabit/feature-show-progress","messageBody":"Fix GPA calculation","fileTypesAndContributionMap":{}},{"hash":"e0642e3059249362a5dd2c9acd709359528d1f79","isMergeCommit":true,"messageTitle":"Resolve merge conflict","messageBody":"","fileTypesAndContributionMap":{}},{"hash":"b7dcfbc187fc22f33066051492d6f234287e1e25","isMergeCommit":true,"messageTitle":"Merge pull request #116 from jmestxr/jmestxr-ui-v1.3","messageBody":"Resolve DoughnutChart bug","fileTypesAndContributionMap":{}},{"hash":"baa854712a1a477246b3df62782810c2b5539d33","isMergeCommit":false,"messageTitle":"Resolve bug in DoughnutChart getDataLabelAngles()","messageBody":"","fileTypesAndContributionMap":{"functional-code":{"insertions":5,"deletions":1}}}]},{"date":"2023-03-29","commitResults":[{"hash":"f21cdb2bfe7b1bbacde4a8a44ad3d3ef6285ad70","isMergeCommit":false,"messageTitle":"Restyle module group title with single length","messageBody":"","fileTypesAndContributionMap":{"functional-code":{"insertions":11,"deletions":4}}},{"hash":"ad990bcd77d56398fdaf9cda9c4faaad449e3cb3","isMergeCommit":true,"messageTitle":"Merge branch \u0027master\u0027 into jmestxr-ui-v1.3","messageBody":"","fileTypesAndContributionMap":{}}]},{"date":"2023-03-30","commitResults":[{"hash":"dec915eb9121bdbf74847fb54855670e5d927c72","isMergeCommit":false,"messageTitle":"Set module list scroll to top when executing commands","messageBody":"","fileTypesAndContributionMap":{"functional-code":{"insertions":9,"deletions":1}}},{"hash":"f64c79a9df8146ffeb08552f8db0b48f7b6ab28f","isMergeCommit":true,"messageTitle":"Merge branch \u0027master\u0027 into jmestxr-ui-v1.3","messageBody":"","fileTypesAndContributionMap":{}},{"hash":"f27f16b73e651250fdfc43275ac233acad59ca61","isMergeCommit":true,"messageTitle":"Merge pull request #125 from jmestxr/jmestxr-ui-v1.3","messageBody":"Ui Touch Ups","fileTypesAndContributionMap":{}}]},{"date":"2023-03-31","commitResults":[{"hash":"55094240ca37fec29c6a3b17e7918651a8b0642a","isMergeCommit":true,"messageTitle":"Merge pull request #126 from cjyothika/sort-command","messageBody":"Sort command","tags":["v1.3"],"fileTypesAndContributionMap":{}},{"hash":"e4690720c518e1a175ca3313739eb31e66fb8a1b","isMergeCommit":false,"messageTitle":"Update version number in JAR file","messageBody":"","fileTypesAndContributionMap":{"functional-code":{"insertions":3,"deletions":3}}},{"hash":"204fa75615c0cc631151f20e837f507640092171","isMergeCommit":true,"messageTitle":"Merge pull request #127 from jmestxr/jmestxr-ui-v1.3","messageBody":"Update version number in JAR file","fileTypesAndContributionMap":{}}]},{"date":"2023-04-03","commitResults":[{"hash":"2812e504104d636599c17a1b6904d0e4a936a4c9","isMergeCommit":false,"messageTitle":"Update Ui Architecture in DG","messageBody":"","fileTypesAndContributionMap":{"docs":{"insertions":46,"deletions":23}}},{"hash":"3a73ddc675d7dc22b6de38c32f853c2ac696ca32","isMergeCommit":true,"messageTitle":"Merge pull request #169 from cjyothika/find-command-bug-fix","messageBody":"Make screen change to module list every time edit command is executed","fileTypesAndContributionMap":{}},{"hash":"f43e59b23b94367948aee4505645a2d77dad4788","isMergeCommit":true,"messageTitle":"Merge pull request #171 from jmestxr/jmestxr-dg","messageBody":"Update Ui Architecture in DG","fileTypesAndContributionMap":{}}]}],"Jun-How":[{"date":"2023-02-27","commitResults":[{"hash":"7c1d39c8d8556919cf3af498d68c32186d4d8d0d","isMergeCommit":false,"messageTitle":"Update AboutUs.md","messageBody":"","fileTypesAndContributionMap":{"docs":{"insertions":6,"deletions":6}}},{"hash":"c3a735edfd7cdb9a4f80d87c8db234485fdd7366","isMergeCommit":false,"messageTitle":"Create PPP","messageBody":"","fileTypesAndContributionMap":{"docs":{"insertions":0,"deletions":0}}},{"hash":"17974472da98750cf0ca85b17fda2ca1d078ea88","isMergeCommit":true,"messageTitle":"Merge branch \u0027Jun-How-docs\u0027 of https://github.com/Jun-How/tp into Jun-How-docs","messageBody":"","fileTypesAndContributionMap":{}},{"hash":"d5ae2cae0f8dfd3c0d40be7d0b0cfcc961c69a6d","isMergeCommit":false,"messageTitle":"Update Jun-How.md","messageBody":"","fileTypesAndContributionMap":{"docs":{"insertions":27,"deletions":0}}},{"hash":"59c3b46871f2a446458876dee186386a8af743b5","isMergeCommit":false,"messageTitle":"Rename Jun-How.md to jun-how.md","messageBody":"","fileTypesAndContributionMap":{"docs":{"insertions":0,"deletions":0}}},{"hash":"70e1164cb23d191b6e275f242536319a9332d6e6","isMergeCommit":false,"messageTitle":"Update AboutUs.md","messageBody":"","fileTypesAndContributionMap":{"docs":{"insertions":1,"deletions":1}}},{"hash":"64bc9eb5e6e169673e705f3d3d3d31adb5423dad","isMergeCommit":false,"messageTitle":"Update AboutUs.md","messageBody":"","fileTypesAndContributionMap":{"docs":{"insertions":2,"deletions":2}}},{"hash":"da0ca9e18b6dcb46fe32abcd7f762de954a6a20a","isMergeCommit":false,"messageTitle":"Normalise line endings","messageBody":"","fileTypesAndContributionMap":{"docs":{"insertions":27,"deletions":27}}}]},{"date":"2023-03-06","commitResults":[{"hash":"fde356b8af3e8a987091d03158adf221fb6dacb9","isMergeCommit":false,"messageTitle":"Update delete command","messageBody":"","fileTypesAndContributionMap":{"functional-code":{"insertions":96,"deletions":19},"test-code":{"insertions":73,"deletions":18}}},{"hash":"39adbe768780dd361643028b52ca9c048ef95d97","isMergeCommit":true,"messageTitle":"Merge pull request #45 from cjyothika/update-delete-command","messageBody":"Update delete command to incorporate all flag and varargs","fileTypesAndContributionMap":{}},{"hash":"827cf924107368dae6769bc5f2cf30b664cd4157","isMergeCommit":true,"messageTitle":"Resolve merge conflicts","messageBody":"","fileTypesAndContributionMap":{}},{"hash":"ac1152766c57aa03c0a12ca74b697014b29b12e7","isMergeCommit":false,"messageTitle":"Fix checks for CI","messageBody":"","fileTypesAndContributionMap":{"functional-code":{"insertions":3,"deletions":6},"test-code":{"insertions":2,"deletions":2}}},{"hash":"e315cd2d134e5d6d8acef740e120b84a8f0969e2","isMergeCommit":false,"messageTitle":"Update test cases for DeleteCommandTest","messageBody":"","fileTypesAndContributionMap":{"functional-code":{"insertions":1,"deletions":1},"test-code":{"insertions":14,"deletions":8}}},{"hash":"ffa994a1b87f67b47be2b83b6c75ec173b71af38","isMergeCommit":false,"messageTitle":"Make a few cosmetic changes","messageBody":"","fileTypesAndContributionMap":{"functional-code":{"insertions":3,"deletions":4}}},{"hash":"80520f1dca85a1ecee20b941c08c9c8d1e7bb3dd","isMergeCommit":false,"messageTitle":"Update UserGuide.md","messageBody":"","fileTypesAndContributionMap":{"docs":{"insertions":18,"deletions":18}}},{"hash":"a29bb0b3978d90bd9b9dd5e1ec1a1a7f4783fbad","isMergeCommit":false,"messageTitle":"Remove unused import","messageBody":"","fileTypesAndContributionMap":{"functional-code":{"insertions":0,"deletions":1}}},{"hash":"bfd6e804516bebe1f2c69833ffb241723da55f2d","isMergeCommit":false,"messageTitle":"Update a test case for EditCommandTest","messageBody":"","fileTypesAndContributionMap":{"test-code":{"insertions":1,"deletions":1}}}]},{"date":"2023-03-07","commitResults":[{"hash":"83f383ea2f81d322f3ae9565462692b520059062","isMergeCommit":false,"messageTitle":"Update DeveloperGuide.md","messageBody":"","fileTypesAndContributionMap":{"docs":{"insertions":7,"deletions":0}}},{"hash":"a8673d2a8b1c580731cfc29ef62ced4dcfe6091d","isMergeCommit":true,"messageTitle":"Merge pull request #43 from cjyothika/update-tag-command","messageBody":"Update tag command","fileTypesAndContributionMap":{}},{"hash":"27f45333217971ca6070b701cb46a5c790173cef","isMergeCommit":true,"messageTitle":"Merge pull request #48 from Jun-How/update-delete-command","messageBody":"Update delete command","fileTypesAndContributionMap":{}},{"hash":"c7a265d332fac91da022160385dc452a686bcbc7","isMergeCommit":true,"messageTitle":"Merge pull request #44 from cjyothika/edit-code-object","messageBody":"Allow for module codes to be inputted as lower case eg. ma1521 instead of MA1521 ","fileTypesAndContributionMap":{}},{"hash":"e30f54d72ed5a09ba54204460769451e8e9c82a3","isMergeCommit":false,"messageTitle":"Resolve minor parser bug","messageBody":"","fileTypesAndContributionMap":{"functional-code":{"insertions":2,"deletions":2}}}]},{"date":"2023-03-08","commitResults":[{"hash":"9b3669a639522d33ea63c4c434189bfb435ffa9b","isMergeCommit":true,"messageTitle":"Resolve merge conflicts with master","messageBody":"","fileTypesAndContributionMap":{}},{"hash":"14a8d79e12048e57c533d2894f0a84e692b7ea12","isMergeCommit":false,"messageTitle":"Integrate Logic into new UI","messageBody":"","fileTypesAndContributionMap":{"functional-code":{"insertions":141,"deletions":66}}},{"hash":"2f7071bf02373b9c4dd9f394628915776433272a","isMergeCommit":false,"messageTitle":"Fix refresh bug and make minor cosmetic changes","messageBody":"","fileTypesAndContributionMap":{"functional-code":{"insertions":45,"deletions":30}}},{"hash":"cfbc91066095bccb3bf92bfc7df311f1ee64b8b7","isMergeCommit":false,"messageTitle":"Remove trailing whitespaces","messageBody":"","fileTypesAndContributionMap":{"docs":{"insertions":3,"deletions":3}}},{"hash":"16db6be4c60706a5ccaf9080cb526fe755a931cd","isMergeCommit":false,"messageTitle":"Fix all checkstyle errors","messageBody":"","fileTypesAndContributionMap":{"functional-code":{"insertions":24,"deletions":76},"other":{"insertions":88,"deletions":35}}},{"hash":"6bf2cb1748bea52d931733e77810fed38287c879","isMergeCommit":true,"messageTitle":"Merge branch \u0027ui\u0027 of https://github.com/Jun-How/tp into ui","messageBody":"","fileTypesAndContributionMap":{}},{"hash":"6c9d920bc62d5689d7264cffbec796ab881b54da","isMergeCommit":false,"messageTitle":"Update tooltip for tag","messageBody":"","fileTypesAndContributionMap":{"functional-code":{"insertions":21,"deletions":23}}},{"hash":"c20255c08c91cbec3b66f6d16d3908237de4e238","isMergeCommit":false,"messageTitle":"Fix checkstyle","messageBody":"","fileTypesAndContributionMap":{"functional-code":{"insertions":8,"deletions":2}}},{"hash":"71593cc77bf3492fbf7ca943f169c3b5932653a0","isMergeCommit":false,"messageTitle":"Delete all unused classes and methods","messageBody":"","fileTypesAndContributionMap":{"functional-code":{"insertions":5,"deletions":532}}},{"hash":"3ac82990bf2f312005b7d1319f1cb0e571350f75","isMergeCommit":false,"messageTitle":"Fix bug if no prefix /t is given for tag command","messageBody":"","fileTypesAndContributionMap":{"functional-code":{"insertions":5,"deletions":4}}},{"hash":"c39c82806178e8b76237bdf0b4d6939dc91f0de1","isMergeCommit":false,"messageTitle":"Update a few tests for TagCommandParser","messageBody":"","fileTypesAndContributionMap":{"functional-code":{"insertions":5,"deletions":5},"test-code":{"insertions":6,"deletions":3}}}]},{"date":"2023-03-12","commitResults":[{"hash":"3b68e3e5b2294d935d8f7df5e2a7bf0ab4f741bf","isMergeCommit":false,"messageTitle":"Add test case to TagCommandParser for codecov","messageBody":"","fileTypesAndContributionMap":{"test-code":{"insertions":6,"deletions":0}}},{"hash":"afcfdfa1f0f4d424cf31b617b4823d37183de494","isMergeCommit":false,"messageTitle":"Update test cases for codecov","messageBody":"","fileTypesAndContributionMap":{"functional-code":{"insertions":1,"deletions":0},"test-code":{"insertions":10,"deletions":3}}},{"hash":"32a502e05adef51ce97ab7d21d138f9fbd1ec0ff","isMergeCommit":false,"messageTitle":"Alter error messages and update test cases","messageBody":"","fileTypesAndContributionMap":{"functional-code":{"insertions":10,"deletions":14},"test-code":{"insertions":14,"deletions":4}}},{"hash":"221a3218430c2be8d3fe885023e3aa1cdacfd764","isMergeCommit":false,"messageTitle":"Remove unused import","messageBody":"","fileTypesAndContributionMap":{"functional-code":{"insertions":0,"deletions":1}}},{"hash":"49d3832943cc79c44cac0e430babdbacb36bb99a","isMergeCommit":true,"messageTitle":"Merge branch \u0027master\u0027 of https://github.com/AY2223S2-CS2103T-T13-1/tp","messageBody":"","fileTypesAndContributionMap":{}}]},{"date":"2023-03-13","commitResults":[{"hash":"7662a3b8f9d2b41e95595a5462fa8e8ab1c4a585","isMergeCommit":false,"messageTitle":"Implement help command","messageBody":"","fileTypesAndContributionMap":{"functional-code":{"insertions":104,"deletions":19},"test-code":{"insertions":1,"deletions":1}}},{"hash":"fa6ff3436c835e3891895e24923824c3c85fc399","isMergeCommit":false,"messageTitle":"Resolve checkstyle errors","messageBody":"","fileTypesAndContributionMap":{"functional-code":{"insertions":6,"deletions":9}}},{"hash":"370d4067f8a257c2cb593410a3b6bf139035644a","isMergeCommit":false,"messageTitle":"Add testing cases for HelpCommand and HelpCommandParser","messageBody":"","fileTypesAndContributionMap":{"functional-code":{"insertions":7,"deletions":0},"test-code":{"insertions":39,"deletions":3}}},{"hash":"fc37fde574bcf121e284d793605a782be5d544b4","isMergeCommit":false,"messageTitle":"Edit a test case in ModTrekParserTest","messageBody":"","fileTypesAndContributionMap":{"test-code":{"insertions":1,"deletions":1}}},{"hash":"719c9dbecb55b24aa90188eae3eb6df612a32aaf","isMergeCommit":false,"messageTitle":"Add and update test cases to commit to codecov","messageBody":"","fileTypesAndContributionMap":{"functional-code":{"insertions":12,"deletions":16},"test-code":{"insertions":109,"deletions":17}}}]},{"date":"2023-03-20","commitResults":[{"hash":"1c52ddd5e634a6a6b6246f5c1059849eff9bdde2","isMergeCommit":true,"messageTitle":"Merge branch \u0027master\u0027 of https://github.com/AY2223S2-CS2103T-T13-1/tp","messageBody":"","fileTypesAndContributionMap":{}}]},{"date":"2023-03-21","commitResults":[{"hash":"c8c70085f054704c99ade9a569bae42622651e66","isMergeCommit":false,"messageTitle":"Enhance the implementation of the Find Command","messageBody":"","fileTypesAndContributionMap":{"functional-code":{"insertions":198,"deletions":43},"test-code":{"insertions":13,"deletions":13}}},{"hash":"23d22f530dc63d1d4628567e7ab719fbf32191f6","isMergeCommit":false,"messageTitle":"Make minor modifications and fix checkstyle errors","messageBody":"","fileTypesAndContributionMap":{"functional-code":{"insertions":3,"deletions":3},"test-code":{"insertions":14,"deletions":9}}},{"hash":"ce76af788e472f60e9749d1a2c404fe3171e21c2","isMergeCommit":false,"messageTitle":"Fix checkstyle erros","messageBody":"","fileTypesAndContributionMap":{"functional-code":{"insertions":25,"deletions":9},"test-code":{"insertions":12,"deletions":10}}},{"hash":"1edd88a63228068d651207d461fb6935d5cfbfbc","isMergeCommit":false,"messageTitle":"Rename class","messageBody":"","fileTypesAndContributionMap":{"other":{"insertions":1,"deletions":1}}},{"hash":"61069d4e449750dc514344809ca7cbe52a946654","isMergeCommit":false,"messageTitle":"Rename classes again","messageBody":"","fileTypesAndContributionMap":{"functional-code":{"insertions":6,"deletions":6},"other":{"insertions":13,"deletions":13},"test-code":{"insertions":9,"deletions":9}}},{"hash":"957fabed3a6e2c3c65bf2a4023893494e78943cd","isMergeCommit":false,"messageTitle":"Fix checkstyle error","messageBody":"","fileTypesAndContributionMap":{"test-code":{"insertions":2,"deletions":1}}},{"hash":"68b04b730f6e607fb9c81b9aa421b6cff0cdb7f8","isMergeCommit":false,"messageTitle":"Add new test cases","messageBody":"","fileTypesAndContributionMap":{"test-code":{"insertions":137,"deletions":12}}},{"hash":"ec5bb765deae11ba4731118a1fccca0b270c45e0","isMergeCommit":false,"messageTitle":"Fix checkstyle errors","messageBody":"","fileTypesAndContributionMap":{"test-code":{"insertions":11,"deletions":4}}}]},{"date":"2023-03-23","commitResults":[{"hash":"e4733b071b1f3c0c845cf15be2f815ecc5c7eaac","isMergeCommit":false,"messageTitle":"Update DG with Find Command implementation","messageBody":"","fileTypesAndContributionMap":{"functional-code":{"insertions":6,"deletions":4},"other":{"insertions":4,"deletions":0},"docs":{"insertions":142,"deletions":69}}},{"hash":"214ec29a6b8aa51601505fec5cbbf1f00548925d","isMergeCommit":true,"messageTitle":"Merge branch \u0027master\u0027 into update-dg","messageBody":"","fileTypesAndContributionMap":{}},{"hash":"81fcb4e0580d606531a47db3a5b7daef8605947a","isMergeCommit":false,"messageTitle":"Add newline at EOF","messageBody":"","fileTypesAndContributionMap":{"docs":{"insertions":1,"deletions":1}}},{"hash":"00494df3ce340562ceae34d910742fb445f0b603","isMergeCommit":true,"messageTitle":"Resolve merge conflicts","messageBody":"","fileTypesAndContributionMap":{}},{"hash":"4377c01e14cf61ad69cced8cb8f098b9a35aa9be","isMergeCommit":true,"messageTitle":"Merge branch \u0027update-dg\u0027 of https://github.com/Jun-How/tp into update-dg","messageBody":"","fileTypesAndContributionMap":{}}]},{"date":"2023-03-24","commitResults":[{"hash":"df9fd020d70a79eef59c7699a3121f14b04f9577","isMergeCommit":false,"messageTitle":"Make minor modification to ModuleCodePredicate","messageBody":"","fileTypesAndContributionMap":{"functional-code":{"insertions":1,"deletions":1}}}]},{"date":"2023-03-25","commitResults":[{"hash":"4c456e4ab480cf80d97da125acb20aff80067ea7","isMergeCommit":false,"messageTitle":"Prettify output messages, handle edge cases, slightly modify some classes","messageBody":"","fileTypesAndContributionMap":{"functional-code":{"insertions":238,"deletions":121}}}]},{"date":"2023-03-26","commitResults":[{"hash":"6b4dd1e3435893bbedb9c67571b71c9025c84308","isMergeCommit":false,"messageTitle":"Update existing and add new test cases","messageBody":"","fileTypesAndContributionMap":{"functional-code":{"insertions":8,"deletions":17},"test-code":{"insertions":120,"deletions":78}}},{"hash":"31a930c9e82312a12653e2f6de754662e85a51a1","isMergeCommit":false,"messageTitle":"Fix checkstyle","messageBody":"","fileTypesAndContributionMap":{"functional-code":{"insertions":0,"deletions":1},"test-code":{"insertions":19,"deletions":7}}},{"hash":"b2fb6751e28d6f318d47cfe28526ae72719adf89","isMergeCommit":false,"messageTitle":"Add getter method for filters for find command","messageBody":"","fileTypesAndContributionMap":{"functional-code":{"insertions":50,"deletions":2},"test-code":{"insertions":39,"deletions":7}}},{"hash":"4754ed20b248751e6927682507eaa61844ca4ea0","isMergeCommit":false,"messageTitle":"Add filter for single module","messageBody":"","fileTypesAndContributionMap":{"functional-code":{"insertions":2,"deletions":0},"test-code":{"insertions":4,"deletions":2}}}]},{"date":"2023-03-27","commitResults":[{"hash":"95b3d8ea23fde95ba83bc20fdf073c801483a673","isMergeCommit":false,"messageTitle":"Allow for multiple prefixes filtering","messageBody":"","fileTypesAndContributionMap":{"functional-code":{"insertions":118,"deletions":48},"test-code":{"insertions":65,"deletions":36}}}]},{"date":"2023-03-29","commitResults":[{"hash":"9e9501f8100d9ce45bf6ff12b31c39d36cad0c1d","isMergeCommit":false,"messageTitle":"Fix TagCommand bug","messageBody":"","fileTypesAndContributionMap":{"functional-code":{"insertions":9,"deletions":9},"test-code":{"insertions":16,"deletions":2}}},{"hash":"deb66ca58758737e0da2c782322d113734512f78","isMergeCommit":true,"messageTitle":"Merge pull request #118 from Jun-How/prettify-error-messages","messageBody":"Fix TagCommand bug","fileTypesAndContributionMap":{}}]},{"date":"2023-03-30","commitResults":[{"hash":"229a86b5e2e4054604af22a045691d71a5d29fb8","isMergeCommit":false,"messageTitle":"Make minor changes and remove list, clear","messageBody":"","fileTypesAndContributionMap":{"functional-code":{"insertions":10,"deletions":69},"other":{"insertions":2,"deletions":2},"test-code":{"insertions":12,"deletions":57}}},{"hash":"71644567a4bfdb302f24ef3f387e6abab217da3c","isMergeCommit":false,"messageTitle":"Make minor fixes","messageBody":"","fileTypesAndContributionMap":{"functional-code":{"insertions":12,"deletions":6},"test-code":{"insertions":7,"deletions":1}}},{"hash":"8d72481d4fcc93d85e30e575270992b086305a85","isMergeCommit":true,"messageTitle":"Merge pull request #123 from Jun-How/bug-fixing","messageBody":"Make minor changes and remove list, clear","fileTypesAndContributionMap":{}},{"hash":"5de5ec38c884076d9d2898cccccf3d6e52cc5653","isMergeCommit":false,"messageTitle":"Make minor change","messageBody":"","fileTypesAndContributionMap":{"functional-code":{"insertions":21,"deletions":28}}},{"hash":"bb5d8769681032f13e0fc0de35a87299668d836a","isMergeCommit":true,"messageTitle":"Merge pull request #124 from Jun-How/bug-fixing","messageBody":"Make minor change","fileTypesAndContributionMap":{}}]}],"cjyothika":[{"date":"2023-02-27","commitResults":[{"hash":"2d123769ecb6355b62aa5a491fe89e72a1dffe6d","isMergeCommit":false,"messageTitle":"Update PPP and AboutUs.md","messageBody":"","fileTypesAndContributionMap":{"docs":{"insertions":30,"deletions":0}}}]},{"date":"2023-03-01","commitResults":[{"hash":"5c2cd5208e29c9502200f39bcde3683bdc56406c","isMergeCommit":false,"messageTitle":"Add use cases, user profile, NFRs and user stories","messageBody":"","fileTypesAndContributionMap":{"docs":{"insertions":75,"deletions":19}}},{"hash":"9d1275f666eb5bf3a3627e7d4871d7cefaf19c1e","isMergeCommit":false,"messageTitle":"change the link CI banner is pointing to","messageBody":"","fileTypesAndContributionMap":{"docs":{"insertions":1,"deletions":1}}},{"hash":"b52c303d3e5341b8ecd8ef03f1ae1731ea7db7b1","isMergeCommit":true,"messageTitle":"Merge branch \u0027AY2223S2-CS2103T-T13-1:master\u0027 into cjyothika-DG","messageBody":"","fileTypesAndContributionMap":{}},{"hash":"22f66735085367438aede6fd52cb18247f87bbef","isMergeCommit":true,"messageTitle":"Merge pull request #20 from cjyothika/cjyothika-DG","messageBody":"Change the link the CI banner is pointing to in ReadME.md","fileTypesAndContributionMap":{}}]},{"date":"2023-03-04","commitResults":[{"hash":"752c7de3120d2e8dbf65357e1e1957573f2aa0fd","isMergeCommit":false,"messageTitle":"Update Logic to accomodate new Module model","messageBody":"","fileTypesAndContributionMap":{"other":{"insertions":29,"deletions":32}}},{"hash":"52bda96627c0503e12842f9363239ce70bd060f0","isMergeCommit":false,"messageTitle":"Update Ui to accomodate change in Model","messageBody":"","fileTypesAndContributionMap":{"functional-code":{"insertions":150,"deletions":199},"test-code":{"insertions":4,"deletions":20}}},{"hash":"967e945013405f50c11d42b785dcdcde92147af1","isMergeCommit":false,"messageTitle":"Update logic Ui to accomodate ModuleCards with Module object","messageBody":"Let\u0027s convert PersonCard to ModuleCard.\n","fileTypesAndContributionMap":{"functional-code":{"insertions":2,"deletions":0},"other":{"insertions":0,"deletions":0}}},{"hash":"ad8f86679de139247218b26fa83482dff7da66e2","isMergeCommit":false,"messageTitle":"Add TagCommand and TagCommandParser","messageBody":"","fileTypesAndContributionMap":{"functional-code":{"insertions":4,"deletions":0}}},{"hash":"d1c1c13d7c8b750dbc796b5c49e589c96673e8a0","isMergeCommit":false,"messageTitle":"Add TagCommand and TagCommandParser","messageBody":"","fileTypesAndContributionMap":{"functional-code":{"insertions":300,"deletions":153}}},{"hash":"e2724cf714e45fe85d7ac5284da6735a190feeca","isMergeCommit":false,"messageTitle":"Edit to try and comply with CI/CD tests","messageBody":"","fileTypesAndContributionMap":{"functional-code":{"insertions":3,"deletions":3}}},{"hash":"1300ea2a7b72f5f886ffe6a5f57415e27868e5c9","isMergeCommit":false,"messageTitle":"Edit to try and comply with CI/CD tests","messageBody":"","fileTypesAndContributionMap":{"other":{"insertions":0,"deletions":0}}},{"hash":"dbe8a5eafbbdcc18b0211081af4f2ba733672bbb","isMergeCommit":false,"messageTitle":"Edit to try and comply with CI/CD tests","messageBody":"","fileTypesAndContributionMap":{"functional-code":{"insertions":77,"deletions":77},"test-code":{"insertions":15,"deletions":16}}},{"hash":"e24f9a1921d09659731deda81a6edf15eedc2586","isMergeCommit":false,"messageTitle":"Edit code to comply with CheckStyle specifications and add default JavaDocs with plugin","messageBody":"","fileTypesAndContributionMap":{"functional-code":{"insertions":245,"deletions":27}}},{"hash":"bde67d8f7fce2d952013a982d27ff44a87a68135","isMergeCommit":false,"messageTitle":"Update tests","messageBody":"","fileTypesAndContributionMap":{"other":{"insertions":21,"deletions":28},"test-code":{"insertions":540,"deletions":642}}},{"hash":"33b0cf8bc5b69f6a50f52bf39fc540f5fa2d7e7c","isMergeCommit":false,"messageTitle":"Update tests","messageBody":"","fileTypesAndContributionMap":{"functional-code":{"insertions":6,"deletions":6},"test-code":{"insertions":713,"deletions":769}}},{"hash":"a3e371d1b4572f7c7addb07bb56cc13f7079fc49","isMergeCommit":false,"messageTitle":"Remove tests that don\u0027t adhere to new command formats","messageBody":"","fileTypesAndContributionMap":{"test-code":{"insertions":154,"deletions":832}}}]},{"date":"2023-03-05","commitResults":[{"hash":"0e6a67299f46f91d87abc36214404ab0137a6c38","isMergeCommit":false,"messageTitle":"Fix bug in Tag and TagCommand so that only valid tag names are added","messageBody":"","fileTypesAndContributionMap":{"functional-code":{"insertions":18,"deletions":5},"test-code":{"insertions":10,"deletions":10}}},{"hash":"60c8ca4911140a8e50835d1c7fd73442d4bbc6cd","isMergeCommit":false,"messageTitle":"Fix refactoring bugs in remaining tests","messageBody":"","fileTypesAndContributionMap":{"functional-code":{"insertions":22,"deletions":10},"test-code":{"insertions":32,"deletions":68}}},{"hash":"92624e7a3e19e3a1cb8ca8e37aa765b2f28cf9ea","isMergeCommit":false,"messageTitle":"Fix bug in test json files","messageBody":"","fileTypesAndContributionMap":{"test-code":{"insertions":0,"deletions":15}}},{"hash":"7c3bd33b64368ac0c35a2dae6bda38a8e7764665","isMergeCommit":false,"messageTitle":"Edit MESSAGE_FORMAT fields and allow grade field to be empty","messageBody":"* Remove instances of person and AB3 from MESSAGEs-m* Allow Grade Field of module to be empty by adding empty string to Valid Grades array\n","fileTypesAndContributionMap":{"functional-code":{"insertions":18,"deletions":11}}},{"hash":"1c67032e95dacb965fa74cc1e30b21ae627f0673","isMergeCommit":false,"messageTitle":"Edit tests to comply with optional grade format for Add command","messageBody":"Change tests that invalidate empty string for grade field in GradeTest adn ModTrekParserTest\n","fileTypesAndContributionMap":{"functional-code":{"insertions":5,"deletions":6},"test-code":{"insertions":14,"deletions":9}}},{"hash":"caed1d1843bf5fe590a18d6d8e5d55ea5a3354d5","isMergeCommit":false,"messageTitle":"Add EditCommandParserTest with new tests for new edit command format","messageBody":"","fileTypesAndContributionMap":{"functional-code":{"insertions":5,"deletions":5},"test-code":{"insertions":226,"deletions":0}}},{"hash":"efe00278652c5e97d387fe6718e02e950ca3d95e","isMergeCommit":false,"messageTitle":"Write some EditCommand tests for new edit command format and fix EditCommand bug","messageBody":"There was a bug where EditCommand replaced tags without the /t prefix\n","fileTypesAndContributionMap":{"functional-code":{"insertions":5,"deletions":1},"test-code":{"insertions":22,"deletions":2}}}]},{"date":"2023-03-06","commitResults":[{"hash":"5f4ec01fb547576d0f40a6d22587dfe165624e77","isMergeCommit":false,"messageTitle":"Add DeleteCommandTest and write tests for DeleteCommand","messageBody":"","fileTypesAndContributionMap":{"functional-code":{"insertions":56,"deletions":11}}},{"hash":"942c2eedaf853e3be44d5d254f3f1e384ed0bbb2","isMergeCommit":false,"messageTitle":"Add FindCommandTest with new tests","messageBody":"","fileTypesAndContributionMap":{"test-code":{"insertions":47,"deletions":0}}},{"hash":"cb40f012ba7966d736e16494ec836f2eb17305f3","isMergeCommit":false,"messageTitle":"Add DeleteCommand and EditCommand tests","messageBody":"","fileTypesAndContributionMap":{"test-code":{"insertions":248,"deletions":0}}},{"hash":"98213020cdb0579ce0ffb9a685aec7ddd2fe7e22","isMergeCommit":false,"messageTitle":"Add ModuleCodePredicateTest with some simple tests","messageBody":"","fileTypesAndContributionMap":{"test-code":{"insertions":43,"deletions":0}}},{"hash":"dd124f6e3bb9645cec08dbb4482c290513814d8e","isMergeCommit":false,"messageTitle":"Add TagCommandTest, TagCommandParserTest  with new tests","messageBody":"","fileTypesAndContributionMap":{"functional-code":{"insertions":1,"deletions":1},"test-code":{"insertions":81,"deletions":0}}},{"hash":"3fa8b301a96fdfda60a2a7e96675b8f21a3c0711","isMergeCommit":false,"messageTitle":"Add test for TagCommand\u0027s equals method","messageBody":"","fileTypesAndContributionMap":{"functional-code":{"insertions":4,"deletions":4},"test-code":{"insertions":30,"deletions":0}}},{"hash":"4db8b5685dd8acda53a72c572e58cdc2be839808","isMergeCommit":false,"messageTitle":"Change person to module in some places in JavaDocs","messageBody":"","fileTypesAndContributionMap":{"functional-code":{"insertions":3,"deletions":3}}},{"hash":"e794bee1dfe25c05ab529dca9bd923197e06899a","isMergeCommit":true,"messageTitle":"Merge pull request #38 from cjyothika/tag-command","messageBody":"Add All Updated/Refactored Logic and Tests\r\n* Add new Tag Command, TagCommandParser and associated tests\r\n* Refactor AB3 by changing the terminology from person to module and address book to degree progression\r\n* Remove/Rewrite tests that do not adhere to the new format for ModTrek\r\n* Edit UI to work with ModTrek objects","fileTypesAndContributionMap":{}},{"hash":"d6b10b0de2c4a6f1c59d314f81d04e42124c946c","isMergeCommit":false,"messageTitle":"Add include/remove and variable args to TagCommand","messageBody":"Let\u0027s make TagCommand accept multiple tags and add/remove tags based on\n\n the remove/include keyword\n","fileTypesAndContributionMap":{"functional-code":{"insertions":46,"deletions":21},"test-code":{"insertions":5,"deletions":5}}},{"hash":"622dd0b373601824b37dc423ea4ac770b9a99c89","isMergeCommit":false,"messageTitle":"Update tests to accomodate new tag command format","messageBody":"","fileTypesAndContributionMap":{"functional-code":{"insertions":1,"deletions":4},"test-code":{"insertions":20,"deletions":7}}},{"hash":"7d0b5982b2f73a62a10d815c80294e5cbb27b64a","isMergeCommit":false,"messageTitle":"Add tests to accomodate new tag command format","messageBody":"","fileTypesAndContributionMap":{"functional-code":{"insertions":2,"deletions":4},"test-code":{"insertions":81,"deletions":2}}},{"hash":"02a583d92723bc5d562b98a96bd9a85518a29e90","isMergeCommit":false,"messageTitle":"Allow for module codes to be inputted as lower case eg. ma1521 instead of MA1521, similarly for semyear","messageBody":"","fileTypesAndContributionMap":{"functional-code":{"insertions":4,"deletions":3}}},{"hash":"37514114fce0ae0e173009b2a19cbcbaa02d8405","isMergeCommit":false,"messageTitle":"Update delete command to incoporate all flag and varargs","messageBody":"","fileTypesAndContributionMap":{"functional-code":{"insertions":84,"deletions":17},"test-code":{"insertions":71,"deletions":16}}}]},{"date":"2023-03-09","commitResults":[{"hash":"a7d2ecff1ce8eee95f608a74529258620fb8bd24","isMergeCommit":true,"messageTitle":"Merge pull request #59 from Dangabit/bugfix-enhancement","messageBody":"Bug fix and enhancement for models","fileTypesAndContributionMap":{}}]},{"date":"2023-03-23","commitResults":[{"hash":"1fdba83a0449b022134196c6c2b532408ca75612","isMergeCommit":false,"messageTitle":"Update DG with new delete feature details","messageBody":"","fileTypesAndContributionMap":{"docs":{"insertions":55,"deletions":0}}},{"hash":"55ba64965999cd40a65d69a0d7e5881e25c672e9","isMergeCommit":false,"messageTitle":"Add activity diagram of Delete command to DG","messageBody":"","fileTypesAndContributionMap":{"docs":{"insertions":0,"deletions":0}}},{"hash":"3d6166e5fad8ca2b7b470f5e5896d67da9cd6816","isMergeCommit":false,"messageTitle":"Add activity diagram of Delete command to DG","messageBody":"","fileTypesAndContributionMap":{"docs":{"insertions":24,"deletions":0}}},{"hash":"9174f14bf60c8488332f3508ed3b9604acc63cfd","isMergeCommit":false,"messageTitle":"Add sequence diagram of Delete command to DG","messageBody":"","fileTypesAndContributionMap":{"docs":{"insertions":30,"deletions":12}}},{"hash":"fce87384b1fc967b39a5b2a022204587cee53bf8","isMergeCommit":false,"messageTitle":"Delete trailing whitespace in DG","messageBody":"","fileTypesAndContributionMap":{"docs":{"insertions":15,"deletions":14}}},{"hash":"560088d6ac11f51a97090af59da5ccc45824b3c2","isMergeCommit":true,"messageTitle":"Merge pull request #101 from cjyothika/cjyothika-docs","messageBody":"Update DG with new delete feature details","fileTypesAndContributionMap":{}}]},{"date":"2023-03-26","commitResults":[{"hash":"9ac6c34ea23dbb6af3873346b215502daf7e9154","isMergeCommit":false,"messageTitle":"Add new sort command","messageBody":"","fileTypesAndContributionMap":{"functional-code":{"insertions":178,"deletions":1}}},{"hash":"9a07db89c69a75db77ef1c5e37fec669f4e90cc1","isMergeCommit":false,"messageTitle":"Add Comparator method to Grade class","messageBody":"","fileTypesAndContributionMap":{"functional-code":{"insertions":48,"deletions":5}}},{"hash":"d9dbe42087978e1489d0fbdebf9fefd9d5d4e138","isMergeCommit":false,"messageTitle":"Implement Comparable\u003cT\u003e in SemYear and Credit class","messageBody":"","fileTypesAndContributionMap":{"functional-code":{"insertions":205,"deletions":22}}},{"hash":"f5b44bc4f8b5db0caa9ea8f65b04397edb48cff8","isMergeCommit":false,"messageTitle":"Change tests to accomodate new enum in CommandResult","messageBody":"","fileTypesAndContributionMap":{"functional-code":{"insertions":122,"deletions":83},"test-code":{"insertions":46,"deletions":18}}},{"hash":"e0b2e9a2ee822652b603931f1f4621b16771f8d8","isMergeCommit":false,"messageTitle":"Fix bug where +- grades are grouped together","messageBody":"","fileTypesAndContributionMap":{"functional-code":{"insertions":6,"deletions":2}}},{"hash":"7935374c3782a0c5e8a5072bc591b62b2cea1786","isMergeCommit":false,"messageTitle":"Fix bug where +- grades are grouped together","messageBody":"","fileTypesAndContributionMap":{"functional-code":{"insertions":3,"deletions":3}}},{"hash":"884e43f6f4fcab4226edbb8ab488faee813aa014","isMergeCommit":false,"messageTitle":"Fix Grade Comparison bug","messageBody":"","fileTypesAndContributionMap":{"functional-code":{"insertions":6,"deletions":1}}},{"hash":"3d7e4866e9817f528622025b76c51151441b04a6","isMergeCommit":false,"messageTitle":"Fix bug where sorting resets after add, delete, edit","messageBody":"","fileTypesAndContributionMap":{"functional-code":{"insertions":20,"deletions":1}}}]},{"date":"2023-03-27","commitResults":[{"hash":"350ecf05a4f8088b7b8e63619ca8cea7fc0dd214","isMergeCommit":false,"messageTitle":"Change CommandResult constructor to reduce coupling","messageBody":"","fileTypesAndContributionMap":{"functional-code":{"insertions":7,"deletions":20},"test-code":{"insertions":18,"deletions":19}}},{"hash":"d86e497ba9cefd9861105282c26a062a2cee7cc7","isMergeCommit":false,"messageTitle":"Change tests to remove default sort constant","messageBody":"","fileTypesAndContributionMap":{"test-code":{"insertions":5,"deletions":1}}},{"hash":"73996f0017afebefb0b1f22b824910c89ae97bcd","isMergeCommit":true,"messageTitle":"Merge branch \u0027master\u0027 into sort-command","messageBody":"","fileTypesAndContributionMap":{}},{"hash":"2e26ec31b960c7975914fd039c400ab69db59658","isMergeCommit":false,"messageTitle":"Revert bugged changes that saved sort wrongly","messageBody":"","fileTypesAndContributionMap":{"functional-code":{"insertions":50,"deletions":45},"test-code":{"insertions":1,"deletions":1}}},{"hash":"2b1cd33bc7494e25237357bcd874e37cb80ec992","isMergeCommit":true,"messageTitle":"Resolve merge conflict","messageBody":"","fileTypesAndContributionMap":{}},{"hash":"1a44709d8450281239a4583770207e61f2aa877f","isMergeCommit":false,"messageTitle":"Edit to comply with checkstyle","messageBody":"","fileTypesAndContributionMap":{"functional-code":{"insertions":1,"deletions":5}}},{"hash":"2bebb36d9ea25a52825e3626c935b83eafcc7e18","isMergeCommit":false,"messageTitle":"Add SortCommandParserTest","messageBody":"","fileTypesAndContributionMap":{"functional-code":{"insertions":7,"deletions":0},"test-code":{"insertions":26,"deletions":0}}},{"hash":"fcc59e266857934b1ea0168365372349b04f0930","isMergeCommit":false,"messageTitle":"Remove unused ParseException import","messageBody":"","fileTypesAndContributionMap":{"test-code":{"insertions":0,"deletions":1}}},{"hash":"335618206732fce77c46b975db0d45689d44e3d1","isMergeCommit":false,"messageTitle":"Add SortCommandTest","messageBody":"","fileTypesAndContributionMap":{"functional-code":{"insertions":7,"deletions":0},"test-code":{"insertions":66,"deletions":0}}},{"hash":"72d931b73fb7b634744edf2aa68fa21e1bf777bb","isMergeCommit":false,"messageTitle":"Change Module List Footer Button onPressHandler","messageBody":"","fileTypesAndContributionMap":{"functional-code":{"insertions":3,"deletions":4}}},{"hash":"f90597bc77634300e4a6b0722b6807c5cdc52487","isMergeCommit":false,"messageTitle":"Add SortCommand Help Message","messageBody":"","fileTypesAndContributionMap":{"functional-code":{"insertions":12,"deletions":1}}},{"hash":"e1b24dd068a95aa45d2372d0f02a5aaf22387815","isMergeCommit":false,"messageTitle":"Add Sort Help Message Test","messageBody":"","fileTypesAndContributionMap":{"test-code":{"insertions":7,"deletions":0}}}]},{"date":"2023-03-28","commitResults":[{"hash":"e8d26b004c99da83f4fd09f3cedb7de4ed7659c6","isMergeCommit":false,"messageTitle":"Reduce code duplication in sorting module methods in UniqueModuleList","messageBody":"","fileTypesAndContributionMap":{"functional-code":{"insertions":72,"deletions":93},"test-code":{"insertions":1,"deletions":1}}},{"hash":"bba990b22ad800d69bddadda0105495037918dfb","isMergeCommit":false,"messageTitle":"Bug fixes for sort by grade and semyear. Add sort by tag","messageBody":"","fileTypesAndContributionMap":{"functional-code":{"insertions":5,"deletions":18}}},{"hash":"814a907542dab36465aecc38509c09e960beaeee","isMergeCommit":false,"messageTitle":"Add tests for new sort command in UniqueModuleList","messageBody":"","fileTypesAndContributionMap":{"test-code":{"insertions":20,"deletions":6}}},{"hash":"462bcced274f99478ea39f20c560f3000ae15c7b","isMergeCommit":false,"messageTitle":"Make SemYear the default sort","messageBody":"","fileTypesAndContributionMap":{"functional-code":{"insertions":7,"deletions":34}}},{"hash":"212a373d14d215e287f099ea2470cd3851823115","isMergeCommit":false,"messageTitle":"Add compareTo method tests","messageBody":"","fileTypesAndContributionMap":{"functional-code":{"insertions":2,"deletions":1},"test-code":{"insertions":19,"deletions":2}}},{"hash":"94342bc9de717c7fc0133b5565fe53c9cb5f0b97","isMergeCommit":false,"messageTitle":"Change Class diagrams and first part of DG to align with ModTrek","messageBody":"","fileTypesAndContributionMap":{"docs":{"insertions":97,"deletions":103}}},{"hash":"ee3c9b19998f34a73743d3288d4cd65465fa88c1","isMergeCommit":false,"messageTitle":"Replace diagrams with arrows pointing to package instead of interface","messageBody":"","fileTypesAndContributionMap":{"docs":{"insertions":5,"deletions":5}}},{"hash":"a523c2bf6115991cad45f7ea15786ca39d3d1294","isMergeCommit":false,"messageTitle":"Replace diagrams with arrows pointing to package instead of interface","messageBody":"","fileTypesAndContributionMap":{"docs":{"insertions":9,"deletions":9}}},{"hash":"9541ee80ff9430a518583bc3a6d4c986ba7127b0","isMergeCommit":false,"messageTitle":"Replace ToC of DG","messageBody":"","fileTypesAndContributionMap":{"docs":{"insertions":12,"deletions":0}}},{"hash":"7731e7996cff60f8000423877c72b53b466125f9","isMergeCommit":true,"messageTitle":"Merge pull request #114 from cjyothika/cjyothika-dg","messageBody":"Change Class diagrams and first part of DG to align with ModTrek","fileTypesAndContributionMap":{}}]},{"date":"2023-03-30","commitResults":[{"hash":"cc32fc34ddd7b74af542327f96fd2e2d232b9d3f","isMergeCommit":false,"messageTitle":"Prettify to grade and tags sort header strings","messageBody":"","fileTypesAndContributionMap":{"functional-code":{"insertions":66,"deletions":9}}}]},{"date":"2023-03-31","commitResults":[{"hash":"6f0b61918560cfd0e808c87e66a80fba3abe1d5b","isMergeCommit":false,"messageTitle":"Edit to comply with checkstyle and tests","messageBody":"","fileTypesAndContributionMap":{"functional-code":{"insertions":22,"deletions":16}}}]},{"date":"2023-04-01","commitResults":[{"hash":"90ddfdd455e43deeffe4c2698a3de7ac9221dcdf","isMergeCommit":false,"messageTitle":"Change edit command to edit from module list instead of filtered module list","messageBody":"","fileTypesAndContributionMap":{"functional-code":{"insertions":1,"deletions":1}}}]}],"Cheamybunny":[{"date":"2023-02-28","commitResults":[{"hash":"3e74dba975049d8cc7ecc11f024205913aad5bdd","isMergeCommit":true,"messageTitle":"Merge pull request #1 from AY2223S2-CS2103T-T13-1/master","messageBody":"Update repo 28/2/2023","fileTypesAndContributionMap":{}},{"hash":"40cc1f8c41fe1bc75f758579bfe2e3a1b97aa82f","isMergeCommit":true,"messageTitle":"Merge branch \u0027master\u0027 of https://github.com/Cheamybunny/tp","messageBody":"","fileTypesAndContributionMap":{}},{"hash":"a206ef6a55f1a8f96da077161bdc5fa90e80fe0a","isMergeCommit":false,"messageTitle":"Image and AboutMe updated","messageBody":"","fileTypesAndContributionMap":{"docs":{"insertions":37,"deletions":0}}},{"hash":"30343f69322303d02f1b38e98471eb6aa2fab3e8","isMergeCommit":false,"messageTitle":"Update cheamybunny.md","messageBody":"","fileTypesAndContributionMap":{"docs":{"insertions":2,"deletions":2}}},{"hash":"7e69e5b9fbf6a16ba3ae161d82f967ccd710d444","isMergeCommit":false,"messageTitle":"Update dangabit.md","messageBody":"","fileTypesAndContributionMap":{"docs":{"insertions":1,"deletions":1}}}]},{"date":"2023-03-03","commitResults":[{"hash":"0718991e9ecb7ab8deb819b8c780fa951cf6bb19","isMergeCommit":false,"messageTitle":"Updated storage to match DegreeProgression","messageBody":"","fileTypesAndContributionMap":{"functional-code":{"insertions":235,"deletions":235},"other":{"insertions":19,"deletions":19},"test-code":{"insertions":32,"deletions":32}}},{"hash":"aca2d8012382b8cbb5e4fddb0e923382dd3b27da","isMergeCommit":false,"messageTitle":"Updated storage to match DegreeProgression","messageBody":"","fileTypesAndContributionMap":{"functional-code":{"insertions":235,"deletions":235},"other":{"insertions":19,"deletions":19},"test-code":{"insertions":32,"deletions":32}}},{"hash":"c5dcb7da0fdc6b394ab38a4030b8905e8d717893","isMergeCommit":false,"messageTitle":"temp","messageBody":"","fileTypesAndContributionMap":{"functional-code":{"insertions":1,"deletions":1}}}]},{"date":"2023-03-12","commitResults":[{"hash":"9b324d3c189495ca64ff52fbb81d8d72515dc046","isMergeCommit":false,"messageTitle":"Updated UG","messageBody":"","fileTypesAndContributionMap":{"docs":{"insertions":127,"deletions":36}}},{"hash":"6309ac32de2201bb694a8ae9a7df9bac467f8029","isMergeCommit":true,"messageTitle":"Resolved merge conflicts","messageBody":"","fileTypesAndContributionMap":{}}]},{"date":"2023-03-13","commitResults":[{"hash":"fa99c6c4158f206eadcf7774f33299483a8b66a3","isMergeCommit":false,"messageTitle":"Minor line changes","messageBody":"","fileTypesAndContributionMap":{"functional-code":{"insertions":0,"deletions":1}}},{"hash":"e1c71102098be08ac930b98447f8bdf8cf7a99a2","isMergeCommit":false,"messageTitle":"removed unecessary files","messageBody":"","fileTypesAndContributionMap":{"functional-code":{"insertions":0,"deletions":110}}},{"hash":"91d9d8a898e5acfd5757f72d14d6b1c7769ad65f","isMergeCommit":false,"messageTitle":"removed more unnecessary files","messageBody":"","fileTypesAndContributionMap":{"test-code":{"insertions":0,"deletions":267}}},{"hash":"a12a3a4d403473cb8fecb640d6bd129b34a35ad6","isMergeCommit":false,"messageTitle":"resolved more conflicts","messageBody":"","fileTypesAndContributionMap":{"test-code":{"insertions":4,"deletions":25}}},{"hash":"1633a2c451d8cbaade3d52a3caa01bd48bd413c1","isMergeCommit":false,"messageTitle":"More minor rectifications","messageBody":"","fileTypesAndContributionMap":{"docs":{"insertions":3,"deletions":3},"test-code":{"insertions":1,"deletions":1}}},{"hash":"cd911fd8c07288306ed296195adebd2d69e7716a","isMergeCommit":false,"messageTitle":"Edited colours, readme and index","messageBody":"","fileTypesAndContributionMap":{"docs":{"insertions":21,"deletions":48}}},{"hash":"f5073d8ffe79108fc3faa7eb331b6377cbc8e309","isMergeCommit":true,"messageTitle":"Merge pull request #71 from Cheamybunny/master","messageBody":"Edited colours, readme and index","fileTypesAndContributionMap":{}},{"hash":"8cf5f3c07ae4ad265202b0aba820a0490cc3b599","isMergeCommit":false,"messageTitle":"Refactor colour","messageBody":"","fileTypesAndContributionMap":{"docs":{"insertions":14,"deletions":14}}},{"hash":"5f7ee3144e19aeb0cd6f9953f4833239979e29c4","isMergeCommit":true,"messageTitle":"Merge pull request #72 from Cheamybunny/master","messageBody":"Refactor colour","fileTypesAndContributionMap":{}},{"hash":"4f8f41a25c3a79e1c4677048e1d8ab47d0fa320b","isMergeCommit":false,"messageTitle":"Test alernt colour","messageBody":"","fileTypesAndContributionMap":{"docs":{"insertions":1,"deletions":1}}},{"hash":"f7c06c516a481fa62eb3a416daa944c84789d581","isMergeCommit":true,"messageTitle":"Merge pull request #79 from Cheamybunny/master","messageBody":"Test alert colour","fileTypesAndContributionMap":{}},{"hash":"79cd1754f3a04cdf4e357cf305cdf481870d0c48","isMergeCommit":false,"messageTitle":"UG heading rectified","messageBody":"","fileTypesAndContributionMap":{"docs":{"insertions":1,"deletions":0}}},{"hash":"12b61914266bb7c6bc79707216e6289dc4f112d5","isMergeCommit":true,"messageTitle":"Merge pull request #82 from Cheamybunny/master","messageBody":"UG heading rectified","fileTypesAndContributionMap":{}},{"hash":"911eb65ea1f9a4545b2093cae3b74eb3113da267","isMergeCommit":false,"messageTitle":"heading rectified","messageBody":"","fileTypesAndContributionMap":{"docs":{"insertions":1,"deletions":1}}},{"hash":"482b8cf0fd1ce7f5f40108fb2c2ea09dfae0ff41","isMergeCommit":true,"messageTitle":"Merge pull request #83 from Cheamybunny/master","messageBody":"heading rectified","fileTypesAndContributionMap":{}},{"hash":"f4a9d79f83821c32610d44d26d2ee58a54ecb440","isMergeCommit":false,"messageTitle":"Update UserGuide.md","messageBody":"","fileTypesAndContributionMap":{"docs":{"insertions":1,"deletions":3}}},{"hash":"1e76d88081dbaa7dc1cd51cb2945215995b8b758","isMergeCommit":false,"messageTitle":"Update UserGuide.md","messageBody":"","fileTypesAndContributionMap":{"docs":{"insertions":1,"deletions":1}}},{"hash":"d551667d61dde78409444f490e28c44e3636dce7","isMergeCommit":false,"messageTitle":"Update UserGuide.md","messageBody":"","fileTypesAndContributionMap":{"docs":{"insertions":1,"deletions":1}}}]},{"date":"2023-03-22","commitResults":[{"hash":"efa2939583fff736fe13d6fbd0e4584f5653b6c8","isMergeCommit":false,"messageTitle":"Updated DG with AddCommand implementation","messageBody":"","fileTypesAndContributionMap":{"docs":{"insertions":158,"deletions":7}}},{"hash":"ff226a9b92d5ebd78b6261fa08e66d2379f66d5d","isMergeCommit":false,"messageTitle":"Update AddActivityDiagram.puml","messageBody":"","fileTypesAndContributionMap":{"docs":{"insertions":1,"deletions":1}}}]},{"date":"2023-03-23","commitResults":[{"hash":"b1bd81d6a3ff12fc9b2155e3561a0055851c9f16","isMergeCommit":true,"messageTitle":"Merge pull request #95 from Cheamybunny/master","messageBody":"Updated DG with AddCommand implementation","fileTypesAndContributionMap":{}}]},{"date":"2023-03-28","commitResults":[{"hash":"af8bdb29fae2b0c206eb9379820b5dcdf7c4d04f","isMergeCommit":false,"messageTitle":"Updated UG","messageBody":"","fileTypesAndContributionMap":{"docs":{"insertions":42,"deletions":33}}},{"hash":"9c9a9ee82796c3898d8d8ddd149e75ad5f452823","isMergeCommit":true,"messageTitle":"Merge pull request #110 from Cheamybunny/master","messageBody":"Updated UG","fileTypesAndContributionMap":{}},{"hash":"529847aa8551fb9738692c4b0e5075ea20da633e","isMergeCommit":false,"messageTitle":"Updated UG with more details and picture","messageBody":"","fileTypesAndContributionMap":{"docs":{"insertions":49,"deletions":22}}},{"hash":"22e3d790cf19963d01da43d1ba1f2f129fb0d84c","isMergeCommit":true,"messageTitle":"Merge pull request #112 from Cheamybunny/master","messageBody":"Updated UG with more details and picture","fileTypesAndContributionMap":{}},{"hash":"887bac44f20175a2ece1d2145a2bef70f325716c","isMergeCommit":false,"messageTitle":"Updated UG formatting and color","messageBody":"","fileTypesAndContributionMap":{"docs":{"insertions":23,"deletions":23}}},{"hash":"74ecb45deccff1e9bbc36bf74c87da9aabd90c5a","isMergeCommit":true,"messageTitle":"Merge pull request #113 from Cheamybunny/master","messageBody":"Updated UG formatting and color","fileTypesAndContributionMap":{}}]},{"date":"2023-03-29","commitResults":[{"hash":"7bd9e7cb57274e47ada514f81ccdcb3bc432bd8d","isMergeCommit":true,"messageTitle":"Merge branch \u0027master\u0027 of https://github.com/Cheamybunny/tp","messageBody":"","fileTypesAndContributionMap":{}},{"hash":"503dc8242f0bfd8b7cb62137f98521cd62b79438","isMergeCommit":false,"messageTitle":"Updated UG content and pictures","messageBody":"","fileTypesAndContributionMap":{"docs":{"insertions":209,"deletions":81}}},{"hash":"85d9135fb491f82b543c6314fcf5d324dcba872c","isMergeCommit":true,"messageTitle":"Merge pull request #119 from Cheamybunny/master","messageBody":"Ug update","fileTypesAndContributionMap":{}}]},{"date":"2023-03-30","commitResults":[{"hash":"8bba1f4b82b155fb9b2afb26130ac831454e444a","isMergeCommit":false,"messageTitle":"Change colour and typo of UG","messageBody":"","fileTypesAndContributionMap":{"docs":{"insertions":4,"deletions":4}}},{"hash":"e33b659528a95e5e801812fe31111332db752af0","isMergeCommit":true,"messageTitle":"Merge pull request #120 from Cheamybunny/master","messageBody":"Change colour and typo of UG","fileTypesAndContributionMap":{}},{"hash":"ab7b795153b26cc470f69621a1b99ff034ee93b1","isMergeCommit":false,"messageTitle":"Update UserGuide.md","messageBody":"","fileTypesAndContributionMap":{"docs":{"insertions":1,"deletions":1}}},{"hash":"7ff398d27cc915695e84e3c69597004c84f4f615","isMergeCommit":false,"messageTitle":"Fix UG bugs","messageBody":"","fileTypesAndContributionMap":{"docs":{"insertions":10,"deletions":5}}},{"hash":"4520a104d732d73f3dce573b9ccab5943d38f079","isMergeCommit":true,"messageTitle":"Merge pull request #121 from Cheamybunny/master","messageBody":"Fix UG bugs","fileTypesAndContributionMap":{}},{"hash":"8bf27930efeb9b1dd8f8a9123a1fa21a243329b3","isMergeCommit":false,"messageTitle":"Fix navigation bug","messageBody":"","fileTypesAndContributionMap":{"docs":{"insertions":2,"deletions":2}}},{"hash":"2a182bac0dc26032aaf1136758b18fb0e93a3588","isMergeCommit":true,"messageTitle":"Merge pull request #122 from Cheamybunny/master","messageBody":"Fix navigation bug","fileTypesAndContributionMap":{}}]},{"date":"2023-03-31","commitResults":[{"hash":"773e320b622ace36a1f6ba20f643fa2e33e15423","isMergeCommit":false,"messageTitle":"Fix page break and minor bugs","messageBody":"","fileTypesAndContributionMap":{"docs":{"insertions":33,"deletions":18}}},{"hash":"a0abf32b42721d6a4490551db7eb55d5b708f8ab","isMergeCommit":true,"messageTitle":"Resolve merge conflicts","messageBody":"","fileTypesAndContributionMap":{}},{"hash":"da927d29c7a6f8cbbd812911308b50f2418ed724","isMergeCommit":true,"messageTitle":"Merge pull request #128 from Cheamybunny/master","messageBody":"Page break rectified","fileTypesAndContributionMap":{}},{"hash":"212cf5d3e95cdd2e89dfe28eb96e70baf8a98098","isMergeCommit":false,"messageTitle":"Added subtile below pictures and updated descriptions","messageBody":"","fileTypesAndContributionMap":{"docs":{"insertions":47,"deletions":15}}},{"hash":"3ba66ef38ce7725919a22768037ea0bea7b0d974","isMergeCommit":true,"messageTitle":"Merge pull request #129 from Cheamybunny/master","messageBody":"Added subtile below pictures and updated descriptions","fileTypesAndContributionMap":{}}]}]},"authorFileTypeContributionMap":{"Dangabit":{"docs":205,"functional-code":1363,"test-code":288,"other":2},"jmestxr":{"docs":347,"functional-code":2083,"test-code":15},"Jun-How":{"docs":181,"functional-code":831,"test-code":575,"other":4},"cjyothika":{"docs":289,"functional-code":1063,"test-code":2028},"Cheamybunny":{"docs":455,"functional-code":231,"test-code":10,"other":27}},"authorContributionVariance":{"Dangabit":248867.3,"jmestxr":60930.63,"Jun-How":41560.594,"cjyothika":570154.2,"Cheamybunny":35327.78},"authorDisplayNameMap":{"Dangabit":"CS2103T-T13-1 GOH ..ERIC","jmestxr":"CS2103T-T13-1 TAN ..AMES","Jun-How":"CS2103T-T13-1 GOH .. HOW","cjyothika":"CS2103T-T13-1 CHIN.. SAI","Cheamybunny":"CS2103T-T13-1 CHEA.. WEI"}}
