{"authorDailyContributionsMap":{"hingen":[{"date":"2023-02-24","commitResults":[{"hash":"6254df93ecb742e69b8dfb005392f8836e964778","isMergeCommit":false,"messageTitle":"Update \"about us\" to include hingen\u0027s info","messageBody":"","fileTypesAndContributionMap":{"docs":{"insertions":9,"deletions":5}}},{"hash":"cdae64b2e285112a71a288b76c1940883ae8cf72","isMergeCommit":true,"messageTitle":"Merge pull request #5 from jedidiahC/branch-about-us","messageBody":"Add team member (JC) details to about us","fileTypesAndContributionMap":{}},{"hash":"51678a28bcd0091cfc94d4aeaa100462e76b3df4","isMergeCommit":true,"messageTitle":"Merge pull request #6 from joytqt-1202/branch-AboutUs","messageBody":"Add Team Member details to About Us","fileTypesAndContributionMap":{}},{"hash":"2eabda0f4f175f2a221069806521408f8ceb9322","isMergeCommit":false,"messageTitle":"Update hingen\u0027s role to \"Developer\" in about us","messageBody":"","fileTypesAndContributionMap":{"docs":{"insertions":1,"deletions":1}}},{"hash":"9c9f76c140455964f8e766663abf3155fba2afe3","isMergeCommit":true,"messageTitle":"Merge pull request #8 from hingen/update-about-us","messageBody":"Update \"about us\" to include hingen\u0027s info","fileTypesAndContributionMap":{}},{"hash":"a59f794b55a859b87a45e7688d65f67545d7857c","isMergeCommit":true,"messageTitle":"Merge pull request #10 from lennoxtr/Add-About-Me","messageBody":"Add details about team member (Khang Tran) to About-Us","fileTypesAndContributionMap":{}},{"hash":"72dc01540e2e65e1c05b81e3db52a84f7a5a0111","isMergeCommit":true,"messageTitle":"Merge pull request #11 from joytqt-1202/branch-AboutUs","messageBody":"Update personal image file","fileTypesAndContributionMap":{}}]},{"date":"2023-02-25","commitResults":[{"hash":"f98f5c0c73acc981cf2899ecbee437b777f32bee","isMergeCommit":false,"messageTitle":"Add skeletal PPP for hingen","messageBody":"","fileTypesAndContributionMap":{"docs":{"insertions":39,"deletions":0}}},{"hash":"89b00b8ffacfcbb50b85a3af3b2481c1169ab794","isMergeCommit":false,"messageTitle":"Change hingen\u0027s PPP team-based tasks section to standardise format","messageBody":"","fileTypesAndContributionMap":{"docs":{"insertions":4,"deletions":4}}},{"hash":"cc174befa74319babd993f1ca58937a45b9b92cd","isMergeCommit":true,"messageTitle":"Merge pull request #52 from shaowi/AboutUs","messageBody":"Fix about us image naming issues","fileTypesAndContributionMap":{}},{"hash":"cd6fcaef2724dd88b53159e0e518698ca167aa7d","isMergeCommit":true,"messageTitle":"Merge pull request #53 from shaowi/add-skeletal-ppp","messageBody":"Add shaowi\u0027s skeletal PPP","fileTypesAndContributionMap":{}},{"hash":"4685a8000f89357ae19cae7f822fe85db0349c32","isMergeCommit":true,"messageTitle":"Merge pull request #54 from shaowi/user-guide","messageBody":"Modified user guide","fileTypesAndContributionMap":{}},{"hash":"989622297e592f939ba3c63b43e201275338d95e","isMergeCommit":false,"messageTitle":"Change UG to standardise Quick Start section","messageBody":"","fileTypesAndContributionMap":{"docs":{"insertions":3,"deletions":3}}},{"hash":"515ce39cf51ad423ffd3946205cc74dfbc91393c","isMergeCommit":false,"messageTitle":"Change UG to include add commands","messageBody":"","fileTypesAndContributionMap":{"docs":{"insertions":20,"deletions":13}}},{"hash":"c2ccd6aa0179801c98054a7c4cd42f927ebde35d","isMergeCommit":false,"messageTitle":"Change UG to remove unneeded sections and update outdated info","messageBody":"","fileTypesAndContributionMap":{"docs":{"insertions":17,"deletions":97}}},{"hash":"823d39a2541c57aaabb9713c318d4541a1a67a13","isMergeCommit":false,"messageTitle":"Change UG to standardise add-module command format","messageBody":"","fileTypesAndContributionMap":{"docs":{"insertions":4,"deletions":4}}},{"hash":"7aace8218cd74c94a066435068a3c29c6e66cce9","isMergeCommit":false,"messageTitle":"Fix UG formatting issue for \"Add a Lecture\" section","messageBody":"","fileTypesAndContributionMap":{"docs":{"insertions":2,"deletions":1}}}]},{"date":"2023-03-02","commitResults":[{"hash":"16b38b53f487b08198e839cf9a138c43684181ed","isMergeCommit":true,"messageTitle":"Merge pull request #63 from jedidiahC/branch-ReadMe","messageBody":"Update readme","fileTypesAndContributionMap":{}},{"hash":"ca9a337915d9a4228fa1c261534fcea8ddc1dc1d","isMergeCommit":true,"messageTitle":"Merge pull request #64 from joytqt-1202/branch-developerGuide","messageBody":" Update Target User Profile and Value Proposition in DG","fileTypesAndContributionMap":{}},{"hash":"7f5af3b0b0fcd0de1921b092d1385fe2972c71a9","isMergeCommit":true,"messageTitle":"Merge pull request #66 from jedidiahC/branch-ppp","messageBody":"Add skeletal PPP for jedidiah.md","fileTypesAndContributionMap":{}}]},{"date":"2023-03-03","commitResults":[{"hash":"1843463bf158d598d89441c9b0c5623914e7137e","isMergeCommit":true,"messageTitle":"Merge pull request #67 from jedidiahC/branch-ppp","messageBody":"Amend naming of jedidiahc PPP","fileTypesAndContributionMap":{}}]},{"date":"2023-03-08","commitResults":[{"hash":"2e988b360c902982e28f472a5370028f12330ad0","isMergeCommit":false,"messageTitle":"UserPrefs class: replace mentions of address book with Le Tracker","messageBody":"","fileTypesAndContributionMap":{"functional-code":{"insertions":14,"deletions":14},"test-code":{"insertions":5,"deletions":5}}},{"hash":"77de0853c36afa99ee3d5e44ae2b2005e577e325","isMergeCommit":false,"messageTitle":"Add model for module","messageBody":"","fileTypesAndContributionMap":{"functional-code":{"insertions":362,"deletions":0}}},{"hash":"8337da63fa869382581a16702f27000c9515a548","isMergeCommit":false,"messageTitle":"Add tracker which holds the modules being tracked","messageBody":"","fileTypesAndContributionMap":{"functional-code":{"insertions":134,"deletions":0}}}]},{"date":"2023-03-09","commitResults":[{"hash":"641787e7f3e219f7df7d15e266273e95c98034bb","isMergeCommit":false,"messageTitle":"Add tracking of lecture models","messageBody":"","fileTypesAndContributionMap":{"functional-code":{"insertions":435,"deletions":82}}},{"hash":"2a704856aa652d9ae788e0ae77538881b5290114","isMergeCommit":false,"messageTitle":"Fix unable to update module tags and lectures","messageBody":"","fileTypesAndContributionMap":{"functional-code":{"insertions":22,"deletions":8}}},{"hash":"1eac378809b397f84392eb1fe58eb1faaafbacf7","isMergeCommit":false,"messageTitle":"Add tracking of video models","messageBody":"","fileTypesAndContributionMap":{"functional-code":{"insertions":271,"deletions":5}}},{"hash":"b09189b483df2127d6e721676b9d84dfa0dce847","isMergeCommit":false,"messageTitle":"Update Model and ModelManager to use Tracker","messageBody":"","fileTypesAndContributionMap":{"functional-code":{"insertions":115,"deletions":3},"test-code":{"insertions":42,"deletions":0}}}]},{"date":"2023-03-11","commitResults":[{"hash":"3ce3c954f9df02a4210aa64e0b50b0fbb5867243","isMergeCommit":false,"messageTitle":"Add methods for adding and removing lectures and videos from Model class","messageBody":"","fileTypesAndContributionMap":{"functional-code":{"insertions":368,"deletions":58},"test-code":{"insertions":49,"deletions":5}}}]},{"date":"2023-03-14","commitResults":[{"hash":"875bbb4acd563bff07d911c19ba508415e7535df","isMergeCommit":false,"messageTitle":"Update ModelManager and Model documentation","messageBody":"","fileTypesAndContributionMap":{"functional-code":{"insertions":115,"deletions":52},"test-code":{"insertions":5,"deletions":5}}},{"hash":"808ff767c6d3c627683748e24757a001c725a101","isMergeCommit":false,"messageTitle":"Update Tracker and ReadOnlyTracker documentation","messageBody":"","fileTypesAndContributionMap":{"functional-code":{"insertions":37,"deletions":18}}},{"hash":"2918129ec256764769ce297ce22fe5b4cea55cb1","isMergeCommit":false,"messageTitle":"Update UniqueDataList documentation","messageBody":"","fileTypesAndContributionMap":{"functional-code":{"insertions":87,"deletions":36}}},{"hash":"8b7f9a1ce58faa5de775e00aed532e5d5b36fc44","isMergeCommit":false,"messageTitle":"Update documentation of classes in model.module package","messageBody":"","fileTypesAndContributionMap":{"functional-code":{"insertions":71,"deletions":47}}},{"hash":"f72187de45a08018febf40e22a7e88646c9be3c0","isMergeCommit":false,"messageTitle":"Fix ModuleCode validity check not done","messageBody":"","fileTypesAndContributionMap":{"functional-code":{"insertions":3,"deletions":1}}},{"hash":"1987e4126de907dd431e486f50a7ecb9e2973ced","isMergeCommit":false,"messageTitle":"Update documentation of classes in model.lecture package","messageBody":"","fileTypesAndContributionMap":{"functional-code":{"insertions":63,"deletions":43}}},{"hash":"d719d9c67990393e795fb5acb5094bda8766ee3e","isMergeCommit":false,"messageTitle":"Update documentation of classes in model.video package","messageBody":"","fileTypesAndContributionMap":{"functional-code":{"insertions":48,"deletions":45}}},{"hash":"9b52cb9ad013010e0b61a4f4c5d5898978306e05","isMergeCommit":false,"messageTitle":"Fix incorrect exception in documentation of UniqueDataList children","messageBody":"","fileTypesAndContributionMap":{"functional-code":{"insertions":86,"deletions":0}}},{"hash":"b141789263732c8c03dae17ca6dd9659e8bb5bda","isMergeCommit":false,"messageTitle":"ModelManager class: add constructor that allows initialising tracker","messageBody":"","fileTypesAndContributionMap":{"functional-code":{"insertions":17,"deletions":2}}},{"hash":"2c37d0a6f69eac45a0e700fd58b194746e65f0e7","isMergeCommit":false,"messageTitle":"Remove use of AddressBook in Logic and LogicManager","messageBody":"","fileTypesAndContributionMap":{"functional-code":{"insertions":23,"deletions":11}}},{"hash":"a77847ef31bd5312be58153ada898a3fb60de0f3","isMergeCommit":false,"messageTitle":"Fix video missing timestamp and watch status","messageBody":"","fileTypesAndContributionMap":{"functional-code":{"insertions":18,"deletions":2}}},{"hash":"a9a8cc16ef3befd83ae2e8568d61a6749195f855","isMergeCommit":false,"messageTitle":"Video class: remove timestamp","messageBody":"","fileTypesAndContributionMap":{"functional-code":{"insertions":6,"deletions":11}}},{"hash":"de44892fe8d4bd4dce5e4acfce4b041512cef683","isMergeCommit":false,"messageTitle":"Add storage classes for Tracker, Module, Lecture, and Video","messageBody":"","fileTypesAndContributionMap":{"functional-code":{"insertions":554,"deletions":12}}},{"hash":"8bb1f057c6f10f419200fc246f57a4e9a1ff8928","isMergeCommit":false,"messageTitle":"Remove address book code where possible","messageBody":"","fileTypesAndContributionMap":{"functional-code":{"insertions":100,"deletions":409}}}]},{"date":"2023-03-15","commitResults":[{"hash":"c884026e8e8df79b791dea0805fef57847a0f434","isMergeCommit":false,"messageTitle":"Add utility classes containing typical models and for building models","messageBody":"","fileTypesAndContributionMap":{"test-code":{"insertions":374,"deletions":0}}},{"hash":"2f5ee1161af1c90c133353e4e8c66a52a8f3dc6a","isMergeCommit":false,"messageTitle":"Add tests for new model classes","messageBody":"","fileTypesAndContributionMap":{"functional-code":{"insertions":41,"deletions":3},"test-code":{"insertions":888,"deletions":133}}},{"hash":"f9f0e81844b2c7d28ac32d24368440086f36657d","isMergeCommit":true,"messageTitle":"Merge pull request #98 from jedidiahC/navigation-context","messageBody":"Add basic navigation functionality","fileTypesAndContributionMap":{}},{"hash":"1c95eeb946d3f354340021e2bfae788abdc8be52","isMergeCommit":false,"messageTitle":"Add tests for storage classes","messageBody":"","fileTypesAndContributionMap":{"functional-code":{"insertions":2,"deletions":2},"test-code":{"insertions":367,"deletions":281}}},{"hash":"78fe3cd4699f00feef80972a9de63a761e7003ff","isMergeCommit":false,"messageTitle":"Comment out broken tests","messageBody":"","fileTypesAndContributionMap":{"test-code":{"insertions":562,"deletions":562}}},{"hash":"26f0f02dfee1aae21985e0ec2ec33a4468909810","isMergeCommit":true,"messageTitle":"Merge branch \u0027master\u0027 into update-model","messageBody":"","fileTypesAndContributionMap":{}},{"hash":"9f5647bba88a1f51b6da9876302f3ecc6cd519fe","isMergeCommit":false,"messageTitle":"Add TODOs for low priority missing tests","messageBody":"","fileTypesAndContributionMap":{"functional-code":{"insertions":4,"deletions":0},"test-code":{"insertions":4,"deletions":0}}},{"hash":"372b4b53dc74ade3fa316b85f4ade9b041b7b15e","isMergeCommit":false,"messageTitle":"Add AddCommand classes","messageBody":"","fileTypesAndContributionMap":{"functional-code":{"insertions":232,"deletions":57}}},{"hash":"bb6a23ab8b6d2db067fe14b7047415a820ab1847","isMergeCommit":false,"messageTitle":"Add add command parsing","messageBody":"","fileTypesAndContributionMap":{"functional-code":{"insertions":132,"deletions":33}}},{"hash":"94ddc6c0024cb3c31be2ef6fa3c2645f53fe4891","isMergeCommit":false,"messageTitle":"Comment out add command tests","messageBody":"","fileTypesAndContributionMap":{"test-code":{"insertions":482,"deletions":481}}},{"hash":"cbb05d73d773f66be83389db4146cc75e83ae1bd","isMergeCommit":false,"messageTitle":"Fix wrong declaration order","messageBody":"","fileTypesAndContributionMap":{"functional-code":{"insertions":8,"deletions":8}}},{"hash":"a04158b4330cf0541bc81b1f5b3cfd205586c1de","isMergeCommit":false,"messageTitle":"Comment out test cases for AddCommand and AddCommandParser","messageBody":"","fileTypesAndContributionMap":{"test-code":{"insertions":2,"deletions":2}}}]},{"date":"2023-03-16","commitResults":[{"hash":"ec608731485545b55a3929b245c4cdb23f61e4f6","isMergeCommit":true,"messageTitle":"Merge pull request #105 from jedidiahC/navigation-context","messageBody":"Add tests for navigation model and navigation context","fileTypesAndContributionMap":{}},{"hash":"2c50158e67d9be0acab298878a1f03c5f892d49d","isMergeCommit":true,"messageTitle":"Merge pull request #106 from joytqt-1202/branch-delete-mod","messageBody":"Add Delete Module, Lecture and Video Functionality","fileTypesAndContributionMap":{}},{"hash":"15d16c175dd4dc5717656240ba83be6cd815fc2c","isMergeCommit":true,"messageTitle":"Merge pull request #108 from joytqt-1202/branch-clearModules","messageBody":"Add Clear Modules Functionality","fileTypesAndContributionMap":{}}]},{"date":"2023-03-17","commitResults":[{"hash":"f404f51312f8ef28cc88717dee5f40985e33f83b","isMergeCommit":true,"messageTitle":"Merge pull request #111 from shaowi/list-videos","messageBody":"List functionality for lectures and videos","fileTypesAndContributionMap":{}},{"hash":"a5c1cd1d5db5889e543d94d62f8aad56a416cbcc","isMergeCommit":false,"messageTitle":"Add tests for add command parsing","messageBody":"","fileTypesAndContributionMap":{"functional-code":{"insertions":44,"deletions":34},"test-code":{"insertions":186,"deletions":148}}},{"hash":"37ed001ded3472c9533dbf8f3b80407ec64faa78","isMergeCommit":false,"messageTitle":"Add tests for AddModuleCommand class","messageBody":"","fileTypesAndContributionMap":{"test-code":{"insertions":386,"deletions":0}}},{"hash":"626829d0e914a8cc6492c3efacb5bad27eb7d324","isMergeCommit":false,"messageTitle":"Add tests for AddLectureCommand class","messageBody":"","fileTypesAndContributionMap":{"test-code":{"insertions":172,"deletions":205}}},{"hash":"526aa0445efa0b2a49bbba6ba197edb3656a5c33","isMergeCommit":false,"messageTitle":"Add test for AddVideoCommand class","messageBody":"","fileTypesAndContributionMap":{"functional-code":{"insertions":1,"deletions":1},"test-code":{"insertions":233,"deletions":0}}},{"hash":"af43a651f57abed64fc5a26326c2fa7278e61c7a","isMergeCommit":false,"messageTitle":"AddLectureCommandTest class : remove use of VALID_MODULE_CODE_2103","messageBody":"","fileTypesAndContributionMap":{"test-code":{"insertions":1,"deletions":2}}},{"hash":"cad46804b7ccc7fccf3aeb18da5b73dd88ef575f","isMergeCommit":false,"messageTitle":"Add comments for Model stubs used in add command tests","messageBody":"","fileTypesAndContributionMap":{"test-code":{"insertions":27,"deletions":0}}}]},{"date":"2023-03-18","commitResults":[{"hash":"b95a14155615d1136a1e6a72b4dfece4ab58ccbd","isMergeCommit":true,"messageTitle":"Merge pull request #113 from shaowi/list-videos","messageBody":"Fix error on MainWindow #executeCommand","fileTypesAndContributionMap":{}},{"hash":"613597716e1cb360839995a5878b668ab88df639","isMergeCommit":false,"messageTitle":"Fix minor formatting issues in tests for add command","messageBody":"","fileTypesAndContributionMap":{"test-code":{"insertions":16,"deletions":12}}},{"hash":"d3edf446990bf91ffc7c51a37442419f21f659ba","isMergeCommit":false,"messageTitle":"Add integration test for AddModuleCommand class","messageBody":"","fileTypesAndContributionMap":{"test-code":{"insertions":44,"deletions":0}}},{"hash":"eef5d4f2618be3c53930eb6acbebb491900da641","isMergeCommit":false,"messageTitle":"Add integration tests for AddLectureCommand","messageBody":"","fileTypesAndContributionMap":{"test-code":{"insertions":75,"deletions":0}}},{"hash":"b9caed08ad6670a842c18ce010e8c12bfc5762e8","isMergeCommit":false,"messageTitle":"Add integration tests for AddVideoCommand class","messageBody":"","fileTypesAndContributionMap":{"test-code":{"insertions":101,"deletions":0}}},{"hash":"4b48353393fab06748ca7b15126f0031bb415fd9","isMergeCommit":false,"messageTitle":"Add comments for tests for add commands","messageBody":"","fileTypesAndContributionMap":{"test-code":{"insertions":7,"deletions":4}}},{"hash":"d5bc811da57d5753bebc1b2d860eba1388e4f318","isMergeCommit":false,"messageTitle":"Remove outdated add command tests","messageBody":"","fileTypesAndContributionMap":{"test-code":{"insertions":0,"deletions":175}}},{"hash":"caa1b2d32906739ec36cdc198b472c3bab18337e","isMergeCommit":true,"messageTitle":"Merge branch \u0027master\u0027 into add-add-command","messageBody":"","fileTypesAndContributionMap":{}},{"hash":"65b6f2627f52e503f828c8c112a499e16ca7bb47","isMergeCommit":false,"messageTitle":"Fix unimplemented method in ModelStub","messageBody":"","fileTypesAndContributionMap":{"test-code":{"insertions":6,"deletions":0}}},{"hash":"1e0690c26a2038504d37ed9b0126f7b5f06074c0","isMergeCommit":true,"messageTitle":"Merge pull request #115 from shaowi/ui-titles","messageBody":"Updated app title and icon","fileTypesAndContributionMap":{}},{"hash":"7f64cbbe89eed94cd4af21d631f9778fcec26e03","isMergeCommit":true,"messageTitle":"Merge pull request #116 from hingen/add-add-command","messageBody":"Add tests for add commands","fileTypesAndContributionMap":{}},{"hash":"e0153623eebdbf8db9c16b827b9c64a0dc85bed5","isMergeCommit":false,"messageTitle":"Add edit commands","messageBody":"","fileTypesAndContributionMap":{"functional-code":{"insertions":550,"deletions":265}}},{"hash":"aaced0e9ec6533ea101814de597fce12942c7c1c","isMergeCommit":false,"messageTitle":"Comment out outdated tests","messageBody":"","fileTypesAndContributionMap":{"functional-code":{"insertions":1,"deletions":1},"test-code":{"insertions":405,"deletions":411}}},{"hash":"b8a496e1e2dbe35025ee34c0e4e03b442e717399","isMergeCommit":true,"messageTitle":"Merge branch \u0027master\u0027 into add-edit-command","messageBody":"","fileTypesAndContributionMap":{}},{"hash":"05d082ec49bab722f09fa9e2656d73ed73572917","isMergeCommit":true,"messageTitle":"Merge branch \u0027master\u0027 into add-edit-command","messageBody":"","fileTypesAndContributionMap":{}},{"hash":"039cbd6b0b9bace313916f9811a46b34260a618f","isMergeCommit":false,"messageTitle":"Fix incorrect comment for AddCommand class","messageBody":"","fileTypesAndContributionMap":{"functional-code":{"insertions":1,"deletions":1}}},{"hash":"1c396db7dac48fdbec1b9ef0b4267856d0197c76","isMergeCommit":false,"messageTitle":"Fix formatting inconsistencies across add commands classes","messageBody":"","fileTypesAndContributionMap":{"functional-code":{"insertions":20,"deletions":21}}},{"hash":"4eccb23cabc541f0dc043420abc4009ad2c79c57","isMergeCommit":false,"messageTitle":"Add tests for AddressBookParser parsing of add commands","messageBody":"","fileTypesAndContributionMap":{"test-code":{"insertions":171,"deletions":7}}},{"hash":"bc43e57ee905f00e7c4fc5c0ed488523b4b943d7","isMergeCommit":true,"messageTitle":"Merge branch \u0027master\u0027 into add-add-command","messageBody":"","fileTypesAndContributionMap":{}},{"hash":"f83de3caf59774cd42d3a5e5fe60ac6f8fda0785","isMergeCommit":true,"messageTitle":"Merge branch \u0027add-add-command\u0027 into add-edit-command","messageBody":"","fileTypesAndContributionMap":{}},{"hash":"24bf124672ab7d4ee44d8d2f6b720132aedde179","isMergeCommit":false,"messageTitle":"Move add command classes into logic.commands.add package","messageBody":"","fileTypesAndContributionMap":{"functional-code":{"insertions":5,"deletions":5},"other":{"insertions":18,"deletions":10},"test-code":{"insertions":12,"deletions":11}}},{"hash":"a6f1fa0391dcf37b367b68365ceab0fe9fbfd2bc","isMergeCommit":true,"messageTitle":"Merge branch \u0027add-add-command\u0027 into add-edit-command","messageBody":"","fileTypesAndContributionMap":{}},{"hash":"fac131fea7f4ef412b33125783f817a7a0a2f94d","isMergeCommit":false,"messageTitle":"Move edit command classes into logic.commands.edit package","messageBody":"","fileTypesAndContributionMap":{"functional-code":{"insertions":8,"deletions":8},"other":{"insertions":29,"deletions":4}}},{"hash":"211a78d71edad151e9b98ea7af18a3cb419ad925","isMergeCommit":false,"messageTitle":"Fix edit command parsing not checking for whether edits were specified","messageBody":"","fileTypesAndContributionMap":{"functional-code":{"insertions":12,"deletions":0}}},{"hash":"8389bdadf2e9f7adbaa313c2e9bcf4e1fe67ae39","isMergeCommit":false,"messageTitle":"Add classes for building module, lecture, and video descriptors","messageBody":"","fileTypesAndContributionMap":{"test-code":{"insertions":230,"deletions":98}}},{"hash":"55f61141d2025162335371efd0211fcb35605518","isMergeCommit":false,"messageTitle":"Add tests for edit descriptor classes","messageBody":"","fileTypesAndContributionMap":{"test-code":{"insertions":171,"deletions":59}}},{"hash":"4e56a1c9edaed2af0f396029343ad55d7f4655c4","isMergeCommit":false,"messageTitle":"Add tests for edit commands in AddressBookParser class","messageBody":"","fileTypesAndContributionMap":{"functional-code":{"insertions":51,"deletions":0},"test-code":{"insertions":154,"deletions":9}}}]},{"date":"2023-03-19","commitResults":[{"hash":"64fc95b25e5690992810ac6b0121ff07fe2a1f09","isMergeCommit":false,"messageTitle":"Add tests for EditCommandParser class","messageBody":"","fileTypesAndContributionMap":{"functional-code":{"insertions":2,"deletions":2},"test-code":{"insertions":294,"deletions":235}}},{"hash":"3abf202ae9fbc65c1c521d96503dcf7981295cd1","isMergeCommit":false,"messageTitle":"Add tests for edit command classes","messageBody":"","fileTypesAndContributionMap":{"test-code":{"insertions":507,"deletions":173}}},{"hash":"287780129dce0c25b3ea74e374d78b175583bf9f","isMergeCommit":true,"messageTitle":"Merge branch \u0027master\u0027 into add-edit-command","messageBody":"","fileTypesAndContributionMap":{}},{"hash":"a72b78bdf9e4045f1ff7d20884e56329b8c3ebe7","isMergeCommit":false,"messageTitle":"Update user guide for edit commands","messageBody":"","fileTypesAndContributionMap":{"docs":{"insertions":44,"deletions":0}}},{"hash":"514b7ac1853ef3d11730454890da3fef228d33bd","isMergeCommit":false,"messageTitle":"Update user guide for add commands","messageBody":"","fileTypesAndContributionMap":{"docs":{"insertions":34,"deletions":26}}},{"hash":"b7233ea14a52f033bba50af4b0a396e59c684ea8","isMergeCommit":true,"messageTitle":"Merge pull request #160 from hingen/add-add-command","messageBody":"Update user guide for add commands","fileTypesAndContributionMap":{}}]},{"date":"2023-03-20","commitResults":[{"hash":"5a973a9353b19fa2b786561582de972228beebca","isMergeCommit":true,"messageTitle":"Merge pull request #164 from lennoxtr/master","messageBody":"Add unit tests for Tag, Untag, ParseTag, ParseUntag","fileTypesAndContributionMap":{}},{"hash":"92e3401561a8dcee98992df8067cb43bbf99363c","isMergeCommit":true,"messageTitle":"Merge pull request #165 from lennoxtr/master","messageBody":"Update the user guide with new tag and untag commands","fileTypesAndContributionMap":{}}]},{"date":"2023-03-21","commitResults":[{"hash":"9f8a8febf228fe3b729278dc307326f2a7d9e261","isMergeCommit":false,"messageTitle":"Remove unused Index class","messageBody":"","fileTypesAndContributionMap":{"functional-code":{"insertions":0,"deletions":69},"test-code":{"insertions":0,"deletions":136}}},{"hash":"7d3d53fc92572b6a195cf4e35ebb605f57b11249","isMergeCommit":true,"messageTitle":"Merge pull request #159 from shaowi/list-command-test","messageBody":"Add more test for list command","fileTypesAndContributionMap":{}},{"hash":"90d4ac3a5d855aaad12cf02cdfd8609580e12f2d","isMergeCommit":false,"messageTitle":"Clean commons package classes","messageBody":"","fileTypesAndContributionMap":{"functional-code":{"insertions":3,"deletions":5},"test-code":{"insertions":83,"deletions":2}}},{"hash":"3681dbc0fb7499fe6bf8ba1a4742683b0e51f1b5","isMergeCommit":false,"messageTitle":"Add tests for LogicManager class","messageBody":"","fileTypesAndContributionMap":{"functional-code":{"insertions":10,"deletions":13},"test-code":{"insertions":158,"deletions":162}}},{"hash":"a5120e9b7f7ef5310ac9a898f822a5179f2eef80","isMergeCommit":false,"messageTitle":"MainApp class: replace any mention of AddressBook with Le Tracker","messageBody":"","fileTypesAndContributionMap":{"functional-code":{"insertions":7,"deletions":7}}},{"hash":"f1b06347b8a188e048e79c1297409971c99abebe","isMergeCommit":false,"messageTitle":"Add additional tests for storage package classes","messageBody":"","fileTypesAndContributionMap":{"functional-code":{"insertions":29,"deletions":35},"test-code":{"insertions":95,"deletions":6}}},{"hash":"ad620cbc677885d61637e0332ee53242f1b546a1","isMergeCommit":false,"messageTitle":"Clean model package classes","messageBody":"","fileTypesAndContributionMap":{"functional-code":{"insertions":118,"deletions":957},"other":{"insertions":13,"deletions":11},"test-code":{"insertions":173,"deletions":915}}},{"hash":"e4d0a530da6d78b3da9cf08f897407c6fd66b526","isMergeCommit":false,"messageTitle":"Clean logic package classes","messageBody":"","fileTypesAndContributionMap":{"functional-code":{"insertions":12,"deletions":12},"other":{"insertions":3,"deletions":3},"test-code":{"insertions":7,"deletions":105}}},{"hash":"f54b171ca5c15639c5708f8a4555a99eb0fb4569","isMergeCommit":false,"messageTitle":"Fix errors detected by checkstyle","messageBody":"","fileTypesAndContributionMap":{"functional-code":{"insertions":1,"deletions":1},"test-code":{"insertions":0,"deletions":4}}},{"hash":"7200a9bc6fc5c0da5cb905fffb9059877ae4bf99","isMergeCommit":false,"messageTitle":"Remove unused fields in CommandTestUtil","messageBody":"","fileTypesAndContributionMap":{"test-code":{"insertions":0,"deletions":7}}},{"hash":"72c559a14211cbfa54c159cdbee31c73967ff239","isMergeCommit":true,"messageTitle":"Merge branch \u0027master\u0027 into remove_unused_code","messageBody":"","fileTypesAndContributionMap":{}},{"hash":"ba0d86303a8a36a0ebecbf52328094990148a43c","isMergeCommit":false,"messageTitle":"Fix missing constants","messageBody":"","fileTypesAndContributionMap":{"test-code":{"insertions":3,"deletions":0}}}]}],"shaowi":[{"date":"2023-02-24","commitResults":[{"hash":"6630ce7cc9f0f4f151d15b70f923567ff072604d","isMergeCommit":false,"messageTitle":"Update AboutUs.md with ShaoWee info","messageBody":"","fileTypesAndContributionMap":{"docs":{"insertions":73,"deletions":26}}},{"hash":"f335edadd91faea278241043ff100c02b76bd53e","isMergeCommit":false,"messageTitle":"Update AboutUs.md with ShaoWee infogit username","messageBody":"","fileTypesAndContributionMap":{"docs":{"insertions":1,"deletions":1}}},{"hash":"8b5edd312b38ff18585c38f0906f79068a0a9960","isMergeCommit":false,"messageTitle":"Update AboutUs.md","messageBody":"","fileTypesAndContributionMap":{"docs":{"insertions":20,"deletions":19}}},{"hash":"b6bf3d9c7d7a00525b5fde3ae967b95fb18bbc83","isMergeCommit":true,"messageTitle":"Merge branch \u0027master\u0027 into master","messageBody":"","fileTypesAndContributionMap":{}},{"hash":"bbff8dff29ac6845b19d3461747ab2173bf30454","isMergeCommit":true,"messageTitle":"Merge pull request #12 from shaowi/master","messageBody":"Update AboutUs.md with ShaoWee info","fileTypesAndContributionMap":{}}]},{"date":"2023-02-25","commitResults":[{"hash":"6886811fb3c530147aacf7a491da91510309bca7","isMergeCommit":false,"messageTitle":"Renamed image file name for shaowee","messageBody":"","fileTypesAndContributionMap":{"docs":{"insertions":1,"deletions":1}}},{"hash":"f9a181e2220fc4d3c4902684f73b385947ff9672","isMergeCommit":true,"messageTitle":"Merge pull request #50 from hingen/add-skeletal-ppp","messageBody":"Add skeletal PPP for hingen","fileTypesAndContributionMap":{}},{"hash":"818e74394699b9858fc99cdab7136f81036e2cfb","isMergeCommit":false,"messageTitle":"Modified ppp content","messageBody":"- Update with skeletal structure\n","fileTypesAndContributionMap":{"docs":{"insertions":22,"deletions":29}}},{"hash":"324f9f10e4498ca8d4e710525140cb43aa16c19d","isMergeCommit":false,"messageTitle":"Modified user guide","messageBody":"- App description\n- Quick Start\n","fileTypesAndContributionMap":{"docs":{"insertions":72,"deletions":68}}}]},{"date":"2023-02-26","commitResults":[{"hash":"58255c3c4487571e7702f8c7d40b695ab8a347b8","isMergeCommit":true,"messageTitle":"Merge pull request #56 from hingen/update-ug","messageBody":"Fix formatting issue in \"Add a Video\" section","fileTypesAndContributionMap":{}},{"hash":"9c6f48960f7dfb160bb47800df144ec6d46af7c6","isMergeCommit":false,"messageTitle":"Modified user stories","messageBody":"","fileTypesAndContributionMap":{"docs":{"insertions":100,"deletions":76}}}]},{"date":"2023-02-27","commitResults":[{"hash":"e076068884ff34818d64931aa668642cfb6e9853","isMergeCommit":true,"messageTitle":"Merge pull request #59 from joytqt-1202/branch-AboutUs","messageBody":"Add Skeletal Version of PPP for Joy","fileTypesAndContributionMap":{}},{"hash":"b1ec3b8a16b8667832f4d0184457730e851a3426","isMergeCommit":true,"messageTitle":"Merge pull request #60 from joytqt-1202/branch-UserGuide","messageBody":"Add Mark and Delete Functionality in User Guide","fileTypesAndContributionMap":{}}]},{"date":"2023-03-02","commitResults":[{"hash":"b3a9dea466b46db9b261b63ef56b5429d18f165f","isMergeCommit":true,"messageTitle":"Merge pull request #62 from lennoxtr/User-Guide-Tag","messageBody":"Add Tag and Delete Tag to Feature List in UG","fileTypesAndContributionMap":{}},{"hash":"f117f5b1028d32c9ad8297085d3530e509f7f7b7","isMergeCommit":true,"messageTitle":"Merge pull request #61 from lennoxtr/About-Us","messageBody":"Add team member Khang Tran\u0027s details to PPP","fileTypesAndContributionMap":{}}]},{"date":"2023-03-05","commitResults":[{"hash":"5e1398b3cba5de56553799ccfa2a943861cfa536","isMergeCommit":false,"messageTitle":"Added navigation of user to user guide - Changed help window display message - Changed button functionality to redirect user to a weblink","messageBody":"","fileTypesAndContributionMap":{"functional-code":{"insertions":18,"deletions":12}}}]},{"date":"2023-03-10","commitResults":[{"hash":"668409b5114d4835905f6b2db4bae86737912319","isMergeCommit":true,"messageTitle":"Merge pull request #70 from hingen/update-model","messageBody":"Partial model update","fileTypesAndContributionMap":{}}]},{"date":"2023-03-11","commitResults":[{"hash":"8cc5ebb8c38dc90610c385453fa65fa5b6389e20","isMergeCommit":true,"messageTitle":"Merge branch \u0027master\u0027 into help-window","messageBody":"","fileTypesAndContributionMap":{}},{"hash":"5038d68bff15d146ee401d4b72c5715ae884b887","isMergeCommit":false,"messageTitle":"Modified list command","messageBody":"- Added parser for command with args\n- Error checking for wrong args\n","fileTypesAndContributionMap":{"functional-code":{"insertions":183,"deletions":4},"test-code":{"insertions":96,"deletions":3}}}]},{"date":"2023-03-12","commitResults":[{"hash":"7cb81c2d2079ae84d15815e8a12b0d5a94b80428","isMergeCommit":false,"messageTitle":"Updated list command test cases","messageBody":"","fileTypesAndContributionMap":{"functional-code":{"insertions":15,"deletions":0},"test-code":{"insertions":56,"deletions":55}}},{"hash":"54254955c8288e49893e9d1afb2cb32795289fc9","isMergeCommit":true,"messageTitle":"Merge pull request #72 from hingen/update-model","messageBody":"Partial model update","fileTypesAndContributionMap":{}},{"hash":"9bbec371931ee0ea7724da743654e7994c156804","isMergeCommit":true,"messageTitle":"Merge branch \u0027master\u0027 of https://github.com/AY2223S2-CS2103-F10-2/tp into list-command","messageBody":"","fileTypesAndContributionMap":{}},{"hash":"a0d5d0a6434f109656681655b2feba49df129d6a","isMergeCommit":false,"messageTitle":"Modified test files parameters for list command","messageBody":"","fileTypesAndContributionMap":{"functional-code":{"insertions":10,"deletions":13},"test-code":{"insertions":227,"deletions":197}}},{"hash":"c71321101ed3c506d7c358b21756f17f6208b012","isMergeCommit":false,"messageTitle":"Add dependency for junit in vscode","messageBody":"","fileTypesAndContributionMap":{"other":{"insertions":1,"deletions":0}}},{"hash":"7cb5cf9c842bbc8dd565a1567519680a0bac3279","isMergeCommit":false,"messageTitle":"Added more test cases","messageBody":"","fileTypesAndContributionMap":{"functional-code":{"insertions":49,"deletions":7},"test-code":{"insertions":38,"deletions":1}}}]},{"date":"2023-03-14","commitResults":[{"hash":"af746e8341943b0c3f2bac3db76e86143fd8d126","isMergeCommit":false,"messageTitle":"Fix checkstyle errors","messageBody":"","fileTypesAndContributionMap":{"functional-code":{"insertions":2,"deletions":3},"test-code":{"insertions":9,"deletions":5}}},{"hash":"de866510d50b403e7229ac3b6a1659c36052a700","isMergeCommit":true,"messageTitle":"Merge branch \u0027master\u0027 of https://github.com/AY2223S2-CS2103-F10-2/tp into list-command","messageBody":"","fileTypesAndContributionMap":{}},{"hash":"2b7eaca00c2ac93afe82a3cd86ddf82463dbec42","isMergeCommit":false,"messageTitle":"Fix merge conflict on ModelManager","messageBody":"","fileTypesAndContributionMap":{"functional-code":{"insertions":1,"deletions":21}}}]},{"date":"2023-03-15","commitResults":[{"hash":"c5663d9d00ed01d0e562dc96e925dfa04ffbbae6","isMergeCommit":true,"messageTitle":"Merge pull request #68 from shaowi/help-window","messageBody":"Added navigation of user to user guide","fileTypesAndContributionMap":{}}]},{"date":"2023-03-16","commitResults":[{"hash":"bc75f6f134e1882bdab85775eb257b8019157705","isMergeCommit":false,"messageTitle":"Written test for list command","messageBody":"- Show all lectures by module code\n- Show all lectures and videos by module code\n","fileTypesAndContributionMap":{"functional-code":{"insertions":31,"deletions":11},"test-code":{"insertions":49,"deletions":3}}},{"hash":"9478ff2666cb11194feb60c0c2b28ade04c78c4f","isMergeCommit":true,"messageTitle":"Merge pull request #103 from jedidiahC/ui","messageBody":"Add module listing UI","fileTypesAndContributionMap":{}},{"hash":"0fa5c37a0d175caf5cc20694a76443cea8d0ec42","isMergeCommit":false,"messageTitle":"Fix checkstyle errors","messageBody":"","fileTypesAndContributionMap":{"test-code":{"insertions":5,"deletions":4}}},{"hash":"2f6a46bfe32320b8d8f424a5459cbdaaca2a663e","isMergeCommit":true,"messageTitle":"Merge branch \u0027master\u0027 into list-command-test","messageBody":"","fileTypesAndContributionMap":{}},{"hash":"0371d49d949e3b3c39d8172748c7501d3c2ae763","isMergeCommit":false,"messageTitle":"Show lectures from list command","messageBody":"- Support listing lectures of a module\n","fileTypesAndContributionMap":{"functional-code":{"insertions":348,"deletions":119},"test-code":{"insertions":6,"deletions":30}}},{"hash":"616ae6da00bf909f766b99020a83cf967a21e937","isMergeCommit":false,"messageTitle":"Fix checkstyles error","messageBody":"","fileTypesAndContributionMap":{"functional-code":{"insertions":10,"deletions":9},"test-code":{"insertions":4,"deletions":9}}}]},{"date":"2023-03-17","commitResults":[{"hash":"3ade7648796da43fc4591fc657b427d87ce8740f","isMergeCommit":false,"messageTitle":"Handled failed test cases","messageBody":"","fileTypesAndContributionMap":{"functional-code":{"insertions":3,"deletions":1}}},{"hash":"c37912de11c5e2ab1848532a6c9e7406a6e20024","isMergeCommit":false,"messageTitle":"Fixed bug","messageBody":"- Commandtextfield has no text displayed\n","fileTypesAndContributionMap":{"functional-code":{"insertions":1,"deletions":1}}},{"hash":"c15cf4fcd2de77a3971b009f35d210b7399b8e7d","isMergeCommit":false,"messageTitle":"Updated list command display message","messageBody":"","fileTypesAndContributionMap":{"functional-code":{"insertions":2,"deletions":5}}},{"hash":"5d501f3d54cca7618df9ec81a50104a76167da35","isMergeCommit":true,"messageTitle":"Merge branch \u0027master\u0027 of https://github.com/AY2223S2-CS2103-F10-2/tp into list-command-test","messageBody":"","fileTypesAndContributionMap":{}},{"hash":"7cbd1e1e1490ed1007a813d502da74fa273c4915","isMergeCommit":false,"messageTitle":"Added filteredVideoList","messageBody":"- Show all the videos by a specific lecture and module\n","fileTypesAndContributionMap":{"functional-code":{"insertions":258,"deletions":4}}},{"hash":"06189c1da19c60b90dc8f4c750614b98b7e8f8a1","isMergeCommit":true,"messageTitle":"Merge pull request #110 from joytqt-1202/branch-mark-command","messageBody":"Add Mark and Unmark Commands","fileTypesAndContributionMap":{}},{"hash":"1d9b75ef5150c0c3217f263df346b79701182aab","isMergeCommit":false,"messageTitle":"Fix checkstyles error","messageBody":"","fileTypesAndContributionMap":{"functional-code":{"insertions":0,"deletions":2}}},{"hash":"7eda16ef7936b16166d1db01e9564a20e466a2e8","isMergeCommit":false,"messageTitle":"Fixed bugs on list command","messageBody":"- Handle other possible user inputs\n","fileTypesAndContributionMap":{"functional-code":{"insertions":64,"deletions":25},"test-code":{"insertions":9,"deletions":8}}},{"hash":"92b986bac15478123fc9f1284be062dbed5ce576","isMergeCommit":false,"messageTitle":"Fix bugs on MainWindow #execute","messageBody":"- CommandResult attribute level can be null\n- Used getLastListLevel() if null\n","fileTypesAndContributionMap":{"functional-code":{"insertions":32,"deletions":1}}},{"hash":"007d77294f83563055a3a8b75e58d1c849b25a68","isMergeCommit":false,"messageTitle":"Added missing logic","messageBody":"- Set last list level on update filtereed lists\n","fileTypesAndContributionMap":{"functional-code":{"insertions":7,"deletions":1}}}]},{"date":"2023-03-18","commitResults":[{"hash":"c55fbf87022afad298d949e16993c5548454ff60","isMergeCommit":false,"messageTitle":"Updated app title and icon","messageBody":"","fileTypesAndContributionMap":{"functional-code":{"insertions":3,"deletions":3},"test-code":{"insertions":1,"deletions":1}}},{"hash":"1ab862680d6ce5860dbada45b5d42bf276862287","isMergeCommit":false,"messageTitle":"Fix error on list command","messageBody":"- Executing command twice renders empty list\n","fileTypesAndContributionMap":{"functional-code":{"insertions":4,"deletions":9}}},{"hash":"6bd761ffff9c669a78a937096c4b3e87ebdcfb5d","isMergeCommit":true,"messageTitle":"Merge pull request #114 from lennoxtr/master","messageBody":"Implement Tag and Untag Feature for Video, Module, and Lecture","fileTypesAndContributionMap":{}},{"hash":"2d3bbf96e9a0474bcc684053a0a3d5a22f4d213e","isMergeCommit":true,"messageTitle":"Merge pull request #119 from lennoxtr/master","messageBody":"Update parsing of Tags","fileTypesAndContributionMap":{}},{"hash":"d96882192edf900875ea3381f2d71d4e7d31b4f1","isMergeCommit":false,"messageTitle":"Updated user guide for list command","messageBody":"","fileTypesAndContributionMap":{"docs":{"insertions":43,"deletions":16}}},{"hash":"150115090fd8cdc52b7d1e6f918880c48b133842","isMergeCommit":false,"messageTitle":"Resolved bug","messageBody":"- Fix bug on textfield unfocused after command execution\n","fileTypesAndContributionMap":{"functional-code":{"insertions":25,"deletions":19}}},{"hash":"d6fd88a2ad0b0501a8c029fb276a925668534887","isMergeCommit":true,"messageTitle":"Merge pull request #125 from shaowi/textfield-focus","messageBody":"Fix bug on textfield unfocused after command execution","fileTypesAndContributionMap":{}},{"hash":"bd596dd91fb303ef4ab0919c5d6d554dfa59bfc6","isMergeCommit":false,"messageTitle":"Removed unnecessary operator /","messageBody":"","fileTypesAndContributionMap":{"docs":{"insertions":2,"deletions":2}}},{"hash":"d1445f1575114b5aff68db5e0e5d5b6822fbe2ce","isMergeCommit":true,"messageTitle":"Merge pull request #120 from hingen/add-edit-command","messageBody":"Add edit command","fileTypesAndContributionMap":{}},{"hash":"aacd7979b51343f706240ccf89219fd92f1a6d6d","isMergeCommit":true,"messageTitle":"Merge pull request #126 from hingen/add-add-command","messageBody":"Add missing tests for add command","fileTypesAndContributionMap":{}}]},{"date":"2023-03-19","commitResults":[{"hash":"6b748b85cf4700de15a6b572a02ff1e4aef06226","isMergeCommit":true,"messageTitle":"Merge pull request #154 from jedidiahC/navigation-context","messageBody":"Add tests for Navigation commands","fileTypesAndContributionMap":{}},{"hash":"e1c994433d8785e5184ffbaed61394a814e7c1c0","isMergeCommit":true,"messageTitle":"Merge pull request #155 from jedidiahC/branch-update-ug","messageBody":"Add nav command information to UserGuide.md","fileTypesAndContributionMap":{}},{"hash":"537cb73f87a1807539c3979db43055e350907d4e","isMergeCommit":false,"messageTitle":"Add more test for list command","messageBody":"","fileTypesAndContributionMap":{"test-code":{"insertions":31,"deletions":0}}},{"hash":"cf77bdf420dc76a74cd3ef042fd51de374036c25","isMergeCommit":false,"messageTitle":"Updated Module Predicate","messageBody":"- Compare keywords with module code instead of name\n","fileTypesAndContributionMap":{"functional-code":{"insertions":31,"deletions":0},"test-code":{"insertions":2,"deletions":2}}},{"hash":"ae7c4ca7a6d2b53d4e3896e19dc2ad421d146f14","isMergeCommit":false,"messageTitle":"Created predicates for find command","messageBody":"","fileTypesAndContributionMap":{"functional-code":{"insertions":64,"deletions":31}}},{"hash":"ecc4887c93c2a9753c13b262898072f918c3176f","isMergeCommit":false,"messageTitle":"Written test for find command","messageBody":"","fileTypesAndContributionMap":{"functional-code":{"insertions":96,"deletions":28},"test-code":{"insertions":154,"deletions":89}}},{"hash":"6cc67cfdab6ee75efa7f06f439a148ccf0a62eca","isMergeCommit":false,"messageTitle":"Update find command message usage","messageBody":"","fileTypesAndContributionMap":{"functional-code":{"insertions":3,"deletions":3}}},{"hash":"6e3027744607a0e2300fa0b5327a2d98f526cfc1","isMergeCommit":false,"messageTitle":"Fix checkstyle errors","messageBody":"","fileTypesAndContributionMap":{"functional-code":{"insertions":13,"deletions":10},"test-code":{"insertions":15,"deletions":12}}},{"hash":"1cfe7665e461715485104db170aa2365ee987897","isMergeCommit":true,"messageTitle":"Merge pull request #158 from hingen/add-edit-command","messageBody":"Add tests and update user guide for edit command","fileTypesAndContributionMap":{}},{"hash":"0c0bb161cc2e2924568747593055573f9dd0b909","isMergeCommit":false,"messageTitle":"Fix checkstyle errors","messageBody":"","fileTypesAndContributionMap":{"test-code":{"insertions":2,"deletions":2}}},{"hash":"8983aa31caf507c15217bdd7bd7d5ee62202f7b6","isMergeCommit":false,"messageTitle":"Update listCommand constructor docs","messageBody":"","fileTypesAndContributionMap":{"functional-code":{"insertions":6,"deletions":3}}}]},{"date":"2023-03-20","commitResults":[{"hash":"1c209f86a12ee31721f387be7a6216220df2b786","isMergeCommit":false,"messageTitle":"Updated code logic for find command","messageBody":"- Support /mod and /lec\n- Navigation and find with /mod and /lec params not supported yet\n","fileTypesAndContributionMap":{"functional-code":{"insertions":82,"deletions":50},"test-code":{"insertions":7,"deletions":31}}},{"hash":"50eee3c8821154269a76382ea9d10c7a2bc38ae9","isMergeCommit":true,"messageTitle":"Merge branch \u0027master\u0027 into user-guide","messageBody":"","fileTypesAndContributionMap":{}},{"hash":"670270c743e937d289f98da0d3227c064f4214ad","isMergeCommit":false,"messageTitle":"Updated list command guide","messageBody":"","fileTypesAndContributionMap":{"docs":{"insertions":12,"deletions":6}}},{"hash":"4e71ac534140cf650ca3788b7597180d7fb4313b","isMergeCommit":false,"messageTitle":"Updated moduleNotFound test","messageBody":"- Replaced moduleCode variable to use created variables\n","fileTypesAndContributionMap":{"test-code":{"insertions":2,"deletions":2}}},{"hash":"ee07658b2e0c56b46b180c140cffffed3c174867","isMergeCommit":false,"messageTitle":"Fix checkstyle error","messageBody":"","fileTypesAndContributionMap":{"test-code":{"insertions":1,"deletions":0}}},{"hash":"b5b62217f21d56ca245a086651ca475c5208f3d3","isMergeCommit":false,"messageTitle":"Changed font-family","messageBody":"- as macOS does not support Segoe UI\n","fileTypesAndContributionMap":{"functional-code":{"insertions":170,"deletions":165}}},{"hash":"c214e15829d888d7af25688a1b9268eaa9b7cceb","isMergeCommit":false,"messageTitle":"Updated assertion","messageBody":"- for listing non-existent module or lecture\n","fileTypesAndContributionMap":{"functional-code":{"insertions":6,"deletions":6},"test-code":{"insertions":15,"deletions":12}}},{"hash":"20c1d04b24a37f0b58a8ed653864fbffff627fda","isMergeCommit":false,"messageTitle":"Fix checkstyle errors","messageBody":"","fileTypesAndContributionMap":{"test-code":{"insertions":8,"deletions":9}}}]},{"date":"2023-03-21","commitResults":[{"hash":"df7f8c4351d1b71fc9f70a22e25857106b7bbe07","isMergeCommit":false,"messageTitle":"Updated list command test","messageBody":"","fileTypesAndContributionMap":{"test-code":{"insertions":42,"deletions":47}}},{"hash":"40e7113c91c42b2b09aea88470c2c615c0653533","isMergeCommit":false,"messageTitle":"Updated test methods to use assertCommandFailure","messageBody":"","fileTypesAndContributionMap":{"test-code":{"insertions":3,"deletions":4}}}]}],"joytqt-1202":[{"date":"2023-02-24","commitResults":[{"hash":"703c7dc53c2aadd7ea0220e1a6be89136fb9b8a1","isMergeCommit":false,"messageTitle":"Update About Us","messageBody":"","fileTypesAndContributionMap":{"docs":{"insertions":5,"deletions":5}}},{"hash":"f24c34eda4e2ab6e2f8902a8efbecd5beda00b99","isMergeCommit":false,"messageTitle":"Update file names to follow naming conventions","messageBody":"","fileTypesAndContributionMap":{"docs":{"insertions":0,"deletions":0}}},{"hash":"67392a6229adc204194444866a1a7f2cc43e2a8f","isMergeCommit":false,"messageTitle":"Update file names in About Us to match","messageBody":"","fileTypesAndContributionMap":{"docs":{"insertions":2,"deletions":2}}},{"hash":"ef68e360394ea5d68a8501d2a0beeeba3badce9b","isMergeCommit":false,"messageTitle":"Update skeletal version of PPP","messageBody":"","fileTypesAndContributionMap":{"docs":{"insertions":13,"deletions":0}}},{"hash":"d9efaae84367ee2b9d96f7ddaa58be613eaf10d8","isMergeCommit":false,"messageTitle":"Update Skeletal version of PPP","messageBody":"","fileTypesAndContributionMap":{"docs":{"insertions":14,"deletions":0}}}]},{"date":"2023-02-27","commitResults":[{"hash":"ff8912e0d03e9ef156038ab58e2b62733c68d40d","isMergeCommit":false,"messageTitle":"Add Delete Lecture use case","messageBody":"","fileTypesAndContributionMap":{"docs":{"insertions":20,"deletions":8}}},{"hash":"d073bfb3fe53350805d8d1b42dc3268a7726244e","isMergeCommit":false,"messageTitle":"Add team-discussed NFRs","messageBody":"","fileTypesAndContributionMap":{"docs":{"insertions":4,"deletions":2}}},{"hash":"caebf53d2fd5d8172ad8b50921ab42e5d61322d2","isMergeCommit":false,"messageTitle":"Update Glossary","messageBody":"","fileTypesAndContributionMap":{"docs":{"insertions":8,"deletions":2}}},{"hash":"ffd0a7d63b99f39bdf9fc2b5f91b4367d707aec3","isMergeCommit":false,"messageTitle":"Add delete lecture video use case","messageBody":"","fileTypesAndContributionMap":{"docs":{"insertions":43,"deletions":3}}},{"hash":"05b0d010ce6c30a79d3a4a4a08e2f841fdafd5ec","isMergeCommit":true,"messageTitle":"Merge pull request #57 from shaowi/developer-guide-user-stories","messageBody":"Modify user stories","fileTypesAndContributionMap":{}},{"hash":"1eabab262c566db046da261d4c510d01be700935","isMergeCommit":false,"messageTitle":"Update Use Cases, NFRs and Glossary in DG","messageBody":"","fileTypesAndContributionMap":{"docs":{"insertions":1,"deletions":1}}},{"hash":"2982db22b4488b8a158aef50b261fdb328fa5400","isMergeCommit":true,"messageTitle":"Update Developer Guide","messageBody":"","fileTypesAndContributionMap":{}},{"hash":"fea8829d51ccfec8e1e3216c08ab312fb0efe437","isMergeCommit":false,"messageTitle":"Update Skeletal PPP","messageBody":"","fileTypesAndContributionMap":{"docs":{"insertions":2,"deletions":2}}},{"hash":"e83c151e27d1f0ab5d82f3fa66e23f7c27d8ee0b","isMergeCommit":false,"messageTitle":"Add Mark and Delete Functionality in User Guide","messageBody":"","fileTypesAndContributionMap":{"docs":{"insertions":43,"deletions":0}}},{"hash":"6c7d66c63a12abd0ce205a3864e87b82f260b760","isMergeCommit":false,"messageTitle":"Remove trailing spaces","messageBody":"","fileTypesAndContributionMap":{"docs":{"insertions":1,"deletions":1}}},{"hash":"f25080bc008b7ce4fd6ea240eb372d29310665fe","isMergeCommit":false,"messageTitle":"Add newline at EOF","messageBody":"","fileTypesAndContributionMap":{"docs":{"insertions":1,"deletions":1}}},{"hash":"12105bac887408a288ee243e2d1241f3c39ee48c","isMergeCommit":false,"messageTitle":"Update Use Case Extensions","messageBody":"","fileTypesAndContributionMap":{"docs":{"insertions":6,"deletions":6}}},{"hash":"61844ff9a663be6bd32e0926b4bc1d871a2c5f7f","isMergeCommit":false,"messageTitle":"Update Use Case, NFRs and Glossary (by Shao Wee)","messageBody":"","fileTypesAndContributionMap":{"docs":{"insertions":121,"deletions":1}}}]},{"date":"2023-03-02","commitResults":[{"hash":"7ecb33e00811bad0ef3cf1aa6d8e15ee02858f3d","isMergeCommit":false,"messageTitle":" Update Target User Profile and Value Proposition in DG","messageBody":"","fileTypesAndContributionMap":{"docs":{"insertions":11,"deletions":3}}},{"hash":"d2e382232ee8a4ccf3fad7f5a3452a7edd7e239e","isMergeCommit":false,"messageTitle":"Fix grammatical errors","messageBody":"","fileTypesAndContributionMap":{"docs":{"insertions":1,"deletions":1}}},{"hash":"a03fcec896ceb725a80c1de36f99cd52f6f64692","isMergeCommit":true,"messageTitle":"Merge pull request #65 from jedidiahC/branch-update-ug","messageBody":"Update UserGuide.md with listing and progress","fileTypesAndContributionMap":{}}]},{"date":"2023-03-16","commitResults":[{"hash":"9184d905360da20cf7f836c28728dfee856a5eb0","isMergeCommit":false,"messageTitle":"Add Delete Module Functionality","messageBody":"","fileTypesAndContributionMap":{"functional-code":{"insertions":113,"deletions":44},"test-code":{"insertions":9,"deletions":6}}},{"hash":"5b01906c7109a35db951f4524ec5e56cdbdd73b1","isMergeCommit":false,"messageTitle":"Update Delete Command Exception Handling","messageBody":"","fileTypesAndContributionMap":{"functional-code":{"insertions":3,"deletions":3}}},{"hash":"62ea3ac501a71b576f33503efdc7491ea95758bc","isMergeCommit":false,"messageTitle":"Add Get Module Functionality","messageBody":"","fileTypesAndContributionMap":{"functional-code":{"insertions":14,"deletions":0}}},{"hash":"b45921435a903b2deaace4426c3a8f14008b4494","isMergeCommit":false,"messageTitle":"Update DeleteModuleCommand to comply with Law of Demeter","messageBody":"DeleteModuleCommand gets module by first getting the tracker,\nthen getting the module.\n\nBy Law of Demeter, an object should have limited knowledge of another object\nand an object should only interact with objects that are closely related to it\n\nPrevious commit added a getModule functionality in Model and ModelManager\nCurrent commit makes use of the getModule functionality\n","fileTypesAndContributionMap":{"functional-code":{"insertions":8,"deletions":6}}},{"hash":"e0e36c687e3c7021e562825c2536b071b99f3eba","isMergeCommit":false,"messageTitle":"Add Delete Lecture Functionality","messageBody":"","fileTypesAndContributionMap":{"functional-code":{"insertions":102,"deletions":18},"test-code":{"insertions":11,"deletions":0}}},{"hash":"9eaa54ed8df78aa34750daaf678a3045da689c93","isMergeCommit":false,"messageTitle":"Add messages","messageBody":"","fileTypesAndContributionMap":{"functional-code":{"insertions":3,"deletions":3}}},{"hash":"101128f53234afd87b1d387461a6925a67660a0b","isMergeCommit":true,"messageTitle":"Fix conflicts in merge","messageBody":"","fileTypesAndContributionMap":{}},{"hash":"f9ab12758ced0d7c3dfb4af3197aa77c1c792626","isMergeCommit":false,"messageTitle":"Add Delete Video Functionality","messageBody":"","fileTypesAndContributionMap":{"functional-code":{"insertions":148,"deletions":18},"test-code":{"insertions":7,"deletions":1}}},{"hash":"cc6a66becd3966d48060e5fd7e60bf8838b530df","isMergeCommit":false,"messageTitle":"Add Clear Modules Functionality","messageBody":"","fileTypesAndContributionMap":{"functional-code":{"insertions":19,"deletions":3}}}]},{"date":"2023-03-17","commitResults":[{"hash":"e2a8f0eb040b4a1091a8bb15e909c1f16cb1e03c","isMergeCommit":false,"messageTitle":"Add Mark and Unmark Commands","messageBody":"","fileTypesAndContributionMap":{"functional-code":{"insertions":301,"deletions":1}}}]},{"date":"2023-03-20","commitResults":[{"hash":"2743a28b0ac674088cc41ebf7db5bbad842435cb","isMergeCommit":true,"messageTitle":"Merge pull request #121 from shaowi/user-guide","messageBody":"Update user guide for list command","fileTypesAndContributionMap":{}}]}],"lennoxtr":[{"date":"2023-02-24","commitResults":[{"hash":"1c81e89a1712d056269f35e23a5a2d4ee2fade1f","isMergeCommit":false,"messageTitle":"Update About-Us file","messageBody":"","fileTypesAndContributionMap":{"docs":{"insertions":4,"deletions":4}}},{"hash":"9caf5978fb3c0003df6dcc08c01fe05f4649d97b","isMergeCommit":false,"messageTitle":"Add details about team member (Khang Tran) to Abou-Us","messageBody":"","fileTypesAndContributionMap":{"docs":{"insertions":2,"deletions":1}}},{"hash":"207330fd44c3bc45e2cddcd6bd18884100349a87","isMergeCommit":false,"messageTitle":"Update Info about Team Member (Khang Tran)","messageBody":"","fileTypesAndContributionMap":{"docs":{"insertions":1,"deletions":1}}},{"hash":"fd4516cc521067745ce36fea7ac74fa447028a11","isMergeCommit":false,"messageTitle":"Change the name of About-Us file","messageBody":"","fileTypesAndContributionMap":{"docs":{"insertions":0,"deletions":0}}},{"hash":"e9eed2ba4c8b13b4dd43996eff3fb3c3ce6a783c","isMergeCommit":false,"messageTitle":"Update Team Member Info in About-Us","messageBody":"","fileTypesAndContributionMap":{"docs":{"insertions":2,"deletions":2}}}]},{"date":"2023-03-02","commitResults":[{"hash":"7e20fc36be5c411e0be13d0f72db5b10823a1cce","isMergeCommit":false,"messageTitle":"Add team member Khang Tran\u0027s details to PPP","messageBody":"","fileTypesAndContributionMap":{"docs":{"insertions":25,"deletions":32}}},{"hash":"c1f9f5a4c5d21ce24604bb4d7b6f5616cdf6d735","isMergeCommit":false,"messageTitle":"Add Tag and Delete Tag to Feature List in UG","messageBody":"","fileTypesAndContributionMap":{"docs":{"insertions":27,"deletions":0}}},{"hash":"5b14816eab2facc9d1889419d83021aec48ebd36","isMergeCommit":true,"messageTitle":"Merge pull request #58 from joytqt-1202/branch-developerGuide","messageBody":"Update Developer Guide","fileTypesAndContributionMap":{}}]},{"date":"2023-03-16","commitResults":[{"hash":"b93b395df728986d583470f93f6c8d00d414f375","isMergeCommit":false,"messageTitle":"Implement TagCommandParser and add ParseArgument","messageBody":"Use ParseArgument as an util class for parsing user argument into Mod, Lec, and Video\n","fileTypesAndContributionMap":{"functional-code":{"insertions":301,"deletions":28}}},{"hash":"93febf9299b21906d8c238fd709739329d808882","isMergeCommit":false,"messageTitle":"Implement TagCommand to execute tag command from user","messageBody":"","fileTypesAndContributionMap":{"functional-code":{"insertions":72,"deletions":30}}},{"hash":"916003421c15604f75cdbb1049fb925127e4c3b5","isMergeCommit":false,"messageTitle":"Add ParseArgument tests","messageBody":"","fileTypesAndContributionMap":{"functional-code":{"insertions":5,"deletions":5},"test-code":{"insertions":131,"deletions":0}}},{"hash":"addd504d979785300d110d64b9b3c7ef1d264726","isMergeCommit":false,"messageTitle":"Fix bugs in ParseArgument tests","messageBody":"","fileTypesAndContributionMap":{"functional-code":{"insertions":4,"deletions":1},"test-code":{"insertions":12,"deletions":1}}},{"hash":"f6d443d44a5652b8f5dc09b10ecca71edade716c","isMergeCommit":false,"messageTitle":"Handle exceptions in TagCommand","messageBody":"","fileTypesAndContributionMap":{"functional-code":{"insertions":66,"deletions":12}}},{"hash":"1794f3a8af031abe18b32c87dbee96200b36238e","isMergeCommit":false,"messageTitle":"Move implementation of hasVideo and hasLecture to Model class","messageBody":"","fileTypesAndContributionMap":{"functional-code":{"insertions":60,"deletions":58},"test-code":{"insertions":37,"deletions":8}}},{"hash":"b85f462eb518ea7e4937b8cd8e931571ab70c080","isMergeCommit":false,"messageTitle":"Implement Untag feature for Lecture, Module, and Video","messageBody":"","fileTypesAndContributionMap":{"functional-code":{"insertions":305,"deletions":1}}}]},{"date":"2023-03-17","commitResults":[{"hash":"2e4c2f082d209c409768d25043e92fcf79112b50","isMergeCommit":true,"messageTitle":"Merge branch \u0027A-Tag\u0027","messageBody":"# Conflicts:\n#\tsrc/main/java/seedu/address/logic/parser/AddressBookParser.java\n#\tsrc/main/java/seedu/address/logic/parser/CliSyntax.java\n#\tsrc/main/java/seedu/address/model/Model.java\n#\tsrc/main/java/seedu/address/model/ModelManager.java\n#\tsrc/test/java/seedu/address/logic/commands/AddCommandTest.java\n#\tsrc/test/java/seedu/address/logic/commands/CommandTestUtil.java\n","fileTypesAndContributionMap":{}},{"hash":"d6c2126236a0dd441566f328cc189af2f38bae30","isMergeCommit":false,"messageTitle":"Improve implementation of tag and untag","messageBody":"So that they don\u0027t require prefix of what is being tagged/ untagged\n","fileTypesAndContributionMap":{"functional-code":{"insertions":127,"deletions":51},"test-code":{"insertions":0,"deletions":1}}},{"hash":"2aba585f40bfee611171193d0743263ea1362d0c","isMergeCommit":true,"messageTitle":"Merge branch \u0027master\u0027 into A-ResolveConflict","messageBody":"","fileTypesAndContributionMap":{}},{"hash":"a8be069bf5049be43b4581e08eae9213bf1642b2","isMergeCommit":false,"messageTitle":"Fix checkstyle","messageBody":"","fileTypesAndContributionMap":{"functional-code":{"insertions":103,"deletions":98},"test-code":{"insertions":89,"deletions":127}}},{"hash":"877693523c95c2c54129e3f13501f32bfee9282e","isMergeCommit":true,"messageTitle":"Merge remote-tracking branch \u0027origin/A-ResolveConflict\u0027","messageBody":"# Conflicts:\n#\tsrc/main/java/seedu/address/model/Model.java\n","fileTypesAndContributionMap":{}}]},{"date":"2023-03-18","commitResults":[{"hash":"6d0beb2fe920be727b86e4748a24a4ea59c4199f","isMergeCommit":false,"messageTitle":"Mover parseSingleTag and parseMultiTags to ParseUtil","messageBody":"Remove need for ParseArgument\n\nUndo changes to Model as there may have been an artifact from resolving a merge conflict due to very outdated code.\n","fileTypesAndContributionMap":{"functional-code":{"insertions":186,"deletions":170},"test-code":{"insertions":10,"deletions":9}}},{"hash":"74c22a62fe380cd1b60414110085af071b5f1d97","isMergeCommit":true,"messageTitle":"Merge branch \u0027master\u0027 into master","messageBody":"","fileTypesAndContributionMap":{}},{"hash":"012cfbab11066f06967a5f84a1ad23783300fa36","isMergeCommit":false,"messageTitle":"Fix Import Order","messageBody":"","fileTypesAndContributionMap":{"functional-code":{"insertions":2,"deletions":2}}},{"hash":"2d99e6156d1d5c16981a96d4ab752f6575da079d","isMergeCommit":true,"messageTitle":"Merge branch \u0027master\u0027 of https://github.com/AY2223S2-CS2103-F10-2/tp","messageBody":"","fileTypesAndContributionMap":{}},{"hash":"c906f62e7c5fb91bdb7036bc2e06e6672b7dc0f0","isMergeCommit":false,"messageTitle":"Fix Build Error due to outdated classes","messageBody":"","fileTypesAndContributionMap":{"functional-code":{"insertions":8,"deletions":5},"test-code":{"insertions":8,"deletions":10}}},{"hash":"af0c5710e9f7a0fa7b874745bb3b1be383c3daac","isMergeCommit":false,"messageTitle":"Fix checkstyle","messageBody":"","fileTypesAndContributionMap":{"test-code":{"insertions":0,"deletions":6}}},{"hash":"a52247f9bb75d242383789805e6c84366a044172","isMergeCommit":false,"messageTitle":"Increase test coverage","messageBody":"","fileTypesAndContributionMap":{"functional-code":{"insertions":4,"deletions":0},"test-code":{"insertions":3,"deletions":3}}},{"hash":"0e0455d9086d0c59ac2fe7c05c73af14560a86c4","isMergeCommit":false,"messageTitle":"Move message errors in UntagCommand to common.Messages","messageBody":"","fileTypesAndContributionMap":{"functional-code":{"insertions":27,"deletions":16}}},{"hash":"6dedabebb945f103148e1fbe33ddfd7e12c42e55","isMergeCommit":false,"messageTitle":"remove outdated test file","messageBody":"","fileTypesAndContributionMap":{"test-code":{"insertions":0,"deletions":81}}},{"hash":"fb852c7be4f35f056ee301f9d9b374799af862c6","isMergeCommit":false,"messageTitle":"Removed unused TagCommandParserTest file","messageBody":"","fileTypesAndContributionMap":{"test-code":{"insertions":0,"deletions":25}}},{"hash":"58fab50b5141c684d01762d4eb10c1f5050214a1","isMergeCommit":true,"messageTitle":"Merge pull request #118 from shaowi/list-command-bug-fix","messageBody":"Fix error on list command","fileTypesAndContributionMap":{}},{"hash":"281655d7be5b8b762d7394c871b6c4e788001058","isMergeCommit":false,"messageTitle":"Update parsing of Tags","messageBody":"to show user which tag has incorrect format\n","fileTypesAndContributionMap":{"functional-code":{"insertions":43,"deletions":36}}}]},{"date":"2023-03-20","commitResults":[{"hash":"d50b3ebed64a7c2833bce5c6d4e82a14aeb1911c","isMergeCommit":false,"messageTitle":"Add unit test for TagCommand, TagCommandParser, UntagCommandParse, and ParseUtil","messageBody":"","fileTypesAndContributionMap":{"functional-code":{"insertions":107,"deletions":40},"test-code":{"insertions":527,"deletions":3}}},{"hash":"3d88f7f781765b2215aa56d76fd506716536a0e6","isMergeCommit":false,"messageTitle":"Add unit test for UntagCommand","messageBody":"","fileTypesAndContributionMap":{"functional-code":{"insertions":9,"deletions":3},"test-code":{"insertions":245,"deletions":2}}},{"hash":"35cbaa097ce45ff86737440ba5d6a5d3756bfed5","isMergeCommit":false,"messageTitle":"Fix checkstyle errors","messageBody":"","fileTypesAndContributionMap":{"test-code":{"insertions":85,"deletions":81}}},{"hash":"3c0f170b1f7cce73c9e533978fadde60dab523e1","isMergeCommit":true,"messageTitle":"Merge branch \u0027master\u0027 of https://github.com/AY2223S2-CS2103-F10-2/tp","messageBody":"","fileTypesAndContributionMap":{}},{"hash":"aa8dfbea480f472461dd34582fab29a8dbbc32d8","isMergeCommit":false,"messageTitle":"Fix build error due to mutability of TypicalModule, TypicalLecture","messageBody":"","fileTypesAndContributionMap":{"test-code":{"insertions":84,"deletions":35}}},{"hash":"0f622a1713a6e995da0fce9e70f1f74b5deea085","isMergeCommit":false,"messageTitle":"Fix build error caused by Model\u0027s mutability","messageBody":"","fileTypesAndContributionMap":{"test-code":{"insertions":81,"deletions":12}}},{"hash":"3eb399366cbda8237012dc5bc5a38130b501a2c8","isMergeCommit":false,"messageTitle":"Move ModelStub in TagCommandTest and UntagCommandTest to end of file","messageBody":"Change empty tag message to follow naming convention\n","fileTypesAndContributionMap":{"functional-code":{"insertions":6,"deletions":6},"test-code":{"insertions":166,"deletions":167}}},{"hash":"f339a596a3c4c3c85754e06ad49267f781af304a","isMergeCommit":false,"messageTitle":"fixed bugs in UntagCommand","messageBody":"","fileTypesAndContributionMap":{"functional-code":{"insertions":3,"deletions":3},"test-code":{"insertions":0,"deletions":1}}},{"hash":"0e3ad78f11bee97491b566583aa7aa9fcc92f5c1","isMergeCommit":false,"messageTitle":"Update the user guide with new tag and untag commands","messageBody":"","fileTypesAndContributionMap":{"functional-code":{"insertions":38,"deletions":5},"docs":{"insertions":74,"deletions":15}}},{"hash":"6e68f4c4da415ecc1301dc4938f297e02f3121fb","isMergeCommit":false,"messageTitle":"Change User Guide to include optional fields for tag and untag commands","messageBody":"","fileTypesAndContributionMap":{"docs":{"insertions":29,"deletions":20}}},{"hash":"578fb5d07635ea923327d5be0aea1e515ca17b84","isMergeCommit":false,"messageTitle":"Remove typos in User Guide","messageBody":"","fileTypesAndContributionMap":{"docs":{"insertions":6,"deletions":6}}}]}],"jedidiahC":[{"date":"2023-02-24","commitResults":[{"hash":"56d7a0c4ad9863e512e335d03d3b1bbc15ff6f73","isMergeCommit":false,"messageTitle":"Add team member (JC) details to about us","messageBody":"","fileTypesAndContributionMap":{"docs":{"insertions":4,"deletions":4}}},{"hash":"f0c5d7fbeebaf54c0c89dbe04379621419f47fef","isMergeCommit":false,"messageTitle":"Update about me image file name","messageBody":"","fileTypesAndContributionMap":{"docs":{"insertions":1,"deletions":1}}}]},{"date":"2023-02-25","commitResults":[{"hash":"746be1bf8f09e10edaa9bf96d17ebf8fa9958713","isMergeCommit":true,"messageTitle":"Merge pull request #55 from hingen/update-ug","messageBody":"Update UG","fileTypesAndContributionMap":{}}]},{"date":"2023-03-02","commitResults":[{"hash":"4d99a4cd059b600beea86d0137e64274e4d1122e","isMergeCommit":false,"messageTitle":"Update README.md","messageBody":"","fileTypesAndContributionMap":{"docs":{"insertions":8,"deletions":10}}},{"hash":"afb0e7af53c586b36e1bc54005db9c0db0ea52d0","isMergeCommit":false,"messageTitle":"Update UserGuide.md with listing and progress","messageBody":"","fileTypesAndContributionMap":{"docs":{"insertions":29,"deletions":0}}},{"hash":"724221f1a1a24369cdde8638264beb33dfdba095","isMergeCommit":false,"messageTitle":"Add skeletal PPP for jedidiah.md","messageBody":"","fileTypesAndContributionMap":{"docs":{"insertions":31,"deletions":0}}},{"hash":"032d20ac7df5d3aacbec265dc63ca2500efb1448","isMergeCommit":false,"messageTitle":"Rename jedidiah.md to jedidiahC.md","messageBody":"","fileTypesAndContributionMap":{"docs":{"insertions":1,"deletions":1}}}]},{"date":"2023-03-03","commitResults":[{"hash":"6ea90bd88fd9980c4758039599e87fcb5e0e3913","isMergeCommit":false,"messageTitle":"Remove jedidiahC.md for correction","messageBody":"","fileTypesAndContributionMap":{"docs":{"insertions":0,"deletions":31}}},{"hash":"2cd3afb06143f99cf3aac82a6eb458af45c65148","isMergeCommit":false,"messageTitle":"Amend jedidiahc.md to be lower-case","messageBody":"","fileTypesAndContributionMap":{"docs":{"insertions":32,"deletions":1}}}]},{"date":"2023-03-14","commitResults":[{"hash":"e774676b121440612e8f9000d21ec2fc873ba588","isMergeCommit":true,"messageTitle":"Merge pull request #95 from hingen/update-model","messageBody":"Partial model update","fileTypesAndContributionMap":{}}]},{"date":"2023-03-15","commitResults":[{"hash":"01be353b3805cd8b0578ebcc75acfc2bab2e27cb","isMergeCommit":false,"messageTitle":"Add basic navigation functionality","messageBody":"","fileTypesAndContributionMap":{"functional-code":{"insertions":580,"deletions":2},"test-code":{"insertions":54,"deletions":0}}},{"hash":"716e90d5e254517d402be0dd8876df8ba7a300ab","isMergeCommit":false,"messageTitle":"Add Javadoc comments and fix checkstyle violations","messageBody":"","fileTypesAndContributionMap":{"functional-code":{"insertions":98,"deletions":20}}},{"hash":"f9bcba3e84125b35ad5cf4d4a61972bf89d36757","isMergeCommit":false,"messageTitle":"Fix AddCommandTest checkstyle violation","messageBody":"","fileTypesAndContributionMap":{"test-code":{"insertions":10,"deletions":10}}},{"hash":"02332d77af91f5ebc28382df0a0f9d24f3c63070","isMergeCommit":true,"messageTitle":"Merge branch \u0027master\u0027 into navigation-context","messageBody":"","fileTypesAndContributionMap":{}},{"hash":"62f8f4bdd43c6cd53ccaaa2ae12d42ec7d180239","isMergeCommit":true,"messageTitle":"Merge pull request #94 from shaowi/list-command","messageBody":"Modified List command","fileTypesAndContributionMap":{}},{"hash":"7739f7e1a297dd9194ba375048422c1d1a974519","isMergeCommit":true,"messageTitle":"Merge branch \u0027master\u0027 into navigation-context","messageBody":"# Conflicts:\n#\tsrc/main/java/seedu/address/logic/parser/CliSyntax.java\n#\tsrc/main/java/seedu/address/model/ModelManager.java\n","fileTypesAndContributionMap":{}},{"hash":"c99d021f96b61643beddf502004802175d01b82f","isMergeCommit":false,"messageTitle":"Remove ModelManager equals() check for navigation","messageBody":"","fileTypesAndContributionMap":{"functional-code":{"insertions":1,"deletions":2}}},{"hash":"f0595745a6a2e9e7571f310850bf31e625c76235","isMergeCommit":true,"messageTitle":"Merge pull request #100 from hingen/update-model","messageBody":"Update models and storage package classes","fileTypesAndContributionMap":{}}]},{"date":"2023-03-16","commitResults":[{"hash":"b6c755e4ae56d1cdfdeea79e243ed9acf21fa7fd","isMergeCommit":true,"messageTitle":"Merge pull request #102 from hingen/add-add-command","messageBody":"Add add commands","fileTypesAndContributionMap":{}},{"hash":"88b7eaef405aa84c8857ec403f15f7923366c709","isMergeCommit":false,"messageTitle":"Add module listing UI","messageBody":"","fileTypesAndContributionMap":{"functional-code":{"insertions":174,"deletions":18}}},{"hash":"dce976d4511df811619037e87a82915eb407695e","isMergeCommit":false,"messageTitle":"Add Javadocs for ModuleListPanel","messageBody":"","fileTypesAndContributionMap":{"functional-code":{"insertions":4,"deletions":3}}},{"hash":"58e1b32fb54d2e9922990db4e82a842c5d4f1580","isMergeCommit":false,"messageTitle":"Remove unused UI classes","messageBody":"","fileTypesAndContributionMap":{"functional-code":{"insertions":0,"deletions":126}}},{"hash":"e7c53014f63dd2ba89d731500299a1acdd05e88c","isMergeCommit":false,"messageTitle":"Add logging for post-injection command","messageBody":"","fileTypesAndContributionMap":{"functional-code":{"insertions":5,"deletions":1}}},{"hash":"61ff4da3b2ab314786a337fa86181f54e0c5a977","isMergeCommit":false,"messageTitle":"Add equality check for navigation model","messageBody":"","fileTypesAndContributionMap":{"functional-code":{"insertions":39,"deletions":3}}},{"hash":"8e9d6c6b5e216a37646dea77d13bfa8e267c2a12","isMergeCommit":false,"messageTitle":"Add NavigationTest and NavigationContextTest","messageBody":"","fileTypesAndContributionMap":{"functional-code":{"insertions":2,"deletions":1},"test-code":{"insertions":123,"deletions":0}}},{"hash":"818a3cb92bc9af7abc817828d971ab78a7bfa7c7","isMergeCommit":false,"messageTitle":"Reorder import order in NavigationContextTest","messageBody":"","fileTypesAndContributionMap":{"test-code":{"insertions":4,"deletions":2}}}]},{"date":"2023-03-18","commitResults":[{"hash":"2edca438d3ed417166b59cb12e211b683a5d547a","isMergeCommit":false,"messageTitle":"Add tests for NavigationTest","messageBody":"","fileTypesAndContributionMap":{"test-code":{"insertions":36,"deletions":5}}},{"hash":"b45ce45aef0c161825e0e898f6b227cc659ffde7","isMergeCommit":false,"messageTitle":"Add tests for nav commands","messageBody":"","fileTypesAndContributionMap":{"test-code":{"insertions":421,"deletions":0}}}]},{"date":"2023-03-19","commitResults":[{"hash":"2420f98eee3012e7d93c1cb2365a468640b3cfba","isMergeCommit":false,"messageTitle":"Add nav command information to UserGuide.md","messageBody":"","fileTypesAndContributionMap":{"docs":{"insertions":30,"deletions":2}}},{"hash":"9869a6484043b8207b9e63bd51ec5a9a375a59fd","isMergeCommit":true,"messageTitle":"Merge branch \u0027master\u0027 into navigation-context","messageBody":"","fileTypesAndContributionMap":{}},{"hash":"c898c6338697ed599ecf56f0d73e296915119065","isMergeCommit":false,"messageTitle":"Add nav command parser tests","messageBody":"","fileTypesAndContributionMap":{"functional-code":{"insertions":34,"deletions":1},"test-code":{"insertions":57,"deletions":0}}},{"hash":"da90eacd1956b5aea8836f338e719420d9f2ad79","isMergeCommit":false,"messageTitle":"Fix checkstyle violations in NavCommandParserTest","messageBody":"","fileTypesAndContributionMap":{"test-code":{"insertions":2,"deletions":3}}}]},{"date":"2023-03-20","commitResults":[{"hash":"bf655ed7991b5969b6e9004e41fb357dae4355ed","isMergeCommit":true,"messageTitle":"Merge pull request #157 from shaowi/find-command","messageBody":"Find command","fileTypesAndContributionMap":{}}]},{"date":"2023-03-21","commitResults":[{"hash":"16321f42b07c0e3174c3650d12338601f3a4e10f","isMergeCommit":true,"messageTitle":"Merge pull request #167 from hingen/remove_unused_code","messageBody":"Remove unused code","fileTypesAndContributionMap":{}}]}]},"authorFileTypeContributionMap":{"hingen":{"docs":132,"functional-code":3533,"test-code":4682,"other":1},"shaowi":{"docs":222,"functional-code":982,"test-code":192,"other":1},"joytqt-1202":{"docs":257,"functional-code":623,"test-code":16},"lennoxtr":{"docs":117,"functional-code":768,"test-code":870},"jedidiahC":{"docs":83,"functional-code":888,"test-code":633}},"authorContributionVariance":{"hingen":1248849.2,"shaowi":43767.11,"joytqt-1202":12683.45,"lennoxtr":150494.19,"jedidiahC":29543.275},"authorDisplayNameMap":{"hingen":"CS2103-F10-2 HING..DICT","shaowi":"CS2103-F10-2 LEE .. WEE","joytqt-1202":"CS2103-F10-2 JOY ..TONG","lennoxtr":"CS2103-F10-2 TRAN..HANG","jedidiahC":"CS2103-F10-2 CHEN..DIAH"}}
