{"authorDailyContributionsMap":{"kimberlybp":[{"date":"2023-03-01","commitResults":[{"hash":"9901b98383ab86effe8a2dc3f65c78a706846745","isMergeCommit":false,"messageTitle":"Update AboutUs","messageBody":"","fileTypesAndContributionMap":{"docs":{"insertions":4,"deletions":4}}},{"hash":"10292ae244173d888b8253512d63e7bfe4cbe694","isMergeCommit":false,"messageTitle":"Add ppp draft","messageBody":"","fileTypesAndContributionMap":{"docs":{"insertions":47,"deletions":0}}},{"hash":"4ce3df2aca61c4d2c3db85928ac5a6d4555e9641","isMergeCommit":true,"messageTitle":"Merge pull request #8 from kimberlybp/branch-add-info","messageBody":"Update AboutUs","fileTypesAndContributionMap":{}}]},{"date":"2023-03-05","commitResults":[{"hash":"181524ddb0c2f7456eefa0f342eb2f7880324cf4","isMergeCommit":false,"messageTitle":"Adapt user guide for AutoM8","messageBody":"","fileTypesAndContributionMap":{"docs":{"insertions":154,"deletions":85}}},{"hash":"be2378a24b88670c7a59460d0ab8cc4787b84530","isMergeCommit":false,"messageTitle":"Resolve checkstyle errors","messageBody":"","fileTypesAndContributionMap":{"docs":{"insertions":15,"deletions":15}}},{"hash":"a65013184ad662f6ee7040e8e7d17108a202e22c","isMergeCommit":true,"messageTitle":"Merge pull request #32 from kimberlybp/branch-update-userguide","messageBody":"Initial User Guide Update","fileTypesAndContributionMap":{}}]},{"date":"2023-03-06","commitResults":[{"hash":"8b2462fb5f4fd4f207f622ecbbbc083007c05765","isMergeCommit":false,"messageTitle":"Update AboutUs to remove placeholder text and add missing png","messageBody":"","fileTypesAndContributionMap":{"docs":{"insertions":1,"deletions":21}}},{"hash":"4cfc963440506ebf2eb952574971a8a9ce804505","isMergeCommit":false,"messageTitle":"Update README","messageBody":"","fileTypesAndContributionMap":{"docs":{"insertions":7,"deletions":12}}},{"hash":"d725fe78c83cacbcbc52b29f08d2daa6188c802a","isMergeCommit":false,"messageTitle":"Update product site configs and info","messageBody":"","fileTypesAndContributionMap":{"docs":{"insertions":7,"deletions":7}}},{"hash":"fc57148cc0a0d384d620313049b1078ca6dc05bb","isMergeCommit":true,"messageTitle":"Merge pull request #33 from kimberlybp/branch-update-website-docs","messageBody":"Update website docs and product site configs","fileTypesAndContributionMap":{}}]},{"date":"2023-03-13","commitResults":[{"hash":"17f22b8c87c6461acc664585fe96cfadf70ffb70","isMergeCommit":false,"messageTitle":"Update structs to have objects with nested objects to use hashSet of object ids","messageBody":"","fileTypesAndContributionMap":{"functional-code":{"insertions":111,"deletions":64}}},{"hash":"fbb36edea9234d17c5acbf2c94c59538614743fb","isMergeCommit":true,"messageTitle":"Merge remote-tracking branch \u0027origin/master\u0027 into branch-update-structs","messageBody":"","fileTypesAndContributionMap":{}},{"hash":"4210c84d6320b0205759aae02ec947c2c864e9ae","isMergeCommit":false,"messageTitle":"Fixes for Appointment class","messageBody":"","fileTypesAndContributionMap":{"functional-code":{"insertions":1,"deletions":3}}},{"hash":"ac334c88a034df2e0a435c7ee4493d016191069c","isMergeCommit":false,"messageTitle":"Fix shell checks","messageBody":"","fileTypesAndContributionMap":{"functional-code":{"insertions":1,"deletions":1},"docs":{"insertions":23,"deletions":23}}},{"hash":"4c97fde780c1b872dcf995a6a8ead2d13f6b4c1d","isMergeCommit":false,"messageTitle":"Fix Service and Vehicle class from merge conflict resolve","messageBody":"","fileTypesAndContributionMap":{"functional-code":{"insertions":7,"deletions":9}}},{"hash":"17a818b2e5229c7af001693878d400fc5fe02ef6","isMergeCommit":false,"messageTitle":"Fix checkstyle","messageBody":"","fileTypesAndContributionMap":{"functional-code":{"insertions":2,"deletions":1},"test-code":{"insertions":1,"deletions":1}}},{"hash":"e4796852ccc76f450eee1fae3eeedbc0f2dbe12a","isMergeCommit":false,"messageTitle":"Comment out some StringUtil tests for now","messageBody":"","fileTypesAndContributionMap":{"test-code":{"insertions":16,"deletions":15}}}]},{"date":"2023-03-14","commitResults":[{"hash":"f6487a970c9235bbf2d145fbdd265385f3a3c7ab","isMergeCommit":false,"messageTitle":"Implement immutable lists for Customer, Vehicle, Technician and Service","messageBody":"","fileTypesAndContributionMap":{"functional-code":{"insertions":716,"deletions":54},"other":{"insertions":30,"deletions":2}}},{"hash":"04763fba221c10f9ae96a5a841d9db6a82f73063","isMergeCommit":false,"messageTitle":"Extract out VehicleType enum","messageBody":"","fileTypesAndContributionMap":{"functional-code":{"insertions":34,"deletions":8}}},{"hash":"4aa061b8ddb0eba8492f3e44f29fb1a2af76ca7a","isMergeCommit":false,"messageTitle":"Fix checkstyle","messageBody":"","fileTypesAndContributionMap":{"functional-code":{"insertions":65,"deletions":42}}},{"hash":"f2befe3c37cca41b4d43e4da33ac433300eac20b","isMergeCommit":true,"messageTitle":"Merge pull request #42 from kimberlybp/branch-update-shop","messageBody":"","fileTypesAndContributionMap":{}},{"hash":"5d7e8fbab7323a155b0c12bf0e9b3bac1d9255ce","isMergeCommit":false,"messageTitle":"Add Shop customer and vehicle storage handlers, update necessary classes","messageBody":"","fileTypesAndContributionMap":{"functional-code":{"insertions":584,"deletions":30}}},{"hash":"2dc3ef02b48c9bcb463ed97e56378db18683d5de","isMergeCommit":false,"messageTitle":"Resolve Checkstyle main files","messageBody":"","fileTypesAndContributionMap":{"functional-code":{"insertions":62,"deletions":52}}},{"hash":"25df35201c00cd150cbbbab80a05a7607c8b94fa","isMergeCommit":false,"messageTitle":"Resolve test files accordingly due to existing address book class extensions","messageBody":"","fileTypesAndContributionMap":{"test-code":{"insertions":42,"deletions":25}}}]},{"date":"2023-03-15","commitResults":[{"hash":"e397453ba66bb32494b7e349a53bfb4bdd1772a0","isMergeCommit":true,"messageTitle":"Merge pull request #47 from kimberlybp/branch-update-storage","messageBody":"Storage update v1","fileTypesAndContributionMap":{}},{"hash":"b4bcd47a001e96563201b382d91f129fc00c40b8","isMergeCommit":false,"messageTitle":"Add Shop service and part storage handlers, Modify Service and Part structs","messageBody":"","fileTypesAndContributionMap":{"functional-code":{"insertions":511,"deletions":68}}},{"hash":"652fb83c4c105e8c3329ca0a697eef7b09612df8","isMergeCommit":true,"messageTitle":"Merge pull request #54 from ginloy/simplify-part","messageBody":"PartMap modifications done and Part deleted","fileTypesAndContributionMap":{}},{"hash":"01ce84d6366f2388b2b62727a71ba7c3ccc8570a","isMergeCommit":true,"messageTitle":"Merge pull request #52 from junlee1991/branch-undoRedo","messageBody":"Add undo and redo feature","fileTypesAndContributionMap":{}}]},{"date":"2023-03-16","commitResults":[{"hash":"602f8cb7f7485988e61275c3aa4193e1b1480f1c","isMergeCommit":false,"messageTitle":"Fix all files that used deprecated Part class","messageBody":"","fileTypesAndContributionMap":{"functional-code":{"insertions":217,"deletions":198},"test-code":{"insertions":2,"deletions":3}}},{"hash":"4c6adee6d23b07e152f936d005b8bb776e22d85d","isMergeCommit":true,"messageTitle":"Merge remote-tracking branch \u0027origin/master\u0027 into simplify-part","messageBody":"","fileTypesAndContributionMap":{}}]},{"date":"2023-03-17","commitResults":[{"hash":"1963f49439ceab72a59f52a9c3d0c25736e0a9e4","isMergeCommit":false,"messageTitle":"Fix logic for increasePartQuantity in PartMap","messageBody":"","fileTypesAndContributionMap":{"functional-code":{"insertions":8,"deletions":1}}},{"hash":"be124ea87d00f8227fc38a3b054fff918f4f5b1d","isMergeCommit":false,"messageTitle":"Minor fixes and additions for PartMap JavaDocs","messageBody":"","fileTypesAndContributionMap":{"functional-code":{"insertions":5,"deletions":3}}}]},{"date":"2023-03-18","commitResults":[{"hash":"27daedd4b953953f3218a640157aafcf93a7d6e3","isMergeCommit":true,"messageTitle":"Merge pull request #72 from AY2223S2-CS2103-W17-4/branch-setIdUsed","messageBody":"Add setIdUsed methods","fileTypesAndContributionMap":{}}]}],"ginloy":[{"date":"2023-02-17","commitResults":[{"hash":"cc1ce7f46ad953c8e72acdaa063c7cf87515e909","isMergeCommit":false,"messageTitle":"Add utility classes","messageBody":"Either monad, basic pair class, parser combinator, string utility functions.\n","fileTypesAndContributionMap":{"functional-code":{"insertions":863,"deletions":6}}},{"hash":"9bf7667b73ff482477039fe46b3c2b1d83354014","isMergeCommit":false,"messageTitle":"Move parsec package into util.monad","messageBody":"","fileTypesAndContributionMap":{"other":{"insertions":2,"deletions":2}}}]},{"date":"2023-03-01","commitResults":[{"hash":"e6615f684e4af958b55b5f10189c619811203a8f","isMergeCommit":false,"messageTitle":"Add image and edit AboutUs.md","messageBody":"","fileTypesAndContributionMap":{"docs":{"insertions":50,"deletions":4}}},{"hash":"c108a1a2ec879a34e3a560c3f048b0855e02b4aa","isMergeCommit":true,"messageTitle":"Merge pull request #7 from ginloy/add-LeowLiYong-info","messageBody":"Add image and edit AboutUs.md","fileTypesAndContributionMap":{}}]},{"date":"2023-03-12","commitResults":[{"hash":"d9d887430f9c653237ccc6a309871c0f24a7a600","isMergeCommit":true,"messageTitle":"Merge pull request #3","messageBody":"Add utility classes","fileTypesAndContributionMap":{}},{"hash":"7d850a6376ebe0e683c54c175566ff68e5e26761","isMergeCommit":false,"messageTitle":"Add customer, vehicle, service logic, command not yet implemented","messageBody":"","fileTypesAndContributionMap":{"functional-code":{"insertions":98,"deletions":5}}},{"hash":"9faca4f1f85b7d5234172f54f2096cc5c3577089","isMergeCommit":false,"messageTitle":"Remove vehicle from service","messageBody":"Vehicle should contain service not the other way round.\n","fileTypesAndContributionMap":{"functional-code":{"insertions":26,"deletions":43}}},{"hash":"11a69504e8c7b12f69a633c7eaf6826c6fde2cf5","isMergeCommit":false,"messageTitle":"Add indenting function for strings and tests","messageBody":"","fileTypesAndContributionMap":{"functional-code":{"insertions":19,"deletions":0},"test-code":{"insertions":25,"deletions":0}}},{"hash":"3f425af5315c95c757e01cef013b1c884618f7e9","isMergeCommit":false,"messageTitle":"Override toString method of service","messageBody":"","fileTypesAndContributionMap":{"functional-code":{"insertions":45,"deletions":1}}},{"hash":"bb821e8521525c0184a56431ae9f9b838fff7865","isMergeCommit":false,"messageTitle":"Forgot to indent","messageBody":"","fileTypesAndContributionMap":{"functional-code":{"insertions":3,"deletions":2}}},{"hash":"7422c91b009d2016e6da69f75b2c1e264db01f96","isMergeCommit":false,"messageTitle":"Add PartMap \u0026\u0026 fix some checkstyle issues","messageBody":"","fileTypesAndContributionMap":{"functional-code":{"insertions":75,"deletions":9},"other":{"insertions":2,"deletions":2}}},{"hash":"64f21887fa5cde1d730a83501fb223d320239fb4","isMergeCommit":false,"messageTitle":"Delete unused class","messageBody":"","fileTypesAndContributionMap":{"functional-code":{"insertions":2,"deletions":5}}},{"hash":"dfe0fa8376129ff57623e490cdef4ac07f4c9315","isMergeCommit":false,"messageTitle":"Add appointment and partmap to shop","messageBody":"Logic is done I think.\n","fileTypesAndContributionMap":{"functional-code":{"insertions":63,"deletions":8}}}]},{"date":"2023-03-13","commitResults":[{"hash":"cb3bbff9c41a77c5e8ac8a86fdbef5260387a6ae","isMergeCommit":false,"messageTitle":"Modify customer to store vehicle ids instead of vehicles, override toString","messageBody":"","fileTypesAndContributionMap":{"functional-code":{"insertions":85,"deletions":30}}},{"hash":"e13ba3f79fd6ca963c790cc8edae2e0549dd875c","isMergeCommit":false,"messageTitle":"Add prefixes","messageBody":"","fileTypesAndContributionMap":{"functional-code":{"insertions":14,"deletions":1}}},{"hash":"11b0ee032020da8630385cd47553685610096345","isMergeCommit":true,"messageTitle":"Merge pull request #41","messageBody":"Add command prefixes","fileTypesAndContributionMap":{}}]},{"date":"2023-03-14","commitResults":[{"hash":"a2b4fd5108a1f959db9c804a6919cbedda4aa569","isMergeCommit":false,"messageTitle":"Add commands acting on shop model interface","messageBody":"","fileTypesAndContributionMap":{"functional-code":{"insertions":465,"deletions":8}}},{"hash":"c914bfc5154cd3c8afd948963b6abf86282a6be0","isMergeCommit":false,"messageTitle":"Need ShopCommand to extends Command so that Parser can take it in","messageBody":"This is bad but whatever\n","fileTypesAndContributionMap":{"functional-code":{"insertions":46,"deletions":3}}},{"hash":"ab51f7cc475d66abea48b03d0c9bbfe3fb1695fb","isMergeCommit":true,"messageTitle":"Merge remote-tracking branch \u0027upstream/master\u0027 into add-customer-vehicle-service","messageBody":"# Conflicts:\n#\tsrc/main/java/seedu/address/model/service/Service.java\n","fileTypesAndContributionMap":{}},{"hash":"b406397c38ba5a7ec4771c8936dbac5773d35b56","isMergeCommit":false,"messageTitle":"Fix errors","messageBody":"","fileTypesAndContributionMap":{"functional-code":{"insertions":2,"deletions":10}}},{"hash":"a79fa38951949d4071c182ab630e419f0e6a4da8","isMergeCommit":false,"messageTitle":"Shift ShopModel methods to Model and ModelManager","messageBody":"","fileTypesAndContributionMap":{"functional-code":{"insertions":229,"deletions":177}}}]},{"date":"2023-03-15","commitResults":[{"hash":"2da7a3d530689c31492fbea82f7dfbde0c73cccf","isMergeCommit":false,"messageTitle":"Add Command parser outline","messageBody":"","fileTypesAndContributionMap":{"functional-code":{"insertions":58,"deletions":0}}},{"hash":"533aa565c83cb36a5b0d06d0f6aed77bef341b47","isMergeCommit":true,"messageTitle":"Merge branch \u0027master\u0027 of https://github.com/AY2223S2-CS2103-W17-4/tp into add-customer-vehicle-service","messageBody":"","fileTypesAndContributionMap":{}},{"hash":"5f958e732f9a9c066579ae0398c0dc63bba2c809","isMergeCommit":true,"messageTitle":"Merge pull request #48 from kimberlybp/branch-update-storage","messageBody":"Update storage v1.1","fileTypesAndContributionMap":{}},{"hash":"4ee5da6c2d6ed60b36e22e2be67ed6dbf36cfe21","isMergeCommit":true,"messageTitle":"Merge branch \u0027master\u0027 of github.com:AY2223S2-CS2103-W17-4/tp into add-customer-vehicle-service","messageBody":"","fileTypesAndContributionMap":{}},{"hash":"c4bd5b1e5c4c6cc7eb8551316e7dcbf19c375353","isMergeCommit":false,"messageTitle":"Add static ID generator","messageBody":"","fileTypesAndContributionMap":{"functional-code":{"insertions":57,"deletions":0}}},{"hash":"c297154ba4650507debdbbb8da01574283992d14","isMergeCommit":false,"messageTitle":"Used IDs setter","messageBody":"","fileTypesAndContributionMap":{"functional-code":{"insertions":12,"deletions":0}}},{"hash":"58b07c663c8c83d32e0c5323075681e32a08724b","isMergeCommit":false,"messageTitle":"Remove unused import","messageBody":"","fileTypesAndContributionMap":{"functional-code":{"insertions":0,"deletions":1}}},{"hash":"f1429dec99d83c9c8b29201a6c82ac619036cc1c","isMergeCommit":true,"messageTitle":"Merge pull request #49","messageBody":"Static ID generator","fileTypesAndContributionMap":{}},{"hash":"c68697daa64e8a71e9db839d2f8c9f7f47384bd3","isMergeCommit":false,"messageTitle":"Part modifications","messageBody":"","fileTypesAndContributionMap":{"functional-code":{"insertions":22,"deletions":189}}}]},{"date":"2023-03-16","commitResults":[{"hash":"c5003b7c2cb57866417e9082017fd98c8599971e","isMergeCommit":false,"messageTitle":"Add serializable non static ID generator state","messageBody":"- save(Path path) and load(Path path) to save and load state.\n- Added tests and fixed some bugs\n","fileTypesAndContributionMap":{"functional-code":{"insertions":172,"deletions":68},"test-code":{"insertions":62,"deletions":0}}},{"hash":"18c6610af84595e052442f81d493562af1a80759","isMergeCommit":false,"messageTitle":"Add customer, vehicle, service parsers WIP","messageBody":"","fileTypesAndContributionMap":{"functional-code":{"insertions":235,"deletions":60}}},{"hash":"13555ec6dfd28e0a56283abe3d860b5c5c8dace9","isMergeCommit":true,"messageTitle":"Merge remote-tracking branch \u0027origin/add-customer-vehicle-service\u0027 into add-customer-vehicle-service","messageBody":"","fileTypesAndContributionMap":{}},{"hash":"f62784338c23f76089394395f46b605bf67d5f63","isMergeCommit":true,"messageTitle":"Merge pull request #57 from ginloy/add-customer-vehicle-service","messageBody":"Shift wip stuff","fileTypesAndContributionMap":{}},{"hash":"1673e636e15b33b03839aafd2a4f1e22d5cee71e","isMergeCommit":false,"messageTitle":"Add time and date parser utilities","messageBody":"Also added tests for parsers\n","fileTypesAndContributionMap":{"functional-code":{"insertions":63,"deletions":9},"test-code":{"insertions":46,"deletions":2}}},{"hash":"e7c162a78149045cbae2af67664f186d7b239236","isMergeCommit":false,"messageTitle":"Change IdGeneratorState to package-private","messageBody":"","fileTypesAndContributionMap":{"functional-code":{"insertions":1,"deletions":1}}},{"hash":"9f57b8d33c4532b45206ad9d59e9541d562867ce","isMergeCommit":true,"messageTitle":"Merge pull request #56","messageBody":"Add ID generator state","fileTypesAndContributionMap":{}},{"hash":"799eca5b4073b4d30a9b518abb14bb1efb6c40b9","isMergeCommit":false,"messageTitle":"Add appointment id","messageBody":"- IdGen can generate appointment ids\n- Also fixed some javaDoc errors\n- Add test for generateAppointmentId\n","fileTypesAndContributionMap":{"functional-code":{"insertions":31,"deletions":11},"test-code":{"insertions":13,"deletions":1}}},{"hash":"ccab8e7994fd68c55c292e56799ccdf02ca331b9","isMergeCommit":true,"messageTitle":"Merge pull request #58","messageBody":"Add appointment id","fileTypesAndContributionMap":{}},{"hash":"fafcbffc6fabaab79678358939b456368a826702","isMergeCommit":true,"messageTitle":"Merge branch \u0027master\u0027 into branch-add","messageBody":"","fileTypesAndContributionMap":{}},{"hash":"f78d747ebd99c7df823048c23ca9264ee891e51d","isMergeCommit":false,"messageTitle":"Add AddAppointmentCommandParser, fix other parsers not implementing Parser","messageBody":"","fileTypesAndContributionMap":{"functional-code":{"insertions":61,"deletions":5}}},{"hash":"d4050c2748e3ca1edbb3ad30bdf5fb28b0a7edf8","isMergeCommit":false,"messageTitle":"ID generator now sets ID of failed add commands to unused","messageBody":"","fileTypesAndContributionMap":{"functional-code":{"insertions":8,"deletions":2}}},{"hash":"5df26e72f2ba815adaec6d13c040929ac766e53c","isMergeCommit":false,"messageTitle":"Add add commands to main parser","messageBody":"","fileTypesAndContributionMap":{"functional-code":{"insertions":15,"deletions":0}}}]},{"date":"2023-03-17","commitResults":[{"hash":"60f9712a8aa48100b7c9d99b10143d8c2b0ca59b","isMergeCommit":true,"messageTitle":"Merge pull request #61 from AY2223S2-CS2103-W17-4/simplify-part","messageBody":"Remove Part class","fileTypesAndContributionMap":{}},{"hash":"a637cef5853a6711a221efdb3aed1a942e89b9f6","isMergeCommit":true,"messageTitle":"Merge branch \u0027master\u0027 into branch-add","messageBody":"","fileTypesAndContributionMap":{}},{"hash":"fc3dfb657124300350f831e3b2bde97eb079483f","isMergeCommit":true,"messageTitle":"Merge pull request #65 from AY2223S2-CS2103-W17-4/62-userguide-63-validate","messageBody":"62 userguide 63 validate","fileTypesAndContributionMap":{}},{"hash":"03845c75977fb728fb1102d64918e6cbdf299f0c","isMergeCommit":true,"messageTitle":"Merge branch \u0027master\u0027 into branch-add","messageBody":"","fileTypesAndContributionMap":{}},{"hash":"4a7fc25efb340581f33a94ca18f34ec16a2434bd","isMergeCommit":false,"messageTitle":"AddPartCommandParser","messageBody":"","fileTypesAndContributionMap":{"functional-code":{"insertions":57,"deletions":0}}},{"hash":"6f912bd07e70cb0315d7673b8f674bdb08b558bc","isMergeCommit":false,"messageTitle":"AddCustomerCommand extends from AddCommand","messageBody":"","fileTypesAndContributionMap":{"functional-code":{"insertions":4,"deletions":5}}},{"hash":"ac2fca0c6088ad410fb7749bda09c54829fe53fd","isMergeCommit":false,"messageTitle":"Change MESSAGE_USAGE","messageBody":"","fileTypesAndContributionMap":{"functional-code":{"insertions":19,"deletions":1}}},{"hash":"194dd49d5d9c506783d0a90e945c116d404ce849","isMergeCommit":false,"messageTitle":"Change MESSAGE_USAGE","messageBody":"","fileTypesAndContributionMap":{"functional-code":{"insertions":2,"deletions":2}}},{"hash":"ab2bc3e01433378884a50da1dc942a069eeb2066","isMergeCommit":false,"messageTitle":"Add add staff command (currently unsupported)","messageBody":"","fileTypesAndContributionMap":{"functional-code":{"insertions":74,"deletions":0}}},{"hash":"7c9551dbbfd1f9981980f7393eb0b3c258694789","isMergeCommit":false,"messageTitle":"Model can now addTechnician and check hasTechnician","messageBody":"","fileTypesAndContributionMap":{"functional-code":{"insertions":41,"deletions":4}}},{"hash":"a69fa20fba3eb8424273f8301a8c75a4c418e48e","isMergeCommit":false,"messageTitle":"AddTechnicianCommand","messageBody":"","fileTypesAndContributionMap":{"functional-code":{"insertions":74,"deletions":1}}},{"hash":"053a36ebe889ff6d076851b280edfef70e1f4ea1","isMergeCommit":false,"messageTitle":"Update UG","messageBody":"","fileTypesAndContributionMap":{"docs":{"insertions":15,"deletions":7}}},{"hash":"63fdc5ad4901bcd84177ec12ae9c2b8bd0d3ba03","isMergeCommit":false,"messageTitle":"Add staff ids in id generator","messageBody":"","fileTypesAndContributionMap":{"functional-code":{"insertions":33,"deletions":3}}},{"hash":"e23dca0df3e8a362f9b0276e758f0ea655162ebd","isMergeCommit":false,"messageTitle":"Add tests for generateStaffId, fix ModelStub error","messageBody":"","fileTypesAndContributionMap":{"test-code":{"insertions":22,"deletions":0}}},{"hash":"a32fd5a83ef79c5444d4ad08b565a6c5468a975a","isMergeCommit":false,"messageTitle":"Add TechnicianCommandParser","messageBody":"","fileTypesAndContributionMap":{"functional-code":{"insertions":61,"deletions":0}}},{"hash":"a7b497afe03ee8e7a6d6580412061cb41b8e0afe","isMergeCommit":false,"messageTitle":"Temporary template for AddStaffCommandParser","messageBody":"","fileTypesAndContributionMap":{"functional-code":{"insertions":65,"deletions":0}}},{"hash":"a9f119fab2f0db93847ef81534b8883a020c616f","isMergeCommit":false,"messageTitle":"Add AddPart and AddTechnician to AddressBookParser","messageBody":"","fileTypesAndContributionMap":{"functional-code":{"insertions":8,"deletions":0}}},{"hash":"78738d6042813e7c236cab9d30fa4d528b013497","isMergeCommit":false,"messageTitle":"Fix checkstyle","messageBody":"","fileTypesAndContributionMap":{"functional-code":{"insertions":14,"deletions":61},"test-code":{"insertions":3,"deletions":1}}},{"hash":"1de3e3558cde131922343e325152bc55b393f4cd","isMergeCommit":true,"messageTitle":"Merge branch \u0027master\u0027 into branch-add","messageBody":"# Conflicts:\n#\tsrc/main/java/seedu/address/commons/core/Messages.java\n#\tsrc/main/java/seedu/address/logic/parser/AddressBookParser.java\n#\tsrc/main/java/seedu/address/model/Model.java\n#\tsrc/main/java/seedu/address/model/ModelManager.java\n#\tsrc/main/java/seedu/address/model/entity/shop/Shop.java\n#\tsrc/test/java/seedu/address/logic/commands/AddCommandTest.java\n","fileTypesAndContributionMap":{}},{"hash":"bf657d43c2abb0f65e1f017794b44bf72e90535b","isMergeCommit":false,"messageTitle":"Sample data use IdGenerator instead of manually assigned","messageBody":"","fileTypesAndContributionMap":{"functional-code":{"insertions":12,"deletions":11}}},{"hash":"c4636c34c0f68bb94d4034f33f86dbdd17931fd0","isMergeCommit":false,"messageTitle":"Fix bug vehicle getting added to unmodifiable list","messageBody":"","fileTypesAndContributionMap":{"functional-code":{"insertions":1,"deletions":1}}},{"hash":"5551e9e2d09ac9448e10f0f03af6958f972920de","isMergeCommit":false,"messageTitle":"Fix addPart not checking quantity below 1","messageBody":"","fileTypesAndContributionMap":{"functional-code":{"insertions":4,"deletions":3}}},{"hash":"5cfce6be2b9e08422ff09192c178a35f1ddc2184","isMergeCommit":false,"messageTitle":"Fix PREFIX_BRAND wrong format","messageBody":"","fileTypesAndContributionMap":{"functional-code":{"insertions":1,"deletions":1}}},{"hash":"4148545362b3eed70e96437e0138f278bb736c17","isMergeCommit":false,"messageTitle":"Fix viewpart arguments not trimmed","messageBody":"","fileTypesAndContributionMap":{"functional-code":{"insertions":2,"deletions":1}}},{"hash":"34a9f7a7fc6773e611b6118ba17d0bf6642968ce","isMergeCommit":false,"messageTitle":"Fix AddServiceCommand not checked in AddressBookParser","messageBody":"","fileTypesAndContributionMap":{"functional-code":{"insertions":4,"deletions":0}}},{"hash":"e590b52ea33c60dd2e97b1ef0850c7416b59c079","isMergeCommit":false,"messageTitle":"Sample Services using IdGenerator instead of manually assigned","messageBody":"","fileTypesAndContributionMap":{"functional-code":{"insertions":7,"deletions":7}}},{"hash":"6fb77ca461cd400b81493f731828e2809d449faa","isMergeCommit":false,"messageTitle":"Fix addService not returning once vehicle is found and service is added","messageBody":"","fileTypesAndContributionMap":{"functional-code":{"insertions":1,"deletions":0}}},{"hash":"5293d7df1c11516152c527f827a5d5f5a8db4627","isMergeCommit":false,"messageTitle":"Fix AddServiceCommand MESSAGE_USAGE, remove unused PREFIX_SERVICE_TYPE","messageBody":"","fileTypesAndContributionMap":{"functional-code":{"insertions":2,"deletions":5}}},{"hash":"4076cadbb575584fffe0e9e6dde0316ae17af687","isMergeCommit":false,"messageTitle":"Override toString() for Appointment","messageBody":"","fileTypesAndContributionMap":{"functional-code":{"insertions":20,"deletions":3}}},{"hash":"3e0c67b0637822d31e9489c9fd8c3f98eaf377f9","isMergeCommit":false,"messageTitle":"Fix CheckStyle","messageBody":"","fileTypesAndContributionMap":{"functional-code":{"insertions":61,"deletions":48}}},{"hash":"81b67d6b82703ab0677c78789d3c27ee1a469b16","isMergeCommit":false,"messageTitle":"Resolve PR comments","messageBody":"","fileTypesAndContributionMap":{"functional-code":{"insertions":11,"deletions":7},"test-code":{"insertions":1,"deletions":0}}},{"hash":"e9efbe5f75445fe99c2d8ae07583d9c30859ce6e","isMergeCommit":true,"messageTitle":"Merge pull request #70 from AY2223S2-CS2103-W17-4/branch-add","messageBody":"Add commands and parsers, some bug fixes","fileTypesAndContributionMap":{}}]},{"date":"2023-03-18","commitResults":[{"hash":"bc7a80036cbccf8dc44afbb46d28f7d27cdc3e18","isMergeCommit":false,"messageTitle":"Add setIdUsed methods in IdGenerator","messageBody":"","fileTypesAndContributionMap":{"functional-code":{"insertions":24,"deletions":4}}}]}],"9fc70c892":[{"date":"2023-02-19","commitResults":[{"hash":"30f603ef5d0e4a09f9d77f8588d3afcba9e3fec1","isMergeCommit":false,"messageTitle":"Add skeleton classes for application.","messageBody":"Primarily Vehicles, Customer, Service etc.\n","fileTypesAndContributionMap":{"functional-code":{"insertions":527,"deletions":38},"other":{"insertions":13,"deletions":12},"test-code":{"insertions":55,"deletions":47}}},{"hash":"36852a786a7ae77a85454a0293e036f928f0c609","isMergeCommit":false,"messageTitle":"Fix code style compliance","messageBody":"","fileTypesAndContributionMap":{"functional-code":{"insertions":140,"deletions":22}}},{"hash":"ca6f84cb0dfdbf8e70859d691c7a141781c473ee","isMergeCommit":false,"messageTitle":"Fix style check errors","messageBody":"","fileTypesAndContributionMap":{"functional-code":{"insertions":286,"deletions":55},"other":{"insertions":5,"deletions":2}}},{"hash":"5603c79a77c829b5c46bed8b75cb19ad56eb3845","isMergeCommit":false,"messageTitle":"Fix gradle checkstyle non-compliance detected on github side.","messageBody":"","fileTypesAndContributionMap":{"test-code":{"insertions":4,"deletions":0}}}]},{"date":"2023-03-01","commitResults":[{"hash":"4d69482f3ad4d717055957077bfc7f619ace15d4","isMergeCommit":false,"messageTitle":"Update About Us","messageBody":"","fileTypesAndContributionMap":{"docs":{"insertions":58,"deletions":0}}},{"hash":"fd3f2fdb068bf242090057fb5f844be1ce5db0d6","isMergeCommit":false,"messageTitle":"Update AboutUs to pass checker","messageBody":"","fileTypesAndContributionMap":{"docs":{"insertions":1,"deletions":1}}},{"hash":"ff1cb82f4e84ab5d2839d543a604d7800bd778fb","isMergeCommit":true,"messageTitle":"Merge pull request #4 from 9fc70c892/initialize","messageBody":"Add skeleton classes for application\r\nAdd about us for Edwin (Accidentally pushed to this branch)","fileTypesAndContributionMap":{}}]},{"date":"2023-03-09","commitResults":[{"hash":"c06076a1be320e3ecc8b77ae5d810c2f8d1c8dd5","isMergeCommit":false,"messageTitle":"Update ico and help link","messageBody":"","fileTypesAndContributionMap":{"functional-code":{"insertions":4,"deletions":4},"test-code":{"insertions":1,"deletions":1}}}]},{"date":"2023-03-13","commitResults":[{"hash":"41e9eb39d258bb7270ad88b6087b5f7e24995a4b","isMergeCommit":true,"messageTitle":"Merge pull request #37 from 9fc70c892/User_Interface","messageBody":"Update ico and help link","fileTypesAndContributionMap":{}},{"hash":"64f937fc914065ca2c968329083b6c67856d5109","isMergeCommit":true,"messageTitle":"Merge pull request #35 from ginloy/add-customer-vehicle-service","messageBody":"Add customers, vehicles, services","fileTypesAndContributionMap":{}},{"hash":"593cfe36c922d2ea246171b0975a679a5fbf541d","isMergeCommit":false,"messageTitle":"Fix Checkstyle","messageBody":"","fileTypesAndContributionMap":{"functional-code":{"insertions":6,"deletions":4},"other":{"insertions":1,"deletions":1}}},{"hash":"732b1ca3745d61bab194b059321fffed2d3f2f9b","isMergeCommit":true,"messageTitle":"Merge pull request #39 from 9fc70c892/a","messageBody":"Fix Checkstyle","fileTypesAndContributionMap":{}},{"hash":"5df4054203f9a7119c9f1e80158405a5e8992b9b","isMergeCommit":true,"messageTitle":"Merge pull request #40 from kimberlybp/branch-update-structs","messageBody":"Update structs ","fileTypesAndContributionMap":{}}]},{"date":"2023-03-14","commitResults":[{"hash":"00605889ebb524b751d0e15deddefb01dac626ff","isMergeCommit":false,"messageTitle":"Commit Comments to allow merging","messageBody":"","fileTypesAndContributionMap":{"functional-code":{"insertions":17,"deletions":1}}},{"hash":"efe3593cabb980097284893b548b4d76a6af6486","isMergeCommit":true,"messageTitle":"Merge branch \u0027master\u0027 of https://github.com/9fc70c892/tp into ViewService","messageBody":"# Conflicts:\n#\tsrc/main/java/seedu/address/model/service/Service.java\n","fileTypesAndContributionMap":{}},{"hash":"f841c71921c97caa381adc1a2af72ff37929e05b","isMergeCommit":false,"messageTitle":"Add Placeholder for future data struct","messageBody":"","fileTypesAndContributionMap":{"functional-code":{"insertions":30,"deletions":7}}},{"hash":"6a68febe779a2b9c8134d67b6e73f3fe8939cfb9","isMergeCommit":false,"messageTitle":"Update to match #42","messageBody":"","fileTypesAndContributionMap":{"functional-code":{"insertions":15,"deletions":8}}},{"hash":"68013bb42eb1dcfdee0642acd381c49c767ee830","isMergeCommit":false,"messageTitle":"Updated to match #43","messageBody":"","fileTypesAndContributionMap":{"functional-code":{"insertions":175,"deletions":13}}},{"hash":"31ff6f1f27c79ab48d9bdd5c721b9afe5319e59c","isMergeCommit":false,"messageTitle":"Add view for vehicles","messageBody":"Interim push to view #43\n","fileTypesAndContributionMap":{"functional-code":{"insertions":61,"deletions":9}}},{"hash":"11d07d7c4ebe1e369a7846581af4df402857e251","isMergeCommit":false,"messageTitle":"Match #43","messageBody":"","fileTypesAndContributionMap":{"functional-code":{"insertions":82,"deletions":16}}},{"hash":"0f341e087fcc10030a03cf697dc71e43dcf0b4d1","isMergeCommit":true,"messageTitle":"Merge pull request #43 from ginloy/add-customer-vehicle-service","messageBody":"Add commands and ShopModel","fileTypesAndContributionMap":{}},{"hash":"5aba40fc0bb118bb29fed4beac0585960246792a","isMergeCommit":false,"messageTitle":"Fix Gradle errors for #43","messageBody":"","fileTypesAndContributionMap":{"test-code":{"insertions":52,"deletions":0}}},{"hash":"61c6ca8cd8f421fcbd38501c4f32aff6827fefb4","isMergeCommit":true,"messageTitle":"Merge branch \u0027ViewForVeh\u0027 into FixStubError","messageBody":"# Conflicts:\n#\tsrc/main/java/seedu/address/model/Model.java\n#\tsrc/main/java/seedu/address/model/ModelManager.java\n","fileTypesAndContributionMap":{}},{"hash":"37cf9e99ef422fdb4f593ee0f6110c5fd65bedfd","isMergeCommit":false,"messageTitle":"Fix Gradle Error on missing testcase","messageBody":"","fileTypesAndContributionMap":{"test-code":{"insertions":19,"deletions":1}}},{"hash":"2f79893a0e7a35ee9158a3565fb19f805d26cade","isMergeCommit":false,"messageTitle":"Migrate to Shop","messageBody":"","fileTypesAndContributionMap":{"functional-code":{"insertions":217,"deletions":132}}},{"hash":"f963ec6d008447576d16cafdafbc506785c9c6a0","isMergeCommit":false,"messageTitle":"Remove references in AddressBook","messageBody":"","fileTypesAndContributionMap":{"functional-code":{"insertions":50,"deletions":191}}},{"hash":"9fa04b2a555c94ecdd5e71934bea171a600ffe31","isMergeCommit":false,"messageTitle":"Fix Gradle Issues","messageBody":"","fileTypesAndContributionMap":{"test-code":{"insertions":0,"deletions":15}}},{"hash":"4b22b00db81708462ab836310675f7b9dea13bd7","isMergeCommit":false,"messageTitle":"Fix Gradle Issues","messageBody":"","fileTypesAndContributionMap":{"test-code":{"insertions":0,"deletions":3}}},{"hash":"76c523f9e61425ea0a82df56c0c3064cdc424ce0","isMergeCommit":false,"messageTitle":"Fix Gradle issues, force revert AddressBook","messageBody":"","fileTypesAndContributionMap":{"functional-code":{"insertions":15,"deletions":17}}},{"hash":"ba6c146810f7aeecf03cb841bb7f8bf2daee9557","isMergeCommit":false,"messageTitle":"Fix Gradle EOF missing","messageBody":"","fileTypesAndContributionMap":{"functional-code":{"insertions":1,"deletions":1}}},{"hash":"36f64c40f15f4e38847dec28c108440484554fb5","isMergeCommit":false,"messageTitle":"Fix error regarding gradle check","messageBody":"Was because I assigned filtered list as null\n","fileTypesAndContributionMap":{"functional-code":{"insertions":4,"deletions":4}}},{"hash":"04d6eeabd6275c2f33f92cdb81b99aff644971d2","isMergeCommit":true,"messageTitle":"Merge pull request #46 from 9fc70c892/FixStubError","messageBody":"Fix stub error and Succeed #44 and #45, Address Shop merge","fileTypesAndContributionMap":{}}]},{"date":"2023-03-15","commitResults":[{"hash":"053f87e127b0bb02830c842d6321f86908b07461","isMergeCommit":false,"messageTitle":"Added for PR creation","messageBody":"","fileTypesAndContributionMap":{"functional-code":{"insertions":34,"deletions":0}}},{"hash":"03255029f0e417d6d304d6315af6e9f45781dbc9","isMergeCommit":false,"messageTitle":"Add basic list","messageBody":"","fileTypesAndContributionMap":{"functional-code":{"insertions":36,"deletions":2}}},{"hash":"cfc12477aed623eb3ad96799887ef27e468e227b","isMergeCommit":true,"messageTitle":"Merge pull request #51 from 9fc70c892/list-command-and-parser","messageBody":"Add List command and Parsers","fileTypesAndContributionMap":{}}]},{"date":"2023-03-16","commitResults":[{"hash":"3f1a1f3897968c42cbc7ef6489ef6720bc25d8f6","isMergeCommit":false,"messageTitle":"Test push functionality","messageBody":"","fileTypesAndContributionMap":{"functional-code":{"insertions":1,"deletions":0}}},{"hash":"bb24038ecad5e4538e6c06045f93090a3a9650c0","isMergeCommit":false,"messageTitle":"Add View Vehicle Customer Part","messageBody":"Not available to create for Appointments due to lack of ID\nModelManager updateFilteredPartList required (impacts ViewPartCommand:\nexecute)\n","fileTypesAndContributionMap":{"functional-code":{"insertions":345,"deletions":26}}},{"hash":"90c596b990fd21581132de9d8939988bf7097050","isMergeCommit":false,"messageTitle":"Push TEst","messageBody":"","fileTypesAndContributionMap":{"functional-code":{"insertions":1,"deletions":0}}},{"hash":"88a63a34234f3f5282d0dbaf6f9fa528d29c0815","isMergeCommit":true,"messageTitle":"Merge branch \u0027master\u0027 into branch-view","messageBody":"","fileTypesAndContributionMap":{}},{"hash":"bd96c94783e223db8941449691be6b51d111c153","isMergeCommit":false,"messageTitle":"Add view for Appointment (incomplete)","messageBody":"","fileTypesAndContributionMap":{"functional-code":{"insertions":305,"deletions":21}}},{"hash":"4c41b5f5191a0827d2b6d7bf2fda9b964856ee12","isMergeCommit":false,"messageTitle":"Fix checkstyle errors","messageBody":"","fileTypesAndContributionMap":{"functional-code":{"insertions":33,"deletions":75},"test-code":{"insertions":20,"deletions":0}}},{"hash":"a34622414ebd8cbe0aadae9e5f6a734f796911e5","isMergeCommit":false,"messageTitle":"Fix javadoc wrong text","messageBody":"","fileTypesAndContributionMap":{"functional-code":{"insertions":37,"deletions":49}}}]},{"date":"2023-03-17","commitResults":[{"hash":"f90bb55efd92aa48ac8b3a32333ea8516ee06d20","isMergeCommit":false,"messageTitle":"Add Delete functionality (incomplete) Incomplete due to Part filter list)","messageBody":"","fileTypesAndContributionMap":{"functional-code":{"insertions":318,"deletions":0}}},{"hash":"e56ab2c5e25456c5466754ba2dd1987d17bd491b","isMergeCommit":false,"messageTitle":"Add Delete functionality (incomplete) (Incomplete due to Part filter list) Pressed commit too fast without staging the new files.","messageBody":"","fileTypesAndContributionMap":{"functional-code":{"insertions":132,"deletions":101},"test-code":{"insertions":1,"deletions":1}}},{"hash":"84557603959e95979d8e2f180535c36c0c81c5fc","isMergeCommit":false,"messageTitle":"Fix Gradle","messageBody":"","fileTypesAndContributionMap":{"functional-code":{"insertions":9,"deletions":11}}},{"hash":"3bf64e52cef46d9f99f4e2c8073984cc3183db06","isMergeCommit":true,"messageTitle":"Merge branch \u0027master\u0027 into branch-view","messageBody":"# Conflicts:\n#\tsrc/main/java/seedu/address/model/Model.java\n\nDue to changes for PartMap, view functionality does not work yet\n","fileTypesAndContributionMap":{}},{"hash":"2010d9aa885757554cc7f9fafc1ce83f6151a337","isMergeCommit":false,"messageTitle":"Add PartMap functionalities Require GUI to accept PartMap items","messageBody":"","fileTypesAndContributionMap":{"functional-code":{"insertions":46,"deletions":75},"test-code":{"insertions":12,"deletions":1}}},{"hash":"5c3c17c41f0d012148911733ce675c30c522d193","isMergeCommit":true,"messageTitle":"Merge branch \u0027branch-view\u0027 into branch-command-delete","messageBody":"# Conflicts:\n#\tsrc/main/java/seedu/address/model/Model.java\n#\tsrc/main/java/seedu/address/model/ModelManager.java\n#\tsrc/test/java/seedu/address/logic/commands/AddCommandTest.java\n","fileTypesAndContributionMap":{}},{"hash":"5c5e86373747b763f0edab671b21c7932ebeb046","isMergeCommit":false,"messageTitle":"Add DeletePart command","messageBody":"","fileTypesAndContributionMap":{"functional-code":{"insertions":33,"deletions":49},"test-code":{"insertions":25,"deletions":3}}},{"hash":"8cddfd4142c99b45f9ba0f263b8a7f691c41155a","isMergeCommit":false,"messageTitle":"Add string validation for part name. See #63 for discussion regarding negative numbers.","messageBody":"","fileTypesAndContributionMap":{"functional-code":{"insertions":66,"deletions":2},"other":{"insertions":3,"deletions":3}}},{"hash":"765cc6b82afd969aec4355646ad6ee76dea58a38","isMergeCommit":false,"messageTitle":"Fix part id information See #63","messageBody":"","fileTypesAndContributionMap":{"docs":{"insertions":49,"deletions":31}}},{"hash":"8bc1bcb387f29b09d23651893702b71b367bc646","isMergeCommit":false,"messageTitle":"Fix throw error","messageBody":"","fileTypesAndContributionMap":{"functional-code":{"insertions":1,"deletions":3}}},{"hash":"2f530f39254d85acd07a56f743a9c78c75760e7c","isMergeCommit":true,"messageTitle":"Merge pull request #59 from AY2223S2-CS2103-W17-4/branch-view","messageBody":"Branch view + Branch Delete","fileTypesAndContributionMap":{}}]}],"junlee1991":[{"date":"2023-02-28","commitResults":[{"hash":"23832543cab4a2c8960f1d0d0154a5c19bdff1c4","isMergeCommit":false,"messageTitle":"Insert picture","messageBody":"","fileTypesAndContributionMap":{"docs":{"insertions":3,"deletions":3}}},{"hash":"b735c7e96051d387c9d31b1f62c521ee0e832a28","isMergeCommit":false,"messageTitle":"Add ppp","messageBody":"","fileTypesAndContributionMap":{"docs":{"insertions":0,"deletions":0}}},{"hash":"6ffb67e48ecbaa0470dacb3ac4eccb6e8c43249f","isMergeCommit":true,"messageTitle":"Merge pull request #5 from junlee1991/branch-doc","messageBody":"Update admin stuff for Julio","fileTypesAndContributionMap":{}}]},{"date":"2023-03-06","commitResults":[{"hash":"9db7d89ca952884d077427ef0c346da71c0fba92","isMergeCommit":false,"messageTitle":"Update readme with codecov","messageBody":"","fileTypesAndContributionMap":{"docs":{"insertions":1,"deletions":0}}},{"hash":"0c2ef1b587f93ff0b104a6381b70341f24dc5a6a","isMergeCommit":false,"messageTitle":"Update NFRs","messageBody":"","fileTypesAndContributionMap":{"docs":{"insertions":10,"deletions":4}}}]},{"date":"2023-03-07","commitResults":[{"hash":"0dbe7c51e2f87f401f491f84b5db88cc07d5d6ae","isMergeCommit":false,"messageTitle":"Add use cases","messageBody":"","fileTypesAndContributionMap":{"docs":{"insertions":401,"deletions":12}}},{"hash":"41fb78d61f0dc0f468f2c2e8e023b7eb8a668005","isMergeCommit":false,"messageTitle":"Add target user profile and value proposition","messageBody":"","fileTypesAndContributionMap":{"docs":{"insertions":9,"deletions":8}}},{"hash":"77e02b6910b9e74f4aa982c2500c0fcdecee186d","isMergeCommit":false,"messageTitle":"Add glossary","messageBody":"","fileTypesAndContributionMap":{"docs":{"insertions":2,"deletions":2}}},{"hash":"0b9ee4a2ad5800be13f4d3c9e5466df714ad9513","isMergeCommit":false,"messageTitle":"Add user stories","messageBody":"","fileTypesAndContributionMap":{"docs":{"insertions":13,"deletions":10}}},{"hash":"7c34ca585cc68241035143fbc447fd154e6b057e","isMergeCommit":true,"messageTitle":"Merge pull request #34 from junlee1991/branch-updateDg","messageBody":"Update NFRs, codecov readme, dg use cases, value proposition, target user profile","fileTypesAndContributionMap":{}}]},{"date":"2023-03-15","commitResults":[{"hash":"4b53a5ba1827550eb6e37c73bc2142726d04d52e","isMergeCommit":false,"messageTitle":"Add undo and redo feature","messageBody":"","fileTypesAndContributionMap":{"functional-code":{"insertions":254,"deletions":20}}},{"hash":"faf94c7744f0dfed308e5f66445e0e2a29fc6a10","isMergeCommit":false,"messageTitle":"Fix checkstyle test","messageBody":"","fileTypesAndContributionMap":{"test-code":{"insertions":0,"deletions":10}}},{"hash":"48e1635a20f6c9424af85c64e1b1c0e487b8cf1a","isMergeCommit":false,"messageTitle":"Update dev guide picture not done","messageBody":"","fileTypesAndContributionMap":{"docs":{"insertions":46,"deletions":40}}}]}]},"authorFileTypeContributionMap":{"kimberlybp":{"docs":192,"functional-code":2013,"test-code":61},"ginloy":{"docs":61,"functional-code":2625,"test-code":154},"9fc70c892":{"docs":79,"functional-code":1813,"test-code":164},"junlee1991":{"docs":463,"functional-code":253,"test-code":0}},"authorContributionVariance":{"kimberlybp":110893.93,"ginloy":89436.87,"9fc70c892":131249.56,"junlee1991":10734.661},"authorDisplayNameMap":{"kimberlybp":"CS2103-W17-4 KIMB..ARES","ginloy":"CS2103-W17-4 LEOW..YONG","9fc70c892":"CS2103-W17-4 LIM ..DWIN","junlee1991":"CS2103-W17-4 JULI..ARJO"}}
