[{"path":"README.md","fileType":"docs","lines":[{"lineNumber":1,"author":{"gitId":"-"},"content":"[![CI Status](https://github.com/se-edu/addressbook-level3/workflows/Java%20CI/badge.svg)](https://github.com/se-edu/addressbook-level3/actions)","lastModifiedDate":"2020-05-23"},{"lineNumber":2,"author":{"gitId":"-"},"content":"","lastModifiedDate":"2020-05-23"},{"lineNumber":3,"author":{"gitId":"-"},"content":"![Ui](docs/images/Ui.png)","lastModifiedDate":"2020-05-23"},{"lineNumber":4,"author":{"gitId":"-"},"content":"","lastModifiedDate":"2020-05-23"},{"lineNumber":5,"author":{"gitId":"bokuanT"},"content":"# Fish Ahoy!","lastModifiedDate":"2023-02-23"},{"lineNumber":6,"author":{"gitId":"-"},"content":"* This is **a sample project for Software Engineering (SE) students**.\u003cbr\u003e","lastModifiedDate":"2020-05-23"},{"lineNumber":7,"author":{"gitId":"bokuanT"},"content":"* The project aims to help fish enthusiasts manage their aquariums, fish and tasks.","lastModifiedDate":"2023-02-23"},{"lineNumber":8,"author":{"gitId":"bokuanT"},"content":"","lastModifiedDate":"2023-02-23"},{"lineNumber":9,"author":{"gitId":"bokuanT"},"content":"With Fish Ahoy!, users can:","lastModifiedDate":"2023-02-23"},{"lineNumber":10,"author":{"gitId":"bokuanT"},"content":"* Keep track of individual fishes","lastModifiedDate":"2023-02-23"},{"lineNumber":11,"author":{"gitId":"bokuanT"},"content":"* Keep track of their fish tanks","lastModifiedDate":"2023-02-23"},{"lineNumber":12,"author":{"gitId":"bokuanT"},"content":"* Keep track of fish maintenance tasks","lastModifiedDate":"2023-02-23"},{"lineNumber":13,"author":{"gitId":"bokuanT"},"content":"  ","lastModifiedDate":"2023-02-23"},{"lineNumber":14,"author":{"gitId":"bokuanT"},"content":"For the detailed documentation of this project, see the **[Fish Ahoy! Product Website](https://nus-cs2103-ay2223s2.github.io/tp/)**.","lastModifiedDate":"2023-02-23"},{"lineNumber":15,"author":{"gitId":"bokuanT"},"content":"","lastModifiedDate":"2023-02-23"},{"lineNumber":16,"author":{"gitId":"bokuanT"},"content":"## Acknowledgements","lastModifiedDate":"2023-02-23"},{"lineNumber":17,"author":{"gitId":"bokuanT"},"content":"This project is based on the AddressBook-Level3 project created by the [SE-EDU initiative](https://se-education.org).","lastModifiedDate":"2023-02-23"},{"lineNumber":18,"author":{"gitId":"-"},"content":"* This project is a **part of the se-education.org** initiative. If you would like to contribute code to this project, see [se-education.org](https://se-education.org#https://se-education.org/#contributing) for more info.","lastModifiedDate":"2023-02-23"},{"lineNumber":19,"author":{"gitId":"-"},"content":"* For the detailed documentation of this project, see the **[Address Book Product Website](https://se-education.org/addressbook-level3)**.","lastModifiedDate":"2020-05-23"}],"authorContributionMap":{"bokuanT":12,"-":7}},{"path":"docs/AboutUs.md","fileType":"docs","lines":[{"lineNumber":1,"author":{"gitId":"-"},"content":"---","lastModifiedDate":"2020-05-23"},{"lineNumber":2,"author":{"gitId":"-"},"content":"layout: page","lastModifiedDate":"2020-05-23"},{"lineNumber":3,"author":{"gitId":"-"},"content":"title: About Us","lastModifiedDate":"2020-05-23"},{"lineNumber":4,"author":{"gitId":"-"},"content":"---","lastModifiedDate":"2020-05-23"},{"lineNumber":5,"author":{"gitId":"-"},"content":"","lastModifiedDate":"2020-05-23"},{"lineNumber":6,"author":{"gitId":"-"},"content":"We are a team based in the [School of Computing, National University of Singapore](http://www.comp.nus.edu.sg).","lastModifiedDate":"2020-05-23"},{"lineNumber":7,"author":{"gitId":"-"},"content":"","lastModifiedDate":"2020-05-23"},{"lineNumber":8,"author":{"gitId":"bokuanT"},"content":"You can reach us at the emails `e0725564@u.nus.edu`, `e0725569@u.nus.edu`, `e0860597@u.nus.edu`,` e0908339@u.nus.edu` or `e0701815@u.nus.edu`","lastModifiedDate":"2023-02-23"},{"lineNumber":9,"author":{"gitId":"-"},"content":"","lastModifiedDate":"2020-06-17"},{"lineNumber":10,"author":{"gitId":"-"},"content":"## Project team","lastModifiedDate":"2020-06-07"},{"lineNumber":11,"author":{"gitId":"-"},"content":"","lastModifiedDate":"2020-05-23"},{"lineNumber":12,"author":{"gitId":"bokuanT"},"content":"### Timothy","lastModifiedDate":"2023-02-23"},{"lineNumber":13,"author":{"gitId":"-"},"content":"","lastModifiedDate":"2020-05-23"},{"lineNumber":14,"author":{"gitId":"bokuanT"},"content":"\u003cimg src\u003d\"images/timothylawsongen.png\" width\u003d\"200px\"\u003e","lastModifiedDate":"2023-02-24"},{"lineNumber":15,"author":{"gitId":"-"},"content":"","lastModifiedDate":"2020-05-23"},{"lineNumber":16,"author":{"gitId":"bokuanT"},"content":"[[github](https://github.com/TimothyLawSongEn)]","lastModifiedDate":"2023-02-23"},{"lineNumber":17,"author":{"gitId":"bokuanT"},"content":"[[portfolio](team/timothylawsongen.md)]","lastModifiedDate":"2023-02-23"},{"lineNumber":18,"author":{"gitId":"-"},"content":"","lastModifiedDate":"2020-05-23"},{"lineNumber":19,"author":{"gitId":"-"},"content":"* Role: Project Advisor","lastModifiedDate":"2020-05-23"},{"lineNumber":20,"author":{"gitId":"-"},"content":"","lastModifiedDate":"2020-05-23"},{"lineNumber":21,"author":{"gitId":"bokuanT"},"content":"### Bryan","lastModifiedDate":"2023-02-23"},{"lineNumber":22,"author":{"gitId":"-"},"content":"","lastModifiedDate":"2020-05-23"},{"lineNumber":23,"author":{"gitId":"bokuanT"},"content":"\u003cimg src\u003d\"images/bryanongjx.png\" width\u003d\"200px\"\u003e","lastModifiedDate":"2023-02-24"},{"lineNumber":24,"author":{"gitId":"-"},"content":"","lastModifiedDate":"2020-05-23"},{"lineNumber":25,"author":{"gitId":"bokuanT"},"content":"[[github](http://github.com/bryanongjx)]","lastModifiedDate":"2023-02-23"},{"lineNumber":26,"author":{"gitId":"bokuanT"},"content":"[[portfolio](team/bryanongjx.md)]","lastModifiedDate":"2023-02-23"},{"lineNumber":27,"author":{"gitId":"-"},"content":"","lastModifiedDate":"2020-05-23"},{"lineNumber":28,"author":{"gitId":"-"},"content":"* Role: Team Lead","lastModifiedDate":"2020-05-23"},{"lineNumber":29,"author":{"gitId":"-"},"content":"* Responsibilities: UI","lastModifiedDate":"2020-05-23"},{"lineNumber":30,"author":{"gitId":"-"},"content":"","lastModifiedDate":"2020-05-23"},{"lineNumber":31,"author":{"gitId":"bokuanT"},"content":"### Ryan","lastModifiedDate":"2023-02-23"},{"lineNumber":32,"author":{"gitId":"-"},"content":"","lastModifiedDate":"2020-05-23"},{"lineNumber":33,"author":{"gitId":"bokuanT"},"content":"\u003cimg src\u003d\"images/ryanchua00.png\" width\u003d\"200px\"\u003e","lastModifiedDate":"2023-02-24"},{"lineNumber":34,"author":{"gitId":"-"},"content":"","lastModifiedDate":"2020-05-23"},{"lineNumber":35,"author":{"gitId":"bokuanT"},"content":"[[github](http://github.com/ryanchua00)] [[portfolio](team/ryanchua00.md)]","lastModifiedDate":"2023-02-23"},{"lineNumber":36,"author":{"gitId":"-"},"content":"","lastModifiedDate":"2020-05-23"},{"lineNumber":37,"author":{"gitId":"-"},"content":"* Role: Developer","lastModifiedDate":"2020-05-23"},{"lineNumber":38,"author":{"gitId":"-"},"content":"* Responsibilities: Data","lastModifiedDate":"2020-05-23"},{"lineNumber":39,"author":{"gitId":"-"},"content":"","lastModifiedDate":"2020-05-23"},{"lineNumber":40,"author":{"gitId":"bokuanT"},"content":"### Bo Kuan","lastModifiedDate":"2023-02-23"},{"lineNumber":41,"author":{"gitId":"-"},"content":"","lastModifiedDate":"2020-05-23"},{"lineNumber":42,"author":{"gitId":"bokuanT"},"content":"\u003cimg src\u003d\"images/bokuant.png\" width\u003d\"200px\"\u003e","lastModifiedDate":"2023-02-24"},{"lineNumber":43,"author":{"gitId":"-"},"content":"","lastModifiedDate":"2020-05-23"},{"lineNumber":44,"author":{"gitId":"bokuanT"},"content":"[[github](http://github.com/bokuanT)]","lastModifiedDate":"2023-02-23"},{"lineNumber":45,"author":{"gitId":"bokuanT"},"content":"[[portfolio](team/bokuant.md)]","lastModifiedDate":"2023-02-23"},{"lineNumber":46,"author":{"gitId":"-"},"content":"","lastModifiedDate":"2020-05-23"},{"lineNumber":47,"author":{"gitId":"-"},"content":"* Role: Developer","lastModifiedDate":"2020-05-23"},{"lineNumber":48,"author":{"gitId":"-"},"content":"* Responsibilities: Dev Ops + Threading","lastModifiedDate":"2020-05-23"},{"lineNumber":49,"author":{"gitId":"-"},"content":"","lastModifiedDate":"2020-05-23"},{"lineNumber":50,"author":{"gitId":"bokuanT"},"content":"### Avery","lastModifiedDate":"2023-02-23"},{"lineNumber":51,"author":{"gitId":"-"},"content":"","lastModifiedDate":"2020-05-23"},{"lineNumber":52,"author":{"gitId":"-"},"content":"\u003cimg src\u003d\"images/johndoe.png\" width\u003d\"200px\"\u003e","lastModifiedDate":"2020-06-17"},{"lineNumber":53,"author":{"gitId":"-"},"content":"","lastModifiedDate":"2020-05-23"},{"lineNumber":54,"author":{"gitId":"bokuanT"},"content":"[[github](http://github.com/Diamondroxxx)]","lastModifiedDate":"2023-02-23"},{"lineNumber":55,"author":{"gitId":"bokuanT"},"content":"[[portfolio](team/diamondroxxx.md)]","lastModifiedDate":"2023-02-23"},{"lineNumber":56,"author":{"gitId":"-"},"content":"","lastModifiedDate":"2020-05-23"},{"lineNumber":57,"author":{"gitId":"-"},"content":"* Role: Developer","lastModifiedDate":"2020-05-23"},{"lineNumber":58,"author":{"gitId":"-"},"content":"* Responsibilities: UI","lastModifiedDate":"2020-05-23"}],"authorContributionMap":{"bokuanT":19,"-":39}},{"path":"docs/UserGuide.md","fileType":"docs","lines":[{"lineNumber":1,"author":{"gitId":"-"},"content":"---","lastModifiedDate":"2020-05-23"},{"lineNumber":2,"author":{"gitId":"-"},"content":"layout: page","lastModifiedDate":"2020-05-23"},{"lineNumber":3,"author":{"gitId":"-"},"content":"title: User Guide","lastModifiedDate":"2020-05-23"},{"lineNumber":4,"author":{"gitId":"-"},"content":"---","lastModifiedDate":"2020-05-23"},{"lineNumber":5,"author":{"gitId":"bokuanT"},"content":"\u003cp align\u003d\"center\"\u003e","lastModifiedDate":"2023-02-23"},{"lineNumber":6,"author":{"gitId":"bokuanT"},"content":"\u003cimg src\u003d\"images/logo.png\"\u003e","lastModifiedDate":"2023-02-23"},{"lineNumber":7,"author":{"gitId":"bokuanT"},"content":"\u003c/p\u003e","lastModifiedDate":"2023-02-23"},{"lineNumber":8,"author":{"gitId":"bokuanT"},"content":"","lastModifiedDate":"2023-02-23"},{"lineNumber":9,"author":{"gitId":"bokuanT"},"content":"Fish Ahoy! Is a **desktop app for managing your fish, fish tanks, and relevant tasks, optimized for use via a Command Line Interface** (CLI) while still having the benefits of a Graphical User Interface (GUI).","lastModifiedDate":"2023-02-23"},{"lineNumber":10,"author":{"gitId":"bokuanT"},"content":"","lastModifiedDate":"2023-02-23"},{"lineNumber":11,"author":{"gitId":"bokuanT"},"content":"* Table of Contents\u003cbr\u003e","lastModifiedDate":"2023-02-23"},{"lineNumber":12,"author":{"gitId":"bokuanT"},"content":"  * [Quickstart](#quick-start)","lastModifiedDate":"2023-02-23"},{"lineNumber":13,"author":{"gitId":"bokuanT"},"content":"  * [Features](#features)","lastModifiedDate":"2023-02-23"},{"lineNumber":14,"author":{"gitId":"bokuanT"},"content":"    * [Help](#viewing-help--help)","lastModifiedDate":"2023-02-23"},{"lineNumber":15,"author":{"gitId":"bokuanT"},"content":"    * [Adding a tank `add tank`](#adding-a-tank-add)","lastModifiedDate":"2023-02-23"},{"lineNumber":16,"author":{"gitId":"bokuanT"},"content":"    * [Adding a fish `add fish`](#adding-a-fish-add)","lastModifiedDate":"2023-02-23"},{"lineNumber":17,"author":{"gitId":"bokuanT"},"content":"    * [Adding a task `add task`](#adding-a-task-add)","lastModifiedDate":"2023-02-23"},{"lineNumber":18,"author":{"gitId":"bokuanT"},"content":"    * [Listing tanks `list tank`](#listing-tanks-list-tank)","lastModifiedDate":"2023-02-23"},{"lineNumber":19,"author":{"gitId":"bokuanT"},"content":"    * [Listing fishes `list fish`](#listing-fishes-list-fish)","lastModifiedDate":"2023-02-23"},{"lineNumber":20,"author":{"gitId":"bokuanT"},"content":"    * [Listing fishes in a tank `list fish /tank`](#listing-fishes-in-a-tank-list-fish-tank)","lastModifiedDate":"2023-02-23"},{"lineNumber":21,"author":{"gitId":"bokuanT"},"content":"    * [Listing tasks `list task`](#listing-tasks-list-task)","lastModifiedDate":"2023-02-23"},{"lineNumber":22,"author":{"gitId":"bokuanT"},"content":"    * [Deleting a tank `delete tank`](#deleting-a-tank-delete-tank)","lastModifiedDate":"2023-02-23"},{"lineNumber":23,"author":{"gitId":"bokuanT"},"content":"    * [Deleting a fish `delete fish`](#deleting-a-fish-delete-fish)","lastModifiedDate":"2023-02-23"},{"lineNumber":24,"author":{"gitId":"bokuanT"},"content":"    * [Deleting a task `delete task`](#deleting-a-task-delete-task)","lastModifiedDate":"2023-02-23"},{"lineNumber":25,"author":{"gitId":"bokuanT"},"content":"  * [FAQ](#faq)","lastModifiedDate":"2023-02-23"},{"lineNumber":26,"author":{"gitId":"bokuanT"},"content":"  * [Summary](#command-summary)","lastModifiedDate":"2023-02-23"},{"lineNumber":27,"author":{"gitId":"-"},"content":"","lastModifiedDate":"2020-05-23"},{"lineNumber":28,"author":{"gitId":"-"},"content":"--------------------------------------------------------------------------------------------------------------------","lastModifiedDate":"2020-05-23"},{"lineNumber":29,"author":{"gitId":"-"},"content":"","lastModifiedDate":"2020-05-23"},{"lineNumber":30,"author":{"gitId":"-"},"content":"## Quick start","lastModifiedDate":"2020-05-23"},{"lineNumber":31,"author":{"gitId":"-"},"content":"","lastModifiedDate":"2020-05-23"},{"lineNumber":32,"author":{"gitId":"bokuanT"},"content":"1. Ensure you have Java 11 or above installed in your Computer.","lastModifiedDate":"2023-02-23"},{"lineNumber":33,"author":{"gitId":"bokuanT"},"content":"2. Download the latest fishahoy.jar from here.","lastModifiedDate":"2023-02-23"},{"lineNumber":34,"author":{"gitId":"bokuanT"},"content":"3. Copy the file to the folder you want to use as the home folder for Fish Ahoy!.","lastModifiedDate":"2023-02-23"},{"lineNumber":35,"author":{"gitId":"bokuanT"},"content":"4. Open a command terminal, `cd` into the folder you put the jar file in, and use the `java -jar fishahoy.jar` command to run the application.","lastModifiedDate":"2023-02-23"},{"lineNumber":36,"author":{"gitId":"-"},"content":"","lastModifiedDate":"2020-05-23"},{"lineNumber":37,"author":{"gitId":"bokuanT"},"content":"A GUI similar to the below should appear in a few seconds. Note how the app contains some sample data.","lastModifiedDate":"2023-02-23"},{"lineNumber":38,"author":{"gitId":"-"},"content":"","lastModifiedDate":"2020-05-23"},{"lineNumber":39,"author":{"gitId":"-"},"content":"   ![Ui](images/Ui.png)","lastModifiedDate":"2020-05-23"},{"lineNumber":40,"author":{"gitId":"-"},"content":"","lastModifiedDate":"2020-05-23"},{"lineNumber":41,"author":{"gitId":"bokuanT"},"content":"5. Type a command in the command box and press Enter to execute it.","lastModifiedDate":"2023-02-23"},{"lineNumber":42,"author":{"gitId":"bokuanT"},"content":"   Some examples:","lastModifiedDate":"2023-02-23"},{"lineNumber":43,"author":{"gitId":"bokuanT"},"content":"   * `add fish /name guppy /tank Freshwater tank 1`: Add a fish to your fish book.","lastModifiedDate":"2023-02-23"},{"lineNumber":44,"author":{"gitId":"-"},"content":"","lastModifiedDate":"2020-05-23"},{"lineNumber":45,"author":{"gitId":"-"},"content":"","lastModifiedDate":"2020-05-23"},{"lineNumber":46,"author":{"gitId":"bokuanT"},"content":"6. Refer to the [Features](#Features) below for details of each command.","lastModifiedDate":"2023-02-23"},{"lineNumber":47,"author":{"gitId":"-"},"content":"","lastModifiedDate":"2020-05-23"},{"lineNumber":48,"author":{"gitId":"-"},"content":"--------------------------------------------------------------------------------------------------------------------","lastModifiedDate":"2020-05-23"},{"lineNumber":49,"author":{"gitId":"-"},"content":"","lastModifiedDate":"2020-05-23"},{"lineNumber":50,"author":{"gitId":"-"},"content":"## Features ","lastModifiedDate":"2020-05-23"},{"lineNumber":51,"author":{"gitId":"-"},"content":"","lastModifiedDate":"2020-05-23"},{"lineNumber":52,"author":{"gitId":"-"},"content":"\u003cdiv markdown\u003d\"block\" class\u003d\"alert alert-info\"\u003e","lastModifiedDate":"2020-05-23"},{"lineNumber":53,"author":{"gitId":"-"},"content":"","lastModifiedDate":"2020-05-23"},{"lineNumber":54,"author":{"gitId":"-"},"content":"**:information_source: Notes about the command format:**\u003cbr\u003e","lastModifiedDate":"2020-05-23"},{"lineNumber":55,"author":{"gitId":"-"},"content":"","lastModifiedDate":"2020-05-23"},{"lineNumber":56,"author":{"gitId":"-"},"content":"","lastModifiedDate":"2021-02-03"},{"lineNumber":57,"author":{"gitId":"-"},"content":"\u003c/div\u003e","lastModifiedDate":"2020-05-23"},{"lineNumber":58,"author":{"gitId":"-"},"content":"","lastModifiedDate":"2020-05-23"},{"lineNumber":59,"author":{"gitId":"-"},"content":"### Viewing help : `help`","lastModifiedDate":"2020-05-23"},{"lineNumber":60,"author":{"gitId":"-"},"content":"","lastModifiedDate":"2020-05-23"},{"lineNumber":61,"author":{"gitId":"-"},"content":"Shows a message explaning how to access the help page.","lastModifiedDate":"2020-05-23"},{"lineNumber":62,"author":{"gitId":"-"},"content":"","lastModifiedDate":"2020-05-23"},{"lineNumber":63,"author":{"gitId":"-"},"content":"![help message](images/helpMessage.png)","lastModifiedDate":"2020-05-23"},{"lineNumber":64,"author":{"gitId":"-"},"content":"","lastModifiedDate":"2020-05-23"},{"lineNumber":65,"author":{"gitId":"-"},"content":"Format: `help`","lastModifiedDate":"2020-05-23"},{"lineNumber":66,"author":{"gitId":"-"},"content":"","lastModifiedDate":"2020-05-23"},{"lineNumber":67,"author":{"gitId":"-"},"content":"","lastModifiedDate":"2020-05-23"},{"lineNumber":68,"author":{"gitId":"bokuanT"},"content":"### Adding a tank: `add`","lastModifiedDate":"2023-02-23"},{"lineNumber":69,"author":{"gitId":"bokuanT"},"content":"","lastModifiedDate":"2023-02-23"},{"lineNumber":70,"author":{"gitId":"bokuanT"},"content":"Adds a tank to the app.","lastModifiedDate":"2023-02-23"},{"lineNumber":71,"author":{"gitId":"-"},"content":"","lastModifiedDate":"2020-05-23"},{"lineNumber":72,"author":{"gitId":"bokuanT"},"content":"Format: `add tank /tank \u003cTANK_NAME\u003e`","lastModifiedDate":"2023-02-23"},{"lineNumber":73,"author":{"gitId":"-"},"content":"","lastModifiedDate":"2020-05-23"},{"lineNumber":74,"author":{"gitId":"bokuanT"},"content":"","lastModifiedDate":"2023-02-23"},{"lineNumber":75,"author":{"gitId":"bokuanT"},"content":"### Adding a fish: `add`","lastModifiedDate":"2023-02-23"},{"lineNumber":76,"author":{"gitId":"bokuanT"},"content":"","lastModifiedDate":"2023-02-23"},{"lineNumber":77,"author":{"gitId":"bokuanT"},"content":"Adds a fish to the app.","lastModifiedDate":"2023-02-23"},{"lineNumber":78,"author":{"gitId":"bokuanT"},"content":"","lastModifiedDate":"2023-02-23"},{"lineNumber":79,"author":{"gitId":"bokuanT"},"content":"Format: `add fish /name \u003cFISH_NAME\u003e /tank \u003cTANK_NAME\u003e`","lastModifiedDate":"2023-02-23"},{"lineNumber":80,"author":{"gitId":"-"},"content":"","lastModifiedDate":"2020-05-23"},{"lineNumber":81,"author":{"gitId":"-"},"content":"\u003cdiv markdown\u003d\"span\" class\u003d\"alert alert-primary\"\u003e:bulb: **Tip:**","lastModifiedDate":"2020-05-23"},{"lineNumber":82,"author":{"gitId":"bokuanT"},"content":"A fish can belong to a tank","lastModifiedDate":"2023-02-23"},{"lineNumber":83,"author":{"gitId":"-"},"content":"\u003c/div\u003e","lastModifiedDate":"2020-05-23"},{"lineNumber":84,"author":{"gitId":"-"},"content":"","lastModifiedDate":"2020-05-23"},{"lineNumber":85,"author":{"gitId":"bokuanT"},"content":"### Adding a task: `add`","lastModifiedDate":"2023-02-23"},{"lineNumber":86,"author":{"gitId":"-"},"content":"","lastModifiedDate":"2020-05-23"},{"lineNumber":87,"author":{"gitId":"bokuanT"},"content":"Adds a task to the app.","lastModifiedDate":"2023-02-23"},{"lineNumber":88,"author":{"gitId":"-"},"content":"","lastModifiedDate":"2020-05-23"},{"lineNumber":89,"author":{"gitId":"bokuanT"},"content":"Format: `add task /name \u003cTASK_NAME\u003e /by \u003cDD/MM/YYYY\u003e`","lastModifiedDate":"2023-02-23"},{"lineNumber":90,"author":{"gitId":"-"},"content":"","lastModifiedDate":"2020-05-23"},{"lineNumber":91,"author":{"gitId":"bokuanT"},"content":"### Listing tanks: `list tank`","lastModifiedDate":"2023-02-23"},{"lineNumber":92,"author":{"gitId":"-"},"content":"","lastModifiedDate":"2020-05-23"},{"lineNumber":93,"author":{"gitId":"bokuanT"},"content":"Lists all tanks created.","lastModifiedDate":"2023-02-23"},{"lineNumber":94,"author":{"gitId":"-"},"content":"","lastModifiedDate":"2020-05-23"},{"lineNumber":95,"author":{"gitId":"bokuanT"},"content":"Format: `list tank`","lastModifiedDate":"2023-02-23"},{"lineNumber":96,"author":{"gitId":"-"},"content":"","lastModifiedDate":"2020-05-23"},{"lineNumber":97,"author":{"gitId":"bokuanT"},"content":"### Listing fishes: `list fish`","lastModifiedDate":"2023-02-23"},{"lineNumber":98,"author":{"gitId":"-"},"content":"","lastModifiedDate":"2020-05-23"},{"lineNumber":99,"author":{"gitId":"bokuanT"},"content":"Lists all fishes owned.","lastModifiedDate":"2023-02-23"},{"lineNumber":100,"author":{"gitId":"-"},"content":"","lastModifiedDate":"2020-05-23"},{"lineNumber":101,"author":{"gitId":"bokuanT"},"content":"Format: `list fish`","lastModifiedDate":"2023-02-23"},{"lineNumber":102,"author":{"gitId":"-"},"content":"","lastModifiedDate":"2020-05-23"},{"lineNumber":103,"author":{"gitId":"bokuanT"},"content":"### Listing fishes in a tank: `list fish /tank`","lastModifiedDate":"2023-02-23"},{"lineNumber":104,"author":{"gitId":"-"},"content":"","lastModifiedDate":"2020-05-23"},{"lineNumber":105,"author":{"gitId":"bokuanT"},"content":"Lists all fishes in a specific tank.","lastModifiedDate":"2023-02-23"},{"lineNumber":106,"author":{"gitId":"-"},"content":"","lastModifiedDate":"2020-05-23"},{"lineNumber":107,"author":{"gitId":"bokuanT"},"content":"Format: `list fish /tank \u003cTANK_NAME\u003e`","lastModifiedDate":"2023-02-23"},{"lineNumber":108,"author":{"gitId":"-"},"content":"","lastModifiedDate":"2020-05-23"},{"lineNumber":109,"author":{"gitId":"bokuanT"},"content":"### Listing tasks: `list task`","lastModifiedDate":"2023-02-23"},{"lineNumber":110,"author":{"gitId":"-"},"content":"","lastModifiedDate":"2020-05-23"},{"lineNumber":111,"author":{"gitId":"bokuanT"},"content":"Lists all tasks created.","lastModifiedDate":"2023-02-23"},{"lineNumber":112,"author":{"gitId":"-"},"content":"","lastModifiedDate":"2020-05-23"},{"lineNumber":113,"author":{"gitId":"bokuanT"},"content":"Format: `list task`","lastModifiedDate":"2023-02-23"},{"lineNumber":114,"author":{"gitId":"-"},"content":"","lastModifiedDate":"2020-05-23"},{"lineNumber":115,"author":{"gitId":"bokuanT"},"content":"### Deleting a fish: `delete fish`","lastModifiedDate":"2023-02-23"},{"lineNumber":116,"author":{"gitId":"-"},"content":"","lastModifiedDate":"2020-05-23"},{"lineNumber":117,"author":{"gitId":"bokuanT"},"content":"Deletes a fish entry from the app.","lastModifiedDate":"2023-02-23"},{"lineNumber":118,"author":{"gitId":"-"},"content":"","lastModifiedDate":"2020-05-23"},{"lineNumber":119,"author":{"gitId":"bokuanT"},"content":"Format: `delete fish /name \u003cFISH_NAME\u003e`","lastModifiedDate":"2023-02-23"},{"lineNumber":120,"author":{"gitId":"-"},"content":"","lastModifiedDate":"2020-05-23"},{"lineNumber":121,"author":{"gitId":"bokuanT"},"content":"### Deleting a tank: `delete tank`","lastModifiedDate":"2023-02-23"},{"lineNumber":122,"author":{"gitId":"-"},"content":"","lastModifiedDate":"2020-05-23"},{"lineNumber":123,"author":{"gitId":"bokuanT"},"content":"Delete a tank entry from the app.","lastModifiedDate":"2023-02-23"},{"lineNumber":124,"author":{"gitId":"-"},"content":"","lastModifiedDate":"2020-05-23"},{"lineNumber":125,"author":{"gitId":"bokuanT"},"content":"Format: `delete tank /tank \u003cTANK_NAME\u003e`","lastModifiedDate":"2023-02-23"},{"lineNumber":126,"author":{"gitId":"-"},"content":"","lastModifiedDate":"2020-05-23"},{"lineNumber":127,"author":{"gitId":"bokuanT"},"content":"### Deleting a task: `delete task`","lastModifiedDate":"2023-02-23"},{"lineNumber":128,"author":{"gitId":"-"},"content":"","lastModifiedDate":"2020-05-23"},{"lineNumber":129,"author":{"gitId":"bokuanT"},"content":"Delete a task entry from the app.","lastModifiedDate":"2023-02-23"},{"lineNumber":130,"author":{"gitId":"-"},"content":"","lastModifiedDate":"2020-05-23"},{"lineNumber":131,"author":{"gitId":"bokuanT"},"content":"Format: `delete task /name \u003cTASK_NAME\u003e`","lastModifiedDate":"2023-02-23"},{"lineNumber":132,"author":{"gitId":"-"},"content":"","lastModifiedDate":"2020-05-23"},{"lineNumber":133,"author":{"gitId":"-"},"content":"### Saving the data","lastModifiedDate":"2020-05-23"},{"lineNumber":134,"author":{"gitId":"-"},"content":"","lastModifiedDate":"2020-05-23"},{"lineNumber":135,"author":{"gitId":"bokuanT"},"content":"App data is saved in the hard disk automatically after any command that changes the data. There is no need to save manually.","lastModifiedDate":"2023-02-23"},{"lineNumber":136,"author":{"gitId":"-"},"content":"","lastModifiedDate":"2020-05-23"},{"lineNumber":137,"author":{"gitId":"-"},"content":"### Editing the data file","lastModifiedDate":"2021-02-04"},{"lineNumber":138,"author":{"gitId":"-"},"content":"","lastModifiedDate":"2021-02-04"},{"lineNumber":139,"author":{"gitId":"bokuanT"},"content":"App data are saved as a JSON file `[JAR file location]/data/fishahoy.json`. Advanced users are welcome to update data directly by editing that data file.","lastModifiedDate":"2023-02-23"},{"lineNumber":140,"author":{"gitId":"-"},"content":"","lastModifiedDate":"2021-02-04"},{"lineNumber":141,"author":{"gitId":"-"},"content":"\u003cdiv markdown\u003d\"span\" class\u003d\"alert alert-warning\"\u003e:exclamation: **Caution:**","lastModifiedDate":"2021-02-04"},{"lineNumber":142,"author":{"gitId":"bokuanT"},"content":"If your changes to the data file makes its format invalid, Fish Ahoy! will discard all data and start with an empty data file at the next run.","lastModifiedDate":"2023-02-23"},{"lineNumber":143,"author":{"gitId":"-"},"content":"\u003c/div\u003e","lastModifiedDate":"2021-02-04"},{"lineNumber":144,"author":{"gitId":"-"},"content":"","lastModifiedDate":"2021-02-04"},{"lineNumber":145,"author":{"gitId":"-"},"content":"### Archiving data files `[coming in v2.0]`","lastModifiedDate":"2020-05-23"},{"lineNumber":146,"author":{"gitId":"-"},"content":"","lastModifiedDate":"2020-05-23"},{"lineNumber":147,"author":{"gitId":"-"},"content":"_Details coming soon ..._","lastModifiedDate":"2021-02-04"},{"lineNumber":148,"author":{"gitId":"-"},"content":"","lastModifiedDate":"2020-05-23"},{"lineNumber":149,"author":{"gitId":"-"},"content":"--------------------------------------------------------------------------------------------------------------------","lastModifiedDate":"2020-05-23"},{"lineNumber":150,"author":{"gitId":"-"},"content":"","lastModifiedDate":"2020-05-23"},{"lineNumber":151,"author":{"gitId":"-"},"content":"## FAQ","lastModifiedDate":"2020-05-23"},{"lineNumber":152,"author":{"gitId":"-"},"content":"","lastModifiedDate":"2020-05-23"},{"lineNumber":153,"author":{"gitId":"-"},"content":"**Q**: How do I transfer my data to another Computer?\u003cbr\u003e","lastModifiedDate":"2020-05-23"},{"lineNumber":154,"author":{"gitId":"bokuanT"},"content":"**A**: Install the app in the other computer and overwrite the empty data file it creates with the file that contains the data of your previous Fish Ahoy! home folder.","lastModifiedDate":"2023-02-23"},{"lineNumber":155,"author":{"gitId":"-"},"content":"","lastModifiedDate":"2020-05-23"},{"lineNumber":156,"author":{"gitId":"-"},"content":"--------------------------------------------------------------------------------------------------------------------","lastModifiedDate":"2020-05-23"},{"lineNumber":157,"author":{"gitId":"-"},"content":"","lastModifiedDate":"2020-05-23"},{"lineNumber":158,"author":{"gitId":"-"},"content":"## Command summary","lastModifiedDate":"2020-05-23"},{"lineNumber":159,"author":{"gitId":"-"},"content":"","lastModifiedDate":"2020-05-23"},{"lineNumber":160,"author":{"gitId":"-"},"content":"Action | Format, Examples","lastModifiedDate":"2020-05-23"},{"lineNumber":161,"author":{"gitId":"-"},"content":"--------|------------------","lastModifiedDate":"2020-05-23"},{"lineNumber":162,"author":{"gitId":"bokuanT"},"content":"**Add** | `add  fish` etc.","lastModifiedDate":"2023-02-23"},{"lineNumber":163,"author":{"gitId":"bokuanT"},"content":"**Clear** | `clear` **Coming soon**","lastModifiedDate":"2023-02-23"},{"lineNumber":164,"author":{"gitId":"-"},"content":"**Delete** | `delete INDEX`\u003cbr\u003e e.g., `delete 3`","lastModifiedDate":"2020-05-23"},{"lineNumber":165,"author":{"gitId":"bokuanT"},"content":"**Edit** | **Coming soon**","lastModifiedDate":"2023-02-23"},{"lineNumber":166,"author":{"gitId":"bokuanT"},"content":"**Find** | `find KEYWORD [MORE_KEYWORDS]`\u003cbr\u003e **Coming soon**","lastModifiedDate":"2023-02-23"},{"lineNumber":167,"author":{"gitId":"-"},"content":"**List** | `list`","lastModifiedDate":"2020-05-23"},{"lineNumber":168,"author":{"gitId":"-"},"content":"**Help** | `help`","lastModifiedDate":"2020-05-23"}],"authorContributionMap":{"bokuanT":74,"-":94}},{"path":"docs/team/bokuant.md","fileType":"docs","lines":[{"lineNumber":1,"author":{"gitId":"bokuanT"},"content":"---","lastModifiedDate":"2023-02-23"},{"lineNumber":2,"author":{"gitId":"bokuanT"},"content":"layout: page","lastModifiedDate":"2023-02-23"},{"lineNumber":3,"author":{"gitId":"bokuanT"},"content":"title: Bo Kuan\u0027s Project Portfolio Page","lastModifiedDate":"2023-02-23"},{"lineNumber":4,"author":{"gitId":"bokuanT"},"content":"---","lastModifiedDate":"2023-02-23"},{"lineNumber":5,"author":{"gitId":"bokuanT"},"content":"","lastModifiedDate":"2023-02-23"},{"lineNumber":6,"author":{"gitId":"bokuanT"},"content":"### Project: AddressBook Level 3","lastModifiedDate":"2023-02-23"},{"lineNumber":7,"author":{"gitId":"bokuanT"},"content":"","lastModifiedDate":"2023-02-23"},{"lineNumber":8,"author":{"gitId":"bokuanT"},"content":"AddressBook - Level 3 is a desktop address book application used for teaching Software Engineering principles. The user interacts with it using a CLI, and it has a GUI created with JavaFX. It is written in Java, and has about 10 kLoC.","lastModifiedDate":"2023-02-23"},{"lineNumber":9,"author":{"gitId":"bokuanT"},"content":"","lastModifiedDate":"2023-02-23"},{"lineNumber":10,"author":{"gitId":"bokuanT"},"content":"Given below are my contributions to the project.","lastModifiedDate":"2023-02-23"},{"lineNumber":11,"author":{"gitId":"bokuanT"},"content":"","lastModifiedDate":"2023-02-23"},{"lineNumber":12,"author":{"gitId":"bokuanT"},"content":"* **New Feature**: Added the ability to undo/redo previous commands.","lastModifiedDate":"2023-02-23"},{"lineNumber":13,"author":{"gitId":"bokuanT"},"content":"  * What it does: allows the user to undo all previous commands one at a time. Preceding undo commands can be reversed by using the redo command.","lastModifiedDate":"2023-02-23"},{"lineNumber":14,"author":{"gitId":"bokuanT"},"content":"  * Justification: This feature improves the product significantly because a user can make mistakes in commands and the app should provide a convenient way to rectify them.","lastModifiedDate":"2023-02-23"},{"lineNumber":15,"author":{"gitId":"bokuanT"},"content":"  * Highlights: This enhancement affects existing commands and commands to be added in future. It required an in-depth analysis of design alternatives. The implementation too was challenging as it required changes to existing commands.","lastModifiedDate":"2023-02-23"},{"lineNumber":16,"author":{"gitId":"bokuanT"},"content":"  * Credits: *{mention here if you reused any code/ideas from elsewhere or if a third-party library is heavily used in the feature so that a reader can make a more accurate judgement of how much effort went into the feature}*","lastModifiedDate":"2023-02-23"},{"lineNumber":17,"author":{"gitId":"bokuanT"},"content":"","lastModifiedDate":"2023-02-23"},{"lineNumber":18,"author":{"gitId":"bokuanT"},"content":"* **New Feature**: Added a history command that allows the user to navigate to previous commands using up/down keys.","lastModifiedDate":"2023-02-23"},{"lineNumber":19,"author":{"gitId":"bokuanT"},"content":"","lastModifiedDate":"2023-02-23"},{"lineNumber":20,"author":{"gitId":"bokuanT"},"content":"* **Code contributed**: [RepoSense link]()","lastModifiedDate":"2023-02-23"},{"lineNumber":21,"author":{"gitId":"bokuanT"},"content":"","lastModifiedDate":"2023-02-23"},{"lineNumber":22,"author":{"gitId":"bokuanT"},"content":"* **Project management**:","lastModifiedDate":"2023-02-23"},{"lineNumber":23,"author":{"gitId":"bokuanT"},"content":"  * Managed releases `v1.3` - `v1.5rc` (3 releases) on GitHub","lastModifiedDate":"2023-02-23"},{"lineNumber":24,"author":{"gitId":"bokuanT"},"content":"","lastModifiedDate":"2023-02-23"},{"lineNumber":25,"author":{"gitId":"bokuanT"},"content":"* **Enhancements to existing features**:","lastModifiedDate":"2023-02-23"},{"lineNumber":26,"author":{"gitId":"bokuanT"},"content":"  * Updated the GUI color scheme (Pull requests [\\#33](), [\\#34]())","lastModifiedDate":"2023-02-23"},{"lineNumber":27,"author":{"gitId":"bokuanT"},"content":"  * Wrote additional tests for existing features to increase coverage from 88% to 92% (Pull requests [\\#36](), [\\#38]())","lastModifiedDate":"2023-02-23"},{"lineNumber":28,"author":{"gitId":"bokuanT"},"content":"","lastModifiedDate":"2023-02-23"},{"lineNumber":29,"author":{"gitId":"bokuanT"},"content":"* **Documentation**:","lastModifiedDate":"2023-02-23"},{"lineNumber":30,"author":{"gitId":"bokuanT"},"content":"  * User Guide:","lastModifiedDate":"2023-02-23"},{"lineNumber":31,"author":{"gitId":"bokuanT"},"content":"    * Added documentation for the features `delete` and `find` [\\#72]()","lastModifiedDate":"2023-02-23"},{"lineNumber":32,"author":{"gitId":"bokuanT"},"content":"    * Did cosmetic tweaks to existing documentation of features `clear`, `exit`: [\\#74]()","lastModifiedDate":"2023-02-23"},{"lineNumber":33,"author":{"gitId":"bokuanT"},"content":"  * Developer Guide:","lastModifiedDate":"2023-02-23"},{"lineNumber":34,"author":{"gitId":"bokuanT"},"content":"    * Added implementation details of the `delete` feature.","lastModifiedDate":"2023-02-23"},{"lineNumber":35,"author":{"gitId":"bokuanT"},"content":"","lastModifiedDate":"2023-02-23"},{"lineNumber":36,"author":{"gitId":"bokuanT"},"content":"* **Community**:","lastModifiedDate":"2023-02-23"},{"lineNumber":37,"author":{"gitId":"bokuanT"},"content":"  * PRs reviewed (with non-trivial review comments): [\\#12](), [\\#32](), [\\#19](), [\\#42]()","lastModifiedDate":"2023-02-23"},{"lineNumber":38,"author":{"gitId":"bokuanT"},"content":"  * Contributed to forum discussions (examples: [1](), [2](), [3](), [4]())","lastModifiedDate":"2023-02-23"},{"lineNumber":39,"author":{"gitId":"bokuanT"},"content":"  * Reported bugs and suggestions for other teams in the class (examples: [1](), [2](), [3]())","lastModifiedDate":"2023-02-23"},{"lineNumber":40,"author":{"gitId":"bokuanT"},"content":"  * Some parts of the history feature I added was adopted by several other class mates ([1](), [2]())","lastModifiedDate":"2023-02-23"},{"lineNumber":41,"author":{"gitId":"bokuanT"},"content":"","lastModifiedDate":"2023-02-23"},{"lineNumber":42,"author":{"gitId":"bokuanT"},"content":"* **Tools**:","lastModifiedDate":"2023-02-23"},{"lineNumber":43,"author":{"gitId":"bokuanT"},"content":"  * Integrated a third party library (Natty) to the project ([\\#42]())","lastModifiedDate":"2023-02-23"},{"lineNumber":44,"author":{"gitId":"bokuanT"},"content":"  * Integrated a new Github plugin (CircleCI) to the team repo","lastModifiedDate":"2023-02-23"},{"lineNumber":45,"author":{"gitId":"bokuanT"},"content":"","lastModifiedDate":"2023-02-23"},{"lineNumber":46,"author":{"gitId":"bokuanT"},"content":"* _{you can add/remove categories in the list above}_","lastModifiedDate":"2023-02-23"}],"authorContributionMap":{"bokuanT":46}},{"path":"docs/team/bryanongjx.md","fileType":"docs","lines":[{"lineNumber":1,"author":{"gitId":"bokuanT"},"content":"---","lastModifiedDate":"2023-02-23"},{"lineNumber":2,"author":{"gitId":"bokuanT"},"content":"layout: page","lastModifiedDate":"2023-02-23"},{"lineNumber":3,"author":{"gitId":"bokuanT"},"content":"title: Bryan\u0027s Project Portfolio Page","lastModifiedDate":"2023-02-23"},{"lineNumber":4,"author":{"gitId":"bokuanT"},"content":"---","lastModifiedDate":"2023-02-23"},{"lineNumber":5,"author":{"gitId":"bokuanT"},"content":"","lastModifiedDate":"2023-02-23"},{"lineNumber":6,"author":{"gitId":"bokuanT"},"content":"### Project: AddressBook Level 3","lastModifiedDate":"2023-02-23"},{"lineNumber":7,"author":{"gitId":"bokuanT"},"content":"","lastModifiedDate":"2023-02-23"},{"lineNumber":8,"author":{"gitId":"bokuanT"},"content":"AddressBook - Level 3 is a desktop address book application used for teaching Software Engineering principles. The user interacts with it using a CLI, and it has a GUI created with JavaFX. It is written in Java, and has about 10 kLoC.","lastModifiedDate":"2023-02-23"},{"lineNumber":9,"author":{"gitId":"bokuanT"},"content":"","lastModifiedDate":"2023-02-23"},{"lineNumber":10,"author":{"gitId":"bokuanT"},"content":"Given below are my contributions to the project.","lastModifiedDate":"2023-02-23"},{"lineNumber":11,"author":{"gitId":"bokuanT"},"content":"","lastModifiedDate":"2023-02-23"},{"lineNumber":12,"author":{"gitId":"bokuanT"},"content":"* **New Feature**: Added the ability to undo/redo previous commands.","lastModifiedDate":"2023-02-23"},{"lineNumber":13,"author":{"gitId":"bokuanT"},"content":"  * What it does: allows the user to undo all previous commands one at a time. Preceding undo commands can be reversed by using the redo command.","lastModifiedDate":"2023-02-23"},{"lineNumber":14,"author":{"gitId":"bokuanT"},"content":"  * Justification: This feature improves the product significantly because a user can make mistakes in commands and the app should provide a convenient way to rectify them.","lastModifiedDate":"2023-02-23"},{"lineNumber":15,"author":{"gitId":"bokuanT"},"content":"  * Highlights: This enhancement affects existing commands and commands to be added in future. It required an in-depth analysis of design alternatives. The implementation too was challenging as it required changes to existing commands.","lastModifiedDate":"2023-02-23"},{"lineNumber":16,"author":{"gitId":"bokuanT"},"content":"  * Credits: *{mention here if you reused any code/ideas from elsewhere or if a third-party library is heavily used in the feature so that a reader can make a more accurate judgement of how much effort went into the feature}*","lastModifiedDate":"2023-02-23"},{"lineNumber":17,"author":{"gitId":"bokuanT"},"content":"","lastModifiedDate":"2023-02-23"},{"lineNumber":18,"author":{"gitId":"bokuanT"},"content":"* **New Feature**: Added a history command that allows the user to navigate to previous commands using up/down keys.","lastModifiedDate":"2023-02-23"},{"lineNumber":19,"author":{"gitId":"bokuanT"},"content":"","lastModifiedDate":"2023-02-23"},{"lineNumber":20,"author":{"gitId":"bokuanT"},"content":"* **Code contributed**: [RepoSense link]()","lastModifiedDate":"2023-02-23"},{"lineNumber":21,"author":{"gitId":"bokuanT"},"content":"","lastModifiedDate":"2023-02-23"},{"lineNumber":22,"author":{"gitId":"bokuanT"},"content":"* **Project management**:","lastModifiedDate":"2023-02-23"},{"lineNumber":23,"author":{"gitId":"bokuanT"},"content":"  * Managed releases `v1.3` - `v1.5rc` (3 releases) on GitHub","lastModifiedDate":"2023-02-23"},{"lineNumber":24,"author":{"gitId":"bokuanT"},"content":"","lastModifiedDate":"2023-02-23"},{"lineNumber":25,"author":{"gitId":"bokuanT"},"content":"* **Enhancements to existing features**:","lastModifiedDate":"2023-02-23"},{"lineNumber":26,"author":{"gitId":"bokuanT"},"content":"  * Updated the GUI color scheme (Pull requests [\\#33](), [\\#34]())","lastModifiedDate":"2023-02-23"},{"lineNumber":27,"author":{"gitId":"bokuanT"},"content":"  * Wrote additional tests for existing features to increase coverage from 88% to 92% (Pull requests [\\#36](), [\\#38]())","lastModifiedDate":"2023-02-23"},{"lineNumber":28,"author":{"gitId":"bokuanT"},"content":"","lastModifiedDate":"2023-02-23"},{"lineNumber":29,"author":{"gitId":"bokuanT"},"content":"* **Documentation**:","lastModifiedDate":"2023-02-23"},{"lineNumber":30,"author":{"gitId":"bokuanT"},"content":"  * User Guide:","lastModifiedDate":"2023-02-23"},{"lineNumber":31,"author":{"gitId":"bokuanT"},"content":"    * Added documentation for the features `delete` and `find` [\\#72]()","lastModifiedDate":"2023-02-23"},{"lineNumber":32,"author":{"gitId":"bokuanT"},"content":"    * Did cosmetic tweaks to existing documentation of features `clear`, `exit`: [\\#74]()","lastModifiedDate":"2023-02-23"},{"lineNumber":33,"author":{"gitId":"bokuanT"},"content":"  * Developer Guide:","lastModifiedDate":"2023-02-23"},{"lineNumber":34,"author":{"gitId":"bokuanT"},"content":"    * Added implementation details of the `delete` feature.","lastModifiedDate":"2023-02-23"},{"lineNumber":35,"author":{"gitId":"bokuanT"},"content":"","lastModifiedDate":"2023-02-23"},{"lineNumber":36,"author":{"gitId":"bokuanT"},"content":"* **Community**:","lastModifiedDate":"2023-02-23"},{"lineNumber":37,"author":{"gitId":"bokuanT"},"content":"  * PRs reviewed (with non-trivial review comments): [\\#12](), [\\#32](), [\\#19](), [\\#42]()","lastModifiedDate":"2023-02-23"},{"lineNumber":38,"author":{"gitId":"bokuanT"},"content":"  * Contributed to forum discussions (examples: [1](), [2](), [3](), [4]())","lastModifiedDate":"2023-02-23"},{"lineNumber":39,"author":{"gitId":"bokuanT"},"content":"  * Reported bugs and suggestions for other teams in the class (examples: [1](), [2](), [3]())","lastModifiedDate":"2023-02-23"},{"lineNumber":40,"author":{"gitId":"bokuanT"},"content":"  * Some parts of the history feature I added was adopted by several other class mates ([1](), [2]())","lastModifiedDate":"2023-02-23"},{"lineNumber":41,"author":{"gitId":"bokuanT"},"content":"","lastModifiedDate":"2023-02-23"},{"lineNumber":42,"author":{"gitId":"bokuanT"},"content":"* **Tools**:","lastModifiedDate":"2023-02-23"},{"lineNumber":43,"author":{"gitId":"bokuanT"},"content":"  * Integrated a third party library (Natty) to the project ([\\#42]())","lastModifiedDate":"2023-02-23"},{"lineNumber":44,"author":{"gitId":"bokuanT"},"content":"  * Integrated a new Github plugin (CircleCI) to the team repo","lastModifiedDate":"2023-02-23"},{"lineNumber":45,"author":{"gitId":"bokuanT"},"content":"","lastModifiedDate":"2023-02-23"},{"lineNumber":46,"author":{"gitId":"bokuanT"},"content":"* _{you can add/remove categories in the list above}_","lastModifiedDate":"2023-02-23"}],"authorContributionMap":{"bokuanT":46}},{"path":"docs/team/diamondroxxx.md","fileType":"docs","lines":[{"lineNumber":1,"author":{"gitId":"bokuanT"},"content":"---","lastModifiedDate":"2023-02-23"},{"lineNumber":2,"author":{"gitId":"bokuanT"},"content":"layout: page","lastModifiedDate":"2023-02-23"},{"lineNumber":3,"author":{"gitId":"bokuanT"},"content":"title: Avery\u0027s Project Portfolio Page","lastModifiedDate":"2023-02-23"},{"lineNumber":4,"author":{"gitId":"bokuanT"},"content":"---","lastModifiedDate":"2023-02-23"},{"lineNumber":5,"author":{"gitId":"bokuanT"},"content":"","lastModifiedDate":"2023-02-23"},{"lineNumber":6,"author":{"gitId":"bokuanT"},"content":"### Project: AddressBook Level 3","lastModifiedDate":"2023-02-23"},{"lineNumber":7,"author":{"gitId":"bokuanT"},"content":"","lastModifiedDate":"2023-02-23"},{"lineNumber":8,"author":{"gitId":"bokuanT"},"content":"AddressBook - Level 3 is a desktop address book application used for teaching Software Engineering principles. The user interacts with it using a CLI, and it has a GUI created with JavaFX. It is written in Java, and has about 10 kLoC.","lastModifiedDate":"2023-02-23"},{"lineNumber":9,"author":{"gitId":"bokuanT"},"content":"","lastModifiedDate":"2023-02-23"},{"lineNumber":10,"author":{"gitId":"bokuanT"},"content":"Given below are my contributions to the project.","lastModifiedDate":"2023-02-23"},{"lineNumber":11,"author":{"gitId":"bokuanT"},"content":"","lastModifiedDate":"2023-02-23"},{"lineNumber":12,"author":{"gitId":"bokuanT"},"content":"* **New Feature**: Added the ability to undo/redo previous commands.","lastModifiedDate":"2023-02-23"},{"lineNumber":13,"author":{"gitId":"bokuanT"},"content":"  * What it does: allows the user to undo all previous commands one at a time. Preceding undo commands can be reversed by using the redo command.","lastModifiedDate":"2023-02-23"},{"lineNumber":14,"author":{"gitId":"bokuanT"},"content":"  * Justification: This feature improves the product significantly because a user can make mistakes in commands and the app should provide a convenient way to rectify them.","lastModifiedDate":"2023-02-23"},{"lineNumber":15,"author":{"gitId":"bokuanT"},"content":"  * Highlights: This enhancement affects existing commands and commands to be added in future. It required an in-depth analysis of design alternatives. The implementation too was challenging as it required changes to existing commands.","lastModifiedDate":"2023-02-23"},{"lineNumber":16,"author":{"gitId":"bokuanT"},"content":"  * Credits: *{mention here if you reused any code/ideas from elsewhere or if a third-party library is heavily used in the feature so that a reader can make a more accurate judgement of how much effort went into the feature}*","lastModifiedDate":"2023-02-23"},{"lineNumber":17,"author":{"gitId":"bokuanT"},"content":"","lastModifiedDate":"2023-02-23"},{"lineNumber":18,"author":{"gitId":"bokuanT"},"content":"* **New Feature**: Added a history command that allows the user to navigate to previous commands using up/down keys.","lastModifiedDate":"2023-02-23"},{"lineNumber":19,"author":{"gitId":"bokuanT"},"content":"","lastModifiedDate":"2023-02-23"},{"lineNumber":20,"author":{"gitId":"bokuanT"},"content":"* **Code contributed**: [RepoSense link]()","lastModifiedDate":"2023-02-23"},{"lineNumber":21,"author":{"gitId":"bokuanT"},"content":"","lastModifiedDate":"2023-02-23"},{"lineNumber":22,"author":{"gitId":"bokuanT"},"content":"* **Project management**:","lastModifiedDate":"2023-02-23"},{"lineNumber":23,"author":{"gitId":"bokuanT"},"content":"  * Managed releases `v1.3` - `v1.5rc` (3 releases) on GitHub","lastModifiedDate":"2023-02-23"},{"lineNumber":24,"author":{"gitId":"bokuanT"},"content":"","lastModifiedDate":"2023-02-23"},{"lineNumber":25,"author":{"gitId":"bokuanT"},"content":"* **Enhancements to existing features**:","lastModifiedDate":"2023-02-23"},{"lineNumber":26,"author":{"gitId":"bokuanT"},"content":"  * Updated the GUI color scheme (Pull requests [\\#33](), [\\#34]())","lastModifiedDate":"2023-02-23"},{"lineNumber":27,"author":{"gitId":"bokuanT"},"content":"  * Wrote additional tests for existing features to increase coverage from 88% to 92% (Pull requests [\\#36](), [\\#38]())","lastModifiedDate":"2023-02-23"},{"lineNumber":28,"author":{"gitId":"bokuanT"},"content":"","lastModifiedDate":"2023-02-23"},{"lineNumber":29,"author":{"gitId":"bokuanT"},"content":"* **Documentation**:","lastModifiedDate":"2023-02-23"},{"lineNumber":30,"author":{"gitId":"bokuanT"},"content":"  * User Guide:","lastModifiedDate":"2023-02-23"},{"lineNumber":31,"author":{"gitId":"bokuanT"},"content":"    * Added documentation for the features `delete` and `find` [\\#72]()","lastModifiedDate":"2023-02-23"},{"lineNumber":32,"author":{"gitId":"bokuanT"},"content":"    * Did cosmetic tweaks to existing documentation of features `clear`, `exit`: [\\#74]()","lastModifiedDate":"2023-02-23"},{"lineNumber":33,"author":{"gitId":"bokuanT"},"content":"  * Developer Guide:","lastModifiedDate":"2023-02-23"},{"lineNumber":34,"author":{"gitId":"bokuanT"},"content":"    * Added implementation details of the `delete` feature.","lastModifiedDate":"2023-02-23"},{"lineNumber":35,"author":{"gitId":"bokuanT"},"content":"","lastModifiedDate":"2023-02-23"},{"lineNumber":36,"author":{"gitId":"bokuanT"},"content":"* **Community**:","lastModifiedDate":"2023-02-23"},{"lineNumber":37,"author":{"gitId":"bokuanT"},"content":"  * PRs reviewed (with non-trivial review comments): [\\#12](), [\\#32](), [\\#19](), [\\#42]()","lastModifiedDate":"2023-02-23"},{"lineNumber":38,"author":{"gitId":"bokuanT"},"content":"  * Contributed to forum discussions (examples: [1](), [2](), [3](), [4]())","lastModifiedDate":"2023-02-23"},{"lineNumber":39,"author":{"gitId":"bokuanT"},"content":"  * Reported bugs and suggestions for other teams in the class (examples: [1](), [2](), [3]())","lastModifiedDate":"2023-02-23"},{"lineNumber":40,"author":{"gitId":"bokuanT"},"content":"  * Some parts of the history feature I added was adopted by several other class mates ([1](), [2]())","lastModifiedDate":"2023-02-23"},{"lineNumber":41,"author":{"gitId":"bokuanT"},"content":"","lastModifiedDate":"2023-02-23"},{"lineNumber":42,"author":{"gitId":"bokuanT"},"content":"* **Tools**:","lastModifiedDate":"2023-02-23"},{"lineNumber":43,"author":{"gitId":"bokuanT"},"content":"  * Integrated a third party library (Natty) to the project ([\\#42]())","lastModifiedDate":"2023-02-23"},{"lineNumber":44,"author":{"gitId":"bokuanT"},"content":"  * Integrated a new Github plugin (CircleCI) to the team repo","lastModifiedDate":"2023-02-23"},{"lineNumber":45,"author":{"gitId":"bokuanT"},"content":"","lastModifiedDate":"2023-02-23"},{"lineNumber":46,"author":{"gitId":"bokuanT"},"content":"* _{you can add/remove categories in the list above}_","lastModifiedDate":"2023-02-23"}],"authorContributionMap":{"bokuanT":46}},{"path":"docs/team/ryanchua00.md","fileType":"docs","lines":[{"lineNumber":1,"author":{"gitId":"bokuanT"},"content":"---","lastModifiedDate":"2023-02-23"},{"lineNumber":2,"author":{"gitId":"bokuanT"},"content":"layout: page","lastModifiedDate":"2023-02-23"},{"lineNumber":3,"author":{"gitId":"bokuanT"},"content":"title: Ryan\u0027s Project Portfolio Page","lastModifiedDate":"2023-02-23"},{"lineNumber":4,"author":{"gitId":"bokuanT"},"content":"---","lastModifiedDate":"2023-02-23"},{"lineNumber":5,"author":{"gitId":"bokuanT"},"content":"","lastModifiedDate":"2023-02-23"},{"lineNumber":6,"author":{"gitId":"bokuanT"},"content":"### Project: AddressBook Level 3","lastModifiedDate":"2023-02-23"},{"lineNumber":7,"author":{"gitId":"bokuanT"},"content":"","lastModifiedDate":"2023-02-23"},{"lineNumber":8,"author":{"gitId":"bokuanT"},"content":"AddressBook - Level 3 is a desktop address book application used for teaching Software Engineering principles. The user interacts with it using a CLI, and it has a GUI created with JavaFX. It is written in Java, and has about 10 kLoC.","lastModifiedDate":"2023-02-23"},{"lineNumber":9,"author":{"gitId":"bokuanT"},"content":"","lastModifiedDate":"2023-02-23"},{"lineNumber":10,"author":{"gitId":"bokuanT"},"content":"Given below are my contributions to the project.","lastModifiedDate":"2023-02-23"},{"lineNumber":11,"author":{"gitId":"bokuanT"},"content":"","lastModifiedDate":"2023-02-23"},{"lineNumber":12,"author":{"gitId":"bokuanT"},"content":"* **New Feature**: Added the ability to undo/redo previous commands.","lastModifiedDate":"2023-02-23"},{"lineNumber":13,"author":{"gitId":"bokuanT"},"content":"  * What it does: allows the user to undo all previous commands one at a time. Preceding undo commands can be reversed by using the redo command.","lastModifiedDate":"2023-02-23"},{"lineNumber":14,"author":{"gitId":"bokuanT"},"content":"  * Justification: This feature improves the product significantly because a user can make mistakes in commands and the app should provide a convenient way to rectify them.","lastModifiedDate":"2023-02-23"},{"lineNumber":15,"author":{"gitId":"bokuanT"},"content":"  * Highlights: This enhancement affects existing commands and commands to be added in future. It required an in-depth analysis of design alternatives. The implementation too was challenging as it required changes to existing commands.","lastModifiedDate":"2023-02-23"},{"lineNumber":16,"author":{"gitId":"bokuanT"},"content":"  * Credits: *{mention here if you reused any code/ideas from elsewhere or if a third-party library is heavily used in the feature so that a reader can make a more accurate judgement of how much effort went into the feature}*","lastModifiedDate":"2023-02-23"},{"lineNumber":17,"author":{"gitId":"bokuanT"},"content":"","lastModifiedDate":"2023-02-23"},{"lineNumber":18,"author":{"gitId":"bokuanT"},"content":"* **New Feature**: Added a history command that allows the user to navigate to previous commands using up/down keys.","lastModifiedDate":"2023-02-23"},{"lineNumber":19,"author":{"gitId":"bokuanT"},"content":"","lastModifiedDate":"2023-02-23"},{"lineNumber":20,"author":{"gitId":"bokuanT"},"content":"* **Code contributed**: [RepoSense link]()","lastModifiedDate":"2023-02-23"},{"lineNumber":21,"author":{"gitId":"bokuanT"},"content":"","lastModifiedDate":"2023-02-23"},{"lineNumber":22,"author":{"gitId":"bokuanT"},"content":"* **Project management**:","lastModifiedDate":"2023-02-23"},{"lineNumber":23,"author":{"gitId":"bokuanT"},"content":"  * Managed releases `v1.3` - `v1.5rc` (3 releases) on GitHub","lastModifiedDate":"2023-02-23"},{"lineNumber":24,"author":{"gitId":"bokuanT"},"content":"","lastModifiedDate":"2023-02-23"},{"lineNumber":25,"author":{"gitId":"bokuanT"},"content":"* **Enhancements to existing features**:","lastModifiedDate":"2023-02-23"},{"lineNumber":26,"author":{"gitId":"bokuanT"},"content":"  * Updated the GUI color scheme (Pull requests [\\#33](), [\\#34]())","lastModifiedDate":"2023-02-23"},{"lineNumber":27,"author":{"gitId":"bokuanT"},"content":"  * Wrote additional tests for existing features to increase coverage from 88% to 92% (Pull requests [\\#36](), [\\#38]())","lastModifiedDate":"2023-02-23"},{"lineNumber":28,"author":{"gitId":"bokuanT"},"content":"","lastModifiedDate":"2023-02-23"},{"lineNumber":29,"author":{"gitId":"bokuanT"},"content":"* **Documentation**:","lastModifiedDate":"2023-02-23"},{"lineNumber":30,"author":{"gitId":"bokuanT"},"content":"  * User Guide:","lastModifiedDate":"2023-02-23"},{"lineNumber":31,"author":{"gitId":"bokuanT"},"content":"    * Added documentation for the features `delete` and `find` [\\#72]()","lastModifiedDate":"2023-02-23"},{"lineNumber":32,"author":{"gitId":"bokuanT"},"content":"    * Did cosmetic tweaks to existing documentation of features `clear`, `exit`: [\\#74]()","lastModifiedDate":"2023-02-23"},{"lineNumber":33,"author":{"gitId":"bokuanT"},"content":"  * Developer Guide:","lastModifiedDate":"2023-02-23"},{"lineNumber":34,"author":{"gitId":"bokuanT"},"content":"    * Added implementation details of the `delete` feature.","lastModifiedDate":"2023-02-23"},{"lineNumber":35,"author":{"gitId":"bokuanT"},"content":"","lastModifiedDate":"2023-02-23"},{"lineNumber":36,"author":{"gitId":"bokuanT"},"content":"* **Community**:","lastModifiedDate":"2023-02-23"},{"lineNumber":37,"author":{"gitId":"bokuanT"},"content":"  * PRs reviewed (with non-trivial review comments): [\\#12](), [\\#32](), [\\#19](), [\\#42]()","lastModifiedDate":"2023-02-23"},{"lineNumber":38,"author":{"gitId":"bokuanT"},"content":"  * Contributed to forum discussions (examples: [1](), [2](), [3](), [4]())","lastModifiedDate":"2023-02-23"},{"lineNumber":39,"author":{"gitId":"bokuanT"},"content":"  * Reported bugs and suggestions for other teams in the class (examples: [1](), [2](), [3]())","lastModifiedDate":"2023-02-23"},{"lineNumber":40,"author":{"gitId":"bokuanT"},"content":"  * Some parts of the history feature I added was adopted by several other class mates ([1](), [2]())","lastModifiedDate":"2023-02-23"},{"lineNumber":41,"author":{"gitId":"bokuanT"},"content":"","lastModifiedDate":"2023-02-23"},{"lineNumber":42,"author":{"gitId":"bokuanT"},"content":"* **Tools**:","lastModifiedDate":"2023-02-23"},{"lineNumber":43,"author":{"gitId":"bokuanT"},"content":"  * Integrated a third party library (Natty) to the project ([\\#42]())","lastModifiedDate":"2023-02-23"},{"lineNumber":44,"author":{"gitId":"bokuanT"},"content":"  * Integrated a new Github plugin (CircleCI) to the team repo","lastModifiedDate":"2023-02-23"},{"lineNumber":45,"author":{"gitId":"bokuanT"},"content":"","lastModifiedDate":"2023-02-23"},{"lineNumber":46,"author":{"gitId":"bokuanT"},"content":"* _{you can add/remove categories in the list above}_","lastModifiedDate":"2023-02-23"}],"authorContributionMap":{"bokuanT":46}},{"path":"docs/team/timothylawsongen.md","fileType":"docs","lines":[{"lineNumber":1,"author":{"gitId":"bokuanT"},"content":"---","lastModifiedDate":"2023-02-23"},{"lineNumber":2,"author":{"gitId":"bokuanT"},"content":"layout: page","lastModifiedDate":"2023-02-23"},{"lineNumber":3,"author":{"gitId":"bokuanT"},"content":"title: Timothy\u0027s Project Portfolio Page","lastModifiedDate":"2023-02-23"},{"lineNumber":4,"author":{"gitId":"bokuanT"},"content":"---","lastModifiedDate":"2023-02-23"},{"lineNumber":5,"author":{"gitId":"bokuanT"},"content":"","lastModifiedDate":"2023-02-23"},{"lineNumber":6,"author":{"gitId":"bokuanT"},"content":"### Project: AddressBook Level 3","lastModifiedDate":"2023-02-23"},{"lineNumber":7,"author":{"gitId":"bokuanT"},"content":"","lastModifiedDate":"2023-02-23"},{"lineNumber":8,"author":{"gitId":"bokuanT"},"content":"AddressBook - Level 3 is a desktop address book application used for teaching Software Engineering principles. The user interacts with it using a CLI, and it has a GUI created with JavaFX. It is written in Java, and has about 10 kLoC.","lastModifiedDate":"2023-02-23"},{"lineNumber":9,"author":{"gitId":"bokuanT"},"content":"","lastModifiedDate":"2023-02-23"},{"lineNumber":10,"author":{"gitId":"bokuanT"},"content":"Given below are my contributions to the project.","lastModifiedDate":"2023-02-23"},{"lineNumber":11,"author":{"gitId":"bokuanT"},"content":"","lastModifiedDate":"2023-02-23"},{"lineNumber":12,"author":{"gitId":"bokuanT"},"content":"* **New Feature**: Added the ability to undo/redo previous commands.","lastModifiedDate":"2023-02-23"},{"lineNumber":13,"author":{"gitId":"bokuanT"},"content":"  * What it does: allows the user to undo all previous commands one at a time. Preceding undo commands can be reversed by using the redo command.","lastModifiedDate":"2023-02-23"},{"lineNumber":14,"author":{"gitId":"bokuanT"},"content":"  * Justification: This feature improves the product significantly because a user can make mistakes in commands and the app should provide a convenient way to rectify them.","lastModifiedDate":"2023-02-23"},{"lineNumber":15,"author":{"gitId":"bokuanT"},"content":"  * Highlights: This enhancement affects existing commands and commands to be added in future. It required an in-depth analysis of design alternatives. The implementation too was challenging as it required changes to existing commands.","lastModifiedDate":"2023-02-23"},{"lineNumber":16,"author":{"gitId":"bokuanT"},"content":"  * Credits: *{mention here if you reused any code/ideas from elsewhere or if a third-party library is heavily used in the feature so that a reader can make a more accurate judgement of how much effort went into the feature}*","lastModifiedDate":"2023-02-23"},{"lineNumber":17,"author":{"gitId":"bokuanT"},"content":"","lastModifiedDate":"2023-02-23"},{"lineNumber":18,"author":{"gitId":"bokuanT"},"content":"* **New Feature**: Added a history command that allows the user to navigate to previous commands using up/down keys.","lastModifiedDate":"2023-02-23"},{"lineNumber":19,"author":{"gitId":"bokuanT"},"content":"","lastModifiedDate":"2023-02-23"},{"lineNumber":20,"author":{"gitId":"bokuanT"},"content":"* **Code contributed**: [RepoSense link]()","lastModifiedDate":"2023-02-23"},{"lineNumber":21,"author":{"gitId":"bokuanT"},"content":"","lastModifiedDate":"2023-02-23"},{"lineNumber":22,"author":{"gitId":"bokuanT"},"content":"* **Project management**:","lastModifiedDate":"2023-02-23"},{"lineNumber":23,"author":{"gitId":"bokuanT"},"content":"  * Managed releases `v1.3` - `v1.5rc` (3 releases) on GitHub","lastModifiedDate":"2023-02-23"},{"lineNumber":24,"author":{"gitId":"bokuanT"},"content":"","lastModifiedDate":"2023-02-23"},{"lineNumber":25,"author":{"gitId":"bokuanT"},"content":"* **Enhancements to existing features**:","lastModifiedDate":"2023-02-23"},{"lineNumber":26,"author":{"gitId":"bokuanT"},"content":"  * Updated the GUI color scheme (Pull requests [\\#33](), [\\#34]())","lastModifiedDate":"2023-02-23"},{"lineNumber":27,"author":{"gitId":"bokuanT"},"content":"  * Wrote additional tests for existing features to increase coverage from 88% to 92% (Pull requests [\\#36](), [\\#38]())","lastModifiedDate":"2023-02-23"},{"lineNumber":28,"author":{"gitId":"bokuanT"},"content":"","lastModifiedDate":"2023-02-23"},{"lineNumber":29,"author":{"gitId":"bokuanT"},"content":"* **Documentation**:","lastModifiedDate":"2023-02-23"},{"lineNumber":30,"author":{"gitId":"bokuanT"},"content":"  * User Guide:","lastModifiedDate":"2023-02-23"},{"lineNumber":31,"author":{"gitId":"bokuanT"},"content":"    * Added documentation for the features `delete` and `find` [\\#72]()","lastModifiedDate":"2023-02-23"},{"lineNumber":32,"author":{"gitId":"bokuanT"},"content":"    * Did cosmetic tweaks to existing documentation of features `clear`, `exit`: [\\#74]()","lastModifiedDate":"2023-02-23"},{"lineNumber":33,"author":{"gitId":"bokuanT"},"content":"  * Developer Guide:","lastModifiedDate":"2023-02-23"},{"lineNumber":34,"author":{"gitId":"bokuanT"},"content":"    * Added implementation details of the `delete` feature.","lastModifiedDate":"2023-02-23"},{"lineNumber":35,"author":{"gitId":"bokuanT"},"content":"","lastModifiedDate":"2023-02-23"},{"lineNumber":36,"author":{"gitId":"bokuanT"},"content":"* **Community**:","lastModifiedDate":"2023-02-23"},{"lineNumber":37,"author":{"gitId":"bokuanT"},"content":"  * PRs reviewed (with non-trivial review comments): [\\#12](), [\\#32](), [\\#19](), [\\#42]()","lastModifiedDate":"2023-02-23"},{"lineNumber":38,"author":{"gitId":"bokuanT"},"content":"  * Contributed to forum discussions (examples: [1](), [2](), [3](), [4]())","lastModifiedDate":"2023-02-23"},{"lineNumber":39,"author":{"gitId":"bokuanT"},"content":"  * Reported bugs and suggestions for other teams in the class (examples: [1](), [2](), [3]())","lastModifiedDate":"2023-02-23"},{"lineNumber":40,"author":{"gitId":"bokuanT"},"content":"  * Some parts of the history feature I added was adopted by several other class mates ([1](), [2]())","lastModifiedDate":"2023-02-23"},{"lineNumber":41,"author":{"gitId":"bokuanT"},"content":"","lastModifiedDate":"2023-02-23"},{"lineNumber":42,"author":{"gitId":"bokuanT"},"content":"* **Tools**:","lastModifiedDate":"2023-02-23"},{"lineNumber":43,"author":{"gitId":"bokuanT"},"content":"  * Integrated a third party library (Natty) to the project ([\\#42]())","lastModifiedDate":"2023-02-23"},{"lineNumber":44,"author":{"gitId":"bokuanT"},"content":"  * Integrated a new Github plugin (CircleCI) to the team repo","lastModifiedDate":"2023-02-23"},{"lineNumber":45,"author":{"gitId":"bokuanT"},"content":"","lastModifiedDate":"2023-02-23"},{"lineNumber":46,"author":{"gitId":"bokuanT"},"content":"* _{you can add/remove categories in the list above}_","lastModifiedDate":"2023-02-23"}],"authorContributionMap":{"bokuanT":46}},{"path":"src/main/java/seedu/address/Main.java","fileType":"functional-code","lines":[{"lineNumber":1,"author":{"gitId":"-"},"content":"package seedu.address;","lastModifiedDate":"2019-02-08"},{"lineNumber":2,"author":{"gitId":"-"},"content":"","lastModifiedDate":"2019-02-08"},{"lineNumber":3,"author":{"gitId":"-"},"content":"import javafx.application.Application;","lastModifiedDate":"2019-02-08"},{"lineNumber":4,"author":{"gitId":"-"},"content":"","lastModifiedDate":"2019-02-08"},{"lineNumber":5,"author":{"gitId":"ryanchua00"},"content":"/*Hi all, let\u0027s have a good team project*/","lastModifiedDate":"2023-02-17"},{"lineNumber":6,"author":{"gitId":"ryanchua00"},"content":"","lastModifiedDate":"2023-02-17"},{"lineNumber":7,"author":{"gitId":"-"},"content":"/**","lastModifiedDate":"2019-02-08"},{"lineNumber":8,"author":{"gitId":"-"},"content":" * The main entry point to the application.","lastModifiedDate":"2019-02-08"},{"lineNumber":9,"author":{"gitId":"-"},"content":" *","lastModifiedDate":"2019-02-08"},{"lineNumber":10,"author":{"gitId":"-"},"content":" * This is a workaround for the following error when MainApp is made the","lastModifiedDate":"2019-02-08"},{"lineNumber":11,"author":{"gitId":"-"},"content":" * entry point of the application:","lastModifiedDate":"2019-02-08"},{"lineNumber":12,"author":{"gitId":"-"},"content":" *","lastModifiedDate":"2019-02-08"},{"lineNumber":13,"author":{"gitId":"-"},"content":" *     Error: JavaFX runtime components are missing, and are required to run this application","lastModifiedDate":"2019-02-08"},{"lineNumber":14,"author":{"gitId":"-"},"content":" *","lastModifiedDate":"2019-02-08"},{"lineNumber":15,"author":{"gitId":"-"},"content":" * The reason is that MainApp extends Application. In that case, the","lastModifiedDate":"2019-02-08"},{"lineNumber":16,"author":{"gitId":"-"},"content":" * LauncherHelper will check for the javafx.graphics module to be present","lastModifiedDate":"2019-02-08"},{"lineNumber":17,"author":{"gitId":"-"},"content":" * as a named module. We don\u0027t use JavaFX via the module system so it can\u0027t","lastModifiedDate":"2019-02-08"},{"lineNumber":18,"author":{"gitId":"-"},"content":" * find the javafx.graphics module, and so the launch is aborted.","lastModifiedDate":"2019-02-08"},{"lineNumber":19,"author":{"gitId":"-"},"content":" *","lastModifiedDate":"2019-02-08"},{"lineNumber":20,"author":{"gitId":"-"},"content":" * By having a separate main class (Main) that doesn\u0027t extend Application","lastModifiedDate":"2019-02-08"},{"lineNumber":21,"author":{"gitId":"-"},"content":" * to be the entry point of the application, we avoid this issue.","lastModifiedDate":"2019-02-08"},{"lineNumber":22,"author":{"gitId":"-"},"content":" */","lastModifiedDate":"2019-02-08"},{"lineNumber":23,"author":{"gitId":"-"},"content":"public class Main {","lastModifiedDate":"2019-02-08"},{"lineNumber":24,"author":{"gitId":"-"},"content":"    public static void main(String[] args) {","lastModifiedDate":"2019-02-08"},{"lineNumber":25,"author":{"gitId":"-"},"content":"        Application.launch(MainApp.class, args);","lastModifiedDate":"2019-02-08"},{"lineNumber":26,"author":{"gitId":"-"},"content":"    }","lastModifiedDate":"2019-02-08"},{"lineNumber":27,"author":{"gitId":"-"},"content":"}","lastModifiedDate":"2019-02-08"}],"authorContributionMap":{"ryanchua00":2,"-":25}}]
