{"authorDailyContributionsMap":{"TimothyLawSongEn":[],"bryanongjx":[],"bokuanT":[{"date":"2023-02-23","commitResults":[{"hash":"37db1a151e5c0cb0de5e5e9092b97c02d7cdb6c0","messageTitle":"Update AboutUs and create individual portfolios","messageBody":"Let\u0027s,\n* Update our pictures with the ones on CS2103T tutorial teams\n* Update our github links in AboutUs\n* Create individual portfolios from the johndoe template\n*\n","fileTypesAndContributionMap":{"docs":{"insertions":249,"deletions":20}}},{"hash":"00610a97e3c813808f03a0af182461ddb60004cd","messageTitle":"Update ReadMe and Ui.png","messageBody":"","fileTypesAndContributionMap":{"docs":{"insertions":13,"deletions":8}}},{"hash":"c962cc0f9d003c00f42a4edcaa49d7a88d3815ad","messageTitle":"Fix a wrong link in ReadMe","messageBody":"","fileTypesAndContributionMap":{"docs":{"insertions":2,"deletions":2}}},{"hash":"2478fde7d1031cc73647131740c38ee7796a041b","messageTitle":"Rename PPP to correct name (github username in lowercase)","messageBody":"","fileTypesAndContributionMap":{"docs":{"insertions":5,"deletions":5}}},{"hash":"f36aa611c22694478b95098cddb69143207d31d7","messageTitle":"Update user guide for Fish Ahoy! instead of AB3","messageBody":"Let\u0027s,\n* Transfer the google doc format to GFMD format\n","fileTypesAndContributionMap":{"docs":{"insertions":75,"deletions":100}}}]},{"date":"2023-02-24","commitResults":[{"hash":"68795c4294e9b715b439b3315c43ac7d6ea3d31e","messageTitle":"Update individual picture name to correct format (github username in lowercase)","messageBody":"","fileTypesAndContributionMap":{"docs":{"insertions":4,"deletions":4}}}]},{"date":"2023-02-25","commitResults":[{"hash":"b3075cd0137988f31b6950658ca579aa9325495b","messageTitle":"Fix files to reflect website-adapted task complete on dashboard","messageBody":"Let\u0027s,\n* Point CI banner to our own project in REAME.md\n* Remove traces of AB3 in README.md\n* Update Avery\u0027s image name to the correct naming convention\n","fileTypesAndContributionMap":{"docs":{"insertions":4,"deletions":6}}}]},{"date":"2023-02-26","commitResults":[{"hash":"9167de7a407ce156f225e19d244a00ad06e5887f","messageTitle":"Refactor Person class to Fish class","messageBody":"Fish Ahoy! does not keep track of Persons\n\nWe should kick things off by refactoring Persons to Fishes\n\nLet\u0027s,\n* Refactor all occurences of \u003cPerson\u003e to \u003cFish\u003e or \u003cPersons\u003e to\n\u003cFishes\u003e\n* Update sample Person entries to sample Fish entries\n","fileTypesAndContributionMap":{"functional-code":{"insertions":426,"deletions":423},"other":{"insertions":185,"deletions":185},"docs":{"insertions":127,"deletions":127},"test-code":{"insertions":703,"deletions":703}}}]}],"ryanchua00":[{"date":"2023-02-17","commitResults":[{"hash":"52ccf9e0f9453999d9e6d80c493eb16bedb2b299","messageTitle":"Add comment","messageBody":"","fileTypesAndContributionMap":{"functional-code":{"insertions":2,"deletions":0}}}]}],"Diamondroxxx":[]},"authorFileTypeContributionMap":{"TimothyLawSongEn":{"docs":0,"functional-code":0,"test-code":0},"bryanongjx":{"docs":0,"functional-code":0,"test-code":0},"bokuanT":{"docs":465,"functional-code":494,"test-code":820},"ryanchua00":{"docs":0,"functional-code":2,"test-code":0},"Diamondroxxx":{"docs":0,"functional-code":0,"test-code":0}},"authorContributionVariance":{"TimothyLawSongEn":0.0,"bryanongjx":0.0,"bokuanT":737850.8,"ryanchua00":0.35999995,"Diamondroxxx":0.0},"authorDisplayNameMap":{"TimothyLawSongEn":"CS2103T-T17-4 LAW ..OTHY","bryanongjx":"CS2103T-T17-4 ONG ..RYAN","bokuanT":"CS2103T-T17-4 TANG..KUAN","ryanchua00":"CS2103T-T17-4 RYAN..JIAN","Diamondroxxx":"CS2103T-T17-4 MOHA..RYAN"}}
