{"authorDailyContributionsMap":{"TimothyLawSongEn":[{"date":"2023-03-02","commitResults":[{"hash":"aad6d3c219dda5cf957889894b1ca3f2a3d791d0","isMergeCommit":true,"messageTitle":"Merge branch \u0027master\u0027 of https://github.com/TimothyLawSongEn/tp","messageBody":"* \u0027master\u0027 of https://github.com/TimothyLawSongEn/tp:\n  Implement Task class\n  Update product website link\n  Improve Developer Guide\n  Stash commit of finishing Task MVP\n  Stash temp commit\n  Stash temp commit\n  Refactor Person class to Fish class\n  Fix files to reflect website-adapted task complete on dashboard\n  Update DeveloperGuide.md\u0027s Appendix: Requirements section\n","fileTypesAndContributionMap":{}}]},{"date":"2023-03-08","commitResults":[{"hash":"969a5172886351380caae19cbca3b8312390b6fe","isMergeCommit":true,"messageTitle":"Merge branch \u0027AY2223S2-CS2103T-T17-4:master\u0027 into master","messageBody":"","fileTypesAndContributionMap":{}},{"hash":"dd3659e156064e4d5e75573fa8a177c403f3694e","isMergeCommit":true,"messageTitle":"Merge branch \u0027master\u0027 of https://github.com/TimothyLawSongEn/tp","messageBody":"* \u0027master\u0027 of https://github.com/TimothyLawSongEn/tp:\n  Fix team images\n  Delete diamondroxx.png\n  Add files via upload\n  Change CI link\n  Apply suggestions from code review\n  Create default tasks for testing\n  Fix checkstyle Main test issues\n","fileTypesAndContributionMap":{}},{"hash":"cafd5d5321f6b27efb62fb34aba592e0545e98a9","isMergeCommit":true,"messageTitle":"Merge pull request #36 from bokuanT/branch-tank-model","messageBody":"Add Tank model package files","fileTypesAndContributionMap":{}},{"hash":"80738de218a15cb95974a4fa7b8cb0e87adbaadb","isMergeCommit":true,"messageTitle":"Merge branch \u0027AY2223S2-CS2103T-T17-4:master\u0027 into master","messageBody":"","fileTypesAndContributionMap":{}},{"hash":"caac456c460f35196e51585899116a0d5a8dd48c","isMergeCommit":true,"messageTitle":"Merge branch \u0027master\u0027 of https://github.com/TimothyLawSongEn/tp","messageBody":"* \u0027master\u0027 of https://github.com/TimothyLawSongEn/tp:\n  Fix checkstyle error\n  Add Tank model package files\n  Fix inability to save tasks\n","fileTypesAndContributionMap":{}},{"hash":"01829a224d35fac5dccbd6be38e073843e524b6a","isMergeCommit":true,"messageTitle":"Merge pull request #37 from ryanchua00/branch-TankLogic","messageBody":"Add Tank Commands","fileTypesAndContributionMap":{}},{"hash":"68f921f4cc5f1574ae7accbe888f0fae90f7ee43","isMergeCommit":true,"messageTitle":"Merge branch \u0027AY2223S2-CS2103T-T17-4:master\u0027 into master","messageBody":"","fileTypesAndContributionMap":{}},{"hash":"af313873d0d4f13c0fdb0aedfba69f4c53082d6d","isMergeCommit":false,"messageTitle":"Refactor code to support Tank Parser","messageBody":"","fileTypesAndContributionMap":{"functional-code":{"insertions":152,"deletions":0}}},{"hash":"610cc90743bcc62d274ea99851ee7a159fd80888","isMergeCommit":true,"messageTitle":"Merge branch \u0027master\u0027 of https://github.com/TimothyLawSongEn/tp","messageBody":"* \u0027master\u0027 of https://github.com/TimothyLawSongEn/tp:\n  Fix Checkstyle Errors\n  Add Tank Commands\n","fileTypesAndContributionMap":{}},{"hash":"4470efba0073d763ce4de441c28d16db357ce4d9","isMergeCommit":true,"messageTitle":"Merge branch \u0027master\u0027 into branch-tank-parser","messageBody":"* master:\n  Fix Checkstyle Errors\n  Add Tank Commands\n","fileTypesAndContributionMap":{}},{"hash":"623db8780b7d5e717f46a329d3bb1090865e6978","isMergeCommit":false,"messageTitle":"Merge TankCommand with TankParser","messageBody":"","fileTypesAndContributionMap":{"functional-code":{"insertions":6,"deletions":8}}},{"hash":"4ee79bbb5d78598e9345f08ab52ea20562fb1d42","isMergeCommit":false,"messageTitle":"Fix Checkstyle issues","messageBody":"","fileTypesAndContributionMap":{"functional-code":{"insertions":16,"deletions":12}}}]},{"date":"2023-03-14","commitResults":[{"hash":"cfc6e16e7ec7b1687bb635817d409378a362dd1e","isMergeCommit":true,"messageTitle":"Merge branch \u0027master\u0027 of https://github.com/TimothyLawSongEn/tp","messageBody":"* \u0027master\u0027 of https://github.com/TimothyLawSongEn/tp:\n  Fix task feature bug and enable tanks to be saved in Json file\n  Fix wrong file name in JsonTankListStorageTest line 57\n  Fix checkstyle issues\n  Add test files for classes in storage package related to Tank class\n  Add Tank storage files\n  Fix Checkstyle issues\n  Create Tests for Tank Commands\n  Merge TankCommand with TankParser\n  Refactor code to support Tank Parser\n","fileTypesAndContributionMap":{}}]},{"date":"2023-03-15","commitResults":[{"hash":"74cb73aad19610badbc0050cf8fa6e20de4c2cf2","isMergeCommit":true,"messageTitle":"Merge branch \u0027master\u0027 of https://github.com/TimothyLawSongEn/tp","messageBody":"* \u0027master\u0027 of https://github.com/TimothyLawSongEn/tp:\n  Fix Checkstyle\n  Remove fish addition to tank\n  Fix Style\n  Fix Style\n  Fix Style\n  Add fish to tanks in AddCommand\n  Fix Style\n  Remove Phone attribute and add LastFedDate attribute to Fish\n  Fix tests\n  Add list tanks and list fishes commands\n  Change AddCommand signature to include tank index\n  Add tank as required field to create fish\n  Add TankList display panel\n  Add Tank Prefix and change Task prefix\n  Add AddressBook field to Tank class\n","fileTypesAndContributionMap":{}},{"hash":"e4aa89096152dd3bb57e91dd4762fe861837b34d","isMergeCommit":false,"messageTitle":"Add TankViewCommand class for \u0027tank view 1\" commands","messageBody":"","fileTypesAndContributionMap":{"functional-code":{"insertions":95,"deletions":0}}}]},{"date":"2023-03-21","commitResults":[{"hash":"b38b739f233de5ad04d607465731ac6142147862","isMergeCommit":true,"messageTitle":"Merge pull request #58 from bokuanT/branch-TankReference2","messageBody":"Fix referencing issues of Fish and Tank","fileTypesAndContributionMap":{}}]}],"bryanongjx":[{"date":"2023-03-12","commitResults":[{"hash":"2c646feb8f3ea126c2a81e21857d7a054179eb0d","isMergeCommit":true,"messageTitle":"Merge pull request #42 from bokuanT/branch-tank-storage","messageBody":"Add Tank storage files","fileTypesAndContributionMap":{}}]},{"date":"2023-03-14","commitResults":[{"hash":"fdf1928bd3de8272b17f19b8fa7645b913c72009","isMergeCommit":true,"messageTitle":"Merge pull request #45 from bokuanT/branch-fishAttributes","messageBody":"Remove Phone attribute and add LastFedDate attribute to Fish","fileTypesAndContributionMap":{}},{"hash":"8aa5fe370dcdb4260cd338c1168f1e7d48d3c0b1","isMergeCommit":false,"messageTitle":"remove email attribute, add species attribute","messageBody":"","fileTypesAndContributionMap":{"functional-code":{"insertions":129,"deletions":68},"docs":{"insertions":2,"deletions":2},"test-code":{"insertions":168,"deletions":132}}},{"hash":"09ccf92c8b902eb3a11f482fffea28de600bb64c","isMergeCommit":false,"messageTitle":"fix checkstyle","messageBody":"","fileTypesAndContributionMap":{"test-code":{"insertions":1,"deletions":1}}},{"hash":"890faff65e8785ab4c2997a3011c16aab0e697b0","isMergeCommit":false,"messageTitle":"fix checkstyle2","messageBody":"","fileTypesAndContributionMap":{"functional-code":{"insertions":8,"deletions":8}}},{"hash":"0ed6b7856970febb34519b50312c675328259fe6","isMergeCommit":false,"messageTitle":"fix checkstyle3","messageBody":"","fileTypesAndContributionMap":{"functional-code":{"insertions":2,"deletions":2}}},{"hash":"0fc969a68ea59eb0d8d68c73d2c4005f139f1b16","isMergeCommit":false,"messageTitle":"fix checkstyle3","messageBody":"","fileTypesAndContributionMap":{"test-code":{"insertions":24,"deletions":23}}},{"hash":"5bbc0d36de37e3847eeb95a753071c0708637cec","isMergeCommit":false,"messageTitle":"Fix checkstyle4","messageBody":"","fileTypesAndContributionMap":{"test-code":{"insertions":7,"deletions":7}}},{"hash":"141498e7ec8f20e3a14e03ee9a60ac273b66e3a6","isMergeCommit":false,"messageTitle":"fix checkstyle5","messageBody":"","fileTypesAndContributionMap":{"test-code":{"insertions":2,"deletions":2}}}]},{"date":"2023-03-15","commitResults":[{"hash":"4ee35b536e28dd859dd96b35e4cd899eeb438706","isMergeCommit":false,"messageTitle":"minor changes","messageBody":"","fileTypesAndContributionMap":{"test-code":{"insertions":1,"deletions":1}}},{"hash":"e82f9810117b03575a54a08d9094ea72f9c658a4","isMergeCommit":false,"messageTitle":"fix JUnit Test Case Failures","messageBody":"","fileTypesAndContributionMap":{"test-code":{"insertions":10,"deletions":10}}},{"hash":"3dd95dd6baf3da1d1eb84a743c348b1306414009","isMergeCommit":true,"messageTitle":"Merge branch \u0027master\u0027 into branchFishAttributes","messageBody":"","fileTypesAndContributionMap":{}},{"hash":"4aca036d65a3d0f2e1b36f14b5390821f7b2ed12","isMergeCommit":false,"messageTitle":"fix checkstyle6","messageBody":"","fileTypesAndContributionMap":{"test-code":{"insertions":0,"deletions":1}}},{"hash":"2b7695e3fc02f0862753e47a1c0d1c885ca67060","isMergeCommit":false,"messageTitle":"JUnit Bug Fix","messageBody":"","fileTypesAndContributionMap":{"test-code":{"insertions":3,"deletions":3}}},{"hash":"cbc2e2c8009b08fe0222eeaeda02385cdd0d41d0","isMergeCommit":false,"messageTitle":"refactor add commands to fish add commands","messageBody":"","fileTypesAndContributionMap":{"functional-code":{"insertions":16,"deletions":0}}},{"hash":"ed1ff9c26ba79b3bba651ff9f5574f0dac8abaf5","isMergeCommit":false,"messageTitle":"refactor default commands to fish commands","messageBody":"","fileTypesAndContributionMap":{"functional-code":{"insertions":413,"deletions":11}}},{"hash":"e493b432b3432b7d24c06163f209a7ea8dc25c9b","isMergeCommit":false,"messageTitle":"chang \"address book\" to \"fish ahoy!\" and default icon to nemo fish","messageBody":"","fileTypesAndContributionMap":{"functional-code":{"insertions":3,"deletions":3},"test-code":{"insertions":1,"deletions":1}}}]}],"bokuanT":[{"date":"2023-02-23","commitResults":[{"hash":"37db1a151e5c0cb0de5e5e9092b97c02d7cdb6c0","isMergeCommit":false,"messageTitle":"Update AboutUs and create individual portfolios","messageBody":"Let\u0027s,\n* Update our pictures with the ones on CS2103T tutorial teams\n* Update our github links in AboutUs\n* Create individual portfolios from the johndoe template\n*\n","fileTypesAndContributionMap":{"docs":{"insertions":249,"deletions":20}}},{"hash":"00610a97e3c813808f03a0af182461ddb60004cd","isMergeCommit":false,"messageTitle":"Update ReadMe and Ui.png","messageBody":"","fileTypesAndContributionMap":{"docs":{"insertions":13,"deletions":8}}},{"hash":"c962cc0f9d003c00f42a4edcaa49d7a88d3815ad","isMergeCommit":false,"messageTitle":"Fix a wrong link in ReadMe","messageBody":"","fileTypesAndContributionMap":{"docs":{"insertions":2,"deletions":2}}},{"hash":"2478fde7d1031cc73647131740c38ee7796a041b","isMergeCommit":false,"messageTitle":"Rename PPP to correct name (github username in lowercase)","messageBody":"","fileTypesAndContributionMap":{"docs":{"insertions":5,"deletions":5}}},{"hash":"f36aa611c22694478b95098cddb69143207d31d7","isMergeCommit":false,"messageTitle":"Update user guide for Fish Ahoy! instead of AB3","messageBody":"Let\u0027s,\n* Transfer the google doc format to GFMD format\n","fileTypesAndContributionMap":{"docs":{"insertions":75,"deletions":100}}}]},{"date":"2023-02-24","commitResults":[{"hash":"68795c4294e9b715b439b3315c43ac7d6ea3d31e","isMergeCommit":false,"messageTitle":"Update individual picture name to correct format (github username in lowercase)","messageBody":"","fileTypesAndContributionMap":{"docs":{"insertions":4,"deletions":4}}},{"hash":"c453b5d166ee18b834f38c96c1b8e4148d4e0e56","isMergeCommit":true,"messageTitle":"Merge pull request #9 from bokuanT/branch-UserGuide","messageBody":"Update user guide for Fish Ahoy! instead of AB3","fileTypesAndContributionMap":{}},{"hash":"a5719414426535a0126e3cad285050c56a2d9fd6","isMergeCommit":true,"messageTitle":"Merge pull request #8 from bokuanT/branch-ReadMe","messageBody":"Update ReadMe and Ui.png","fileTypesAndContributionMap":{}},{"hash":"d40e02c7ac4649d3c705a14cf332a42440f5991d","isMergeCommit":true,"messageTitle":"Merge pull request #7 from bokuanT/branch-AboutUs","messageBody":"Update AboutUs and create individual portfolios","fileTypesAndContributionMap":{}},{"hash":"a77a67839e2ba4f12cee4ad4baf6d5bb3a9ee9f1","isMergeCommit":false,"messageTitle":"Update DeveloperGuide.md\u0027s Appendix: Requirements section","messageBody":"DeveloperGuide.md is written for AB3\n\nWe should change the contents to cater to Fish Ahoy!\n\nLet\u0027s,\n* Update the Target User profile\n* Update the Value proposition\n* Update the user stories\n* Update the use cases\n* Update the NFRs\n* Update the glossary\n","fileTypesAndContributionMap":{"docs":{"insertions":46,"deletions":26}}}]},{"date":"2023-02-25","commitResults":[{"hash":"b3075cd0137988f31b6950658ca579aa9325495b","isMergeCommit":false,"messageTitle":"Fix files to reflect website-adapted task complete on dashboard","messageBody":"Let\u0027s,\n* Point CI banner to our own project in REAME.md\n* Remove traces of AB3 in README.md\n* Update Avery\u0027s image name to the correct naming convention\n","fileTypesAndContributionMap":{"docs":{"insertions":4,"deletions":6}}}]},{"date":"2023-02-26","commitResults":[{"hash":"9167de7a407ce156f225e19d244a00ad06e5887f","isMergeCommit":false,"messageTitle":"Refactor Person class to Fish class","messageBody":"Fish Ahoy! does not keep track of Persons\n\nWe should kick things off by refactoring Persons to Fishes\n\nLet\u0027s,\n* Refactor all occurences of \u003cPerson\u003e to \u003cFish\u003e or \u003cPersons\u003e to\n\u003cFishes\u003e\n* Update sample Person entries to sample Fish entries\n","fileTypesAndContributionMap":{"functional-code":{"insertions":426,"deletions":423},"other":{"insertions":185,"deletions":185},"docs":{"insertions":127,"deletions":127},"test-code":{"insertions":703,"deletions":703}}}]},{"date":"2023-02-27","commitResults":[{"hash":"5e53e57a296c2b80050e87516ea0f7859e43f58b","isMergeCommit":false,"messageTitle":"Stash temp commit","messageBody":"","fileTypesAndContributionMap":{"functional-code":{"insertions":490,"deletions":0}}}]},{"date":"2023-02-28","commitResults":[{"hash":"7088334a32bf23084c100aa93ed5112dbb39ee8c","isMergeCommit":true,"messageTitle":"Merge branch \u0027master\u0027 into branch-task","messageBody":"","fileTypesAndContributionMap":{}},{"hash":"b4ac81450a7b337804a9f86fbc7438be1101e257","isMergeCommit":false,"messageTitle":"Stash temp commit","messageBody":"","fileTypesAndContributionMap":{"functional-code":{"insertions":518,"deletions":8}}},{"hash":"b57619d6268d378b93fa60ab872f1a06d401c572","isMergeCommit":false,"messageTitle":"Stash commit of finishing Task MVP","messageBody":"To refine checkStyle\n","fileTypesAndContributionMap":{"functional-code":{"insertions":360,"deletions":54}}},{"hash":"f625b0edc7db0931c8da80d28d5da3ebb0d9a057","isMergeCommit":false,"messageTitle":"Implement Task class","messageBody":"Fish Ahoy cannot add Tasks\n\nv1.2 aims to have Tasks involved\n\nLet\u0027s,\n* Add Task class\n* Allow adding of tasks\n* Allow deleting of tasks\n* Add tests for Task in the future\n","fileTypesAndContributionMap":{"functional-code":{"insertions":36,"deletions":16}}},{"hash":"1faa11b1a86cd3b6e5d6f9338871a1e15b94b0d0","isMergeCommit":true,"messageTitle":"Merge pull request #21 from ryanchua00/branch-DeveloperGuide","messageBody":"Improve Developer Guide","fileTypesAndContributionMap":{}}]},{"date":"2023-03-03","commitResults":[{"hash":"d64403cf752e57172309efcf860bd32978970838","isMergeCommit":true,"messageTitle":"Merge pull request #26 from ryanchua00/branch-Task","messageBody":"Resolve build issues after merging Task class","fileTypesAndContributionMap":{}},{"hash":"40370edf294aab0f0886e31718735e1d29c301d5","isMergeCommit":true,"messageTitle":"Merge pull request #28 from ryanchua00/branch-README","messageBody":"Change CI link","fileTypesAndContributionMap":{}}]},{"date":"2023-03-06","commitResults":[{"hash":"346b8222acab3b1e6b1a62404e0460cd5f079e35","isMergeCommit":false,"messageTitle":"Fix inability to save tasks","messageBody":"Let\u0027s,\n* make tasks save on exit of application\n* fix minor name mistakes\n","fileTypesAndContributionMap":{"functional-code":{"insertions":4,"deletions":2}}},{"hash":"0cd29b2cc5da1cd2e688307277e38607cb95bdb8","isMergeCommit":false,"messageTitle":"Add Tank model package files","messageBody":"Fish Ahoy does not have function to add tanks\n\nLet\u0027s,\n* Add related Tank classes to model package\n","fileTypesAndContributionMap":{"functional-code":{"insertions":574,"deletions":10},"test-code":{"insertions":73,"deletions":22}}},{"hash":"7886d84edd5c6876d243badc7687248f2f0539fe","isMergeCommit":false,"messageTitle":"Fix checkstyle error","messageBody":"","fileTypesAndContributionMap":{"functional-code":{"insertions":1,"deletions":1}}}]},{"date":"2023-03-11","commitResults":[{"hash":"0befffe319b57f6f89d39d5df30a34723d11428d","isMergeCommit":false,"messageTitle":"Add Tank storage files","messageBody":"Let\u0027s,\n* Add relevant files for tank storage package\n","fileTypesAndContributionMap":{"functional-code":{"insertions":280,"deletions":4},"test-code":{"insertions":9,"deletions":3}}}]},{"date":"2023-03-12","commitResults":[{"hash":"8748f56a89c616b37db11bd1cad221c6373c5ce6","isMergeCommit":false,"messageTitle":"Add test files for classes in storage package related to Tank class","messageBody":"Let\u0027s,\n* Add JsonSerializableTankListTest\n* Add JsonTankListStorageTest\n* Add JsonAdaptedTankTest\n* Fix bug where equals method in Tank class uses elements from Task\n","fileTypesAndContributionMap":{"functional-code":{"insertions":3,"deletions":3},"test-code":{"insertions":278,"deletions":0}}},{"hash":"2b1b612de20fe551855c0d822853be2f7d54f623","isMergeCommit":true,"messageTitle":"Merge pull request #39 from ryanchua00/branch-TankLogic","messageBody":"Create Tests for Tank Commands","fileTypesAndContributionMap":{}},{"hash":"d68d0c20059a70d56d7e18448c247acf42299a93","isMergeCommit":false,"messageTitle":"Fix checkstyle issues","messageBody":"","fileTypesAndContributionMap":{"test-code":{"insertions":9,"deletions":8}}},{"hash":"4d56b7c2df3e63a1500f689a9556e58f6619121a","isMergeCommit":true,"messageTitle":"Merge branch \u0027master\u0027 of https://github.com/AY2223S2-CS2103T-T17-4/tp into branch-tank-storage","messageBody":"# Conflicts:\n#\tsrc/test/java/seedu/address/testutil/TankBuilder.java\n#\tsrc/test/java/seedu/address/testutil/TypicalTanks.java\n","fileTypesAndContributionMap":{}},{"hash":"e2f1730eacf832bbbef5c703e3d661faa809a850","isMergeCommit":false,"messageTitle":"Fix wrong file name in JsonTankListStorageTest line 57","messageBody":"","fileTypesAndContributionMap":{"test-code":{"insertions":1,"deletions":1}}},{"hash":"123f5e9ad531872e21de978da82466fee7bef5e9","isMergeCommit":false,"messageTitle":"Fix task feature bug and enable tanks to be saved in Json file","messageBody":"","fileTypesAndContributionMap":{"functional-code":{"insertions":10,"deletions":8}}}]},{"date":"2023-03-13","commitResults":[{"hash":"4b258a9c7eabdc42104ef201a95a69a703639324","isMergeCommit":false,"messageTitle":"Remove Phone attribute and add LastFedDate attribute to Fish","messageBody":"Let\u0027s,\n* Remove Phone class and its relevant classes\n* Add LastFedDate class and relevant classes\n* Create DateUtil class to be extended in future features using\ndates\n","fileTypesAndContributionMap":{"functional-code":{"insertions":161,"deletions":122},"docs":{"insertions":2,"deletions":2},"test-code":{"insertions":185,"deletions":178}}}]},{"date":"2023-03-14","commitResults":[{"hash":"405bf30b119dc92afe3b9972acb5b9a7ba90b71a","isMergeCommit":true,"messageTitle":"Merge pull request #44 from Diamondroxxx/Add-TankList-UI","messageBody":"Add tank list UI","fileTypesAndContributionMap":{}},{"hash":"93f5cd6af58913d81f3e8a3662bb87301b71a718","isMergeCommit":true,"messageTitle":"Merge pull request #47 from ryanchua00/branch-TankViewCommand","messageBody":"Limit fish additions to include a tank index","fileTypesAndContributionMap":{}}]},{"date":"2023-03-15","commitResults":[{"hash":"c74eb31b6b44b21ce726bec7e9c61da497d503a5","isMergeCommit":true,"messageTitle":"Merge pull request #46 from AY2223S2-CS2103T-T17-4/branchFishAttributes","messageBody":"remove email attribute, add species attribute","fileTypesAndContributionMap":{}},{"hash":"ce0074bb7894ffd5af00e19ae1b51bd857d8cbab","isMergeCommit":true,"messageTitle":"Merge pull request #48 from TimothyLawSongEn/branch-view-command","messageBody":"Branch view command","fileTypesAndContributionMap":{}},{"hash":"59d08f23c36282c8fa9238571d4bd99497c5d78d","isMergeCommit":true,"messageTitle":"Stash changes","messageBody":"","fileTypesAndContributionMap":{}},{"hash":"4b04431d390f3de8e23f34950716c6a05bb70193","isMergeCommit":false,"messageTitle":"Add Tank and FeedingInterval attribute to Fish","messageBody":"Fish has attributes from Person\n\nLet\u0027s,\n* Change Address attribute to Feeding Interval\n* Add Tank attribute to Fish\n* Fix bug where trying to add a fish to a specific tank with\n/tk index doesn\u0027t work\n\nFuture issues: Find a class to update Tanks to point to the actual\nTank references instead of instantiating new Tank objects with the\nsame name\n","fileTypesAndContributionMap":{"test-code":{"insertions":123,"deletions":22}}}]},{"date":"2023-03-16","commitResults":[{"hash":"2e15414d2c2d656fd0ab02ff48ec5ac98238fd53","isMergeCommit":true,"messageTitle":"Merge pull request #52 from bryanongjx/ui","messageBody":"UI change","fileTypesAndContributionMap":{}},{"hash":"6e9a695043c75a231bae656bc25dc25431c8cdb5","isMergeCommit":true,"messageTitle":"Merge branch \u0027master\u0027 of https://github.com/AY2223S2-CS2103T-T17-4/tp into branch-addressToTank","messageBody":"","fileTypesAndContributionMap":{}},{"hash":"2c0ebb13f2200996c57cb30cc878441edc1bb514","isMergeCommit":true,"messageTitle":"Merge branch \u0027branch-addressToTank\u0027 of https://github.com/bokuanT/tp into branch-addressToTank","messageBody":"","fileTypesAndContributionMap":{}},{"hash":"9a0fcd82067ee10881974aa557ab7eb1bf6152ce","isMergeCommit":false,"messageTitle":"Fix compatibility","messageBody":"","fileTypesAndContributionMap":{"functional-code":{"insertions":25,"deletions":24}}}]},{"date":"2023-03-18","commitResults":[{"hash":"c15030640ba8311326cea992a694377e73ff4c13","isMergeCommit":true,"messageTitle":"Merge pull request #55 from ryanchua00/branch-UserGuide","messageBody":"Update and organize commands to v1.2 Fish Ahoy!","fileTypesAndContributionMap":{}}]},{"date":"2023-03-20","commitResults":[{"hash":"e401996a7175f965bbffad8d17b68e7da1f7d59e","isMergeCommit":true,"messageTitle":"Merge pull request #56 from Diamondroxxx/branch-View-Commands","messageBody":"Branch view commands","fileTypesAndContributionMap":{}},{"hash":"a86aee30222a5ef8d1bcc2bbd08f2e8b0887eb6d","isMergeCommit":false,"messageTitle":"Stash changes","messageBody":"","fileTypesAndContributionMap":{"functional-code":{"insertions":53,"deletions":4},"test-code":{"insertions":125,"deletions":82}}},{"hash":"e1dc4355a607dd0b0cadd637c3112de9bf81cc20","isMergeCommit":true,"messageTitle":"Fix referencing issues of Fish and Tank","messageBody":"A fish\u0027s Tank attribute and a Tank\u0027s addressbook attribute\u0027s\nindividual Fishes points to duplicate copy instances with the same\nattribute names.\n\nThey should be pointing to the actual instance i.e. A fish instance\nin the main AddressBook should be the exact same instance of a Fish\nin a Tank\u0027s AddressBook.\n\nLet\u0027s,\n* Update the pointing during Add fish, edit fish or loading fish\nfrom Json upon initiating the app\n* Update tests\n","fileTypesAndContributionMap":{}}]},{"date":"2023-03-21","commitResults":[{"hash":"52ef157b840d42136958a22705767015c7ac7b59","isMergeCommit":false,"messageTitle":"Add an optional Tank attribute to Task","messageBody":"","fileTypesAndContributionMap":{"functional-code":{"insertions":135,"deletions":19},"test-code":{"insertions":8,"deletions":2}}},{"hash":"aa6dad05a1b8d21c26446c34d18fdd86702ddc9e","isMergeCommit":false,"messageTitle":"Fix bug where adding a task without a tank index doesn\u0027t work","messageBody":"","fileTypesAndContributionMap":{"functional-code":{"insertions":3,"deletions":1}}}]}],"ryanchua00":[{"date":"2023-02-17","commitResults":[{"hash":"52ccf9e0f9453999d9e6d80c493eb16bedb2b299","isMergeCommit":false,"messageTitle":"Add comment","messageBody":"","fileTypesAndContributionMap":{"functional-code":{"insertions":2,"deletions":0}}},{"hash":"bd29001f3d6debcd7971cd09f2c74e621a7409b9","isMergeCommit":true,"messageTitle":"Merge pull request #2 from ryanchua00/master","messageBody":"Add comment","fileTypesAndContributionMap":{}}]},{"date":"2023-02-27","commitResults":[{"hash":"0e0a2b80ba6808ce22092fde6e9c9ed4bb11fa57","isMergeCommit":true,"messageTitle":"Merge pull request #17 from bokuanT/branch-Week7ProgressFix","messageBody":"Fix files to reflect website-adapted task complete on dashboard","fileTypesAndContributionMap":{}},{"hash":"2936c4c1a0a1b6ba5a5ec428d5bead91c9305128","isMergeCommit":true,"messageTitle":"Merge pull request #18 from bokuanT/branch-fish","messageBody":"Refactor Person class to Fish class","fileTypesAndContributionMap":{}}]},{"date":"2023-02-28","commitResults":[{"hash":"acffe555549a1555c0a389cc6dd3dc3792554e9a","isMergeCommit":true,"messageTitle":"Merge branch \u0027master\u0027 into branch-DeveloperGuide","messageBody":"","fileTypesAndContributionMap":{}},{"hash":"12ee038cb28f5a88a538c7548daa5e14785daa9f","isMergeCommit":true,"messageTitle":"Merge pull request #15 from bokuanT/branch-DeveloperGuide","messageBody":"Update DeveloperGuide.md\u0027s Appendix: Requirements section","fileTypesAndContributionMap":{}},{"hash":"a9263a13389848654725931f8ad30fb53fb88196","isMergeCommit":false,"messageTitle":"Improve Developer Guide","messageBody":"*Add remaining user stories\n*Add use cases\n*Add NFR\n","fileTypesAndContributionMap":{"docs":{"insertions":37,"deletions":6}}},{"hash":"491e1d82f0fef9267d7072130470cbfde7320753","isMergeCommit":false,"messageTitle":"Update product website link","messageBody":"","fileTypesAndContributionMap":{"docs":{"insertions":1,"deletions":1}}}]},{"date":"2023-03-01","commitResults":[{"hash":"0c8ceb4c23fe0137a172b7b9aacfb575fe3d1def","isMergeCommit":true,"messageTitle":"Merge pull request #22 from bokuanT/branch-task","messageBody":"Implement MVP Task class","fileTypesAndContributionMap":{}},{"hash":"c47cb666d1244e57bb0d0ba71e330f5735f85cb8","isMergeCommit":false,"messageTitle":"Fix checkstyle Main test issues","messageBody":"*Removed unnecessary imports\n*Reorder imports\n*Renamed variables\n*Cleaned whitespace\n","fileTypesAndContributionMap":{"functional-code":{"insertions":89,"deletions":77}}},{"hash":"12d45708bc3c1315e51c42d2bea1062ca013a684","isMergeCommit":false,"messageTitle":"Create default tasks for testing","messageBody":"Original error was caused by ModelManager creation requiring a\nnon-null task list. Hence, I created a TypicalTasks.java in testutil\nto return default tasks.\n\nAdded\n* getTypicalTaskList() to instantiations of ModelManager in testing.\n* overridden methods to Model Stub in AddCommandTest.java\n* task list storage to LogicManagerTest.java\n* task list storage to StorageManagerTest.java\n","fileTypesAndContributionMap":{"functional-code":{"insertions":4,"deletions":4},"test-code":{"insertions":120,"deletions":25}}}]},{"date":"2023-03-03","commitResults":[{"hash":"5f60ee7c6c0a172ddf41dc1bcec29af12c1b5283","isMergeCommit":false,"messageTitle":"Change CI link","messageBody":"","fileTypesAndContributionMap":{"docs":{"insertions":1,"deletions":1}}}]},{"date":"2023-03-08","commitResults":[{"hash":"4ac60dc198ffd4d6577d4b2ed5040bf021f53a03","isMergeCommit":true,"messageTitle":"Merge pull request #30 from bokuanT/branch-fix_task_bugs","messageBody":"Fix inability to save tasks","fileTypesAndContributionMap":{}},{"hash":"c860248ba6130cd18ed25e2fcb3e27801053827e","isMergeCommit":false,"messageTitle":"Add Tank Commands","messageBody":"Added:\n*Abstract tank commmand\n*Add tank command\n*Delete tank command\n","fileTypesAndContributionMap":{"functional-code":{"insertions":141,"deletions":0}}},{"hash":"7328e2f0d9dbdffa7fdd24c9e357d980065f1d5f","isMergeCommit":false,"messageTitle":"Fix Checkstyle Errors","messageBody":"","fileTypesAndContributionMap":{"functional-code":{"insertions":7,"deletions":7}}},{"hash":"131aa46900ef56d2b5e635c5f1d57199a60ff002","isMergeCommit":false,"messageTitle":"Create Tests for Tank Commands","messageBody":"Add Unit and Integration tests for:\n*TankAddCommand\n*TankDeleteCommand\n\nAdd helper utils in:\n*CommandUtils\n*TankNameContainsKeywordsPredicate\n*TankBuilder\n*TypicalTanks\n","fileTypesAndContributionMap":{"functional-code":{"insertions":33,"deletions":1},"test-code":{"insertions":518,"deletions":0}}}]},{"date":"2023-03-10","commitResults":[{"hash":"63f7f452950afbd9c79045739ebdca99316a1f0c","isMergeCommit":true,"messageTitle":"Merge pull request #40 from TimothyLawSongEn/branch-tank-parser","messageBody":"Branch tank parser","fileTypesAndContributionMap":{}},{"hash":"d9c47555e17ba61e2d2ea965512b53a2b1f48a3c","isMergeCommit":false,"messageTitle":"Add AddressBook field to Tank class","messageBody":"","fileTypesAndContributionMap":{"functional-code":{"insertions":13,"deletions":4},"test-code":{"insertions":5,"deletions":3}}},{"hash":"1a2109aec231d0f58d7429595f3f9288bacd3257","isMergeCommit":false,"messageTitle":"Add Tank Prefix and change Task prefix","messageBody":"","fileTypesAndContributionMap":{"functional-code":{"insertions":3,"deletions":2}}}]},{"date":"2023-03-12","commitResults":[{"hash":"c2f4ad1001ca170692e14f796c6bf5c29ee524e5","isMergeCommit":true,"messageTitle":"Merge branch \u0027master\u0027 of https://github.com/AY2223S2-CS2103T-T17-4/tp into branch-TankViewCommand","messageBody":"","fileTypesAndContributionMap":{}},{"hash":"42b3430f102360043dd2b7e59e3ab683c4f2a69c","isMergeCommit":false,"messageTitle":"Add tank as required field to create fish","messageBody":"AddCommand now checks for a tk/TANK input for every fish creation,\nas we want to create a fish only when there is a tank present.\nTests were also updated to include new tk/TANK tag.\nTank still does not register fish into it\u0027s fish list.\n","fileTypesAndContributionMap":{"functional-code":{"insertions":43,"deletions":4},"test-code":{"insertions":48,"deletions":32}}},{"hash":"be260782cd9b1dc17a1ec1060d8023327a1843d9","isMergeCommit":false,"messageTitle":"Change AddCommand signature to include tank index","messageBody":"","fileTypesAndContributionMap":{"functional-code":{"insertions":20,"deletions":9},"test-code":{"insertions":28,"deletions":23}}}]},{"date":"2023-03-14","commitResults":[{"hash":"348db8f311751ea0fe669ac071511e9ddca55501","isMergeCommit":false,"messageTitle":"Add fish to tanks in AddCommand","messageBody":"In AddCommand, the tank is retrieved using the tank index and the fish\nis added to it. A try-catch for an IndexOutOfBoundsException is also\nadded to ensure valid tank index.\n\nUpdate AddCommand and LogicManager Tests to include Tanks\n\nChanged:\n*AddCommandIntegrationTest to include tanks\n*AddCommandTest ModelStub to contain tankList functions\n*LogicManagerTest model to contain tanks\n\nUpdate TypicalTanks to redeclare tanks each time, to remove any fishes.\n\nAn issue during testing occurred where by keeping TypicalTanks as\nstatic, fishes added previously were present in subsequent tests. This\nhas been fixed through declaring these tanks each time getTypicalTanks()\nis called.\n","fileTypesAndContributionMap":{"functional-code":{"insertions":15,"deletions":3},"test-code":{"insertions":32,"deletions":9}}},{"hash":"b923093aea7219d5a21a9ce4067fce8619afcb5a","isMergeCommit":true,"messageTitle":"Merge branch \u0027master\u0027 of https://github.com/AY2223S2-CS2103T-T17-4/tp into branch-TankViewCommand","messageBody":"Add null into JSON files for Tank instantiation for fishList\n\n# Conflicts:\n#\tsrc/main/java/seedu/address/logic/parser/AddCommandParser.java\n#\tsrc/test/java/seedu/address/logic/LogicManagerTest.java\n#\tsrc/test/java/seedu/address/logic/parser/AddCommandParserTest.java\n#\tsrc/test/java/seedu/address/testutil/TypicalTanks.java\n","fileTypesAndContributionMap":{}},{"hash":"f7c3f7db200e7def77de8e34e98d1719e8a030c2","isMergeCommit":false,"messageTitle":"Remove fish addition to tank","messageBody":"fish list in tank has issues, as once it is called back, a\nNullPointerException is thrown. AddressBook in the Tank\nturns to null. Instead, address field of fish to be\nchanged to Tank field in future commits for this\nmilestone.\n","fileTypesAndContributionMap":{"functional-code":{"insertions":10,"deletions":2}}},{"hash":"9a73bde368f97a19f02da6baa3dc3247719d05c4","isMergeCommit":false,"messageTitle":"Fix Checkstyle","messageBody":"","fileTypesAndContributionMap":{"functional-code":{"insertions":0,"deletions":4}}}]},{"date":"2023-03-16","commitResults":[{"hash":"d1a269d47a0b22d19c47ad6959633d62d9ad7ea3","isMergeCommit":false,"messageTitle":"Update Fish.java","messageBody":"Wrong refactoring","fileTypesAndContributionMap":{"functional-code":{"insertions":1,"deletions":1}}},{"hash":"be63ddf14e35fb6e12acaf7a59569acf3eedd249","isMergeCommit":false,"messageTitle":"Update ClearCommand.java","messageBody":"Wrong refactoring","fileTypesAndContributionMap":{"functional-code":{"insertions":1,"deletions":1}}},{"hash":"faadd1e65a789bf1123ba46b06b1d5a1f9149423","isMergeCommit":false,"messageTitle":"Update EditCommand.java","messageBody":"Wrong refactoring","fileTypesAndContributionMap":{"functional-code":{"insertions":2,"deletions":2}}},{"hash":"d12fd5cace45f128a1060eae9fc82262c429cb30","isMergeCommit":false,"messageTitle":"Update ExitCommand.java","messageBody":"Wrong refactoring","fileTypesAndContributionMap":{"functional-code":{"insertions":1,"deletions":1}}},{"hash":"fdf52dd77adcd3f873bd785e92285ab6594d854a","isMergeCommit":false,"messageTitle":"Update MainApp.java","messageBody":"Wrong refactoring","fileTypesAndContributionMap":{"functional-code":{"insertions":1,"deletions":1}}},{"hash":"3169c7f2a6154714f17612fc6c8013fb21f981df","isMergeCommit":true,"messageTitle":"Merge pull request #49 from bokuanT/branch-addressToTank","messageBody":"Add Tank and FeedingInterval attribute to Fish","tags":["v1.2"],"fileTypesAndContributionMap":{}}]},{"date":"2023-03-17","commitResults":[{"hash":"fb9152eddd900922a35ee19c7a93b431067a1fb5","isMergeCommit":false,"messageTitle":"Update and organize commands to v1.2 Fish Ahoy!","messageBody":"","fileTypesAndContributionMap":{"docs":{"insertions":48,"deletions":40}}},{"hash":"9e65658c24fd24b7b6acfdd0f87493adce7aa120","isMergeCommit":false,"messageTitle":"Fix checkstyle","messageBody":"","fileTypesAndContributionMap":{"docs":{"insertions":4,"deletions":4}}}]},{"date":"2023-03-22","commitResults":[{"hash":"065ca824c4a9815dc0a449ee62f2d6bea00e6143","isMergeCommit":false,"messageTitle":"Spelling Error","messageBody":"","fileTypesAndContributionMap":{"functional-code":{"insertions":1,"deletions":1}}},{"hash":"c8c31e9a37fd5da896d247cc9a6ae37b76e26258","isMergeCommit":true,"messageTitle":"Merge pull request #60 from bokuanT/branch-giveTaskATank","messageBody":"Add Tank attribute to Tasks","fileTypesAndContributionMap":{}}]}],"Diamondroxxx":[{"date":"2023-03-01","commitResults":[{"hash":"bf7a2eff2cb6b4662372a81d107e92cc8566b040","isMergeCommit":false,"messageTitle":"Apply suggestions from code review","messageBody":"","fileTypesAndContributionMap":{"functional-code":{"insertions":1,"deletions":1}}}]},{"date":"2023-03-05","commitResults":[{"hash":"c71a1cfe954fd91d60eb51f850d56ad851b26add","isMergeCommit":false,"messageTitle":"Fix team images","messageBody":"","fileTypesAndContributionMap":{"docs":{"insertions":1,"deletions":1}}}]},{"date":"2023-03-11","commitResults":[{"hash":"14017c2caf81966f827db62b9e7bcbbffa2647d3","isMergeCommit":false,"messageTitle":"Add TankList display panel","messageBody":"","fileTypesAndContributionMap":{"functional-code":{"insertions":177,"deletions":3}}}]},{"date":"2023-03-12","commitResults":[{"hash":"83be16363ed322d268e352b9e29da31469f5707d","isMergeCommit":false,"messageTitle":"Add list tanks and list fishes commands","messageBody":"","fileTypesAndContributionMap":{"functional-code":{"insertions":144,"deletions":18},"test-code":{"insertions":7,"deletions":7}}},{"hash":"71606ab39c69f64061b8cbfab1cd53f41c78c061","isMergeCommit":true,"messageTitle":"Merge branch \u0027master\u0027 into Add-TankList-UI","messageBody":"","fileTypesAndContributionMap":{}},{"hash":"73f21ecfe0a227ae19831c11e3a0c97371b4b49a","isMergeCommit":false,"messageTitle":"Fix tests","messageBody":"","fileTypesAndContributionMap":{"functional-code":{"insertions":18,"deletions":13},"test-code":{"insertions":23,"deletions":6}}}]},{"date":"2023-03-14","commitResults":[{"hash":"1a9eddcd1212179d41dc0c0865a3cd2e4b4499f8","isMergeCommit":false,"messageTitle":"Fix Style","messageBody":"","fileTypesAndContributionMap":{"functional-code":{"insertions":1,"deletions":1},"docs":{"insertions":5,"deletions":5}}},{"hash":"df5b360b3ea044f6d9638489cf9949a61a017847","isMergeCommit":false,"messageTitle":"Fix Style","messageBody":"","fileTypesAndContributionMap":{"functional-code":{"insertions":14,"deletions":11}}},{"hash":"e8d96f994b475cfd822eb7d30f467a5add5d58a5","isMergeCommit":false,"messageTitle":"Fix Style","messageBody":"","fileTypesAndContributionMap":{"functional-code":{"insertions":1,"deletions":0}}},{"hash":"db5909467ff781165f1f368207e67b71bd84a70d","isMergeCommit":false,"messageTitle":"Fix Style","messageBody":"","fileTypesAndContributionMap":{"test-code":{"insertions":0,"deletions":2}}}]},{"date":"2023-03-18","commitResults":[{"hash":"72dad2375946f0bfc2838c7fca2a9ea01e886964","isMergeCommit":false,"messageTitle":"Finish TankViewCommand","messageBody":"","fileTypesAndContributionMap":{"functional-code":{"insertions":21,"deletions":12},"test-code":{"insertions":2,"deletions":2}}},{"hash":"761105e8b88fde6031d54619c178108c0ff02068","isMergeCommit":false,"messageTitle":"Finish FishViewCommand","messageBody":"","fileTypesAndContributionMap":{"functional-code":{"insertions":9,"deletions":9}}}]}]},"authorFileTypeContributionMap":{"TimothyLawSongEn":{"docs":0,"functional-code":242,"test-code":0},"bryanongjx":{"docs":2,"functional-code":510,"test-code":100},"bokuanT":{"docs":459,"functional-code":3112,"test-code":1547},"ryanchua00":{"docs":74,"functional-code":333,"test-code":648},"Diamondroxxx":{"docs":1,"functional-code":327,"test-code":28}},"authorContributionVariance":{"TimothyLawSongEn":1300.1323,"bryanongjx":15879.811,"bokuanT":273423.34,"ryanchua00":17543.2,"Diamondroxxx":2497.8892},"authorDisplayNameMap":{"TimothyLawSongEn":"CS2103T-T17-4 LAW ..OTHY","bryanongjx":"CS2103T-T17-4 ONG ..RYAN","bokuanT":"CS2103T-T17-4 TANG..KUAN","ryanchua00":"CS2103T-T17-4 RYAN..JIAN","Diamondroxxx":"CS2103T-T17-4 MOHA..RYAN"}}
