{"authorDailyContributionsMap":{"noahxinjie":[{"date":"2023-02-27","commitResults":[{"hash":"4ca43df8ef6ab8e158a2e0b60bf5aa5fb4ff97b1","messageTitle":"Add Noah\u0027s details in AboutUs page","messageBody":"","fileTypesAndContributionMap":{"docs":{"insertions":51,"deletions":4}}},{"hash":"367aaeef74fa3ea15201171dff39ca603df75e6a","messageTitle":"Add Noah\u0027s skeletal PPP","messageBody":"","fileTypesAndContributionMap":{"docs":{"insertions":32,"deletions":0}}}]}],"huangzz125":[{"date":"2023-02-24","commitResults":[{"hash":"5a4389279f2cd625bbfa217bfd975f26e2d0e9f7","messageTitle":"Add my PPP skeleton","messageBody":"","fileTypesAndContributionMap":{"other":{"insertions":580,"deletions":0},"docs":{"insertions":32,"deletions":0}}},{"hash":"cc2770ff4abadc85f813b10708a418f356247677","messageTitle":"Revert \"Add my PPP skeleton\"","messageBody":"This reverts commit 5a4389279f2cd625bbfa217bfd975f26e2d0e9f7.\n","fileTypesAndContributionMap":{"other":{"insertions":0,"deletions":580},"docs":{"insertions":0,"deletions":32}}},{"hash":"1ec3ee5bf709a418f6926a077146bb2130b11d11","messageTitle":"Add my ppp skeleton","messageBody":"","fileTypesAndContributionMap":{"docs":{"insertions":33,"deletions":0}}},{"hash":"82a65523211e994b4fcdce30c1c7f7ab65614973","messageTitle":"Add my details in AboutUs page","messageBody":"","fileTypesAndContributionMap":{"docs":{"insertions":5,"deletions":5}}}]}],"XylusChen":[{"date":"2023-02-24","commitResults":[{"hash":"dfa55f6b474268a34b9cd5b01b8553b7dc873fd5","messageTitle":"Update README.md","messageBody":"README.md updated for sprINT.","fileTypesAndContributionMap":{"docs":{"insertions":16,"deletions":10}}},{"hash":"23f54b2290a428e5b7f222637dc7ba3f795cfc8e","messageTitle":"Update link of GitHub Actions build status badge","messageBody":"","fileTypesAndContributionMap":{"docs":{"insertions":1,"deletions":1}}}]},{"date":"2023-02-25","commitResults":[{"hash":"8bee86af0cc543056e66fa01edb0368a9c68af38","messageTitle":"Update Xylus\u0027 AboutUs page details","messageBody":"","fileTypesAndContributionMap":{"docs":{"insertions":7,"deletions":7}}},{"hash":"cf67f23601b3406a3b5c2654a3ffc3a6419ba154","messageTitle":"Add Xylus skeleton PPP","messageBody":"","fileTypesAndContributionMap":{"docs":{"insertions":33,"deletions":0}}},{"hash":"e5aa04afbbebae463d44cc0f758193b7324be7c3","messageTitle":"Update UG with general changes for sprINT","messageBody":"","fileTypesAndContributionMap":{"docs":{"insertions":21,"deletions":14}}},{"hash":"ab0bd19220554d780511279e4d41f61a11c3644d","messageTitle":"Update UG for Add command (pt 1)","messageBody":"","fileTypesAndContributionMap":{"docs":{"insertions":9,"deletions":6}}},{"hash":"0940c133ff64288e992a0661a9a9268637d5868e","messageTitle":"Update UG for Add command (pt 2)","messageBody":"","fileTypesAndContributionMap":{"docs":{"insertions":2,"deletions":2}}},{"hash":"6be67375914831531410254e36ecff324a0d48e1","messageTitle":"Fix UG formatting","messageBody":"","fileTypesAndContributionMap":{"docs":{"insertions":0,"deletions":1}}},{"hash":"68e3473b180abfb8637f0730dcd581f866ace4d4","messageTitle":"Fix spelling mistake","messageBody":"","fileTypesAndContributionMap":{"docs":{"insertions":1,"deletions":1}}}]}],"yaojiax":[],"huixuant":[{"date":"2023-02-23","commitResults":[{"hash":"9ec4a93358eea5e22c72afb2bb5e640b4af015b3","messageTitle":"Add Hui Xuan\u0027s details in AboutUs page","messageBody":"","fileTypesAndContributionMap":{"docs":{"insertions":6,"deletions":8}}},{"hash":"4c62dcbf828e729c63d69795ca667fb156832de0","messageTitle":"Add Hui Xuan\u0027s skeletal PPP","messageBody":"","fileTypesAndContributionMap":{"docs":{"insertions":32,"deletions":0}}}]},{"date":"2023-02-25","commitResults":[{"hash":"f0601a0bc8dc8d7796984c598297b7110b4d20f6","messageTitle":"Add application package to Model component","messageBody":"","fileTypesAndContributionMap":{"functional-code":{"insertions":480,"deletions":0}}},{"hash":"da2204e5df35066ce6125ddca1683a2207d36726","messageTitle":"Add ApplicationBook classes","messageBody":"","fileTypesAndContributionMap":{"functional-code":{"insertions":137,"deletions":0}}},{"hash":"24e5532d13c5749eb06d8be61b616151021f5c84","messageTitle":"Rename ApplicationBook to InternshipBook","messageBody":"","fileTypesAndContributionMap":{"other":{"insertions":18,"deletions":18}}},{"hash":"991c202c4e6b4de5b1c3c01624b259224f020279","messageTitle":"Update Model, ModelManager and UserPrefs","messageBody":"","fileTypesAndContributionMap":{"functional-code":{"insertions":253,"deletions":13}}},{"hash":"928b340bd55777aa6b26e0d3c4f445637e0c0715","messageTitle":"Fix checkstyle violations and edit comments","messageBody":"","fileTypesAndContributionMap":{"functional-code":{"insertions":20,"deletions":16}}}]},{"date":"2023-02-26","commitResults":[{"hash":"0af5cc9c976a48c6991c2c0f99e88fed6af7e3b9","messageTitle":"Update delete feature in UG","messageBody":"","fileTypesAndContributionMap":{"docs":{"insertions":6,"deletions":6}}}]}]},"authorFileTypeContributionMap":{"noahxinjie":{"docs":37,"functional-code":0,"test-code":0},"huangzz125":{"docs":37,"functional-code":0,"test-code":0},"XylusChen":{"docs":87,"functional-code":0,"test-code":0},"yaojiax":{"docs":0,"functional-code":0,"test-code":0},"huixuant":{"docs":44,"functional-code":875,"test-code":0}},"authorContributionVariance":{"noahxinjie":625.53723,"huangzz125":132668.53,"XylusChen":910.5455,"yaojiax":0.0,"huixuant":74636.08},"authorDisplayNameMap":{"noahxinjie":"CS2103T-T13-3 CAI ..NOAH","huangzz125":"CS2103T-T13-3 HUAN..ZHOU","XylusChen":"CS2103T-T13-3 CHEN..YANG","yaojiax":"CS2103T-T13-3 YAO ..AXIN","huixuant":"CS2103T-T13-3 TAN ..XUAN"}}
