{"authorDailyContributionsMap":{"DerenC":[],"liujiayue314":[{"date":"2023-03-12","commitResults":[{"hash":"0d79aad1d4d8bc2d56d3dcd01a071c7c885c6e47","isMergeCommit":false,"messageTitle":"Add portfolio page","messageBody":"","fileTypesAndContributionMap":{"docs":{"insertions":8,"deletions":0}}},{"hash":"1bb9cc53baa8f22e7a602b9f65ffe42b8db58f2b","isMergeCommit":false,"messageTitle":"Update AboutUs","messageBody":"","fileTypesAndContributionMap":{"docs":{"insertions":6,"deletions":6}}},{"hash":"47d03baaf0cf7a273e96ccce2693f237d63f053e","isMergeCommit":true,"messageTitle":"Merge pull request #14 from liujiayue314/liujiayue314-wk7","messageBody":"Liujiayue314 wk7","fileTypesAndContributionMap":{}}]}],"VietAnh1010":[{"date":"2023-02-22","commitResults":[{"hash":"41a5b2d5c156fa853b3ee99804b15be40e1f4a73","isMergeCommit":false,"messageTitle":"VSCode: Add new configurations","messageBody":"","fileTypesAndContributionMap":{"other":{"insertions":337,"deletions":1}}},{"hash":"b6819c8904ab854bf09c35cee3a9dd880538648f","isMergeCommit":true,"messageTitle":"Merge pull request #1 from VietAnh1010/master","messageBody":"Add configurations for VSCode users","fileTypesAndContributionMap":{}}]},{"date":"2023-03-07","commitResults":[{"hash":"a594b78940a3e6130bf21ea6ba5dfdaa1cc263f3","isMergeCommit":false,"messageTitle":"VietAnh1010: Update personal information","messageBody":"","fileTypesAndContributionMap":{"docs":{"insertions":20,"deletions":12}}},{"hash":"d07a68fa5c8c72a0194514ba91e0811058b6e4cd","isMergeCommit":false,"messageTitle":"vietanh1010.md: Fix missing EOL error","messageBody":"","fileTypesAndContributionMap":{"docs":{"insertions":1,"deletions":1}}},{"hash":"3f4d8e0397dd318ea67df300d8973c0a27279c32","isMergeCommit":false,"messageTitle":"Implement skeleton version of remark command","messageBody":"","fileTypesAndContributionMap":{"functional-code":{"insertions":13,"deletions":0}}},{"hash":"7dabe68d7995efee5702137c54c02498e5516e61","isMergeCommit":true,"messageTitle":"Merge pull request #4 from VietAnh1010/add-documentation","messageBody":"Update personal information of VietAnh1010","fileTypesAndContributionMap":{}},{"hash":"4c640a35025d06c7ad885492b7d42d3dabb08d77","isMergeCommit":true,"messageTitle":"Merge pull request #6 from VietAnh1010/tutorial-adding-command","messageBody":"Implement remark command","fileTypesAndContributionMap":{}},{"hash":"c24064bb6668918031625539b09e5f091507f01e","isMergeCommit":false,"messageTitle":"Rename package from seedu.address to vimification","messageBody":"The old package name is seedu.address.\n\nWe need to change the name to make it clear that this is the code base for Vimification.\nAlso, changing the package name removes 1 level of directories. The extra level of nested\ndirectory is not necessary.\n\nThe package is renamed from seedu.address to vimification. Occurrences of seedu.address in all\nfiles are also replaced with vimification.\n\nThis is a big change that affects the entire codebase. Testing is required to ensure that the\ncode still works correctly after the renaming.\n","fileTypesAndContributionMap":{"functional-code":{"insertions":763,"deletions":204},"other":{"insertions":1504,"deletions":1247},"docs":{"insertions":14,"deletions":14},"test-code":{"insertions":310,"deletions":271}}}]},{"date":"2023-03-08","commitResults":[{"hash":"d0a650ea15944f4b22ccb722759f6fe9f8d1040d","isMergeCommit":false,"messageTitle":"ParseException.java: move to common directory for parser","messageBody":"It does not make sense to put the this exception in a separate directory.\n","fileTypesAndContributionMap":{"functional-code":{"insertions":12,"deletions":19},"other":{"insertions":1,"deletions":1},"test-code":{"insertions":6,"deletions":9}}}]}],"bipbipboopboop":[{"date":"2023-02-22","commitResults":[{"hash":"c66d0ccd4ac9ae17302c6756e9b0eeb2e06dac78","isMergeCommit":false,"messageTitle":"Implement basic UI layout","messageBody":"","fileTypesAndContributionMap":{"functional-code":{"insertions":118,"deletions":10}}}]},{"date":"2023-03-03","commitResults":[{"hash":"8135a848351502762b735d7afa799a99d52d1df1","isMergeCommit":false,"messageTitle":"Update AboutUs.md and add personal portfolio","messageBody":"","fileTypesAndContributionMap":{"docs":{"insertions":12,"deletions":12}}},{"hash":"2bae4925610fc866cdea7aa2219093c3750dbbdb","isMergeCommit":true,"messageTitle":"Merge pull request #2 from bipbipboopboop/master","messageBody":"Implement initial basic Homepage UI layout","fileTypesAndContributionMap":{}}]},{"date":"2023-03-08","commitResults":[{"hash":"c911926cc433bf5a0d92076032d9149462c5eb4c","isMergeCommit":true,"messageTitle":"Merge branch \u0027master\u0027 of github.com:bipbipboopboop/tp","messageBody":"","fileTypesAndContributionMap":{}},{"hash":"9306330dc6af26ca86237b895a8f5b2368faa728","isMergeCommit":false,"messageTitle":"Implement Remark Command","messageBody":"","fileTypesAndContributionMap":{"functional-code":{"insertions":8,"deletions":3}}},{"hash":"4ceb5946d6c5d61a709230e45504d21626e52a97","isMergeCommit":true,"messageTitle":"Merge pull request #1 from bipbipboopboop/tutorial-adding-command","messageBody":"Implement Remark Command","fileTypesAndContributionMap":{}}]},{"date":"2023-03-12","commitResults":[{"hash":"17223874454802c9b3b3844e321d85db5e6e2877","isMergeCommit":false,"messageTitle":"Update Ethan portfolio","messageBody":"","fileTypesAndContributionMap":{"docs":{"insertions":1,"deletions":1}}},{"hash":"b327d0ef68878bc728042fdb72e2a9056a10e60d","isMergeCommit":true,"messageTitle":"Merge pull request #9 from VietAnh1010/rename-packages","messageBody":"Rename package from seedu.address to vimification","fileTypesAndContributionMap":{}},{"hash":"fe277c2398ada1ffc3a108b1472829abae2ffaf5","isMergeCommit":true,"messageTitle":"Merge conflict","messageBody":"","fileTypesAndContributionMap":{}},{"hash":"cb55fd9c18b84fcfebce7325679dd33cd0ccf44a","isMergeCommit":false,"messageTitle":"Modify Ethan portfolio page","messageBody":"","fileTypesAndContributionMap":{"docs":{"insertions":8,"deletions":0}}},{"hash":"e4c477c9fdfc40d1aba41be3d4b257ecf7747ff8","isMergeCommit":true,"messageTitle":"Merge pull request #12 from bipbipboopboop/master","messageBody":"Update Ethan\u0027s Portfolio page","fileTypesAndContributionMap":{}}]}],"daniellingzy":[]},"authorFileTypeContributionMap":{"DerenC":{"docs":0,"functional-code":0,"test-code":0},"liujiayue314":{"docs":14,"functional-code":0,"test-code":0},"VietAnh1010":{"docs":30,"functional-code":1432,"test-code":1075,"other":338},"bipbipboopboop":{"docs":19,"functional-code":127,"test-code":0},"daniellingzy":{"docs":0,"functional-code":0,"test-code":0}},"authorContributionVariance":{"DerenC":0.0,"liujiayue314":15.972221,"VietAnh1010":762681.5,"bipbipboopboop":663.91486,"daniellingzy":0.0},"authorDisplayNameMap":{"DerenC":"CS2103T-T15-3 CHEN..EREN","liujiayue314":"CS2103T-T15-3 LIU ..AYUE","VietAnh1010":"CS2103T-T15-3 NGUY.. ANH","bipbipboopboop":"CS2103T-T15-3 ETHA..HUEN","daniellingzy":"CS2103T-T15-3 DANI..YUAN"}}
