{"authorDailyContributionsMap":{"DerenC":[{"date":"2023-03-13","commitResults":[{"hash":"eada1f7acdaeb0107459f158a3d85e7b695ca0af","isMergeCommit":false,"messageTitle":"Add Deren\u0027s portfolio page","messageBody":"","fileTypesAndContributionMap":{"docs":{"insertions":8,"deletions":0}}},{"hash":"e863882d14d49b12a748858f65af276233f3de4c","isMergeCommit":true,"messageTitle":"Merge pull request #16 from DerenC/master","messageBody":"Add Deren\u0027s portfolio page","fileTypesAndContributionMap":{}}]},{"date":"2023-03-15","commitResults":[{"hash":"664073fe98c6fec83854e513016951a34738af39","isMergeCommit":false,"messageTitle":"Try resolving /r/n error","messageBody":"","fileTypesAndContributionMap":{"docs":{"insertions":7,"deletions":7}}},{"hash":"56046e77f86d98c60f6f2aedb50c6edee19bed3e","isMergeCommit":false,"messageTitle":"Add newline at EOF","messageBody":"","fileTypesAndContributionMap":{"docs":{"insertions":1,"deletions":1}}}]},{"date":"2023-03-16","commitResults":[{"hash":"31a6864781d26abd149ffd6dc728edb06772af88","isMergeCommit":true,"messageTitle":"Merge pull request #39 from bipbipboopboop/master","messageBody":"Fix CommandInput not popping out for Windows","fileTypesAndContributionMap":{}},{"hash":"6c6cd69cd9265d250cab8af74ab94dad536cb8fa","isMergeCommit":false,"messageTitle":"Modify SampleDataUtil to add more automated test cases","messageBody":"","fileTypesAndContributionMap":{"functional-code":{"insertions":182,"deletions":20}}},{"hash":"a844432949790fe4bf8d374df90b950085652bbc","isMergeCommit":false,"messageTitle":"Adjust implementation of SampleDataUtil","messageBody":"","fileTypesAndContributionMap":{"functional-code":{"insertions":48,"deletions":46}}}]},{"date":"2023-03-19","commitResults":[{"hash":"918b44a11cb3c790098bf369b964f3bb63c6b5b4","isMergeCommit":false,"messageTitle":"Implement CreateCommand, DeleteCommand and LogicCommand","messageBody":"","fileTypesAndContributionMap":{"functional-code":{"insertions":269,"deletions":140},"other":{"insertions":2,"deletions":2}}},{"hash":"7413db23f75d2bd98c5defa3369155ace11da8f0","isMergeCommit":true,"messageTitle":"Merge branch \u0027master\u0027 into create-and-delete-cmds","messageBody":"","fileTypesAndContributionMap":{}},{"hash":"feac679c165ad12540e24a69139cfd26ed54c990","isMergeCommit":true,"messageTitle":"Merge pull request #2 from DerenC/create-and-delete-cmds","messageBody":"Create and delete cmds","fileTypesAndContributionMap":{}},{"hash":"c094d4a331462fe7402fe7157187990a67ca5256","isMergeCommit":true,"messageTitle":"Merge pull request #42 from DerenC/master","messageBody":"Add more robust test case generator, CreateCommand and DeleteCommand","fileTypesAndContributionMap":{}},{"hash":"eec003644ee55b4cdbb9ce28e84d1e2f2f9f157f","isMergeCommit":false,"messageTitle":"Restructure Task, Todo, Deadline \u0026 Event","messageBody":"Remove the use of wrapper classes like Description, Status.\nUse java built-in LocalDatetTime instead of the DateTime wrapper class.\n\nRefine the constructors for these task-related classes.\n\nAdd clone \u0026 set methods to prepare for EditCommand in future.\nAdd isSameTask \u0026 equal methods.\n","fileTypesAndContributionMap":{"functional-code":{"insertions":126,"deletions":88}}},{"hash":"75a790711e3585e1daa4b8a0aa5bb02670f2452e","isMergeCommit":true,"messageTitle":"Merge branch \u0027restructure-task-todo-deadline-event\u0027","messageBody":"","fileTypesAndContributionMap":{}},{"hash":"4b38c1d3cb36da46803e2b9252ff8ba2392955a6","isMergeCommit":false,"messageTitle":"Create LogicTaskList","messageBody":"Make the necessary adjustments in CreateCommand and DeleteCommand.\n","fileTypesAndContributionMap":{"functional-code":{"insertions":210,"deletions":222}}},{"hash":"d6c9b857c40cfff0bfbbeae1fce364e3c88a4a93","isMergeCommit":false,"messageTitle":"Create LogicTaskList","messageBody":"Make the necessary adjustments in CreateCommand and DeleteCommand.\n","fileTypesAndContributionMap":{"functional-code":{"insertions":210,"deletions":222}}}]},{"date":"2023-03-20","commitResults":[{"hash":"748eb5a7267f3b1bea97ddd81995f64a8133407b","isMergeCommit":false,"messageTitle":"Adhere to changes requested on \u0027Restructure Task, Todo, Deadline \u0026 Event classes\u0027","messageBody":"","fileTypesAndContributionMap":{"functional-code":{"insertions":13,"deletions":14}}},{"hash":"c70b678c1ebce0dbab9ddb333df24eabbd4a8326","isMergeCommit":true,"messageTitle":"Merge branch \u0027master\u0027 of github.com:DerenC/tp","messageBody":"","fileTypesAndContributionMap":{}}]},{"date":"2023-03-23","commitResults":[{"hash":"b17f4181e4523bc13a390706717825c18e56e8e7","isMergeCommit":false,"messageTitle":"Implement SearchByKeyword command","messageBody":"","fileTypesAndContributionMap":{"functional-code":{"insertions":179,"deletions":8},"other":{"insertions":14,"deletions":5}}},{"hash":"79819895cabcb3b2a2b5f287394041b024f5717d","isMergeCommit":false,"messageTitle":"Minor adjustments after merging branches","messageBody":"","fileTypesAndContributionMap":{"functional-code":{"insertions":2,"deletions":0}}},{"hash":"23db377577d7fe6b0af929d62907bff43020c8ae","isMergeCommit":true,"messageTitle":"Merge branch \u0027master\u0027 of github.com:DerenC/tp","messageBody":"","fileTypesAndContributionMap":{}},{"hash":"badf90c917b534da26b8986f4f65fc321ee799ec","isMergeCommit":false,"messageTitle":"Fix bugs in CreateCommandParser \u0026 VimificationParserTest","messageBody":"The bugs are caused by forgetting to change the directory path in the import\nstatements.\n","fileTypesAndContributionMap":{"test-code":{"insertions":2,"deletions":2}}},{"hash":"5b800a144fae08e7173f06b8bb53d5f139417031","isMergeCommit":true,"messageTitle":"Merge pull request #61 from bipbipboopboop/master","messageBody":"Update Deren info","fileTypesAndContributionMap":{}}]},{"date":"2023-03-26","commitResults":[{"hash":"fdfa33b7ac2a2f46d203aa82a515adc89fdb429a","isMergeCommit":false,"messageTitle":"Fix LogicCommand \u0026 CreateCommand not found bugs in test source code","messageBody":"","fileTypesAndContributionMap":{"test-code":{"insertions":2,"deletions":2}}},{"hash":"942070ac14381748937584006237be16ad382878","isMergeCommit":false,"messageTitle":"Change from use of boolean flag to use of inheritance","messageBody":"To differentiate between LogicCommand vs ViewCommand\n","fileTypesAndContributionMap":{"functional-code":{"insertions":21,"deletions":16}}},{"hash":"41946cc2c6aae06287763cab51d04265425e685a","isMergeCommit":true,"messageTitle":"Merge branch \u0027implement-search-by-keyword\u0027","messageBody":"","fileTypesAndContributionMap":{}},{"hash":"12935fb496cbc1255b3779d0a22b09e42d9c8172","isMergeCommit":false,"messageTitle":"Rename package names of logic, logicCommands \u0026 viewCommands","messageBody":"\u003cold package name\u003e -\u003e \u003cnew package name\u003e\nlogic -\u003e internal\ncommands -\u003e command\nlogicCommand -\u003e logic\nviewCommand -\u003e view\n","fileTypesAndContributionMap":{"functional-code":{"insertions":8,"deletions":8},"other":{"insertions":47,"deletions":49},"test-code":{"insertions":10,"deletions":2}}},{"hash":"fe2426127b02a0354b2829571d96f1d02effed01","isMergeCommit":false,"messageTitle":"Change package name from commands to command","messageBody":"","fileTypesAndContributionMap":{"functional-code":{"insertions":31,"deletions":32},"test-code":{"insertions":2,"deletions":2}}},{"hash":"00be5adc751082a5860b20f07fc0b6ddd39f381f","isMergeCommit":false,"messageTitle":"Implement AddTagCommand","messageBody":"","fileTypesAndContributionMap":{"functional-code":{"insertions":58,"deletions":0}}},{"hash":"703557fcf779b8e36d5256f9b9572d8f2572889b","isMergeCommit":false,"messageTitle":"Implement RemoveTagCommand","messageBody":"","fileTypesAndContributionMap":{"functional-code":{"insertions":54,"deletions":1}}},{"hash":"74c94e391eb305dcfae288ec6a70fb13af65d2c1","isMergeCommit":false,"messageTitle":"Change package name from commands to command","messageBody":"","fileTypesAndContributionMap":{"functional-code":{"insertions":31,"deletions":32},"test-code":{"insertions":2,"deletions":2}}},{"hash":"e39ba7fa331de1c115450f26ee7e4632f6e8ca25","isMergeCommit":true,"messageTitle":"Merge branch \u0027master\u0027 of https://github.com/AY2223S2-CS2103T-T15-3/tp into Team-master","messageBody":"","fileTypesAndContributionMap":{}},{"hash":"a90d8418d92aaa7479a197223fc2152001bda8ed","isMergeCommit":true,"messageTitle":"Merge branch \u0027Team-master\u0027","messageBody":"","fileTypesAndContributionMap":{}},{"hash":"69d5b753293515366af03542a438d9a0a7cbf94e","isMergeCommit":false,"messageTitle":"Finalise implementation of logicTaskList.filter()","messageBody":"","fileTypesAndContributionMap":{"functional-code":{"insertions":2,"deletions":2}}},{"hash":"fa34a71ca467b1614197816e662f40125107675f","isMergeCommit":false,"messageTitle":"Change from length() to size() for DisplayTaskList","messageBody":"","fileTypesAndContributionMap":{"functional-code":{"insertions":1,"deletions":1}}},{"hash":"7d4b90917cf0077c432c3636da85bc87832bd170","isMergeCommit":false,"messageTitle":"Fix bug due to changes from length() to size()","messageBody":"","fileTypesAndContributionMap":{"functional-code":{"insertions":2,"deletions":2}}},{"hash":"fad5032982d8d4f40e6f5564a7ba69a05412e001","isMergeCommit":false,"messageTitle":"Change from \u0027These are your search results\u0027 to \u0027Here are ...\u0027","messageBody":"","fileTypesAndContributionMap":{"functional-code":{"insertions":1,"deletions":1}}},{"hash":"020ff0532cd1d8aa0833176b82743567e3cf6ebe","isMergeCommit":false,"messageTitle":"Add COMMAND_WORD for SearchByKeywordCommand","messageBody":"","fileTypesAndContributionMap":{"functional-code":{"insertions":1,"deletions":0}}},{"hash":"eede8c080e0329d8bb49dd98581bc1d8ca4c0570","isMergeCommit":true,"messageTitle":"Merge pull request #60 from DerenC/master","messageBody":"Implement SearchByKeywordCommand","fileTypesAndContributionMap":{}},{"hash":"ef512104b5e692580a8f9faa6222270e91c11be0","isMergeCommit":true,"messageTitle":"Merge branch \u0027master\u0027 into implement-task-tag","messageBody":"","fileTypesAndContributionMap":{}}]},{"date":"2023-03-27","commitResults":[{"hash":"a0123d92750984f4295c6616e5a511e40283fa7e","isMergeCommit":false,"messageTitle":"Fix User stories formatting","messageBody":"","fileTypesAndContributionMap":{"docs":{"insertions":262,"deletions":45}}},{"hash":"3c379692ed3360f3748a9bb764071b5c65db8427","isMergeCommit":false,"messageTitle":"\u0027Revert the opening of Structure of the UI Component\u0027","messageBody":"","fileTypesAndContributionMap":{"docs":{"insertions":4,"deletions":3}}},{"hash":"8cdb8f7b10db83d6bb394ab950c6a3bc7ee4c617","isMergeCommit":false,"messageTitle":"Create Priority enum \u0026 add priority field to Task","messageBody":"","fileTypesAndContributionMap":{"functional-code":{"insertions":24,"deletions":2}}},{"hash":"7bbe61b65619c54dfe0296fe3f3c9de63ca3dfe0","isMergeCommit":false,"messageTitle":"Implement toString() for Priority enum","messageBody":"","fileTypesAndContributionMap":{"functional-code":{"insertions":5,"deletions":0}}},{"hash":"933423f0ef8df8e14006267683f33fd622200cda","isMergeCommit":false,"messageTitle":"Implement SetPriorityCommand","messageBody":"","fileTypesAndContributionMap":{"functional-code":{"insertions":93,"deletions":1}}},{"hash":"f13cd51f00dbcc9dac64df4cd9d8674f7f47192e","isMergeCommit":false,"messageTitle":"Implement SearchByPriorityCommand","messageBody":"","fileTypesAndContributionMap":{"functional-code":{"insertions":37,"deletions":0}}},{"hash":"0fd85ef991a90c437affc89af9b4ef91e7eb0dcb","isMergeCommit":false,"messageTitle":"Remove integer value from Priority enum","messageBody":"","fileTypesAndContributionMap":{"functional-code":{"insertions":6,"deletions":11}}}]},{"date":"2023-03-29","commitResults":[{"hash":"5cd7243e3c710682c5903f7939d0813f0621d3d5","isMergeCommit":false,"messageTitle":"Adhere to Viet Anh\u0027s requsted changes","messageBody":"","fileTypesAndContributionMap":{"functional-code":{"insertions":6,"deletions":10}}},{"hash":"1ac523e365dab2f35183509d9acd93f84a5d6721","isMergeCommit":false,"messageTitle":"Fix bug due to removal of logicTaskList.addTag() \u0026 .removeTag()","messageBody":"","fileTypesAndContributionMap":{"functional-code":{"insertions":2,"deletions":2}}},{"hash":"2544aae4332a151e678453ade365c788b7acd4ab","isMergeCommit":true,"messageTitle":"Merge branch \u0027master\u0027 into implement-task-tag","messageBody":"","fileTypesAndContributionMap":{}},{"hash":"7ad7bba844247050a91160748ce0c638744857c7","isMergeCommit":false,"messageTitle":"Implement mark \u0026 unmark commands","messageBody":"","fileTypesAndContributionMap":{"functional-code":{"insertions":37,"deletions":0}}}]}],"liujiayue314":[{"date":"2023-03-12","commitResults":[{"hash":"0d79aad1d4d8bc2d56d3dcd01a071c7c885c6e47","isMergeCommit":false,"messageTitle":"Add portfolio page","messageBody":"","fileTypesAndContributionMap":{"docs":{"insertions":8,"deletions":0}}},{"hash":"1bb9cc53baa8f22e7a602b9f65ffe42b8db58f2b","isMergeCommit":false,"messageTitle":"Update AboutUs","messageBody":"","fileTypesAndContributionMap":{"docs":{"insertions":6,"deletions":6}}},{"hash":"47d03baaf0cf7a273e96ccce2693f237d63f053e","isMergeCommit":true,"messageTitle":"Merge pull request #14 from liujiayue314/liujiayue314-wk7","messageBody":"Liujiayue314 wk7","fileTypesAndContributionMap":{}}]},{"date":"2023-03-13","commitResults":[{"hash":"f25aab9d33b675cc4c93d9e11b551b1b5245d747","isMergeCommit":false,"messageTitle":"Update README.md","messageBody":"","fileTypesAndContributionMap":{"docs":{"insertions":5,"deletions":9}}}]},{"date":"2023-03-14","commitResults":[{"hash":"f9425855ad9f74d5bf3457b886033b5e7186b641","isMergeCommit":false,"messageTitle":"Update AB3 storage to be compatible with Task Planner.","messageBody":"","fileTypesAndContributionMap":{"functional-code":{"insertions":308,"deletions":312},"other":{"insertions":20,"deletions":21}}},{"hash":"c41d88844af779c0fb7429cdcd536a05d2ba6097","isMergeCommit":true,"messageTitle":"Merge branch \u0027master\u0027 into storage-update","messageBody":"","fileTypesAndContributionMap":{}},{"hash":"421cf33ab909fc1db16aa5fd6c03fc8034f58708","isMergeCommit":false,"messageTitle":"Update model to be compatible with Task Planner","messageBody":"Added:\nDescription, Type, Date, Status(to represent task done or not done)\nclass.\nTask, Todo, Deadline and Event class\n","fileTypesAndContributionMap":{"functional-code":{"insertions":746,"deletions":908},"other":{"insertions":8,"deletions":10},"test-code":{"insertions":30,"deletions":67}}}]},{"date":"2023-03-15","commitResults":[{"hash":"7eed6d9394a96ee929ccba590a784ed43fad57a3","isMergeCommit":false,"messageTitle":"Update date to datetime. Add sample data","messageBody":"","fileTypesAndContributionMap":{"functional-code":{"insertions":37,"deletions":8},"other":{"insertions":10,"deletions":9},"test-code":{"insertions":41,"deletions":37}}},{"hash":"0783346c6090521c4e0d7431ba5b26d6a93977fa","isMergeCommit":true,"messageTitle":"Merge branch \u0027master\u0027 into model-update","messageBody":"","fileTypesAndContributionMap":{}},{"hash":"c58752ba79f632fd1c3fac6c2779c862f20b2268","isMergeCommit":true,"messageTitle":"Merge branch \u0027master\u0027 into model-update","messageBody":"","fileTypesAndContributionMap":{}},{"hash":"b9734cfa4b73122f4b8fdd6aa709c55b81da906f","isMergeCommit":true,"messageTitle":"Merge branch \u0027master\u0027 into storage-update","messageBody":"","fileTypesAndContributionMap":{}},{"hash":"1c80b9a98e07b418fa04d2284524154b0d26fd1b","isMergeCommit":true,"messageTitle":"Merge branch \u0027storage-update\u0027 of https://github.com/liujiayue314/tp into storage-update","messageBody":"","fileTypesAndContributionMap":{}},{"hash":"46800b2682c2ce97879552b9aba26ec47fd9dcb1","isMergeCommit":true,"messageTitle":"Merge pull request #18 from liujiayue314/storage-update","messageBody":"Update Storage","fileTypesAndContributionMap":{}}]},{"date":"2023-03-16","commitResults":[{"hash":"a12b348cf7c2d3d6804a521846601a31fb937b84","isMergeCommit":true,"messageTitle":"Merge branch \u0027master\u0027 into model-update","messageBody":"","fileTypesAndContributionMap":{}}]},{"date":"2023-03-23","commitResults":[{"hash":"3294a972ff50660e147c034ad2a8379984f17893","isMergeCommit":true,"messageTitle":"Merge pull request #52 from bipbipboopboop/ui-connect-backend","messageBody":"Connect UI with backend","fileTypesAndContributionMap":{}}]},{"date":"2023-03-27","commitResults":[{"hash":"372e306a6edc1e08872dc016e051c9e9a98ae6ad","isMergeCommit":false,"messageTitle":"update UG","messageBody":"","fileTypesAndContributionMap":{"docs":{"insertions":3,"deletions":0}}},{"hash":"091b87a597a4a8f3b79c6a9b3f79ab916ece4bf8","isMergeCommit":false,"messageTitle":"Update UserGuide.md","messageBody":"Added photos and table of content, modified Quick Start","fileTypesAndContributionMap":{"docs":{"insertions":45,"deletions":39}}}]}],"VietAnh1010":[{"date":"2023-02-22","commitResults":[{"hash":"41a5b2d5c156fa853b3ee99804b15be40e1f4a73","isMergeCommit":false,"messageTitle":"VSCode: Add new configurations","messageBody":"","fileTypesAndContributionMap":{"other":{"insertions":337,"deletions":1}}},{"hash":"b6819c8904ab854bf09c35cee3a9dd880538648f","isMergeCommit":true,"messageTitle":"Merge pull request #1 from VietAnh1010/master","messageBody":"Add configurations for VSCode users","fileTypesAndContributionMap":{}}]},{"date":"2023-03-07","commitResults":[{"hash":"a594b78940a3e6130bf21ea6ba5dfdaa1cc263f3","isMergeCommit":false,"messageTitle":"VietAnh1010: Update personal information","messageBody":"","fileTypesAndContributionMap":{"docs":{"insertions":20,"deletions":12}}},{"hash":"d07a68fa5c8c72a0194514ba91e0811058b6e4cd","isMergeCommit":false,"messageTitle":"vietanh1010.md: Fix missing EOL error","messageBody":"","fileTypesAndContributionMap":{"docs":{"insertions":1,"deletions":1}}},{"hash":"3f4d8e0397dd318ea67df300d8973c0a27279c32","isMergeCommit":false,"messageTitle":"Implement skeleton version of remark command","messageBody":"","fileTypesAndContributionMap":{"functional-code":{"insertions":13,"deletions":0}}},{"hash":"7dabe68d7995efee5702137c54c02498e5516e61","isMergeCommit":true,"messageTitle":"Merge pull request #4 from VietAnh1010/add-documentation","messageBody":"Update personal information of VietAnh1010","fileTypesAndContributionMap":{}},{"hash":"4c640a35025d06c7ad885492b7d42d3dabb08d77","isMergeCommit":true,"messageTitle":"Merge pull request #6 from VietAnh1010/tutorial-adding-command","messageBody":"Implement remark command","fileTypesAndContributionMap":{}},{"hash":"c24064bb6668918031625539b09e5f091507f01e","isMergeCommit":false,"messageTitle":"Rename package from seedu.address to vimification","messageBody":"The old package name is seedu.address.\n\nWe need to change the name to make it clear that this is the code base for Vimification.\nAlso, changing the package name removes 1 level of directories. The extra level of nested\ndirectory is not necessary.\n\nThe package is renamed from seedu.address to vimification. Occurrences of seedu.address in all\nfiles are also replaced with vimification.\n\nThis is a big change that affects the entire codebase. Testing is required to ensure that the\ncode still works correctly after the renaming.\n","fileTypesAndContributionMap":{"functional-code":{"insertions":763,"deletions":204},"other":{"insertions":1504,"deletions":1247},"docs":{"insertions":14,"deletions":14},"test-code":{"insertions":310,"deletions":271}}}]},{"date":"2023-03-08","commitResults":[{"hash":"d0a650ea15944f4b22ccb722759f6fe9f8d1040d","isMergeCommit":false,"messageTitle":"ParseException.java: move to common directory for parser","messageBody":"It does not make sense to put the this exception in a separate directory.\n","fileTypesAndContributionMap":{"functional-code":{"insertions":12,"deletions":19},"other":{"insertions":1,"deletions":1},"test-code":{"insertions":6,"deletions":9}}}]},{"date":"2023-03-14","commitResults":[{"hash":"c19d09cb252faaaec1bf4e98265f770ace9efc78","isMergeCommit":false,"messageTitle":"gradle.yml: shut up checkstyle","messageBody":"","fileTypesAndContributionMap":{"functional-code":{"insertions":1,"deletions":5}}},{"hash":"34fcb162282fcc15f68117f2e13865e339fc1200","isMergeCommit":true,"messageTitle":"Merge pull request #20 from VietAnh1010/master","messageBody":"Shut up checkstyle.","fileTypesAndContributionMap":{}}]},{"date":"2023-03-15","commitResults":[{"hash":"767a29072e2f2d3e11436e4cb5efddec34736dd3","isMergeCommit":true,"messageTitle":"Merge pull request #25 from bipbipboopboop/master","messageBody":"Resolving merging conflict from diverging history","fileTypesAndContributionMap":{}}]},{"date":"2023-03-16","commitResults":[{"hash":"38cead72b1b1abbdb3f099ac8af95a91b89e93ae","isMergeCommit":false,"messageTitle":"gradle.yml: use more actions","messageBody":"","fileTypesAndContributionMap":{"other":{"insertions":5,"deletions":0}}},{"hash":"27240622ca3098362885712b80ece8612aa80fb6","isMergeCommit":true,"messageTitle":"Merge pull request #19 from liujiayue314/model-update","messageBody":"Update model to be compatible with Task Planner","fileTypesAndContributionMap":{}},{"hash":"22b4d1ce4cd6187cc4b76adf854ca7da0ffa181a","isMergeCommit":true,"messageTitle":"Merge pull request #33 from VietAnh1010/github-actions","messageBody":"Add new GitHub actions","fileTypesAndContributionMap":{}},{"hash":"060ea369567e58b0be243c3fc6832bc7e3ac228f","isMergeCommit":true,"messageTitle":"Merge pull request #29 from daniellingzy/master","messageBody":"Updated AboutUs and added Personal Portfolio","fileTypesAndContributionMap":{}},{"hash":"7699e3727b6c30e7f825c739224493a527b5df21","isMergeCommit":true,"messageTitle":"Merge pull request #32 from DerenC/master","messageBody":"Update profile photo","fileTypesAndContributionMap":{}},{"hash":"6560c419f2fd144c3faf04c04147f7a9775ac689","isMergeCommit":true,"messageTitle":"Merge pull request #37 from bipbipboopboop/master","messageBody":"Fix massive code and import conflict and integrate new Model with UI","fileTypesAndContributionMap":{}}]},{"date":"2023-03-20","commitResults":[{"hash":"019f9cc6e98275c0119d7903436d937caf4e47de","isMergeCommit":true,"messageTitle":"Merge pull request #44 from DerenC/master","messageBody":"Restructure Task, Todo, Deadline \u0026 Event classes. ","fileTypesAndContributionMap":{}},{"hash":"87f80d6101393ca2089c85b54ac47ceb87bed6c3","isMergeCommit":false,"messageTitle":"Fix implementation of task-related classes","messageBody":"","fileTypesAndContributionMap":{"functional-code":{"insertions":242,"deletions":693},"other":{"insertions":50,"deletions":43}}},{"hash":"6e1be958a1c8ac10647b97c3ea3e15413a26932d","isMergeCommit":false,"messageTitle":"Fix json adaptor classes","messageBody":"","fileTypesAndContributionMap":{"functional-code":{"insertions":127,"deletions":81}}},{"hash":"6b9332fb37ed924fb28a23b69a4d09b9195e43c2","isMergeCommit":false,"messageTitle":"Fix storage implementations","messageBody":"","fileTypesAndContributionMap":{"functional-code":{"insertions":91,"deletions":134}}},{"hash":"222f4516c38c019d4b48176b4d43a7215f6bb94d","isMergeCommit":false,"messageTitle":"Implement parser for create and delete command","messageBody":"","fileTypesAndContributionMap":{"functional-code":{"insertions":131,"deletions":55},"other":{"insertions":10,"deletions":5}}}]},{"date":"2023-03-21","commitResults":[{"hash":"20a8665a7daac2d035f647d266cf2372e467977a","isMergeCommit":false,"messageTitle":"ApplicativeParser: add new operations","messageBody":"","fileTypesAndContributionMap":{"functional-code":{"insertions":62,"deletions":20}}},{"hash":"df98ad2e75b2dab321c208276d2ce669ffb6d866","isMergeCommit":false,"messageTitle":"ApplicativeParser: add some improvement for throwing error","messageBody":"","fileTypesAndContributionMap":{"functional-code":{"insertions":36,"deletions":28}}},{"hash":"be0183f74753597f3a1de489da7a9c90e8e67eed","isMergeCommit":false,"messageTitle":"Polish logic command parsers with singletons","messageBody":"","fileTypesAndContributionMap":{"functional-code":{"insertions":324,"deletions":229}}},{"hash":"b67b573f5516188d8b511720de21df116483ffbb","isMergeCommit":true,"messageTitle":"Sync with master","messageBody":"","fileTypesAndContributionMap":{}},{"hash":"9b75ddcecef19ca124fdcf7edb042a4f7e4235b3","isMergeCommit":false,"messageTitle":"ApplicativeParser: add some unit tests","messageBody":"","fileTypesAndContributionMap":{"test-code":{"insertions":113,"deletions":0}}},{"hash":"aada6f26c30a928267df05e1f887e04330a38c87","isMergeCommit":false,"messageTitle":"LogicCommandParser: make it more efficient","messageBody":"","fileTypesAndContributionMap":{"functional-code":{"insertions":81,"deletions":98},"test-code":{"insertions":33,"deletions":2}}},{"hash":"0d7e0a7e6ca2f8f5cc3322d1433f22c7fc7e9c53","isMergeCommit":false,"messageTitle":"Update CD CI","messageBody":"","fileTypesAndContributionMap":{"docs":{"insertions":2,"deletions":2}}},{"hash":"3cc4547ef3e318d1a7590f1a30d59669a6bbd2da","isMergeCommit":false,"messageTitle":"Parser: add some test cases","messageBody":"","fileTypesAndContributionMap":{"functional-code":{"insertions":65,"deletions":26},"test-code":{"insertions":57,"deletions":17}}},{"hash":"69035d7c513895dde0fae1f55d9faa61540d38f9","isMergeCommit":false,"messageTitle":"CreateCommandParserTest: fix test case","messageBody":"","fileTypesAndContributionMap":{"test-code":{"insertions":1,"deletions":1}}},{"hash":"8bf646f348d3d31ac31328a84c754c8459aa63c5","isMergeCommit":true,"messageTitle":"Merge pull request #48 from VietAnh1010/implement-parser","messageBody":"Implement parser","fileTypesAndContributionMap":{}}]},{"date":"2023-03-22","commitResults":[{"hash":"64f5c97e6206d0822a8abe07cd7377ab1eacbb89","isMergeCommit":false,"messageTitle":"Storage: try to resolve NPE with TaskListStorage","messageBody":"","fileTypesAndContributionMap":{"functional-code":{"insertions":17,"deletions":12}}},{"hash":"b4f9db6cd129141ecbcd323eb8acb06093916cf5","isMergeCommit":false,"messageTitle":"Storage: fix NPE","messageBody":"","fileTypesAndContributionMap":{"functional-code":{"insertions":7,"deletions":5}}}]},{"date":"2023-03-23","commitResults":[{"hash":"c084c3824f645eab793c54a2555937d4ceec144a","isMergeCommit":false,"messageTitle":"ParserTest: add more unit tests","messageBody":"","fileTypesAndContributionMap":{"functional-code":{"insertions":18,"deletions":6},"test-code":{"insertions":6,"deletions":1}}},{"hash":"1d1ee4208857d9cfec58a2de3633eb869356d429","isMergeCommit":true,"messageTitle":"Sync with master","messageBody":"","fileTypesAndContributionMap":{}}]},{"date":"2023-03-24","commitResults":[{"hash":"a6254197e6d98cea500db46f1190070c6cabba81","isMergeCommit":false,"messageTitle":"DevGuide: add sections about parser","messageBody":"","fileTypesAndContributionMap":{"docs":{"insertions":30,"deletions":0}}},{"hash":"b30fc6e47e66c71802aadc94d5fce4fb188db6aa","isMergeCommit":false,"messageTitle":"DeveloperGuide: add more information about parser","messageBody":"","fileTypesAndContributionMap":{"docs":{"insertions":10,"deletions":8}}},{"hash":"fe63c285607d49210a5af2836bdf1aedd7bf72f3","isMergeCommit":false,"messageTitle":"DeveloperGuide: fix typos in the parser section","messageBody":"","tags":["v1.2"],"fileTypesAndContributionMap":{"docs":{"insertions":3,"deletions":3}}}]},{"date":"2023-03-27","commitResults":[{"hash":"297e5ab6afb8e8e87469c261508e48d95a0626a1","isMergeCommit":false,"messageTitle":"DevGuide: add more information for Parser and Storage","messageBody":"","fileTypesAndContributionMap":{"docs":{"insertions":24,"deletions":12}}},{"hash":"4758956eb83f3ec2af3621de74f187c7749bbd72","isMergeCommit":false,"messageTitle":"DevGuide: add TOC","messageBody":"","fileTypesAndContributionMap":{"docs":{"insertions":8,"deletions":2}}},{"hash":"259fcc600ad68c98e490ea003a416a78550a17f2","isMergeCommit":false,"messageTitle":"DevGuide: add new section for implementation detail","messageBody":"","fileTypesAndContributionMap":{"docs":{"insertions":7,"deletions":1}}}]}],"bipbipboopboop":[{"date":"2023-02-22","commitResults":[{"hash":"c66d0ccd4ac9ae17302c6756e9b0eeb2e06dac78","isMergeCommit":false,"messageTitle":"Implement basic UI layout","messageBody":"","fileTypesAndContributionMap":{"functional-code":{"insertions":118,"deletions":10}}}]},{"date":"2023-03-03","commitResults":[{"hash":"8135a848351502762b735d7afa799a99d52d1df1","isMergeCommit":false,"messageTitle":"Update AboutUs.md and add personal portfolio","messageBody":"","fileTypesAndContributionMap":{"docs":{"insertions":12,"deletions":12}}},{"hash":"2bae4925610fc866cdea7aa2219093c3750dbbdb","isMergeCommit":true,"messageTitle":"Merge pull request #2 from bipbipboopboop/master","messageBody":"Implement initial basic Homepage UI layout","fileTypesAndContributionMap":{}}]},{"date":"2023-03-08","commitResults":[{"hash":"c911926cc433bf5a0d92076032d9149462c5eb4c","isMergeCommit":true,"messageTitle":"Merge branch \u0027master\u0027 of github.com:bipbipboopboop/tp","messageBody":"","fileTypesAndContributionMap":{}},{"hash":"9306330dc6af26ca86237b895a8f5b2368faa728","isMergeCommit":false,"messageTitle":"Implement Remark Command","messageBody":"","fileTypesAndContributionMap":{"functional-code":{"insertions":8,"deletions":3}}},{"hash":"4ceb5946d6c5d61a709230e45504d21626e52a97","isMergeCommit":true,"messageTitle":"Merge pull request #1 from bipbipboopboop/tutorial-adding-command","messageBody":"Implement Remark Command","fileTypesAndContributionMap":{}}]},{"date":"2023-03-12","commitResults":[{"hash":"17223874454802c9b3b3844e321d85db5e6e2877","isMergeCommit":false,"messageTitle":"Update Ethan portfolio","messageBody":"","fileTypesAndContributionMap":{"docs":{"insertions":1,"deletions":1}}},{"hash":"b327d0ef68878bc728042fdb72e2a9056a10e60d","isMergeCommit":true,"messageTitle":"Merge pull request #9 from VietAnh1010/rename-packages","messageBody":"Rename package from seedu.address to vimification","fileTypesAndContributionMap":{}},{"hash":"fe277c2398ada1ffc3a108b1472829abae2ffaf5","isMergeCommit":true,"messageTitle":"Merge conflict","messageBody":"","fileTypesAndContributionMap":{}},{"hash":"cb55fd9c18b84fcfebce7325679dd33cd0ccf44a","isMergeCommit":false,"messageTitle":"Modify Ethan portfolio page","messageBody":"","fileTypesAndContributionMap":{"docs":{"insertions":8,"deletions":0}}},{"hash":"e4c477c9fdfc40d1aba41be3d4b257ecf7747ff8","isMergeCommit":true,"messageTitle":"Merge pull request #12 from bipbipboopboop/master","messageBody":"Update Ethan\u0027s Portfolio page","fileTypesAndContributionMap":{}}]},{"date":"2023-03-13","commitResults":[{"hash":"c35abdc1aae88dc2e855027094e816e3b033b302","isMergeCommit":false,"messageTitle":"Add some basic UI components and create Main.fxml for MainUi","messageBody":"","fileTypesAndContributionMap":{"functional-code":{"insertions":814,"deletions":0}}},{"hash":"53a61560cb22352f4cd57f8fbb3d32189469d14d","isMergeCommit":false,"messageTitle":"Test custom controller","messageBody":"","fileTypesAndContributionMap":{"functional-code":{"insertions":92,"deletions":368}}}]},{"date":"2023-03-14","commitResults":[{"hash":"2f664ef09f3b9c601125bcc95474c60abc9d4e09","isMergeCommit":false,"messageTitle":"Implement KeyEvent Listener on modularized MainWindow","messageBody":"","fileTypesAndContributionMap":{"functional-code":{"insertions":11,"deletions":4}}},{"hash":"d0cfcf719dfb526689997472ec4e2f0a4f651ffa","isMergeCommit":false,"messageTitle":"Fix KeyEvent listener not working on MainWindow","messageBody":"","fileTypesAndContributionMap":{"functional-code":{"insertions":14,"deletions":10}}}]},{"date":"2023-03-15","commitResults":[{"hash":"c519faa3d7991751b8d193c386b85ef2b3009f36","isMergeCommit":false,"messageTitle":"Refactor MainWindow","messageBody":"","fileTypesAndContributionMap":{"functional-code":{"insertions":97,"deletions":48}}},{"hash":"f307909248204cad3bfd2d0e5954a91ce8f52544","isMergeCommit":false,"messageTitle":"Refactor CommandInput","messageBody":"","fileTypesAndContributionMap":{"functional-code":{"insertions":26,"deletions":12}}},{"hash":"b8a53dd1f38e7c9a25f2970da6920a031e3eadc0","isMergeCommit":true,"messageTitle":"Merge pull request #21 from bipbipboopboop/ui-custom-textbox","messageBody":"UI custom textbox","fileTypesAndContributionMap":{}},{"hash":"6520cc9403e44d3cb551c898289c59e1e2956731","isMergeCommit":false,"messageTitle":"Revert \"UI custom textbox\"","messageBody":"","fileTypesAndContributionMap":{"functional-code":{"insertions":5,"deletions":621}}},{"hash":"a89c077c756821c681882dcb3e8a7ab5b20d7f68","isMergeCommit":true,"messageTitle":"Merge pull request #22 from AY2223S2-CS2103T-T15-3/revert-21-ui-custom-textbox","messageBody":"Revert \"UI custom textbox\"","fileTypesAndContributionMap":{}},{"hash":"ffb35096b482a6ecd2d04a818fef4e48a86a46c8","isMergeCommit":false,"messageTitle":"Resolving merging conflict from diverging history","messageBody":"","fileTypesAndContributionMap":{"functional-code":{"insertions":979,"deletions":9},"other":{"insertions":0,"deletions":0}}},{"hash":"a378a5caee436854a9a2d467059cbdc4fe18c27e","isMergeCommit":false,"messageTitle":"Shut up test case for the moment to prevent conflict","messageBody":"","fileTypesAndContributionMap":{"test-code":{"insertions":102,"deletions":102}}},{"hash":"98b8c9803824b4f9909392f5a7215502af866121","isMergeCommit":false,"messageTitle":"Fix UserPrefsStorage package name","messageBody":"","fileTypesAndContributionMap":{"functional-code":{"insertions":1,"deletions":1}}},{"hash":"c20e2d47591cddf4e484ba5ffb822fedcaf61b5d","isMergeCommit":false,"messageTitle":"Implement Remark Command","messageBody":"","fileTypesAndContributionMap":{"functional-code":{"insertions":1,"deletions":0}}},{"hash":"7d6a4f6e4a97312bd44dda058751132000068e35","isMergeCommit":false,"messageTitle":"Update RemarkCommand.java","messageBody":"","fileTypesAndContributionMap":{"functional-code":{"insertions":0,"deletions":1}}},{"hash":"e407f43d9067a559a83c380cc60b171eb14fa914","isMergeCommit":true,"messageTitle":"Merge pull request #27 from bipbipboopboop/tutorial-adding-command","messageBody":"Implement Remark Command","fileTypesAndContributionMap":{}}]},{"date":"2023-03-16","commitResults":[{"hash":"03cd8e37852a919dfac44354194a14b077d933ec","isMergeCommit":false,"messageTitle":"Fix mismatch files and import conflict","messageBody":"","fileTypesAndContributionMap":{"functional-code":{"insertions":194,"deletions":1293},"test-code":{"insertions":0,"deletions":4885}}},{"hash":"19f8e6be8ed7ee44c09298087f6fcca4ed345be3","isMergeCommit":false,"messageTitle":"Integrate new Model with UI","messageBody":"","fileTypesAndContributionMap":{"functional-code":{"insertions":19,"deletions":18}}},{"hash":"b1154a2c75b008dc93be989a021c9b074f912637","isMergeCommit":false,"messageTitle":"Suppress remaining old Logic code","messageBody":"","fileTypesAndContributionMap":{"functional-code":{"insertions":10,"deletions":413}}},{"hash":"1468cbb6948071aec07ea64c80729d52bdba2b7b","isMergeCommit":false,"messageTitle":"Fix CommandInput not popping out for Windows","messageBody":"","fileTypesAndContributionMap":{"functional-code":{"insertions":21,"deletions":12}}}]},{"date":"2023-03-19","commitResults":[{"hash":"655c2cfc87866558238acde62c700973de2d8971","isMergeCommit":false,"messageTitle":"Add vim j,k navigations in TaskListPanel","messageBody":"","fileTypesAndContributionMap":{"functional-code":{"insertions":79,"deletions":26}}},{"hash":"4c9fc42ea40512abe60876c85c9bed8b7cb07fd1","isMergeCommit":false,"messageTitle":"Add TaskDetailPanel","messageBody":"","fileTypesAndContributionMap":{"functional-code":{"insertions":82,"deletions":18}}},{"hash":"871aa7711e5780aa4079929545341692f0325f8a","isMergeCommit":false,"messageTitle":"Implement load TaskDetailPanel on l key press","messageBody":"","fileTypesAndContributionMap":{"functional-code":{"insertions":49,"deletions":38}}},{"hash":"d1b0254e1acbf6258ab03a138cbf29f51da1cc82","isMergeCommit":false,"messageTitle":"Refactor loadLeftComponent","messageBody":"","fileTypesAndContributionMap":{"functional-code":{"insertions":6,"deletions":1}}},{"hash":"7ba0c380be9f27c5d374d461b2648e1ff24daaf1","isMergeCommit":false,"messageTitle":"Fix component height and width","messageBody":"","fileTypesAndContributionMap":{"functional-code":{"insertions":36,"deletions":11}}},{"hash":"7cf1c7e09ec87d809483e3430699b4ea65cd9735","isMergeCommit":false,"messageTitle":"Add focus on first taskItem upon loading","messageBody":"","fileTypesAndContributionMap":{"functional-code":{"insertions":39,"deletions":27}}},{"hash":"cdf5a817440b173ed4e6766313e6595bf9a5d7c1","isMergeCommit":false,"messageTitle":"Implement jumpTo/scrollTo using temporary parser","messageBody":"","fileTypesAndContributionMap":{"functional-code":{"insertions":31,"deletions":5}}}]},{"date":"2023-03-20","commitResults":[{"hash":"68fed5b03e9d03177d0e2db02d8a237b8fc62eb5","isMergeCommit":true,"messageTitle":"Merge branch \u0027AY2223S2-CS2103T-T15-3:master\u0027 into master","messageBody":"","fileTypesAndContributionMap":{}},{"hash":"d6d488e157cfe586880c598ecd40ad1c11be62c7","isMergeCommit":false,"messageTitle":"Connect GUI with backend","messageBody":"","fileTypesAndContributionMap":{"functional-code":{"insertions":20,"deletions":14}}},{"hash":"5595cd5012535274d7c619fb190dda927b7ba4ae","isMergeCommit":false,"messageTitle":"Implement jumpTo/scrollTo using temporary parser","messageBody":"","fileTypesAndContributionMap":{"functional-code":{"insertions":31,"deletions":5}}},{"hash":"c9f225247156dd2ee19c2bbf87f2abe1f964fcb1","isMergeCommit":false,"messageTitle":"Connect GUI with backend","messageBody":"","fileTypesAndContributionMap":{"functional-code":{"insertions":20,"deletions":14}}}]},{"date":"2023-03-22","commitResults":[{"hash":"6f13f2f126e07ef6ac468d5ba1df29110831bb26","isMergeCommit":true,"messageTitle":"Merge conflict with master","messageBody":"","fileTypesAndContributionMap":{}},{"hash":"3a41ed500f149e88ff090d585c31ceba3333f514","isMergeCommit":true,"messageTitle":"Merge branch \u0027master\u0027 into ui-connect-backend","messageBody":"","fileTypesAndContributionMap":{}}]},{"date":"2023-03-23","commitResults":[{"hash":"019498a11dc5aa17b112f25f2a870bcd74d726e2","isMergeCommit":false,"messageTitle":"Refactor CommandInput, removed redundant comments, add logger to VimificationParser and connect to backend successfully","messageBody":"","fileTypesAndContributionMap":{"functional-code":{"insertions":69,"deletions":50}}},{"hash":"b88af4811ff1dd5dcfa89bd4c0451648b0ef9324","isMergeCommit":false,"messageTitle":"Implement show task type for task detail","messageBody":"","fileTypesAndContributionMap":{"functional-code":{"insertions":12,"deletions":1}}},{"hash":"d9aedf5c76883f34f366834652fcce30e9342c20","isMergeCommit":false,"messageTitle":"Remove redundant files and imports","messageBody":"","fileTypesAndContributionMap":{"functional-code":{"insertions":1,"deletions":136}}},{"hash":"30c2cb54326fa3181064ba86969abe568c14bf4a","isMergeCommit":false,"messageTitle":"Add more exit commands","messageBody":"","fileTypesAndContributionMap":{"functional-code":{"insertions":3,"deletions":1}}},{"hash":"4afdabf0a8b24a78c2eff9007d7854ca01f51636","isMergeCommit":false,"messageTitle":"Add more exit commands","messageBody":"","fileTypesAndContributionMap":{"functional-code":{"insertions":3,"deletions":1}}},{"hash":"67daf49bcefa4959f49cab53928edbebe44e3ef3","isMergeCommit":false,"messageTitle":"Unload CommandInput if CommandInput is empty to mimic Vim behavior","messageBody":"","fileTypesAndContributionMap":{"functional-code":{"insertions":12,"deletions":10}}},{"hash":"0bd3e73c95570763c6311749865354724735e352","isMergeCommit":true,"messageTitle":"Merge branch \u0027master\u0027 into master","messageBody":"","fileTypesAndContributionMap":{}},{"hash":"ac2f6d198ba7128a39accfb91d1942794d869e19","isMergeCommit":false,"messageTitle":"Unload CommandInput if CommandInput is empty to mimic Vim behavior","messageBody":"","fileTypesAndContributionMap":{"functional-code":{"insertions":12,"deletions":10}}},{"hash":"1b9a0bdf7917db7019f373fcdcac2272571185c3","isMergeCommit":false,"messageTitle":"Update Deren portfolio","messageBody":"","fileTypesAndContributionMap":{"docs":{"insertions":8,"deletions":7}}},{"hash":"aee855eef64b75aadedad9c2e612500515fc01f2","isMergeCommit":false,"messageTitle":"Remove johndoe","messageBody":"","fileTypesAndContributionMap":{"docs":{"insertions":0,"deletions":46}}},{"hash":"6d711786b53d2798ed341d0c447e771a419289c8","isMergeCommit":false,"messageTitle":"Remove johndoe","messageBody":"","fileTypesAndContributionMap":{"docs":{"insertions":0,"deletions":46}}},{"hash":"b6fb4c3ee34b1897aadbcef21c6f491817d5d3da","isMergeCommit":false,"messageTitle":"Update Ethan\u0027s profile","messageBody":"","fileTypesAndContributionMap":{"docs":{"insertions":2,"deletions":0}}}]},{"date":"2023-03-25","commitResults":[{"hash":"0697c43479f4ff12e30bf529b16b1f13fac6afdb","isMergeCommit":true,"messageTitle":"Merge branch \u0027AY2223S2-CS2103T-T15-3:master\u0027 into master","messageBody":"","fileTypesAndContributionMap":{}},{"hash":"5c6faa0913b8cb800b49ff23750dc6c160e9e707","isMergeCommit":false,"messageTitle":"Fix some checktstyle","messageBody":"","fileTypesAndContributionMap":{"functional-code":{"insertions":54,"deletions":305}}},{"hash":"9c1190a7de6b8750dea6de412dcf62e188764865","isMergeCommit":false,"messageTitle":"Add some Ui docs","messageBody":"","fileTypesAndContributionMap":{"docs":{"insertions":98,"deletions":100}}},{"hash":"ed2f3855ffe185a13f10bf741937683f88b5e4b4","isMergeCommit":true,"messageTitle":"Merge branch \u0027master\u0027 into more-unit-tests-for-parser","messageBody":"","fileTypesAndContributionMap":{}},{"hash":"2f8ce9eaeb44c8fe03421e9a25020036723527e1","isMergeCommit":true,"messageTitle":"Merge pull request #55 from VietAnh1010/more-unit-tests-for-parser","messageBody":"More unit tests for parser","fileTypesAndContributionMap":{}},{"hash":"9522dca7bde03e22c821b13a75fc94980a6439b0","isMergeCommit":true,"messageTitle":"Merge branch \u0027AY2223S2-CS2103T-T15-3:master\u0027 into master","messageBody":"","fileTypesAndContributionMap":{}}]},{"date":"2023-03-26","commitResults":[{"hash":"0e33124c47111db5d5029571fe9e443647f301e6","isMergeCommit":true,"messageTitle":"Merge branch \u0027AY2223S2-CS2103T-T15-3:master\u0027 into master","messageBody":"","fileTypesAndContributionMap":{}}]},{"date":"2023-03-27","commitResults":[{"hash":"e8b9df8569c973b77e909b03c8b816f63a3f77d4","isMergeCommit":false,"messageTitle":"Update UI portion of DeveloperGuide.md","messageBody":"","fileTypesAndContributionMap":{"docs":{"insertions":4,"deletions":3}}},{"hash":"546e9b39f630fb5b07de13a54ffce290b6b40265","isMergeCommit":false,"messageTitle":"Update UI portion of DeveloperGuide.md","messageBody":"","fileTypesAndContributionMap":{"docs":{"insertions":4,"deletions":3}}},{"hash":"cbdb312256070c90651cb71638a59e6a66e818e3","isMergeCommit":true,"messageTitle":"Merge branch \u0027AY2223S2-CS2103T-T15-3:master\u0027 into master","messageBody":"","fileTypesAndContributionMap":{}},{"hash":"40f53ef77da75cc733f86c2fd7d434270a3f10c6","isMergeCommit":false,"messageTitle":"Update UserGuide","messageBody":"","fileTypesAndContributionMap":{"docs":{"insertions":95,"deletions":93}}},{"hash":"65879e1397f93826b049db76404cdc2bc5c55fd7","isMergeCommit":false,"messageTitle":"Update TaskDetailPanel to include more fields of task","messageBody":"","fileTypesAndContributionMap":{"functional-code":{"insertions":111,"deletions":11}}},{"hash":"1fcc6589b940cd7ae4728a9bfb981da9c93e7061","isMergeCommit":false,"messageTitle":"Update UserGuide","messageBody":"","fileTypesAndContributionMap":{"docs":{"insertions":95,"deletions":93}}},{"hash":"5ac347fca1f5753fb695303a19ae6d1a7d7a0ca2","isMergeCommit":true,"messageTitle":"Merge branch \u0027AY2223S2-CS2103T-T15-3:master\u0027 into master","messageBody":"","fileTypesAndContributionMap":{}},{"hash":"2bcf57785140258528009452a0eb1758ed815a62","isMergeCommit":true,"messageTitle":"Merge branch \u0027AY2223S2-CS2103T-T15-3:master\u0027 into master","messageBody":"","fileTypesAndContributionMap":{}},{"hash":"f7614de696e1a58894bedf9029de5347c28dc36c","isMergeCommit":true,"messageTitle":"Merge conflict","messageBody":"","fileTypesAndContributionMap":{}},{"hash":"438c37ae0a0b93c7a9145e40fc6cfe060995cf47","isMergeCommit":false,"messageTitle":"Update UG to include help for initial users","messageBody":"","fileTypesAndContributionMap":{"docs":{"insertions":15,"deletions":4}}},{"hash":"e5b032253bd3056bb79d8576fde95cd9e95927eb","isMergeCommit":true,"messageTitle":"Merge pull request #83 from daniellingzy/branch-UG-daniel","messageBody":"Update UG","fileTypesAndContributionMap":{}},{"hash":"2c7aa0ecd052eee6c81b7c512837156e38aa2773","isMergeCommit":true,"messageTitle":"Merge branch \u0027AY2223S2-CS2103T-T15-3:master\u0027 into master","messageBody":"","fileTypesAndContributionMap":{}},{"hash":"a87660aa12655174826449dbd351172eb53e048d","isMergeCommit":true,"messageTitle":"Merge with Daniel\u0027s guide","messageBody":"","fileTypesAndContributionMap":{}},{"hash":"53ab4e4f300a322ccabc574ad7173b1b13e6a200","isMergeCommit":true,"messageTitle":"Merge pull request #84 from bipbipboopboop/update-ugdg","messageBody":"Update UG to guide initial users","fileTypesAndContributionMap":{}},{"hash":"7a0858822bff52431c4eab58c719bb29998cae38","isMergeCommit":false,"messageTitle":"Connect TaskDetailPanel with back-end to display priorirty and status","messageBody":"","fileTypesAndContributionMap":{"functional-code":{"insertions":21,"deletions":69}}}]},{"date":"2023-03-28","commitResults":[{"hash":"4d34fce080ae423757b8a5637922a33dc58a32c9","isMergeCommit":false,"messageTitle":"Convert CommandInput to extend UiPart\u003cHBox\u003e instead of UiPart\u003cTextField\u003e","messageBody":"","fileTypesAndContributionMap":{"functional-code":{"insertions":97,"deletions":20}}},{"hash":"50322e297b6afef7dad0c9217c9d7e22db99401d","isMergeCommit":false,"messageTitle":"Refactor MainScreen to remove the dependency on primaryStage being passed in","messageBody":"","fileTypesAndContributionMap":{"functional-code":{"insertions":25,"deletions":27}}},{"hash":"213037b910cc5b4adc4fae1b7628b04b4c4a9a14","isMergeCommit":false,"messageTitle":"Implement initial command result panel","messageBody":"","fileTypesAndContributionMap":{"functional-code":{"insertions":54,"deletions":33}}},{"hash":"3fe95e69babd1077c91f3d01a0b2463dd6a12224","isMergeCommit":false,"messageTitle":"Fix CommandInput not rendering properly and implement CommandResultPanel","messageBody":"","fileTypesAndContributionMap":{"functional-code":{"insertions":24,"deletions":17}}}]},{"date":"2023-03-29","commitResults":[{"hash":"c9c59c537b2c00ea6f1f0b4229955cc1430b7a51","isMergeCommit":false,"messageTitle":"Fix CommandInput lingering after it loses focus","messageBody":"","fileTypesAndContributionMap":{"functional-code":{"insertions":10,"deletions":10}}},{"hash":"86ede5aa0e1cfbafb336408198ef0ef10a9981ff","isMergeCommit":false,"messageTitle":"Fix CommandInput lingering after it loses focus","messageBody":"","fileTypesAndContributionMap":{"functional-code":{"insertions":10,"deletions":10}}},{"hash":"50cca426487ac64d646e71725592212530e1619c","isMergeCommit":false,"messageTitle":"Fix CommandResult being removed bug","messageBody":"","fileTypesAndContributionMap":{"functional-code":{"insertions":11,"deletions":8}}},{"hash":"57697b3dc47e0a98309889335f1445cfddff5ea0","isMergeCommit":true,"messageTitle":"Fix conflict","messageBody":"","fileTypesAndContributionMap":{}},{"hash":"1b35fa2db5ca7c52f2bce22a4543d6b15ded09a6","isMergeCommit":true,"messageTitle":"Merge pull request #98 from AY2223S2-CS2103T-T15-3/ui-fix-command-input-lingering","messageBody":"UI fix command input lingering","fileTypesAndContributionMap":{}},{"hash":"64da0726423f72ef940e9b4642b2e8e0bca8f0a1","isMergeCommit":true,"messageTitle":"Implement Task Tagging Feature","messageBody":"Implement Task tagging feature","fileTypesAndContributionMap":{}},{"hash":"f4f45043d7d5fc249b4b0d922ab0895ae731388e","isMergeCommit":false,"messageTitle":"Update MarkCommand.java","messageBody":"","fileTypesAndContributionMap":{"functional-code":{"insertions":1,"deletions":1}}}]}],"daniellingzy":[{"date":"2023-03-16","commitResults":[{"hash":"f0a09c7c70610382c767cf960dc12bc49de0db1e","isMergeCommit":false,"messageTitle":"Updated AboutUs and added Personal Portfolio","messageBody":"","fileTypesAndContributionMap":{"docs":{"insertions":13,"deletions":5}}},{"hash":"0e33f272d3c268e5a6e444febd1d2bd9f89a9dcf","isMergeCommit":false,"messageTitle":"updated AboutUs","messageBody":"","fileTypesAndContributionMap":{"docs":{"insertions":1,"deletions":1}}}]},{"date":"2023-03-23","commitResults":[{"hash":"69b8fbcc3942d984fb8ade4660028e0a621ef039","isMergeCommit":false,"messageTitle":"update","messageBody":"","fileTypesAndContributionMap":{"docs":{"insertions":2,"deletions":1}}},{"hash":"aab1b9e7ae10a435df9188409fb01f61d8289917","isMergeCommit":false,"messageTitle":"update","messageBody":"","fileTypesAndContributionMap":{"docs":{"insertions":2,"deletions":1}}}]},{"date":"2023-03-27","commitResults":[{"hash":"5d2fccbdb1331900dbc69e7c458b72f2eac22cdd","isMergeCommit":true,"messageTitle":"Merge branch \u0027master\u0027 of github.com:daniellingzy/tp","messageBody":"","fileTypesAndContributionMap":{}},{"hash":"0f9d8d92bf197ca25f2207f4cbb5c8efe6c065ce","isMergeCommit":false,"messageTitle":"update UG","messageBody":"","fileTypesAndContributionMap":{"docs":{"insertions":125,"deletions":18}}},{"hash":"4f894f02cbd3ed2612cdfa2da7cccf895ea7d4f9","isMergeCommit":true,"messageTitle":"Merge branch \u0027master\u0027 of github.com:daniellingzy/tp","messageBody":"","fileTypesAndContributionMap":{}},{"hash":"d0a6111afcead258cd48d42595afa2145a304eba","isMergeCommit":false,"messageTitle":"update","messageBody":"","fileTypesAndContributionMap":{"docs":{"insertions":8,"deletions":0}}}]}]},"authorFileTypeContributionMap":{"DerenC":{"docs":164,"functional-code":877,"test-code":10},"liujiayue314":{"docs":50,"functional-code":396,"test-code":0},"VietAnh1010":{"docs":97,"functional-code":1391,"test-code":187,"other":343},"bipbipboopboop":{"docs":225,"functional-code":1275,"test-code":0},"daniellingzy":{"docs":47,"functional-code":0,"test-code":0}},"authorContributionVariance":{"DerenC":62449.434,"liujiayue314":140398.6,"VietAnh1010":535714.75,"bipbipboopboop":1217849.5,"daniellingzy":548.11896},"authorDisplayNameMap":{"DerenC":"CS2103T-T15-3 CHEN..EREN","liujiayue314":"CS2103T-T15-3 LIU ..AYUE","VietAnh1010":"CS2103T-T15-3 NGUY.. ANH","bipbipboopboop":"CS2103T-T15-3 ETHA..HUEN","daniellingzy":"CS2103T-T15-3 DANI..YUAN"}}
