[{"path":"README.md","fileType":"docs","lines":[{"lineNumber":1,"author":{"gitId":"Lanreath"},"content":"# Ultron","lastModifiedDate":"2023-03-03"},{"lineNumber":2,"author":{"gitId":"Lanreath"},"content":"","lastModifiedDate":"2023-03-03"},{"lineNumber":3,"author":{"gitId":"Lanreath"},"content":"[![CI Status](https://github.com/AY2223S2-CS2103T-F12-4/tp/workflows/Java%20CI/badge.svg)](https://github.com/AY2223S2-CS2103T-F12-4/tp/actions)","lastModifiedDate":"2023-03-03"},{"lineNumber":4,"author":{"gitId":"Lanreath"},"content":"[![codecov](https://codecov.io/gh/AY2223S2-CS2103T-F12-4/tp/branch/master/graph/badge.svg?token\u003dSNV76O467D)](https://codecov.io/gh/AY2223S2-CS2103T-F12-4/tp)","lastModifiedDate":"2023-03-03"},{"lineNumber":5,"author":{"gitId":"-"},"content":"","lastModifiedDate":"2020-05-23"},{"lineNumber":6,"author":{"gitId":"-"},"content":"![Ui](docs/images/Ui.png)","lastModifiedDate":"2020-05-23"},{"lineNumber":7,"author":{"gitId":"-"},"content":"","lastModifiedDate":"2020-05-23"},{"lineNumber":8,"author":{"gitId":"Lanreath"},"content":"Ultron is a **desktop app for managing internships, optimized for use via a Command Line Interface** (CLI) while still having the benefits of a Graphical User Interface (GUI). If you can type fast, Ultron can streamline your internship management.","lastModifiedDate":"2023-03-03"},{"lineNumber":9,"author":{"gitId":"Lanreath"},"content":"","lastModifiedDate":"2023-03-03"},{"lineNumber":10,"author":{"gitId":"Lanreath"},"content":"## Quick start","lastModifiedDate":"2023-03-03"},{"lineNumber":11,"author":{"gitId":"Lanreath"},"content":"","lastModifiedDate":"2023-03-03"},{"lineNumber":12,"author":{"gitId":"Lanreath"},"content":"**Prerequisites**: Java 11 or above","lastModifiedDate":"2023-03-03"},{"lineNumber":13,"author":{"gitId":"Lanreath"},"content":"","lastModifiedDate":"2023-03-03"},{"lineNumber":14,"author":{"gitId":"Lanreath"},"content":"1. Download the latest version of Ultron from our [release page](https://github.com/AY2223S2-CS2103T-F12-2/tp/releases)","lastModifiedDate":"2023-03-03"},{"lineNumber":15,"author":{"gitId":"Lanreath"},"content":"2. Copy the file to the folder you want to use as the _home folder_ for your Ultron app.","lastModifiedDate":"2023-03-03"},{"lineNumber":16,"author":{"gitId":"Lanreath"},"content":"3. Run the command `java -jar ultron.jar` in the terminal to start the app.","lastModifiedDate":"2023-03-03"},{"lineNumber":17,"author":{"gitId":"Lanreath"},"content":"","lastModifiedDate":"2023-03-03"},{"lineNumber":18,"author":{"gitId":"Lanreath"},"content":"## Features","lastModifiedDate":"2023-03-03"},{"lineNumber":19,"author":{"gitId":"Lanreath"},"content":"","lastModifiedDate":"2023-03-03"},{"lineNumber":20,"author":{"gitId":"Lanreath"},"content":"Listed below are the available commands in Ultron.","lastModifiedDate":"2023-03-03"},{"lineNumber":21,"author":{"gitId":"Lanreath"},"content":"| Command | Format, Examples |","lastModifiedDate":"2023-03-03"},{"lineNumber":22,"author":{"gitId":"Lanreath"},"content":"|---------|------------------|","lastModifiedDate":"2023-03-03"},{"lineNumber":23,"author":{"gitId":"Lanreath"},"content":"| To be added soon | To be added soon |","lastModifiedDate":"2023-03-03"},{"lineNumber":24,"author":{"gitId":"Lanreath"},"content":"","lastModifiedDate":"2023-03-03"},{"lineNumber":25,"author":{"gitId":"Lanreath"},"content":"## Links","lastModifiedDate":"2023-03-03"},{"lineNumber":26,"author":{"gitId":"Lanreath"},"content":"","lastModifiedDate":"2023-03-03"},{"lineNumber":27,"author":{"gitId":"Lanreath"},"content":"* [**User Guide**](https://ay2223s2-cs2103t-f12-4.github.io/tp/UserGuide.html)","lastModifiedDate":"2023-03-03"},{"lineNumber":28,"author":{"gitId":"Lanreath"},"content":"* [**Developer Guide**](https://ay2223s2-cs2103t-f12-4.github.io/tp/DeveloperGuide.html)","lastModifiedDate":"2023-03-03"},{"lineNumber":29,"author":{"gitId":"Lanreath"},"content":"","lastModifiedDate":"2023-03-03"},{"lineNumber":30,"author":{"gitId":"Lanreath"},"content":"This project is based on the AddressBook-Level3 project created by the [SE-EDU initiative](https://se-education.org).","lastModifiedDate":"2023-03-03"}],"authorContributionMap":{"-":3,"Lanreath":27}},{"path":"docs/AboutUs.md","fileType":"docs","lines":[{"lineNumber":1,"author":{"gitId":"-"},"content":"---","lastModifiedDate":"2020-05-23"},{"lineNumber":2,"author":{"gitId":"-"},"content":"layout: page","lastModifiedDate":"2020-05-23"},{"lineNumber":3,"author":{"gitId":"-"},"content":"title: About Us","lastModifiedDate":"2020-05-23"},{"lineNumber":4,"author":{"gitId":"-"},"content":"---","lastModifiedDate":"2020-05-23"},{"lineNumber":5,"author":{"gitId":"-"},"content":"","lastModifiedDate":"2020-05-23"},{"lineNumber":6,"author":{"gitId":"-"},"content":"We are a team based in the [School of Computing, National University of Singapore](http://www.comp.nus.edu.sg).","lastModifiedDate":"2020-05-23"},{"lineNumber":7,"author":{"gitId":"-"},"content":"","lastModifiedDate":"2020-05-23"},{"lineNumber":8,"author":{"gitId":"Lanreath"},"content":"You can reach us at the email `darrensim999@gmail.com`","lastModifiedDate":"2023-03-02"},{"lineNumber":9,"author":{"gitId":"-"},"content":"","lastModifiedDate":"2020-06-17"},{"lineNumber":10,"author":{"gitId":"-"},"content":"## Project team","lastModifiedDate":"2020-06-07"},{"lineNumber":11,"author":{"gitId":"-"},"content":"","lastModifiedDate":"2020-05-23"},{"lineNumber":12,"author":{"gitId":"Lanreath"},"content":"### Kevin Eyo Kai Wen","lastModifiedDate":"2023-03-02"},{"lineNumber":13,"author":{"gitId":"-"},"content":"","lastModifiedDate":"2020-05-23"},{"lineNumber":14,"author":{"gitId":"Lanreath"},"content":"\u003cimg src\u003d\"images/KevinEyo1.png\" width\u003d\"200px\"\u003e","lastModifiedDate":"2023-03-03"},{"lineNumber":15,"author":{"gitId":"-"},"content":"","lastModifiedDate":"2020-05-23"},{"lineNumber":16,"author":{"gitId":"Lanreath"},"content":"[[github](https://github.com/KevinEyo1)]","lastModifiedDate":"2023-03-02"},{"lineNumber":17,"author":{"gitId":"-"},"content":"[[portfolio](team/johndoe.md)]","lastModifiedDate":"2020-05-23"},{"lineNumber":18,"author":{"gitId":"-"},"content":"","lastModifiedDate":"2020-05-23"},{"lineNumber":19,"author":{"gitId":"Lanreath"},"content":"* Role: Team Lead/Developer","lastModifiedDate":"2023-03-02"},{"lineNumber":20,"author":{"gitId":"Lanreath"},"content":"* Responsibilities: Scheduling and tracking","lastModifiedDate":"2023-03-02"},{"lineNumber":21,"author":{"gitId":"-"},"content":"","lastModifiedDate":"2020-05-23"},{"lineNumber":22,"author":{"gitId":"Lanreath"},"content":"### Tan Yu Fei","lastModifiedDate":"2023-03-02"},{"lineNumber":23,"author":{"gitId":"-"},"content":"","lastModifiedDate":"2020-05-23"},{"lineNumber":24,"author":{"gitId":"Lanreath"},"content":"\u003cimg src\u003d\"images/Lanreath.png\" width\u003d\"200px\"\u003e","lastModifiedDate":"2023-03-03"},{"lineNumber":25,"author":{"gitId":"-"},"content":"","lastModifiedDate":"2020-05-23"},{"lineNumber":26,"author":{"gitId":"Lanreath"},"content":"[[github](https://github.com/Lanreath)]","lastModifiedDate":"2023-03-02"},{"lineNumber":27,"author":{"gitId":"-"},"content":"[[portfolio](team/johndoe.md)]","lastModifiedDate":"2020-05-23"},{"lineNumber":28,"author":{"gitId":"-"},"content":"","lastModifiedDate":"2020-05-23"},{"lineNumber":29,"author":{"gitId":"Lanreath"},"content":"* Role: Developer","lastModifiedDate":"2023-03-02"},{"lineNumber":30,"author":{"gitId":"Lanreath"},"content":"* Responsibilities: Testing and developer guide","lastModifiedDate":"2023-03-02"},{"lineNumber":31,"author":{"gitId":"-"},"content":"","lastModifiedDate":"2020-05-23"},{"lineNumber":32,"author":{"gitId":"Lanreath"},"content":"### Anton Timothy Lee Zi Jie","lastModifiedDate":"2023-03-02"},{"lineNumber":33,"author":{"gitId":"-"},"content":"","lastModifiedDate":"2020-05-23"},{"lineNumber":34,"author":{"gitId":"Lanreath"},"content":"\u003cimg src\u003d\"images/antonlee59.png\" width\u003d\"200px\"\u003e","lastModifiedDate":"2023-03-03"},{"lineNumber":35,"author":{"gitId":"-"},"content":"","lastModifiedDate":"2020-05-23"},{"lineNumber":36,"author":{"gitId":"Lanreath"},"content":"[[github](https://github.com/antonlee59)]","lastModifiedDate":"2023-03-02"},{"lineNumber":37,"author":{"gitId":"Lanreath"},"content":"[[portfolio](team/johndoe.md)]","lastModifiedDate":"2023-03-02"},{"lineNumber":38,"author":{"gitId":"-"},"content":"","lastModifiedDate":"2020-05-23"},{"lineNumber":39,"author":{"gitId":"-"},"content":"* Role: Developer","lastModifiedDate":"2020-05-23"},{"lineNumber":40,"author":{"gitId":"Lanreath"},"content":"* Responsibilities: Code quality and developer guide","lastModifiedDate":"2023-03-03"},{"lineNumber":41,"author":{"gitId":"-"},"content":"","lastModifiedDate":"2020-05-23"},{"lineNumber":42,"author":{"gitId":"Lanreath"},"content":"### Alexander Lee Shao Bin","lastModifiedDate":"2023-03-02"},{"lineNumber":43,"author":{"gitId":"-"},"content":"","lastModifiedDate":"2020-05-23"},{"lineNumber":44,"author":{"gitId":"Lanreath"},"content":"\u003cimg src\u003d\"images/Varstak.png\" width\u003d\"200px\"\u003e","lastModifiedDate":"2023-03-03"},{"lineNumber":45,"author":{"gitId":"-"},"content":"","lastModifiedDate":"2020-05-23"},{"lineNumber":46,"author":{"gitId":"Lanreath"},"content":"[[github](https://github.com/Varstak)]","lastModifiedDate":"2023-03-02"},{"lineNumber":47,"author":{"gitId":"-"},"content":"[[portfolio](team/johndoe.md)]","lastModifiedDate":"2020-05-23"},{"lineNumber":48,"author":{"gitId":"-"},"content":"","lastModifiedDate":"2020-05-23"},{"lineNumber":49,"author":{"gitId":"-"},"content":"* Role: Developer","lastModifiedDate":"2020-05-23"},{"lineNumber":50,"author":{"gitId":"Lanreath"},"content":"* Responsibilities: Deliverables and deadlines, user guide","lastModifiedDate":"2023-03-02"},{"lineNumber":51,"author":{"gitId":"-"},"content":"","lastModifiedDate":"2020-05-23"},{"lineNumber":52,"author":{"gitId":"Lanreath"},"content":"### Darren Sim","lastModifiedDate":"2023-03-02"},{"lineNumber":53,"author":{"gitId":"-"},"content":"","lastModifiedDate":"2020-05-23"},{"lineNumber":54,"author":{"gitId":"Lanreath"},"content":"\u003cimg src\u003d\"images/BagDownB3nny.png\" width\u003d\"200px\"\u003e","lastModifiedDate":"2023-03-03"},{"lineNumber":55,"author":{"gitId":"-"},"content":"","lastModifiedDate":"2020-05-23"},{"lineNumber":56,"author":{"gitId":"Lanreath"},"content":"[[github](https://github.com/BagDownB3nny)]","lastModifiedDate":"2023-03-02"},{"lineNumber":57,"author":{"gitId":"-"},"content":"[[portfolio](team/johndoe.md)]","lastModifiedDate":"2020-05-23"},{"lineNumber":58,"author":{"gitId":"-"},"content":"","lastModifiedDate":"2020-05-23"},{"lineNumber":59,"author":{"gitId":"-"},"content":"* Role: Developer","lastModifiedDate":"2020-05-23"},{"lineNumber":60,"author":{"gitId":"Lanreath"},"content":"* Responsibilities: Integration","lastModifiedDate":"2023-03-02"}],"authorContributionMap":{"-":36,"Lanreath":24}},{"path":"docs/team/Lanreath.md","fileType":"docs","lines":[{"lineNumber":1,"author":{"gitId":"Lanreath"},"content":"---","lastModifiedDate":"2023-03-03"},{"lineNumber":2,"author":{"gitId":"Lanreath"},"content":"layout: page","lastModifiedDate":"2023-03-03"},{"lineNumber":3,"author":{"gitId":"Lanreath"},"content":"title: Lanreath\u0027s Project Portfolio Page","lastModifiedDate":"2023-03-03"},{"lineNumber":4,"author":{"gitId":"Lanreath"},"content":"---","lastModifiedDate":"2023-03-03"},{"lineNumber":5,"author":{"gitId":"Lanreath"},"content":"","lastModifiedDate":"2023-03-03"},{"lineNumber":6,"author":{"gitId":"Lanreath"},"content":"### Project: Ultron","lastModifiedDate":"2023-03-03"},{"lineNumber":7,"author":{"gitId":"Lanreath"},"content":"","lastModifiedDate":"2023-03-03"},{"lineNumber":8,"author":{"gitId":"Lanreath"},"content":"* **Code contributed**:","lastModifiedDate":"2023-03-03"},{"lineNumber":9,"author":{"gitId":"Lanreath"},"content":"  * To be added soon","lastModifiedDate":"2023-03-03"},{"lineNumber":10,"author":{"gitId":"Lanreath"},"content":"","lastModifiedDate":"2023-03-03"},{"lineNumber":11,"author":{"gitId":"Lanreath"},"content":"* **Enhancements to existing features**:","lastModifiedDate":"2023-03-03"},{"lineNumber":12,"author":{"gitId":"Lanreath"},"content":"  * To be added soon","lastModifiedDate":"2023-03-03"},{"lineNumber":13,"author":{"gitId":"Lanreath"},"content":"","lastModifiedDate":"2023-03-03"},{"lineNumber":14,"author":{"gitId":"Lanreath"},"content":"* **Documentation**:","lastModifiedDate":"2023-03-03"},{"lineNumber":15,"author":{"gitId":"Lanreath"},"content":"  * Developer Guide:","lastModifiedDate":"2023-03-03"},{"lineNumber":16,"author":{"gitId":"Lanreath"},"content":"    * To be added soon","lastModifiedDate":"2023-03-03"},{"lineNumber":17,"author":{"gitId":"Lanreath"},"content":"","lastModifiedDate":"2023-03-03"},{"lineNumber":18,"author":{"gitId":"Lanreath"},"content":"* **Testing**:","lastModifiedDate":"2023-03-03"},{"lineNumber":19,"author":{"gitId":"Lanreath"},"content":"  * To be added soon","lastModifiedDate":"2023-03-03"},{"lineNumber":20,"author":{"gitId":"Lanreath"},"content":"","lastModifiedDate":"2023-03-03"},{"lineNumber":21,"author":{"gitId":"Lanreath"},"content":"* **Tools**:","lastModifiedDate":"2023-03-03"},{"lineNumber":22,"author":{"gitId":"Lanreath"},"content":"  * To be added soon","lastModifiedDate":"2023-03-03"}],"authorContributionMap":{"Lanreath":22}},{"path":"docs/team/varstak.md","fileType":"docs","lines":[{"lineNumber":1,"author":{"gitId":"Varstak"},"content":"---","lastModifiedDate":"2023-03-03"},{"lineNumber":2,"author":{"gitId":"Varstak"},"content":"layout: page","lastModifiedDate":"2023-03-03"},{"lineNumber":3,"author":{"gitId":"Varstak"},"content":"title: Varstak\u0027s Project Portfolio Page","lastModifiedDate":"2023-03-03"},{"lineNumber":4,"author":{"gitId":"Varstak"},"content":"---","lastModifiedDate":"2023-03-03"},{"lineNumber":5,"author":{"gitId":"Varstak"},"content":"","lastModifiedDate":"2023-03-03"},{"lineNumber":6,"author":{"gitId":"Varstak"},"content":"### Project: Ultron","lastModifiedDate":"2023-03-03"},{"lineNumber":7,"author":{"gitId":"Varstak"},"content":"","lastModifiedDate":"2023-03-03"},{"lineNumber":8,"author":{"gitId":"Varstak"},"content":"Ultron is a system which helps students keep track of their internship applications by helping them ","lastModifiedDate":"2023-03-03"},{"lineNumber":9,"author":{"gitId":"Varstak"},"content":"sort their internships and check the status of each application. ","lastModifiedDate":"2023-03-03"},{"lineNumber":10,"author":{"gitId":"Varstak"},"content":"","lastModifiedDate":"2023-03-03"},{"lineNumber":11,"author":{"gitId":"Varstak"},"content":"Given below are my contributions to the project.","lastModifiedDate":"2023-03-03"},{"lineNumber":12,"author":{"gitId":"Varstak"},"content":"","lastModifiedDate":"2023-03-03"},{"lineNumber":13,"author":{"gitId":"Varstak"},"content":"* **New Feature**:","lastModifiedDate":"2023-03-03"},{"lineNumber":14,"author":{"gitId":"Varstak"},"content":"    * To be added soon","lastModifiedDate":"2023-03-03"},{"lineNumber":15,"author":{"gitId":"Varstak"},"content":"","lastModifiedDate":"2023-03-03"},{"lineNumber":16,"author":{"gitId":"Varstak"},"content":"* **Code contributed**: ","lastModifiedDate":"2023-03-03"},{"lineNumber":17,"author":{"gitId":"Varstak"},"content":"    * To be added soon","lastModifiedDate":"2023-03-03"},{"lineNumber":18,"author":{"gitId":"Varstak"},"content":"","lastModifiedDate":"2023-03-03"},{"lineNumber":19,"author":{"gitId":"Varstak"},"content":"* **Project management**:","lastModifiedDate":"2023-03-03"},{"lineNumber":20,"author":{"gitId":"Varstak"},"content":"    * To be added soon","lastModifiedDate":"2023-03-03"},{"lineNumber":21,"author":{"gitId":"Varstak"},"content":"","lastModifiedDate":"2023-03-03"},{"lineNumber":22,"author":{"gitId":"Varstak"},"content":"* **Enhancements to existing features**:","lastModifiedDate":"2023-03-03"},{"lineNumber":23,"author":{"gitId":"Varstak"},"content":"    * To be added soon","lastModifiedDate":"2023-03-03"},{"lineNumber":24,"author":{"gitId":"Varstak"},"content":"","lastModifiedDate":"2023-03-03"},{"lineNumber":25,"author":{"gitId":"Varstak"},"content":"* **Documentation**:","lastModifiedDate":"2023-03-03"},{"lineNumber":26,"author":{"gitId":"Varstak"},"content":"    * To be added soon","lastModifiedDate":"2023-03-03"},{"lineNumber":27,"author":{"gitId":"Varstak"},"content":"","lastModifiedDate":"2023-03-03"},{"lineNumber":28,"author":{"gitId":"Varstak"},"content":"* **Community**:","lastModifiedDate":"2023-03-03"},{"lineNumber":29,"author":{"gitId":"Varstak"},"content":"    * To be added soon","lastModifiedDate":"2023-03-03"},{"lineNumber":30,"author":{"gitId":"Varstak"},"content":"","lastModifiedDate":"2023-03-03"},{"lineNumber":31,"author":{"gitId":"Varstak"},"content":"* **Tools**:","lastModifiedDate":"2023-03-03"},{"lineNumber":32,"author":{"gitId":"Varstak"},"content":"","lastModifiedDate":"2023-03-03"}],"authorContributionMap":{"Varstak":32}},{"path":"src/main/resources/view/DarkTheme.css","fileType":"functional-code","lines":[{"lineNumber":1,"author":{"gitId":"BagDownB3nny"},"content":".root{","lastModifiedDate":"2023-03-02"},{"lineNumber":2,"author":{"gitId":"BagDownB3nny"},"content":"    -fx-font-size: 11pt;","lastModifiedDate":"2023-03-02"},{"lineNumber":3,"author":{"gitId":"BagDownB3nny"},"content":"    -fx-font-family: \"Arial\";","lastModifiedDate":"2023-03-02"},{"lineNumber":4,"author":{"gitId":"BagDownB3nny"},"content":"}","lastModifiedDate":"2023-03-02"},{"lineNumber":5,"author":{"gitId":"BagDownB3nny"},"content":"","lastModifiedDate":"2023-03-02"},{"lineNumber":6,"author":{"gitId":"-"},"content":".background {","lastModifiedDate":"2016-08-08"},{"lineNumber":7,"author":{"gitId":"-"},"content":"    -fx-background-color: derive(#1d1d1d, 20%);","lastModifiedDate":"2016-08-15"},{"lineNumber":8,"author":{"gitId":"-"},"content":"    background-color: #383838; /* Used in the default.html file */","lastModifiedDate":"2017-03-02"},{"lineNumber":9,"author":{"gitId":"-"},"content":"}","lastModifiedDate":"2016-08-08"},{"lineNumber":10,"author":{"gitId":"-"},"content":"","lastModifiedDate":"2016-08-08"},{"lineNumber":11,"author":{"gitId":"-"},"content":".label {","lastModifiedDate":"2016-08-08"},{"lineNumber":12,"author":{"gitId":"-"},"content":"    -fx-font-size: 11pt;","lastModifiedDate":"2016-08-08"},{"lineNumber":13,"author":{"gitId":"BagDownB3nny"},"content":"    -fx-font-family: \"Arial\";","lastModifiedDate":"2023-03-02"},{"lineNumber":14,"author":{"gitId":"-"},"content":"    -fx-text-fill: #555555;","lastModifiedDate":"2016-08-15"},{"lineNumber":15,"author":{"gitId":"-"},"content":"    -fx-opacity: 0.9;","lastModifiedDate":"2016-08-08"},{"lineNumber":16,"author":{"gitId":"-"},"content":"}","lastModifiedDate":"2016-08-08"},{"lineNumber":17,"author":{"gitId":"-"},"content":"","lastModifiedDate":"2016-08-08"},{"lineNumber":18,"author":{"gitId":"-"},"content":".label-bright {","lastModifiedDate":"2016-08-08"},{"lineNumber":19,"author":{"gitId":"-"},"content":"    -fx-font-size: 11pt;","lastModifiedDate":"2016-08-08"},{"lineNumber":20,"author":{"gitId":"BagDownB3nny"},"content":"    -fx-font-family: \"Arial\";","lastModifiedDate":"2023-03-02"},{"lineNumber":21,"author":{"gitId":"-"},"content":"    -fx-text-fill: white;","lastModifiedDate":"2016-08-08"},{"lineNumber":22,"author":{"gitId":"-"},"content":"    -fx-opacity: 1;","lastModifiedDate":"2016-08-08"},{"lineNumber":23,"author":{"gitId":"-"},"content":"}","lastModifiedDate":"2016-08-08"},{"lineNumber":24,"author":{"gitId":"-"},"content":"","lastModifiedDate":"2016-08-08"},{"lineNumber":25,"author":{"gitId":"-"},"content":".label-header {","lastModifiedDate":"2016-08-08"},{"lineNumber":26,"author":{"gitId":"-"},"content":"    -fx-font-size: 32pt;","lastModifiedDate":"2016-08-08"},{"lineNumber":27,"author":{"gitId":"BagDownB3nny"},"content":"    -fx-font-family: \"Arial\";","lastModifiedDate":"2023-03-02"},{"lineNumber":28,"author":{"gitId":"-"},"content":"    -fx-text-fill: white;","lastModifiedDate":"2016-08-08"},{"lineNumber":29,"author":{"gitId":"-"},"content":"    -fx-opacity: 1;","lastModifiedDate":"2016-08-08"},{"lineNumber":30,"author":{"gitId":"-"},"content":"}","lastModifiedDate":"2016-08-08"},{"lineNumber":31,"author":{"gitId":"-"},"content":"","lastModifiedDate":"2016-08-08"},{"lineNumber":32,"author":{"gitId":"-"},"content":".text-field {","lastModifiedDate":"2016-08-08"},{"lineNumber":33,"author":{"gitId":"-"},"content":"    -fx-font-size: 12pt;","lastModifiedDate":"2016-08-08"},{"lineNumber":34,"author":{"gitId":"BagDownB3nny"},"content":"    -fx-font-family: \"Arial\";","lastModifiedDate":"2023-03-02"},{"lineNumber":35,"author":{"gitId":"-"},"content":"}","lastModifiedDate":"2016-08-08"},{"lineNumber":36,"author":{"gitId":"-"},"content":"","lastModifiedDate":"2016-08-08"},{"lineNumber":37,"author":{"gitId":"-"},"content":".tab-pane {","lastModifiedDate":"2016-08-08"},{"lineNumber":38,"author":{"gitId":"-"},"content":"    -fx-padding: 0 0 0 1;","lastModifiedDate":"2016-08-08"},{"lineNumber":39,"author":{"gitId":"-"},"content":"}","lastModifiedDate":"2016-08-08"},{"lineNumber":40,"author":{"gitId":"-"},"content":"","lastModifiedDate":"2016-08-08"},{"lineNumber":41,"author":{"gitId":"-"},"content":".tab-pane .tab-header-area {","lastModifiedDate":"2016-08-08"},{"lineNumber":42,"author":{"gitId":"-"},"content":"    -fx-padding: 0 0 0 0;","lastModifiedDate":"2016-08-08"},{"lineNumber":43,"author":{"gitId":"-"},"content":"    -fx-min-height: 0;","lastModifiedDate":"2016-08-08"},{"lineNumber":44,"author":{"gitId":"-"},"content":"    -fx-max-height: 0;","lastModifiedDate":"2016-08-08"},{"lineNumber":45,"author":{"gitId":"-"},"content":"}","lastModifiedDate":"2016-08-08"},{"lineNumber":46,"author":{"gitId":"-"},"content":"","lastModifiedDate":"2016-08-08"},{"lineNumber":47,"author":{"gitId":"-"},"content":".table-view {","lastModifiedDate":"2016-08-08"},{"lineNumber":48,"author":{"gitId":"-"},"content":"    -fx-base: #1d1d1d;","lastModifiedDate":"2016-08-15"},{"lineNumber":49,"author":{"gitId":"-"},"content":"    -fx-control-inner-background: #1d1d1d;","lastModifiedDate":"2016-08-15"},{"lineNumber":50,"author":{"gitId":"-"},"content":"    -fx-background-color: #1d1d1d;","lastModifiedDate":"2016-08-15"},{"lineNumber":51,"author":{"gitId":"-"},"content":"    -fx-table-cell-border-color: transparent;","lastModifiedDate":"2016-08-08"},{"lineNumber":52,"author":{"gitId":"-"},"content":"    -fx-table-header-border-color: transparent;","lastModifiedDate":"2016-08-08"},{"lineNumber":53,"author":{"gitId":"-"},"content":"    -fx-padding: 5;","lastModifiedDate":"2016-08-08"},{"lineNumber":54,"author":{"gitId":"-"},"content":"}","lastModifiedDate":"2016-08-08"},{"lineNumber":55,"author":{"gitId":"-"},"content":"","lastModifiedDate":"2016-08-08"},{"lineNumber":56,"author":{"gitId":"-"},"content":".table-view .column-header-background {","lastModifiedDate":"2016-08-08"},{"lineNumber":57,"author":{"gitId":"-"},"content":"    -fx-background-color: transparent;","lastModifiedDate":"2016-08-08"},{"lineNumber":58,"author":{"gitId":"-"},"content":"}","lastModifiedDate":"2016-08-08"},{"lineNumber":59,"author":{"gitId":"-"},"content":"","lastModifiedDate":"2016-08-08"},{"lineNumber":60,"author":{"gitId":"-"},"content":".table-view .column-header, .table-view .filler {","lastModifiedDate":"2016-08-08"},{"lineNumber":61,"author":{"gitId":"-"},"content":"    -fx-size: 35;","lastModifiedDate":"2016-08-08"},{"lineNumber":62,"author":{"gitId":"-"},"content":"    -fx-border-width: 0 0 1 0;","lastModifiedDate":"2016-08-08"},{"lineNumber":63,"author":{"gitId":"-"},"content":"    -fx-background-color: transparent;","lastModifiedDate":"2016-08-08"},{"lineNumber":64,"author":{"gitId":"-"},"content":"    -fx-border-color:","lastModifiedDate":"2016-08-08"},{"lineNumber":65,"author":{"gitId":"-"},"content":"        transparent","lastModifiedDate":"2016-08-08"},{"lineNumber":66,"author":{"gitId":"-"},"content":"        transparent","lastModifiedDate":"2016-08-08"},{"lineNumber":67,"author":{"gitId":"-"},"content":"        derive(-fx-base, 80%)","lastModifiedDate":"2016-08-08"},{"lineNumber":68,"author":{"gitId":"-"},"content":"        transparent;","lastModifiedDate":"2016-08-08"},{"lineNumber":69,"author":{"gitId":"-"},"content":"    -fx-border-insets: 0 10 1 0;","lastModifiedDate":"2016-08-08"},{"lineNumber":70,"author":{"gitId":"-"},"content":"}","lastModifiedDate":"2016-08-08"},{"lineNumber":71,"author":{"gitId":"-"},"content":"","lastModifiedDate":"2016-08-08"},{"lineNumber":72,"author":{"gitId":"-"},"content":".table-view .column-header .label {","lastModifiedDate":"2016-08-08"},{"lineNumber":73,"author":{"gitId":"-"},"content":"    -fx-font-size: 20pt;","lastModifiedDate":"2016-08-08"},{"lineNumber":74,"author":{"gitId":"BagDownB3nny"},"content":"    -fx-font-family: \"Arial\";","lastModifiedDate":"2023-03-02"},{"lineNumber":75,"author":{"gitId":"-"},"content":"    -fx-text-fill: white;","lastModifiedDate":"2016-08-08"},{"lineNumber":76,"author":{"gitId":"-"},"content":"    -fx-alignment: center-left;","lastModifiedDate":"2016-08-08"},{"lineNumber":77,"author":{"gitId":"-"},"content":"    -fx-opacity: 1;","lastModifiedDate":"2016-08-08"},{"lineNumber":78,"author":{"gitId":"-"},"content":"}","lastModifiedDate":"2016-08-08"},{"lineNumber":79,"author":{"gitId":"-"},"content":"","lastModifiedDate":"2016-08-08"},{"lineNumber":80,"author":{"gitId":"-"},"content":".table-view:focused .table-row-cell:filled:focused:selected {","lastModifiedDate":"2016-08-08"},{"lineNumber":81,"author":{"gitId":"-"},"content":"    -fx-background-color: -fx-focus-color;","lastModifiedDate":"2016-08-08"},{"lineNumber":82,"author":{"gitId":"-"},"content":"}","lastModifiedDate":"2016-08-08"},{"lineNumber":83,"author":{"gitId":"-"},"content":"","lastModifiedDate":"2016-08-08"},{"lineNumber":84,"author":{"gitId":"-"},"content":".split-pane:horizontal .split-pane-divider {","lastModifiedDate":"2016-08-08"},{"lineNumber":85,"author":{"gitId":"-"},"content":"    -fx-background-color: derive(#1d1d1d, 20%);","lastModifiedDate":"2017-03-02"},{"lineNumber":86,"author":{"gitId":"-"},"content":"    -fx-border-color: transparent transparent transparent #4d4d4d;","lastModifiedDate":"2017-03-02"},{"lineNumber":87,"author":{"gitId":"-"},"content":"}","lastModifiedDate":"2016-08-15"},{"lineNumber":88,"author":{"gitId":"-"},"content":"","lastModifiedDate":"2016-08-15"},{"lineNumber":89,"author":{"gitId":"-"},"content":".split-pane {","lastModifiedDate":"2016-08-15"},{"lineNumber":90,"author":{"gitId":"-"},"content":"    -fx-border-radius: 1;","lastModifiedDate":"2016-08-15"},{"lineNumber":91,"author":{"gitId":"-"},"content":"    -fx-border-width: 1;","lastModifiedDate":"2016-08-15"},{"lineNumber":92,"author":{"gitId":"-"},"content":"    -fx-background-color: derive(#1d1d1d, 20%);","lastModifiedDate":"2016-08-15"},{"lineNumber":93,"author":{"gitId":"-"},"content":"}","lastModifiedDate":"2016-08-08"},{"lineNumber":94,"author":{"gitId":"-"},"content":"","lastModifiedDate":"2016-08-08"},{"lineNumber":95,"author":{"gitId":"-"},"content":".list-view {","lastModifiedDate":"2017-03-02"},{"lineNumber":96,"author":{"gitId":"-"},"content":"    -fx-background-insets: 0;","lastModifiedDate":"2017-03-02"},{"lineNumber":97,"author":{"gitId":"-"},"content":"    -fx-padding: 0;","lastModifiedDate":"2017-03-02"},{"lineNumber":98,"author":{"gitId":"-"},"content":"    -fx-background-color: derive(#1d1d1d, 20%);","lastModifiedDate":"2018-01-10"},{"lineNumber":99,"author":{"gitId":"-"},"content":"}","lastModifiedDate":"2017-03-02"},{"lineNumber":100,"author":{"gitId":"-"},"content":"","lastModifiedDate":"2017-03-02"},{"lineNumber":101,"author":{"gitId":"-"},"content":".list-cell {","lastModifiedDate":"2016-08-08"},{"lineNumber":102,"author":{"gitId":"-"},"content":"    -fx-label-padding: 0 0 0 0;","lastModifiedDate":"2016-08-08"},{"lineNumber":103,"author":{"gitId":"-"},"content":"    -fx-graphic-text-gap : 0;","lastModifiedDate":"2016-08-08"},{"lineNumber":104,"author":{"gitId":"-"},"content":"    -fx-padding: 0 0 0 0;","lastModifiedDate":"2016-08-08"},{"lineNumber":105,"author":{"gitId":"-"},"content":"}","lastModifiedDate":"2016-08-08"},{"lineNumber":106,"author":{"gitId":"-"},"content":"","lastModifiedDate":"2016-08-08"},{"lineNumber":107,"author":{"gitId":"-"},"content":".list-cell:filled:even {","lastModifiedDate":"2017-03-02"},{"lineNumber":108,"author":{"gitId":"-"},"content":"    -fx-background-color: #3c3e3f;","lastModifiedDate":"2017-03-02"},{"lineNumber":109,"author":{"gitId":"-"},"content":"}","lastModifiedDate":"2017-03-02"},{"lineNumber":110,"author":{"gitId":"-"},"content":"","lastModifiedDate":"2017-03-02"},{"lineNumber":111,"author":{"gitId":"-"},"content":".list-cell:filled:odd {","lastModifiedDate":"2017-03-02"},{"lineNumber":112,"author":{"gitId":"-"},"content":"    -fx-background-color: #515658;","lastModifiedDate":"2017-03-02"},{"lineNumber":113,"author":{"gitId":"-"},"content":"}","lastModifiedDate":"2017-03-02"},{"lineNumber":114,"author":{"gitId":"-"},"content":"","lastModifiedDate":"2017-03-02"},{"lineNumber":115,"author":{"gitId":"-"},"content":".list-cell:filled:selected {","lastModifiedDate":"2017-03-02"},{"lineNumber":116,"author":{"gitId":"-"},"content":"    -fx-background-color: #424d5f;","lastModifiedDate":"2017-03-02"},{"lineNumber":117,"author":{"gitId":"-"},"content":"}","lastModifiedDate":"2017-03-02"},{"lineNumber":118,"author":{"gitId":"-"},"content":"","lastModifiedDate":"2017-03-02"},{"lineNumber":119,"author":{"gitId":"-"},"content":".list-cell:filled:selected #cardPane {","lastModifiedDate":"2017-03-02"},{"lineNumber":120,"author":{"gitId":"-"},"content":"    -fx-border-color: #3e7b91;","lastModifiedDate":"2017-03-02"},{"lineNumber":121,"author":{"gitId":"-"},"content":"    -fx-border-width: 1;","lastModifiedDate":"2017-03-02"},{"lineNumber":122,"author":{"gitId":"-"},"content":"}","lastModifiedDate":"2017-03-02"},{"lineNumber":123,"author":{"gitId":"-"},"content":"","lastModifiedDate":"2017-03-02"},{"lineNumber":124,"author":{"gitId":"-"},"content":".list-cell .label {","lastModifiedDate":"2016-08-08"},{"lineNumber":125,"author":{"gitId":"-"},"content":"    -fx-text-fill: white;","lastModifiedDate":"2017-03-02"},{"lineNumber":126,"author":{"gitId":"-"},"content":"}","lastModifiedDate":"2016-08-08"},{"lineNumber":127,"author":{"gitId":"-"},"content":"","lastModifiedDate":"2016-08-08"},{"lineNumber":128,"author":{"gitId":"-"},"content":".cell_big_label {","lastModifiedDate":"2016-08-08"},{"lineNumber":129,"author":{"gitId":"BagDownB3nny"},"content":"    -fx-font-family: \"Arial\";","lastModifiedDate":"2023-03-02"},{"lineNumber":130,"author":{"gitId":"-"},"content":"    -fx-font-size: 16px;","lastModifiedDate":"2016-08-08"},{"lineNumber":131,"author":{"gitId":"-"},"content":"    -fx-text-fill: #010504;","lastModifiedDate":"2016-08-08"},{"lineNumber":132,"author":{"gitId":"-"},"content":"}","lastModifiedDate":"2016-08-08"},{"lineNumber":133,"author":{"gitId":"-"},"content":"","lastModifiedDate":"2016-08-08"},{"lineNumber":134,"author":{"gitId":"-"},"content":".cell_small_label {","lastModifiedDate":"2016-08-08"},{"lineNumber":135,"author":{"gitId":"BagDownB3nny"},"content":"    -fx-font-family: \"Arial\";","lastModifiedDate":"2023-03-02"},{"lineNumber":136,"author":{"gitId":"-"},"content":"    -fx-font-size: 13px;","lastModifiedDate":"2017-03-02"},{"lineNumber":137,"author":{"gitId":"-"},"content":"    -fx-text-fill: #010504;","lastModifiedDate":"2016-08-08"},{"lineNumber":138,"author":{"gitId":"-"},"content":"}","lastModifiedDate":"2016-08-08"},{"lineNumber":139,"author":{"gitId":"-"},"content":"","lastModifiedDate":"2016-08-08"},{"lineNumber":140,"author":{"gitId":"-"},"content":".stack-pane {","lastModifiedDate":"2018-04-01"},{"lineNumber":141,"author":{"gitId":"-"},"content":"     -fx-background-color: derive(#1d1d1d, 20%);","lastModifiedDate":"2016-08-15"},{"lineNumber":142,"author":{"gitId":"-"},"content":"}","lastModifiedDate":"2016-08-08"},{"lineNumber":143,"author":{"gitId":"-"},"content":"","lastModifiedDate":"2016-08-08"},{"lineNumber":144,"author":{"gitId":"-"},"content":".pane-with-border {","lastModifiedDate":"2017-05-15"},{"lineNumber":145,"author":{"gitId":"-"},"content":"     -fx-background-color: derive(#1d1d1d, 20%);","lastModifiedDate":"2017-05-09"},{"lineNumber":146,"author":{"gitId":"-"},"content":"     -fx-border-color: derive(#1d1d1d, 10%);","lastModifiedDate":"2017-05-09"},{"lineNumber":147,"author":{"gitId":"-"},"content":"     -fx-border-top-width: 1px;","lastModifiedDate":"2017-05-09"},{"lineNumber":148,"author":{"gitId":"-"},"content":"}","lastModifiedDate":"2017-05-09"},{"lineNumber":149,"author":{"gitId":"-"},"content":"","lastModifiedDate":"2017-05-09"},{"lineNumber":150,"author":{"gitId":"-"},"content":".status-bar {","lastModifiedDate":"2016-08-08"},{"lineNumber":151,"author":{"gitId":"-"},"content":"    -fx-background-color: derive(#1d1d1d, 30%);","lastModifiedDate":"2018-12-08"},{"lineNumber":152,"author":{"gitId":"-"},"content":"}","lastModifiedDate":"2016-09-14"},{"lineNumber":153,"author":{"gitId":"-"},"content":"","lastModifiedDate":"2016-09-14"},{"lineNumber":154,"author":{"gitId":"-"},"content":".result-display {","lastModifiedDate":"2016-09-14"},{"lineNumber":155,"author":{"gitId":"-"},"content":"    -fx-background-color: transparent;","lastModifiedDate":"2017-03-02"},{"lineNumber":156,"author":{"gitId":"BagDownB3nny"},"content":"    -fx-font-family: \"Arial\";","lastModifiedDate":"2023-03-02"},{"lineNumber":157,"author":{"gitId":"-"},"content":"    -fx-font-size: 13pt;","lastModifiedDate":"2017-03-02"},{"lineNumber":158,"author":{"gitId":"-"},"content":"    -fx-text-fill: white;","lastModifiedDate":"2017-03-02"},{"lineNumber":159,"author":{"gitId":"-"},"content":"}","lastModifiedDate":"2016-09-14"},{"lineNumber":160,"author":{"gitId":"-"},"content":"","lastModifiedDate":"2016-09-14"},{"lineNumber":161,"author":{"gitId":"-"},"content":".result-display .label {","lastModifiedDate":"2016-09-14"},{"lineNumber":162,"author":{"gitId":"-"},"content":"    -fx-text-fill: black !important;","lastModifiedDate":"2016-09-14"},{"lineNumber":163,"author":{"gitId":"-"},"content":"}","lastModifiedDate":"2016-08-08"},{"lineNumber":164,"author":{"gitId":"-"},"content":"","lastModifiedDate":"2016-08-08"},{"lineNumber":165,"author":{"gitId":"-"},"content":".status-bar .label {","lastModifiedDate":"2016-08-08"},{"lineNumber":166,"author":{"gitId":"BagDownB3nny"},"content":"    -fx-font-family: \"Arial\";","lastModifiedDate":"2023-03-02"},{"lineNumber":167,"author":{"gitId":"-"},"content":"    -fx-text-fill: white;","lastModifiedDate":"2016-08-08"},{"lineNumber":168,"author":{"gitId":"-"},"content":"    -fx-padding: 4px;","lastModifiedDate":"2018-12-08"},{"lineNumber":169,"author":{"gitId":"-"},"content":"    -fx-pref-height: 30px;","lastModifiedDate":"2018-12-08"},{"lineNumber":170,"author":{"gitId":"-"},"content":"}","lastModifiedDate":"2016-08-08"},{"lineNumber":171,"author":{"gitId":"-"},"content":"","lastModifiedDate":"2016-08-08"},{"lineNumber":172,"author":{"gitId":"-"},"content":".status-bar-with-border {","lastModifiedDate":"2016-08-08"},{"lineNumber":173,"author":{"gitId":"-"},"content":"    -fx-background-color: derive(#1d1d1d, 30%);","lastModifiedDate":"2016-08-15"},{"lineNumber":174,"author":{"gitId":"-"},"content":"    -fx-border-color: derive(#1d1d1d, 25%);","lastModifiedDate":"2016-08-15"},{"lineNumber":175,"author":{"gitId":"-"},"content":"    -fx-border-width: 1px;","lastModifiedDate":"2016-08-08"},{"lineNumber":176,"author":{"gitId":"-"},"content":"}","lastModifiedDate":"2016-08-08"},{"lineNumber":177,"author":{"gitId":"-"},"content":"","lastModifiedDate":"2016-08-08"},{"lineNumber":178,"author":{"gitId":"-"},"content":".status-bar-with-border .label {","lastModifiedDate":"2016-08-08"},{"lineNumber":179,"author":{"gitId":"-"},"content":"    -fx-text-fill: white;","lastModifiedDate":"2016-08-08"},{"lineNumber":180,"author":{"gitId":"-"},"content":"}","lastModifiedDate":"2016-08-08"},{"lineNumber":181,"author":{"gitId":"-"},"content":"","lastModifiedDate":"2016-08-08"},{"lineNumber":182,"author":{"gitId":"-"},"content":".grid-pane {","lastModifiedDate":"2016-08-08"},{"lineNumber":183,"author":{"gitId":"-"},"content":"    -fx-background-color: derive(#1d1d1d, 30%);","lastModifiedDate":"2016-08-15"},{"lineNumber":184,"author":{"gitId":"-"},"content":"    -fx-border-color: derive(#1d1d1d, 30%);","lastModifiedDate":"2016-08-15"},{"lineNumber":185,"author":{"gitId":"-"},"content":"    -fx-border-width: 1px;","lastModifiedDate":"2016-08-08"},{"lineNumber":186,"author":{"gitId":"-"},"content":"}","lastModifiedDate":"2016-08-08"},{"lineNumber":187,"author":{"gitId":"-"},"content":"","lastModifiedDate":"2016-08-08"},{"lineNumber":188,"author":{"gitId":"-"},"content":".grid-pane .stack-pane {","lastModifiedDate":"2018-04-01"},{"lineNumber":189,"author":{"gitId":"-"},"content":"    -fx-background-color: derive(#1d1d1d, 30%);","lastModifiedDate":"2016-08-15"},{"lineNumber":190,"author":{"gitId":"-"},"content":"}","lastModifiedDate":"2016-08-08"},{"lineNumber":191,"author":{"gitId":"-"},"content":"","lastModifiedDate":"2016-08-08"},{"lineNumber":192,"author":{"gitId":"-"},"content":".context-menu {","lastModifiedDate":"2016-08-08"},{"lineNumber":193,"author":{"gitId":"-"},"content":"    -fx-background-color: derive(#1d1d1d, 50%);","lastModifiedDate":"2016-08-15"},{"lineNumber":194,"author":{"gitId":"-"},"content":"}","lastModifiedDate":"2016-08-08"},{"lineNumber":195,"author":{"gitId":"-"},"content":"","lastModifiedDate":"2016-08-08"},{"lineNumber":196,"author":{"gitId":"-"},"content":".context-menu .label {","lastModifiedDate":"2016-08-08"},{"lineNumber":197,"author":{"gitId":"-"},"content":"    -fx-text-fill: white;","lastModifiedDate":"2016-08-08"},{"lineNumber":198,"author":{"gitId":"-"},"content":"}","lastModifiedDate":"2016-08-08"},{"lineNumber":199,"author":{"gitId":"-"},"content":"","lastModifiedDate":"2016-08-08"},{"lineNumber":200,"author":{"gitId":"-"},"content":".menu-bar {","lastModifiedDate":"2016-08-08"},{"lineNumber":201,"author":{"gitId":"-"},"content":"    -fx-background-color: derive(#1d1d1d, 20%);","lastModifiedDate":"2016-08-15"},{"lineNumber":202,"author":{"gitId":"-"},"content":"}","lastModifiedDate":"2016-08-08"},{"lineNumber":203,"author":{"gitId":"-"},"content":"","lastModifiedDate":"2016-08-08"},{"lineNumber":204,"author":{"gitId":"-"},"content":".menu-bar .label {","lastModifiedDate":"2016-08-08"},{"lineNumber":205,"author":{"gitId":"-"},"content":"    -fx-font-size: 14pt;","lastModifiedDate":"2016-08-08"},{"lineNumber":206,"author":{"gitId":"BagDownB3nny"},"content":"    -fx-font-family: \"Arial\";","lastModifiedDate":"2023-03-02"},{"lineNumber":207,"author":{"gitId":"-"},"content":"    -fx-text-fill: white;","lastModifiedDate":"2016-08-08"},{"lineNumber":208,"author":{"gitId":"-"},"content":"    -fx-opacity: 0.9;","lastModifiedDate":"2016-08-08"},{"lineNumber":209,"author":{"gitId":"-"},"content":"}","lastModifiedDate":"2016-08-08"},{"lineNumber":210,"author":{"gitId":"-"},"content":"","lastModifiedDate":"2016-08-08"},{"lineNumber":211,"author":{"gitId":"-"},"content":".menu .left-container {","lastModifiedDate":"2016-08-08"},{"lineNumber":212,"author":{"gitId":"-"},"content":"    -fx-background-color: black;","lastModifiedDate":"2016-08-08"},{"lineNumber":213,"author":{"gitId":"-"},"content":"}","lastModifiedDate":"2016-08-08"},{"lineNumber":214,"author":{"gitId":"-"},"content":"","lastModifiedDate":"2016-08-08"},{"lineNumber":215,"author":{"gitId":"-"},"content":"/*","lastModifiedDate":"2016-08-08"},{"lineNumber":216,"author":{"gitId":"-"},"content":" * Metro style Push Button","lastModifiedDate":"2016-08-08"},{"lineNumber":217,"author":{"gitId":"-"},"content":" * Author: Pedro Duque Vieira","lastModifiedDate":"2016-08-08"},{"lineNumber":218,"author":{"gitId":"-"},"content":" * http://pixelduke.wordpress.com/2012/10/23/jmetro-windows-8-controls-on-java/","lastModifiedDate":"2016-08-08"},{"lineNumber":219,"author":{"gitId":"-"},"content":" */","lastModifiedDate":"2016-08-08"},{"lineNumber":220,"author":{"gitId":"-"},"content":".button {","lastModifiedDate":"2016-08-08"},{"lineNumber":221,"author":{"gitId":"-"},"content":"    -fx-padding: 5 22 5 22;","lastModifiedDate":"2016-08-08"},{"lineNumber":222,"author":{"gitId":"-"},"content":"    -fx-border-color: #e2e2e2;","lastModifiedDate":"2016-08-08"},{"lineNumber":223,"author":{"gitId":"-"},"content":"    -fx-border-width: 2;","lastModifiedDate":"2016-08-08"},{"lineNumber":224,"author":{"gitId":"-"},"content":"    -fx-background-radius: 0;","lastModifiedDate":"2016-08-08"},{"lineNumber":225,"author":{"gitId":"-"},"content":"    -fx-background-color: #1d1d1d;","lastModifiedDate":"2016-08-15"},{"lineNumber":226,"author":{"gitId":"BagDownB3nny"},"content":"    -fx-font-family: \"Arial\", Helvetica, Arial, sans-serif;","lastModifiedDate":"2023-03-02"},{"lineNumber":227,"author":{"gitId":"-"},"content":"    -fx-font-size: 11pt;","lastModifiedDate":"2016-08-08"},{"lineNumber":228,"author":{"gitId":"-"},"content":"    -fx-text-fill: #d8d8d8;","lastModifiedDate":"2016-08-08"},{"lineNumber":229,"author":{"gitId":"-"},"content":"    -fx-background-insets: 0 0 0 0, 0, 1, 2;","lastModifiedDate":"2016-08-08"},{"lineNumber":230,"author":{"gitId":"-"},"content":"}","lastModifiedDate":"2016-08-08"},{"lineNumber":231,"author":{"gitId":"-"},"content":"","lastModifiedDate":"2016-08-08"},{"lineNumber":232,"author":{"gitId":"-"},"content":".button:hover {","lastModifiedDate":"2016-08-08"},{"lineNumber":233,"author":{"gitId":"-"},"content":"    -fx-background-color: #3a3a3a;","lastModifiedDate":"2016-08-08"},{"lineNumber":234,"author":{"gitId":"-"},"content":"}","lastModifiedDate":"2016-08-08"},{"lineNumber":235,"author":{"gitId":"-"},"content":"","lastModifiedDate":"2016-08-08"},{"lineNumber":236,"author":{"gitId":"-"},"content":".button:pressed, .button:default:hover:pressed {","lastModifiedDate":"2016-08-08"},{"lineNumber":237,"author":{"gitId":"-"},"content":"  -fx-background-color: white;","lastModifiedDate":"2016-08-08"},{"lineNumber":238,"author":{"gitId":"-"},"content":"  -fx-text-fill: #1d1d1d;","lastModifiedDate":"2016-08-15"},{"lineNumber":239,"author":{"gitId":"-"},"content":"}","lastModifiedDate":"2016-08-08"},{"lineNumber":240,"author":{"gitId":"-"},"content":"","lastModifiedDate":"2016-08-08"},{"lineNumber":241,"author":{"gitId":"-"},"content":".button:focused {","lastModifiedDate":"2016-08-08"},{"lineNumber":242,"author":{"gitId":"-"},"content":"    -fx-border-color: white, white;","lastModifiedDate":"2016-08-08"},{"lineNumber":243,"author":{"gitId":"-"},"content":"    -fx-border-width: 1, 1;","lastModifiedDate":"2016-08-08"},{"lineNumber":244,"author":{"gitId":"-"},"content":"    -fx-border-style: solid, segments(1, 1);","lastModifiedDate":"2016-08-08"},{"lineNumber":245,"author":{"gitId":"-"},"content":"    -fx-border-radius: 0, 0;","lastModifiedDate":"2016-08-08"},{"lineNumber":246,"author":{"gitId":"-"},"content":"    -fx-border-insets: 1 1 1 1, 0;","lastModifiedDate":"2016-08-08"},{"lineNumber":247,"author":{"gitId":"-"},"content":"}","lastModifiedDate":"2016-08-08"},{"lineNumber":248,"author":{"gitId":"-"},"content":"","lastModifiedDate":"2016-08-08"},{"lineNumber":249,"author":{"gitId":"-"},"content":".button:disabled, .button:default:disabled {","lastModifiedDate":"2016-08-08"},{"lineNumber":250,"author":{"gitId":"-"},"content":"    -fx-opacity: 0.4;","lastModifiedDate":"2016-08-08"},{"lineNumber":251,"author":{"gitId":"-"},"content":"    -fx-background-color: #1d1d1d;","lastModifiedDate":"2016-08-15"},{"lineNumber":252,"author":{"gitId":"-"},"content":"    -fx-text-fill: white;","lastModifiedDate":"2016-08-08"},{"lineNumber":253,"author":{"gitId":"-"},"content":"}","lastModifiedDate":"2016-08-08"},{"lineNumber":254,"author":{"gitId":"-"},"content":"","lastModifiedDate":"2016-08-08"},{"lineNumber":255,"author":{"gitId":"-"},"content":".button:default {","lastModifiedDate":"2016-08-08"},{"lineNumber":256,"author":{"gitId":"-"},"content":"    -fx-background-color: -fx-focus-color;","lastModifiedDate":"2016-08-08"},{"lineNumber":257,"author":{"gitId":"-"},"content":"    -fx-text-fill: #ffffff;","lastModifiedDate":"2016-08-08"},{"lineNumber":258,"author":{"gitId":"-"},"content":"}","lastModifiedDate":"2016-08-08"},{"lineNumber":259,"author":{"gitId":"-"},"content":"","lastModifiedDate":"2016-08-08"},{"lineNumber":260,"author":{"gitId":"-"},"content":".button:default:hover {","lastModifiedDate":"2016-08-08"},{"lineNumber":261,"author":{"gitId":"-"},"content":"    -fx-background-color: derive(-fx-focus-color, 30%);","lastModifiedDate":"2016-08-08"},{"lineNumber":262,"author":{"gitId":"-"},"content":"}","lastModifiedDate":"2016-08-08"},{"lineNumber":263,"author":{"gitId":"-"},"content":"","lastModifiedDate":"2016-08-08"},{"lineNumber":264,"author":{"gitId":"-"},"content":".dialog-pane {","lastModifiedDate":"2016-08-08"},{"lineNumber":265,"author":{"gitId":"-"},"content":"    -fx-background-color: #1d1d1d;","lastModifiedDate":"2016-08-15"},{"lineNumber":266,"author":{"gitId":"-"},"content":"}","lastModifiedDate":"2016-08-08"},{"lineNumber":267,"author":{"gitId":"-"},"content":"","lastModifiedDate":"2016-08-08"},{"lineNumber":268,"author":{"gitId":"-"},"content":".dialog-pane \u003e *.button-bar \u003e *.container {","lastModifiedDate":"2016-08-08"},{"lineNumber":269,"author":{"gitId":"-"},"content":"    -fx-background-color: #1d1d1d;","lastModifiedDate":"2016-08-15"},{"lineNumber":270,"author":{"gitId":"-"},"content":"}","lastModifiedDate":"2016-08-08"},{"lineNumber":271,"author":{"gitId":"-"},"content":"","lastModifiedDate":"2016-08-08"},{"lineNumber":272,"author":{"gitId":"-"},"content":".dialog-pane \u003e *.label.content {","lastModifiedDate":"2016-08-08"},{"lineNumber":273,"author":{"gitId":"-"},"content":"    -fx-font-size: 14px;","lastModifiedDate":"2016-08-08"},{"lineNumber":274,"author":{"gitId":"-"},"content":"    -fx-font-weight: bold;","lastModifiedDate":"2016-08-08"},{"lineNumber":275,"author":{"gitId":"-"},"content":"    -fx-text-fill: white;","lastModifiedDate":"2016-08-08"},{"lineNumber":276,"author":{"gitId":"-"},"content":"}","lastModifiedDate":"2016-08-08"},{"lineNumber":277,"author":{"gitId":"-"},"content":"","lastModifiedDate":"2016-08-08"},{"lineNumber":278,"author":{"gitId":"-"},"content":".dialog-pane:header *.header-panel {","lastModifiedDate":"2016-08-08"},{"lineNumber":279,"author":{"gitId":"-"},"content":"    -fx-background-color: derive(#1d1d1d, 25%);","lastModifiedDate":"2016-08-15"},{"lineNumber":280,"author":{"gitId":"-"},"content":"}","lastModifiedDate":"2016-08-08"},{"lineNumber":281,"author":{"gitId":"-"},"content":"","lastModifiedDate":"2016-08-08"},{"lineNumber":282,"author":{"gitId":"-"},"content":".dialog-pane:header *.header-panel *.label {","lastModifiedDate":"2016-08-08"},{"lineNumber":283,"author":{"gitId":"-"},"content":"    -fx-font-size: 18px;","lastModifiedDate":"2016-08-08"},{"lineNumber":284,"author":{"gitId":"-"},"content":"    -fx-font-style: italic;","lastModifiedDate":"2016-08-08"},{"lineNumber":285,"author":{"gitId":"-"},"content":"    -fx-fill: white;","lastModifiedDate":"2016-08-08"},{"lineNumber":286,"author":{"gitId":"-"},"content":"    -fx-text-fill: white;","lastModifiedDate":"2016-08-08"},{"lineNumber":287,"author":{"gitId":"-"},"content":"}","lastModifiedDate":"2016-08-08"},{"lineNumber":288,"author":{"gitId":"-"},"content":"","lastModifiedDate":"2016-08-08"},{"lineNumber":289,"author":{"gitId":"-"},"content":".scroll-bar {","lastModifiedDate":"2017-03-02"},{"lineNumber":290,"author":{"gitId":"-"},"content":"    -fx-background-color: derive(#1d1d1d, 20%);","lastModifiedDate":"2017-03-02"},{"lineNumber":291,"author":{"gitId":"-"},"content":"}","lastModifiedDate":"2017-03-02"},{"lineNumber":292,"author":{"gitId":"-"},"content":"","lastModifiedDate":"2017-03-02"},{"lineNumber":293,"author":{"gitId":"-"},"content":".scroll-bar .thumb {","lastModifiedDate":"2016-08-15"},{"lineNumber":294,"author":{"gitId":"-"},"content":"    -fx-background-color: derive(#1d1d1d, 50%);","lastModifiedDate":"2016-08-15"},{"lineNumber":295,"author":{"gitId":"-"},"content":"    -fx-background-insets: 3;","lastModifiedDate":"2016-08-15"},{"lineNumber":296,"author":{"gitId":"-"},"content":"}","lastModifiedDate":"2016-08-15"},{"lineNumber":297,"author":{"gitId":"-"},"content":"","lastModifiedDate":"2016-08-15"},{"lineNumber":298,"author":{"gitId":"-"},"content":".scroll-bar .increment-button, .scroll-bar .decrement-button {","lastModifiedDate":"2016-08-15"},{"lineNumber":299,"author":{"gitId":"-"},"content":"    -fx-background-color: transparent;","lastModifiedDate":"2016-08-15"},{"lineNumber":300,"author":{"gitId":"-"},"content":"    -fx-padding: 0 0 0 0;","lastModifiedDate":"2016-08-15"},{"lineNumber":301,"author":{"gitId":"-"},"content":"}","lastModifiedDate":"2016-08-15"},{"lineNumber":302,"author":{"gitId":"-"},"content":"","lastModifiedDate":"2016-08-15"},{"lineNumber":303,"author":{"gitId":"-"},"content":".scroll-bar .increment-arrow, .scroll-bar .decrement-arrow {","lastModifiedDate":"2016-08-15"},{"lineNumber":304,"author":{"gitId":"-"},"content":"    -fx-shape: \" \";","lastModifiedDate":"2016-08-15"},{"lineNumber":305,"author":{"gitId":"-"},"content":"}","lastModifiedDate":"2016-08-18"},{"lineNumber":306,"author":{"gitId":"-"},"content":"","lastModifiedDate":"2016-08-18"},{"lineNumber":307,"author":{"gitId":"-"},"content":".scroll-bar:vertical .increment-arrow, .scroll-bar:vertical .decrement-arrow {","lastModifiedDate":"2016-08-18"},{"lineNumber":308,"author":{"gitId":"-"},"content":"    -fx-padding: 1 8 1 8;","lastModifiedDate":"2016-08-15"},{"lineNumber":309,"author":{"gitId":"-"},"content":"}","lastModifiedDate":"2016-08-15"},{"lineNumber":310,"author":{"gitId":"-"},"content":"","lastModifiedDate":"2016-08-15"},{"lineNumber":311,"author":{"gitId":"-"},"content":".scroll-bar:horizontal .increment-arrow, .scroll-bar:horizontal .decrement-arrow {","lastModifiedDate":"2016-08-18"},{"lineNumber":312,"author":{"gitId":"-"},"content":"    -fx-padding: 8 1 8 1;","lastModifiedDate":"2016-08-18"},{"lineNumber":313,"author":{"gitId":"-"},"content":"}","lastModifiedDate":"2016-08-18"},{"lineNumber":314,"author":{"gitId":"-"},"content":"","lastModifiedDate":"2016-08-18"},{"lineNumber":315,"author":{"gitId":"-"},"content":"#cardPane {","lastModifiedDate":"2016-08-08"},{"lineNumber":316,"author":{"gitId":"-"},"content":"    -fx-background-color: transparent;","lastModifiedDate":"2016-08-08"},{"lineNumber":317,"author":{"gitId":"-"},"content":"    -fx-border-width: 0;","lastModifiedDate":"2017-03-02"},{"lineNumber":318,"author":{"gitId":"-"},"content":"}","lastModifiedDate":"2016-08-08"},{"lineNumber":319,"author":{"gitId":"-"},"content":"","lastModifiedDate":"2016-08-08"},{"lineNumber":320,"author":{"gitId":"-"},"content":"#commandTypeLabel {","lastModifiedDate":"2016-08-08"},{"lineNumber":321,"author":{"gitId":"-"},"content":"    -fx-font-size: 11px;","lastModifiedDate":"2016-08-08"},{"lineNumber":322,"author":{"gitId":"-"},"content":"    -fx-text-fill: #F70D1A;","lastModifiedDate":"2016-08-08"},{"lineNumber":323,"author":{"gitId":"-"},"content":"}","lastModifiedDate":"2016-08-08"},{"lineNumber":324,"author":{"gitId":"-"},"content":"","lastModifiedDate":"2016-08-08"},{"lineNumber":325,"author":{"gitId":"-"},"content":"#commandTextField {","lastModifiedDate":"2017-03-02"},{"lineNumber":326,"author":{"gitId":"-"},"content":"    -fx-background-color: transparent #383838 transparent #383838;","lastModifiedDate":"2017-03-02"},{"lineNumber":327,"author":{"gitId":"-"},"content":"    -fx-background-insets: 0;","lastModifiedDate":"2017-03-02"},{"lineNumber":328,"author":{"gitId":"-"},"content":"    -fx-border-color: #383838 #383838 #ffffff #383838;","lastModifiedDate":"2017-03-02"},{"lineNumber":329,"author":{"gitId":"-"},"content":"    -fx-border-insets: 0;","lastModifiedDate":"2017-03-02"},{"lineNumber":330,"author":{"gitId":"-"},"content":"    -fx-border-width: 1;","lastModifiedDate":"2017-03-02"},{"lineNumber":331,"author":{"gitId":"BagDownB3nny"},"content":"    -fx-font-family: \"Arial\";","lastModifiedDate":"2023-03-02"},{"lineNumber":332,"author":{"gitId":"-"},"content":"    -fx-font-size: 13pt;","lastModifiedDate":"2017-03-02"},{"lineNumber":333,"author":{"gitId":"-"},"content":"    -fx-text-fill: white;","lastModifiedDate":"2017-03-02"},{"lineNumber":334,"author":{"gitId":"-"},"content":"}","lastModifiedDate":"2017-03-02"},{"lineNumber":335,"author":{"gitId":"-"},"content":"","lastModifiedDate":"2017-03-02"},{"lineNumber":336,"author":{"gitId":"-"},"content":"#filterField, #personListPanel, #personWebpage {","lastModifiedDate":"2016-08-15"},{"lineNumber":337,"author":{"gitId":"-"},"content":"    -fx-effect: innershadow(gaussian, black, 10, 0, 0, 0);","lastModifiedDate":"2016-08-15"},{"lineNumber":338,"author":{"gitId":"-"},"content":"}","lastModifiedDate":"2016-08-08"},{"lineNumber":339,"author":{"gitId":"-"},"content":"","lastModifiedDate":"2016-12-18"},{"lineNumber":340,"author":{"gitId":"-"},"content":"#resultDisplay .content {","lastModifiedDate":"2017-03-02"},{"lineNumber":341,"author":{"gitId":"-"},"content":"    -fx-background-color: transparent, #383838, transparent, #383838;","lastModifiedDate":"2017-03-02"},{"lineNumber":342,"author":{"gitId":"-"},"content":"    -fx-background-radius: 0;","lastModifiedDate":"2017-03-02"},{"lineNumber":343,"author":{"gitId":"-"},"content":"}","lastModifiedDate":"2017-03-02"},{"lineNumber":344,"author":{"gitId":"-"},"content":"","lastModifiedDate":"2017-03-02"},{"lineNumber":345,"author":{"gitId":"-"},"content":"#tags {","lastModifiedDate":"2016-12-18"},{"lineNumber":346,"author":{"gitId":"-"},"content":"    -fx-hgap: 7;","lastModifiedDate":"2016-12-18"},{"lineNumber":347,"author":{"gitId":"-"},"content":"    -fx-vgap: 3;","lastModifiedDate":"2016-12-18"},{"lineNumber":348,"author":{"gitId":"-"},"content":"}","lastModifiedDate":"2016-12-18"},{"lineNumber":349,"author":{"gitId":"-"},"content":"","lastModifiedDate":"2016-12-18"},{"lineNumber":350,"author":{"gitId":"-"},"content":"#tags .label {","lastModifiedDate":"2016-12-18"},{"lineNumber":351,"author":{"gitId":"-"},"content":"    -fx-text-fill: white;","lastModifiedDate":"2016-12-18"},{"lineNumber":352,"author":{"gitId":"-"},"content":"    -fx-background-color: #3e7b91;","lastModifiedDate":"2017-03-02"},{"lineNumber":353,"author":{"gitId":"-"},"content":"    -fx-padding: 1 3 1 3;","lastModifiedDate":"2016-12-18"},{"lineNumber":354,"author":{"gitId":"-"},"content":"    -fx-border-radius: 2;","lastModifiedDate":"2016-12-18"},{"lineNumber":355,"author":{"gitId":"-"},"content":"    -fx-background-radius: 2;","lastModifiedDate":"2016-12-18"},{"lineNumber":356,"author":{"gitId":"-"},"content":"    -fx-font-size: 11;","lastModifiedDate":"2016-12-18"},{"lineNumber":357,"author":{"gitId":"-"},"content":"}","lastModifiedDate":"2016-12-18"}],"authorContributionMap":{"BagDownB3nny":17,"-":340}},{"path":"src/main/resources/view/HelpWindow.css","fileType":"functional-code","lines":[{"lineNumber":1,"author":{"gitId":"BagDownB3nny"},"content":"","lastModifiedDate":"2023-03-02"},{"lineNumber":2,"author":{"gitId":"BagDownB3nny"},"content":"","lastModifiedDate":"2023-03-02"},{"lineNumber":3,"author":{"gitId":"-"},"content":"#copyButton, #helpMessage {","lastModifiedDate":"2021-08-28"},{"lineNumber":4,"author":{"gitId":"-"},"content":"    -fx-text-fill: white;","lastModifiedDate":"2022-01-02"},{"lineNumber":5,"author":{"gitId":"BagDownB3nny"},"content":"    -fx-font-family: \"Arial\";","lastModifiedDate":"2023-03-02"},{"lineNumber":6,"author":{"gitId":"-"},"content":"}","lastModifiedDate":"2022-01-02"},{"lineNumber":7,"author":{"gitId":"-"},"content":"","lastModifiedDate":"2022-01-02"},{"lineNumber":8,"author":{"gitId":"-"},"content":"#copyButton {","lastModifiedDate":"2022-01-02"},{"lineNumber":9,"author":{"gitId":"-"},"content":"    -fx-background-color: dimgray;","lastModifiedDate":"2022-01-02"},{"lineNumber":10,"author":{"gitId":"BagDownB3nny"},"content":"    -fx-font-family: \"Arial\";","lastModifiedDate":"2023-03-02"},{"lineNumber":11,"author":{"gitId":"-"},"content":"}","lastModifiedDate":"2022-01-02"},{"lineNumber":12,"author":{"gitId":"-"},"content":"","lastModifiedDate":"2022-01-02"},{"lineNumber":13,"author":{"gitId":"-"},"content":"#copyButton:hover {","lastModifiedDate":"2022-01-02"},{"lineNumber":14,"author":{"gitId":"-"},"content":"    -fx-background-color: gray;","lastModifiedDate":"2022-01-02"},{"lineNumber":15,"author":{"gitId":"BagDownB3nny"},"content":"    -fx-font-family: \"Arial\";","lastModifiedDate":"2023-03-02"},{"lineNumber":16,"author":{"gitId":"-"},"content":"}","lastModifiedDate":"2022-01-02"},{"lineNumber":17,"author":{"gitId":"-"},"content":"","lastModifiedDate":"2022-01-02"},{"lineNumber":18,"author":{"gitId":"-"},"content":"#copyButton:armed {","lastModifiedDate":"2022-01-02"},{"lineNumber":19,"author":{"gitId":"-"},"content":"    -fx-background-color: darkgray;","lastModifiedDate":"2022-01-02"},{"lineNumber":20,"author":{"gitId":"BagDownB3nny"},"content":"    -fx-font-family: \"Arial\";","lastModifiedDate":"2023-03-02"},{"lineNumber":21,"author":{"gitId":"-"},"content":"}","lastModifiedDate":"2022-01-02"},{"lineNumber":22,"author":{"gitId":"-"},"content":"","lastModifiedDate":"2022-01-02"},{"lineNumber":23,"author":{"gitId":"-"},"content":"#helpMessageContainer {","lastModifiedDate":"2022-01-02"},{"lineNumber":24,"author":{"gitId":"-"},"content":"    -fx-background-color: derive(#1d1d1d, 20%);","lastModifiedDate":"2022-01-02"},{"lineNumber":25,"author":{"gitId":"BagDownB3nny"},"content":"    -fx-font-family: \"Arial\";","lastModifiedDate":"2023-03-02"},{"lineNumber":26,"author":{"gitId":"-"},"content":"}","lastModifiedDate":"2021-08-28"}],"authorContributionMap":{"BagDownB3nny":7,"-":19}}]
