{"authorDailyContributionsMap":{"Varstak":[{"date":"2023-03-03","commitResults":[{"hash":"6d58b0cc40772bfe5e46854ba343c7ee7b293af3","isMergeCommit":false,"messageTitle":"Added PPP","messageBody":"","fileTypesAndContributionMap":{"docs":{"insertions":0,"deletions":0}}},{"hash":"97265b0806eeed8ca7a7648c26b5778e5b16790f","isMergeCommit":false,"messageTitle":"Edited PPP","messageBody":"","fileTypesAndContributionMap":{"docs":{"insertions":32,"deletions":0}}},{"hash":"e641d50b3d3bd4f6367253d5f376170f5a392767","isMergeCommit":false,"messageTitle":"Edited PPP","messageBody":"","fileTypesAndContributionMap":{"docs":{"insertions":1,"deletions":1}}}]},{"date":"2023-03-04","commitResults":[{"hash":"81691350b054146fde99f799ab00057fe7a60132","isMergeCommit":false,"messageTitle":"Updated User Guide","messageBody":"","fileTypesAndContributionMap":{"docs":{"insertions":37,"deletions":105}}}]},{"date":"2023-03-05","commitResults":[{"hash":"9fa18ffdec2295e1a4e2b8192b4de0151616a2eb","isMergeCommit":false,"messageTitle":"Updated uer guide after review","messageBody":"","fileTypesAndContributionMap":{"docs":{"insertions":13,"deletions":25}}},{"hash":"e89e8f30d3eb6b00357ef643cbd7d3fbe3e8d66f","isMergeCommit":true,"messageTitle":"Updated user guide","messageBody":"","fileTypesAndContributionMap":{}},{"hash":"8a9d301e0104a311702ec050521239a3a8208ad6","isMergeCommit":false,"messageTitle":"Removed items from command summary","messageBody":"","fileTypesAndContributionMap":{"docs":{"insertions":0,"deletions":2}}}]},{"date":"2023-03-07","commitResults":[{"hash":"df7dd20ec4ef7feb39e60217fee9872377702fa6","isMergeCommit":false,"messageTitle":"Edited User guide","messageBody":"","fileTypesAndContributionMap":{"docs":{"insertions":35,"deletions":8}}},{"hash":"f6cea27f13e68c197c23b99d3f868a33c0c9d7f3","isMergeCommit":false,"messageTitle":"Revert \"Edited User guide\"","messageBody":"This reverts commit df7dd20ec4ef7feb39e60217fee9872377702fa6.\n","fileTypesAndContributionMap":{"docs":{"insertions":8,"deletions":35}}},{"hash":"0b1b76e780759605df7b9cadaf427f39ee017533","isMergeCommit":false,"messageTitle":"Edited User Guide","messageBody":"","fileTypesAndContributionMap":{"docs":{"insertions":37,"deletions":10}}},{"hash":"8f2776b424cb369be974f0a06d3416162eb9a361","isMergeCommit":true,"messageTitle":"Merge branch \u0027master\u0027 of https://github.com/AY2223S2-CS2103T-F12-4/tp","messageBody":"","fileTypesAndContributionMap":{}},{"hash":"2e8a5a8d3e18d65e9823ec11b9e3903a17102c3c","isMergeCommit":false,"messageTitle":"Edited User Guide","messageBody":"","fileTypesAndContributionMap":{"docs":{"insertions":1,"deletions":1}}},{"hash":"09c3c9d4c8754e15a7b7554567e9935c334d9a18","isMergeCommit":false,"messageTitle":"Updated Format in User Guide","messageBody":"","fileTypesAndContributionMap":{"docs":{"insertions":3,"deletions":3}}}]},{"date":"2023-03-08","commitResults":[{"hash":"90252ec239b945a0bd579002bdb9e8b4abddea9b","isMergeCommit":false,"messageTitle":"Changed User Guide","messageBody":"","fileTypesAndContributionMap":{"docs":{"insertions":42,"deletions":15}}},{"hash":"3cf8ddc80044d4ae654ebb52351f631a2291d1e2","isMergeCommit":false,"messageTitle":"Updated User Guide","messageBody":"","fileTypesAndContributionMap":{"docs":{"insertions":2,"deletions":0}}},{"hash":"f19bf52f18a6e48169b80fa06acec95825f264e7","isMergeCommit":true,"messageTitle":"Merged changes.","messageBody":"","fileTypesAndContributionMap":{}},{"hash":"fe68b2f062823485682cc8dabafbf12880adb944","isMergeCommit":false,"messageTitle":"Refactored list command","messageBody":"","fileTypesAndContributionMap":{"functional-code":{"insertions":26,"deletions":0}}},{"hash":"d6c0c202644ec25a8f67961727265a49f23c693c","isMergeCommit":false,"messageTitle":"Updated User Guide","messageBody":"","fileTypesAndContributionMap":{"functional-code":{"insertions":0,"deletions":26}}}]},{"date":"2023-03-09","commitResults":[{"hash":"333b9a32f9c786dbf13bb6962aa4149741926847","isMergeCommit":false,"messageTitle":"Updated format of add command","messageBody":"","fileTypesAndContributionMap":{"docs":{"insertions":9,"deletions":9}}}]}],"BagDownB3nny":[{"date":"2023-03-02","commitResults":[{"hash":"d04af6e7309a12da08cdc652a77cc68a734069eb","isMergeCommit":false,"messageTitle":"Font changes because my m1 mac can\u0027t handle certain fonts they used","messageBody":"","fileTypesAndContributionMap":{"functional-code":{"insertions":24,"deletions":13}}},{"hash":"65e5468547d9fd258e3417678fe2f13be6f932d8","isMergeCommit":true,"messageTitle":"Merge pull request #4 from Lanreath/master","messageBody":"Update AboutUs page with members, photos and roles","fileTypesAndContributionMap":{}},{"hash":"18fdc27ea0b2cec68c1b36d32e5add211c4c737f","isMergeCommit":true,"messageTitle":"Merge pull request #1 from BagDownB3nny/master","messageBody":"Font changes because my m1 mac can\u0027t handle certain fonts they used","fileTypesAndContributionMap":{}}]},{"date":"2023-03-03","commitResults":[{"hash":"e313e7fe4104603c72b91cc1f77e170972b39b4b","isMergeCommit":false,"messageTitle":"Add Use Cases and User stories to developer\u0027s guide","messageBody":"","fileTypesAndContributionMap":{"docs":{"insertions":77,"deletions":21}}},{"hash":"6fbbfddd6cf0b446f13a288dc266892b4353d406","isMergeCommit":false,"messageTitle":"Add glossary and NFR","messageBody":"","fileTypesAndContributionMap":{"docs":{"insertions":5,"deletions":4}}},{"hash":"adf8c252b5542b2a77062a2d5183101b69182ba2","isMergeCommit":true,"messageTitle":"Merge branch \u0027master\u0027 into dev_guide","messageBody":"","fileTypesAndContributionMap":{}},{"hash":"15e3e4acab0b8679d7cf42c45c326f07de8c939a","isMergeCommit":true,"messageTitle":"Merge pull request #12 from Lanreath/readme","messageBody":"Readme","fileTypesAndContributionMap":{}}]},{"date":"2023-03-07","commitResults":[{"hash":"b60cde5c7487ad955ae021196adda87efd783744","isMergeCommit":false,"messageTitle":"Refactored Delete Command to suit openings. Named it NewDeleteCommand. DeleteCommand file is left in to prevent errors","messageBody":"","fileTypesAndContributionMap":{"functional-code":{"insertions":59,"deletions":5},"test-code":{"insertions":6,"deletions":6}}},{"hash":"f72f44b380f563b5b7afa543d4e0bb3dfc695c64","isMergeCommit":false,"messageTitle":"Refactored clear command as NewClearCommand. Kept old ClearCommand to prevent errors","messageBody":"","fileTypesAndContributionMap":{"functional-code":{"insertions":24,"deletions":0}}},{"hash":"76681eacb17966dc4722b5fb36715023db1be012","isMergeCommit":false,"messageTitle":"New delete command tests","messageBody":"","fileTypesAndContributionMap":{"test-code":{"insertions":106,"deletions":0}}},{"hash":"dada02595f88b859293aa8232faa1c783d3f3791","isMergeCommit":false,"messageTitle":"Refactor Person class into Opening. Create new classes for Openings. Remove NewDeleteCommandTest because tests should be the last part to be refactored.","messageBody":"","fileTypesAndContributionMap":{"functional-code":{"insertions":294,"deletions":2},"test-code":{"insertions":0,"deletions":106}}},{"hash":"0f8ec68d33141e5a05fcf74aee59a150db34b768","isMergeCommit":true,"messageTitle":"Merge pull request #64 from Lanreath/add-command","messageBody":"Duplicate person models and modify to fit new opening model","fileTypesAndContributionMap":{}},{"hash":"d3cd0e44543f0854fdb99aaa4f61667828e18bda","isMergeCommit":true,"messageTitle":"Merge branch \u0027master\u0027 into refactor-delete-and-clear","messageBody":"","fileTypesAndContributionMap":{}},{"hash":"9be78b9b14e89632e71493dd5b892fe40ff2b138","isMergeCommit":false,"messageTitle":"Merge with Opening class","messageBody":"","fileTypesAndContributionMap":{"functional-code":{"insertions":1,"deletions":294}}},{"hash":"9eea77f38882e70f3794ecca849ad692046c357d","isMergeCommit":false,"messageTitle":"Rename contacts to email. Make changes accordingly","messageBody":"","fileTypesAndContributionMap":{"functional-code":{"insertions":8,"deletions":8},"other":{"insertions":13,"deletions":15},"docs":{"insertions":2,"deletions":2}}}]}],"antonlee59":[{"date":"2023-03-05","commitResults":[{"hash":"b65be6f7ea0d5fc035c2dc10290f4d5c619abe2a","isMergeCommit":false,"messageTitle":"Create antonlee59.md","messageBody":"","fileTypesAndContributionMap":{"docs":{"insertions":31,"deletions":0}}}]},{"date":"2023-03-09","commitResults":[{"hash":"7539b0f8e2f6fbd651c5ed26409be8fe6ee18258","isMergeCommit":false,"messageTitle":"Refactor ui to include Opening fields","messageBody":"","fileTypesAndContributionMap":{"functional-code":{"insertions":170,"deletions":0}}}]}],"KevinEyo1":[{"date":"2023-03-02","commitResults":[{"hash":"f04be7f148530e3d9e50555541daaf40ae940049","isMergeCommit":false,"messageTitle":"Add Remark Command","messageBody":"","fileTypesAndContributionMap":{"functional-code":{"insertions":229,"deletions":15},"other":{"insertions":4,"deletions":0},"test-code":{"insertions":159,"deletions":12}}},{"hash":"b260cee3b5447a33ddfa271abfc867dbd27e355c","isMergeCommit":true,"messageTitle":"Merge branch \u0027tutorial-adding-command\u0027","messageBody":"","fileTypesAndContributionMap":{}}]},{"date":"2023-03-03","commitResults":[{"hash":"279cc05328d6bb98f3a3e518e071d82ed4ed993e","isMergeCommit":false,"messageTitle":"Update site-wide settings","messageBody":"","fileTypesAndContributionMap":{"docs":{"insertions":0,"deletions":0}}},{"hash":"13dc3888e93ebff64dffa5ee7e509a446ea65eff","isMergeCommit":false,"messageTitle":"Revert \"Update README.md\"","messageBody":"This reverts commit 34ee25dd10569d11d0bb48997677467c4e2c03eb.\n","fileTypesAndContributionMap":{"docs":{"insertions":0,"deletions":1}}},{"hash":"c9c5ce3f08443164103f60b5bb2d0ca4e5a46c7e","isMergeCommit":true,"messageTitle":"Merge branch \u0027master\u0027 of https://github.com/KevinEyo1/tp","messageBody":"","fileTypesAndContributionMap":{}},{"hash":"5b78b9680cf272853f61df9992a25beed7939669","isMergeCommit":false,"messageTitle":"Revert \"Merge branch \u0027tutorial-adding-command\u0027\"","messageBody":"This reverts commit b260cee3b5447a33ddfa271abfc867dbd27e355c, reversing\nchanges made to 34ee25dd10569d11d0bb48997677467c4e2c03eb.\n","fileTypesAndContributionMap":{"functional-code":{"insertions":15,"deletions":229},"other":{"insertions":0,"deletions":4},"test-code":{"insertions":12,"deletions":159}}},{"hash":"3c5c35a8fd432e6f2fb498ecb3c6148c584c54c2","isMergeCommit":false,"messageTitle":"Fix revert","messageBody":"","fileTypesAndContributionMap":{"docs":{"insertions":1,"deletions":0}}},{"hash":"80a4d86b211abfec1c8467193ec030020dac44cd","isMergeCommit":true,"messageTitle":"Merge branch \u0027master\u0027 of https://github.com/AY2223S2-CS2103T-F12-4/tp","messageBody":"","fileTypesAndContributionMap":{}},{"hash":"3e26a06c5006b9213699de6f4308ffd570a4c9e4","isMergeCommit":true,"messageTitle":"Merge branch \u0027master\u0027 into Update-site-wide-settings","messageBody":"","fileTypesAndContributionMap":{}},{"hash":"5f81a2fe7e5328272337aba8b0fc8a7ee57a82c8","isMergeCommit":false,"messageTitle":"Update","messageBody":"","fileTypesAndContributionMap":{"docs":{"insertions":0,"deletions":0}}},{"hash":"ba1dd7c8654910a0e4cce0b86ae267b97d743e5c","isMergeCommit":false,"messageTitle":"Add PPP","messageBody":"","fileTypesAndContributionMap":{"docs":{"insertions":29,"deletions":0}}}]},{"date":"2023-03-05","commitResults":[{"hash":"16a71d3edae5330494199f6bae75216f5ccfebf7","isMergeCommit":true,"messageTitle":"Merge pull request #42 from Lanreath/master","messageBody":"Fix filename capitalisation","fileTypesAndContributionMap":{}}]},{"date":"2023-03-07","commitResults":[{"hash":"f4fbc93d3354c735f9de24b5cb6a6920d376bac4","isMergeCommit":true,"messageTitle":"Merge pull request #3 from Lanreath/tutorial-adding-command","messageBody":"Add new remark command","fileTypesAndContributionMap":{}}]},{"date":"2023-03-09","commitResults":[{"hash":"30b562beedaf7f6a84ee5d5b66fb08dc24b8e741","isMergeCommit":true,"messageTitle":"Merge pull request #65 from Varstak/master","messageBody":"Updated user guide","fileTypesAndContributionMap":{}},{"hash":"c6e463803ce71ab35076e5049411fa05356815b6","isMergeCommit":true,"messageTitle":"Merge pull request #71 from Lanreath/add-command","messageBody":"Update model and change contact references to email","fileTypesAndContributionMap":{}},{"hash":"1fcd0dee0fb5a8219f882c34fe8165550dd89c0e","isMergeCommit":true,"messageTitle":"Merge pull request #70 from antonlee59/refactor-fields-ui","messageBody":"Refactor ui to include Opening fields","fileTypesAndContributionMap":{}},{"hash":"effdd26d54ceda5798199c14c9c6845659dd8aeb","isMergeCommit":true,"messageTitle":"Merge pull request #72 from Lanreath/add-command","messageBody":"Refactor parser, parser util, and cli syntax","fileTypesAndContributionMap":{}}]},{"date":"2023-03-10","commitResults":[{"hash":"1725a6ffac702f03577ff857cb34fdd9cdffb0ef","isMergeCommit":false,"messageTitle":"Add new edit command","messageBody":"","fileTypesAndContributionMap":{"functional-code":{"insertions":239,"deletions":1}}},{"hash":"d59331f861b82d07530a8d0e1fd16a16372c312c","isMergeCommit":false,"messageTitle":"Fix bugs","messageBody":"","fileTypesAndContributionMap":{"functional-code":{"insertions":1,"deletions":1}}}]}],"Lanreath":[{"date":"2023-03-02","commitResults":[{"hash":"eee8370f8e67f703133a1f25c83df52a21d443ee","isMergeCommit":false,"messageTitle":"Add new remark command","messageBody":"","fileTypesAndContributionMap":{"functional-code":{"insertions":240,"deletions":16}}},{"hash":"d1f0966a95cd925db65a917700876775a28b563e","isMergeCommit":false,"messageTitle":"Update AboutUs page with members, photos and roles","messageBody":"","fileTypesAndContributionMap":{"docs":{"insertions":24,"deletions":23}}}]},{"date":"2023-03-03","commitResults":[{"hash":"e560acb53ec0b8dc1f39821142e5a2e12c6da086","isMergeCommit":false,"messageTitle":"Update AboutUs photos and add ppp","messageBody":"","fileTypesAndContributionMap":{"docs":{"insertions":28,"deletions":6}}},{"hash":"8d6367d8c2349a82dbb3d029808f94c3a28947a7","isMergeCommit":false,"messageTitle":"Update readme","messageBody":"","fileTypesAndContributionMap":{"docs":{"insertions":27,"deletions":12}}},{"hash":"4d6133b349c68efd83ff87e9bdadcdfbadecf1f0","isMergeCommit":false,"messageTitle":"Update PPP","messageBody":"","fileTypesAndContributionMap":{"docs":{"insertions":3,"deletions":3}}},{"hash":"5d9c736d7306c9f6d8fb530a406ec1f9eda4e5b3","isMergeCommit":true,"messageTitle":"Merge pull request #11 from Varstak/master","messageBody":"PPP skeleton","fileTypesAndContributionMap":{}},{"hash":"76bada6eb70032349569224c46c9a41da5049d6e","isMergeCommit":false,"messageTitle":"Update AboutUs photos and add ppp","messageBody":"","fileTypesAndContributionMap":{"docs":{"insertions":28,"deletions":6}}},{"hash":"dbeacb2ae89c1ebde798964656eb244391c737a3","isMergeCommit":false,"messageTitle":"Update PPP","messageBody":"","fileTypesAndContributionMap":{"docs":{"insertions":3,"deletions":3}}},{"hash":"d40ee0d11e0a3c17d303a649c1bc458c12ced6f7","isMergeCommit":true,"messageTitle":"Merge remote-tracking branch \u0027refs/remotes/origin/master\u0027","messageBody":"","fileTypesAndContributionMap":{}},{"hash":"33586873dc43a7551181213592f742d222606fab","isMergeCommit":false,"messageTitle":"Update picture names","messageBody":"","fileTypesAndContributionMap":{"docs":{"insertions":5,"deletions":5}}}]},{"date":"2023-03-04","commitResults":[{"hash":"81154f9635f0d37115b1bd08a4198086ae2af51b","isMergeCommit":true,"messageTitle":"Merge pull request #40 from KevinEyo1/kevin-PPP","messageBody":"Add Kevin PPP","fileTypesAndContributionMap":{}},{"hash":"e2e11f8022f743d7fbc592373e1e5bd6f895c13e","isMergeCommit":true,"messageTitle":"Merge remote-tracking branch \u0027upstream/master\u0027","messageBody":"","fileTypesAndContributionMap":{}},{"hash":"243167d55ec89a1aa73d5b90ffcd21abcfce814d","isMergeCommit":false,"messageTitle":"Fix capitalisation desync of filenames","messageBody":"","fileTypesAndContributionMap":{"docs":{"insertions":0,"deletions":0}}},{"hash":"839fa755e6744acd83cac42d90ef568aaeeff24f","isMergeCommit":true,"messageTitle":"Merge pull request #16 from BagDownB3nny/master","messageBody":"Developer guide","fileTypesAndContributionMap":{}}]},{"date":"2023-03-05","commitResults":[{"hash":"bda90596a739ee01ca53342fc27053965d392a51","isMergeCommit":true,"messageTitle":"Merge pull request #44 from KevinEyo1/update-config-yml","messageBody":"Update _config.yml file","fileTypesAndContributionMap":{}},{"hash":"8ae4ebc115fb85fbe4a5e8c1bba202d604102fcc","isMergeCommit":true,"messageTitle":"Merge pull request #43 from Varstak/master","messageBody":"Updated User Guide","fileTypesAndContributionMap":{}},{"hash":"68e112c4487771c2f84441aad3eb2f9da3841021","isMergeCommit":true,"messageTitle":"Merge pull request #46 from antonlee59/master","messageBody":"Anton Lee PPP","fileTypesAndContributionMap":{}}]},{"date":"2023-03-06","commitResults":[{"hash":"035ed407399ae410645383b8323c2288ca9996be","isMergeCommit":false,"messageTitle":"Modify remark command tests","messageBody":"","fileTypesAndContributionMap":{"functional-code":{"insertions":19,"deletions":9},"test-code":{"insertions":91,"deletions":40}}},{"hash":"bdd90bcbaecef9390bbe5fc1f458bd0c9c5c24b5","isMergeCommit":true,"messageTitle":"Merge branch \u0027master\u0027 into tutorial-adding-command","messageBody":"","fileTypesAndContributionMap":{}},{"hash":"357a3e1aada8de34ea9b563663d92e725e7d4ab3","isMergeCommit":false,"messageTitle":"Duplicate person models and modify to fit new opening model","messageBody":"","fileTypesAndContributionMap":{"functional-code":{"insertions":435,"deletions":0}}}]},{"date":"2023-03-07","commitResults":[{"hash":"bf9f429ace9db4a3d09e6399323ac6fd84f774bd","isMergeCommit":false,"messageTitle":"Fix checkstyle errors","messageBody":"","fileTypesAndContributionMap":{"functional-code":{"insertions":11,"deletions":9}}},{"hash":"20b4250ccae580424b69002934d23c2247b03641","isMergeCommit":false,"messageTitle":"Update date class to contain two data attributes","messageBody":"","fileTypesAndContributionMap":{"functional-code":{"insertions":8,"deletions":3}}},{"hash":"c1b8e3357e05079f02ae1063b1389a31d62913b5","isMergeCommit":true,"messageTitle":"Merge pull request #67 from BagDownB3nny/refactor-delete-and-clear","messageBody":"Refactor delete and clear","fileTypesAndContributionMap":{}}]},{"date":"2023-03-09","commitResults":[{"hash":"4daa2f9bf4b9e173b48aaf9c8fa8bb3b77ddc5b8","isMergeCommit":false,"messageTitle":"Update model to include new manager, prefs and wrapper","messageBody":"","fileTypesAndContributionMap":{"functional-code":{"insertions":636,"deletions":1}}},{"hash":"059dc7f73f580f9a860099356e7008d55c6af5c1","isMergeCommit":false,"messageTitle":"Change contact refereces to email","messageBody":"","fileTypesAndContributionMap":{"functional-code":{"insertions":6,"deletions":6}}},{"hash":"4f2af71281a4cf0b072bd5e8603d28a16861aeed","isMergeCommit":false,"messageTitle":"Refactor parser, parser util, and cli syntax","messageBody":"","fileTypesAndContributionMap":{"functional-code":{"insertions":364,"deletions":3}}},{"hash":"a013c2f36f2abdc924c443d0ced04ac5abef21d7","isMergeCommit":false,"messageTitle":"Update AddCommand and AddCommandParser","messageBody":"","fileTypesAndContributionMap":{"functional-code":{"insertions":96,"deletions":13}}},{"hash":"1fb52da9989269b83dc23ea443ee0d7cefd488e9","isMergeCommit":true,"messageTitle":"Merge branch \u0027master\u0027 into add-command","messageBody":"","fileTypesAndContributionMap":{}},{"hash":"e2edc85ee57c802a9a74800f36c0f08c8a623069","isMergeCommit":false,"messageTitle":"Fix syntax error","messageBody":"","fileTypesAndContributionMap":{"functional-code":{"insertions":1,"deletions":1}}},{"hash":"a157015be8be81fab8fa04cda52cac1c374099d8","isMergeCommit":false,"messageTitle":"Fix checkstyle errors","messageBody":"","fileTypesAndContributionMap":{"functional-code":{"insertions":7,"deletions":8}}}]},{"date":"2023-03-10","commitResults":[{"hash":"7f4e9e753d65ca5df2d158bea183c0c73b819564","isMergeCommit":true,"messageTitle":"Merge pull request #74 from KevinEyo1/refactor-edit-command-2","messageBody":"Add new edit command","fileTypesAndContributionMap":{}}]}]},"authorFileTypeContributionMap":{"Varstak":{"docs":79,"functional-code":0,"test-code":0},"BagDownB3nny":{"docs":73,"functional-code":125,"test-code":6},"antonlee59":{"docs":31,"functional-code":169,"test-code":0},"KevinEyo1":{"docs":29,"functional-code":240,"test-code":0,"other":1},"Lanreath":{"docs":73,"functional-code":1747,"test-code":91}},"authorContributionVariance":{"Varstak":2032.2644,"BagDownB3nny":39214.45,"antonlee59":1273.845,"KevinEyo1":17296.342,"Lanreath":70300.49},"authorDisplayNameMap":{"Varstak":"CS2103T-F12-4 ALEX..OBIN","BagDownB3nny":"CS2103T-F12-4 DARR.. SIM","antonlee59":"CS2103T-F12-4 ANTO.. JIE","KevinEyo1":"CS2103T-F12-4 EYO ..EVIN","Lanreath":"CS2103T-F12-4 TAN .. FEI"}}
