{"authorDailyContributionsMap":{"daitenshionyan":[{"date":"2023-02-19","commitResults":[{"hash":"d0872cad06a42cc6298191a3932d281f9398c165","isMergeCommit":false,"messageTitle":"Update AboutUs - daitenshionyan","messageBody":"","fileTypesAndContributionMap":{"docs":{"insertions":17,"deletions":5}}},{"hash":"59e75782ce66932095d380dd7d3d2c2ea4d7374d","isMergeCommit":true,"messageTitle":"Merge branch \u0027master\u0027 into update-aboutus-daitenshionyan","messageBody":"","fileTypesAndContributionMap":{}},{"hash":"4da0a9b236605b08d01e352cce07a0d66d99edf5","isMergeCommit":true,"messageTitle":"Merge pull request #10 from daitenshionyan/update-aboutus-daitenshionyan","messageBody":"Update aboutus daitenshionyan","fileTypesAndContributionMap":{}}]},{"date":"2023-02-20","commitResults":[{"hash":"6087975cde9b18190bf8904d14a986df1b668103","isMergeCommit":false,"messageTitle":"Repackage main classes","messageBody":"","fileTypesAndContributionMap":{"other":{"insertions":314,"deletions":314},"test-code":{"insertions":256,"deletions":177}}},{"hash":"220779bb5ae249e7941881e6471acaac39652fb9","isMergeCommit":false,"messageTitle":"Repackage test classes","messageBody":"","fileTypesAndContributionMap":{"other":{"insertions":247,"deletions":247}}},{"hash":"789eb291b93dedbc4d70651b90dd2737e7767454","isMergeCommit":false,"messageTitle":"Remove unused imports","messageBody":"","fileTypesAndContributionMap":{"test-code":{"insertions":0,"deletions":64}}},{"hash":"74e4e97d616b035a8cabfbb8f0a13d7e4e3b3c10","isMergeCommit":false,"messageTitle":"Fix import order","messageBody":"","fileTypesAndContributionMap":{"test-code":{"insertions":1,"deletions":1}}},{"hash":"6daebcfaaa1148fa6309f623c8ae2aacc9676877","isMergeCommit":false,"messageTitle":"Fix imports","messageBody":"","fileTypesAndContributionMap":{"test-code":{"insertions":2,"deletions":2}}},{"hash":"8b90289fbf5dca72d65e6e562b3391d785141e1f","isMergeCommit":false,"messageTitle":"Update main class location","messageBody":"","fileTypesAndContributionMap":{"other":{"insertions":2,"deletions":2}}},{"hash":"e5621edb1e690d1603d45c45320b573f8243ce92","isMergeCommit":false,"messageTitle":"Update links","messageBody":"","fileTypesAndContributionMap":{"docs":{"insertions":11,"deletions":11}}},{"hash":"d2d225aeacaa571d7dd5ebd179bab7e2323f6440","isMergeCommit":false,"messageTitle":"Update inline code text","messageBody":"","fileTypesAndContributionMap":{"docs":{"insertions":4,"deletions":4}}},{"hash":"adb79468bcd89e011a789cbedcec4c9e011c964b","isMergeCommit":false,"messageTitle":"Update link","messageBody":"","fileTypesAndContributionMap":{"docs":{"insertions":1,"deletions":1}}},{"hash":"9958512d95fd921509108b4c6c72d7ffcd753719","isMergeCommit":true,"messageTitle":"Merge pull request #22 from daitenshionyan/repackage-classes","messageBody":"Repackage classes","fileTypesAndContributionMap":{}},{"hash":"6d41ece111d7f64cd1704d2dcda6f79b069bc891","isMergeCommit":false,"messageTitle":"AddressBookParser: rename to PatientParser","messageBody":"","fileTypesAndContributionMap":{"functional-code":{"insertions":3,"deletions":3},"other":{"insertions":1,"deletions":1},"test-code":{"insertions":1,"deletions":1}}},{"hash":"975e2fdb9c49caadde7239b482176ff04387ae45","isMergeCommit":false,"messageTitle":"Update test name","messageBody":"","fileTypesAndContributionMap":{"other":{"insertions":1,"deletions":1}}},{"hash":"0bc66ecf7fd95364bc086c09c8315761c630558f","isMergeCommit":false,"messageTitle":"Implement feature parsing","messageBody":"","fileTypesAndContributionMap":{"functional-code":{"insertions":100,"deletions":35},"test-code":{"insertions":14,"deletions":14}}},{"hash":"9567d774e8a19c0dfcf703873b072e87761310d8","isMergeCommit":false,"messageTitle":"Update testing to support new syntax","messageBody":"","fileTypesAndContributionMap":{"test-code":{"insertions":35,"deletions":17}}},{"hash":"88bff79dc4093a0e635cc2f531bfdfa3ef1da112","isMergeCommit":false,"messageTitle":"Add documentation","messageBody":"","fileTypesAndContributionMap":{"functional-code":{"insertions":12,"deletions":2}}},{"hash":"b9c47bae8719c507287592818b059f5726adc54e","isMergeCommit":false,"messageTitle":"Use better class name","messageBody":"","fileTypesAndContributionMap":{"functional-code":{"insertions":65,"deletions":65}}},{"hash":"8636e2e5824c07322b3a1f6b6973fe7b12497d6d","isMergeCommit":false,"messageTitle":"Package according to feature","messageBody":"This improves organisation and avoid naming conflicts in the future\nwhere features might have similar commands.\n","fileTypesAndContributionMap":{"functional-code":{"insertions":4,"deletions":2},"other":{"insertions":96,"deletions":62},"test-code":{"insertions":7,"deletions":6}}}]},{"date":"2023-02-21","commitResults":[{"hash":"c75098b3f4f7fd6e8af63e3caf45372ec3f2bb81","isMergeCommit":false,"messageTitle":"Create ID framework","messageBody":"","fileTypesAndContributionMap":{"functional-code":{"insertions":119,"deletions":0}}},{"hash":"b7a5a3e85c8732411e896565007ae5d455fec05c","isMergeCommit":false,"messageTitle":"Create FilteredIdDataMap","messageBody":"","fileTypesAndContributionMap":{"functional-code":{"insertions":53,"deletions":0}}},{"hash":"ed4b84f0e26b211c6a6789757ee1c606d3fe889e","isMergeCommit":false,"messageTitle":"Integrate ID framework","messageBody":"","fileTypesAndContributionMap":{"functional-code":{"insertions":129,"deletions":96},"test-code":{"insertions":2,"deletions":2}}},{"hash":"98d7345712c051d0c98f818e4fe3342bab5010ef","isMergeCommit":false,"messageTitle":"Update tests","messageBody":"","fileTypesAndContributionMap":{"test-code":{"insertions":43,"deletions":175}}},{"hash":"e715863fa2cb5b734e92658da6303b05296b7832","isMergeCommit":false,"messageTitle":"Remove unused import","messageBody":"","fileTypesAndContributionMap":{"functional-code":{"insertions":0,"deletions":1}}},{"hash":"d01cefa0651f69d2adb4cb05c07c7ff43ad1106f","isMergeCommit":false,"messageTitle":"Fix equals method","messageBody":"","fileTypesAndContributionMap":{"functional-code":{"insertions":3,"deletions":2}}},{"hash":"1902f0362d4bfac0c9922c3e5d30b28df0de4c24","isMergeCommit":false,"messageTitle":"Fix empty filter on construction","messageBody":"","fileTypesAndContributionMap":{"functional-code":{"insertions":3,"deletions":1}}},{"hash":"9ce4c76dfcde33a3f0fb3491ca991dd4d6daa25a","isMergeCommit":false,"messageTitle":"Implement equals and hashCode","messageBody":"","fileTypesAndContributionMap":{"functional-code":{"insertions":33,"deletions":0}}},{"hash":"fe56bbca5fc9030400d43847723398e9b0b31ea6","isMergeCommit":false,"messageTitle":"Fix test","messageBody":"","fileTypesAndContributionMap":{"test-code":{"insertions":1,"deletions":1}}},{"hash":"47760f4fe8efb8855836e7b8eb91f1bf0f9a793e","isMergeCommit":false,"messageTitle":"Fix equals","messageBody":"","fileTypesAndContributionMap":{"functional-code":{"insertions":7,"deletions":1}}},{"hash":"0a2c5a9d71f0ca00b2389a6537a646197966a2b0","isMergeCommit":false,"messageTitle":"Fix line length limit","messageBody":"","fileTypesAndContributionMap":{"functional-code":{"insertions":5,"deletions":1}}},{"hash":"44624490202456daaac5192212a3a3aa6dfeaaab","isMergeCommit":false,"messageTitle":"Add documentation","messageBody":"","fileTypesAndContributionMap":{"functional-code":{"insertions":120,"deletions":0}}},{"hash":"f80556a89254c493ce3eb53248c6ddd4bbb20c8e","isMergeCommit":true,"messageTitle":"Merge branch \u0027master\u0027 into implement-id","messageBody":"","fileTypesAndContributionMap":{}},{"hash":"0e91faf7b599c06a918137fd4f243d0ee19bb863","isMergeCommit":false,"messageTitle":"Fix error on delete","messageBody":"","fileTypesAndContributionMap":{"functional-code":{"insertions":1,"deletions":1}}},{"hash":"e04da9b93888554b1dbae5a0b4346b6188795324","isMergeCommit":false,"messageTitle":"Remove magic numbers","messageBody":"","fileTypesAndContributionMap":{"functional-code":{"insertions":7,"deletions":3}}},{"hash":"55f754e5466230a1e3bc1ebc54251f076ae23641","isMergeCommit":true,"messageTitle":"Merge pull request #31 from francisyzy/adapt-ug-dg-website","messageBody":"Remove traces of AB from UG, DG, _config.yml","fileTypesAndContributionMap":{}},{"hash":"d72dab9c4af9df6b55fcd77c0ff8ddf898fde4e2","isMergeCommit":true,"messageTitle":"Merge pull request #32 from daitenshionyan/implement-id","messageBody":"Implement ID framework","fileTypesAndContributionMap":{}},{"hash":"2ed52e6aca13feaa90c9492e73eede11931ac8e9","isMergeCommit":false,"messageTitle":"Fix ID display","messageBody":"","fileTypesAndContributionMap":{"functional-code":{"insertions":1,"deletions":1}}},{"hash":"824e68ae1d83dad5af9d0b3f5b60bf144705ad01","isMergeCommit":false,"messageTitle":"Fix indexing commands","messageBody":"","fileTypesAndContributionMap":{"functional-code":{"insertions":2,"deletions":2}}},{"hash":"6b04a971ebfd2a10e0a1d11f7e20be2ab1b83f3c","isMergeCommit":false,"messageTitle":"Add test case for same ID deletion","messageBody":"","fileTypesAndContributionMap":{"test-code":{"insertions":16,"deletions":0}}}]},{"date":"2023-02-22","commitResults":[{"hash":"f7c869a82dd03b940361d8fa3216141d8f31cc1e","isMergeCommit":false,"messageTitle":"Add codecov badge","messageBody":"","fileTypesAndContributionMap":{"docs":{"insertions":2,"deletions":4}}},{"hash":"a5aa35e7347c9d2fbe24630af9501ff0f8e52100","isMergeCommit":true,"messageTitle":"Merge pull request #38 from daitenshionyan/daitenshionyan/fix-id-bugs","messageBody":"Fix ID bugs","fileTypesAndContributionMap":{}},{"hash":"6b6b97647f13c77842068e4a68088fff2f82909a","isMergeCommit":false,"messageTitle":"Fix codecov badge","messageBody":"","fileTypesAndContributionMap":{"docs":{"insertions":1,"deletions":1}}},{"hash":"b7a0a235148d0f62a12aa8d6ca5260cdbbbbfb56","isMergeCommit":false,"messageTitle":"Abstract storage model","messageBody":"","fileTypesAndContributionMap":{"functional-code":{"insertions":201,"deletions":111},"test-code":{"insertions":9,"deletions":9}}},{"hash":"e386758db2e8f1399c1b66ebde343b53842a1c9e","isMergeCommit":true,"messageTitle":"Merge branch \u0027master\u0027 into abstract-models","messageBody":"","fileTypesAndContributionMap":{}},{"hash":"2bc8307ba4009eceb3a3df26ac4815ddfe84fdb0","isMergeCommit":false,"messageTitle":"Move AddressBook to person package","messageBody":"","fileTypesAndContributionMap":{"functional-code":{"insertions":17,"deletions":14},"other":{"insertions":5,"deletions":5},"test-code":{"insertions":14,"deletions":13}}}]},{"date":"2023-02-24","commitResults":[{"hash":"ff3d4ff0d8f62c95902b039cfb20633f931e26bc","isMergeCommit":true,"messageTitle":"Merge pull request #40 from daitenshionyan/codecov-setup","messageBody":"Codecov setup","fileTypesAndContributionMap":{}},{"hash":"4d97e34a18df54fd71e5858df3895006a3855ea3","isMergeCommit":true,"messageTitle":"Merge branch \u0027master\u0027 into abstract-models","messageBody":"","fileTypesAndContributionMap":{}},{"hash":"3520262769554c4ea2b4f684d0eae97b3e19bd91","isMergeCommit":false,"messageTitle":"Remove UniquePersonList","messageBody":"Class is no longer used.\n","fileTypesAndContributionMap":{"functional-code":{"insertions":0,"deletions":137},"test-code":{"insertions":0,"deletions":170}}}]},{"date":"2023-02-26","commitResults":[{"hash":"bea0c02fc60ff7b4e24c137b30326609320bb395","isMergeCommit":true,"messageTitle":"Merge pull request #43 from daitenshionyan/abstract-models","messageBody":"Abstract storage model out","fileTypesAndContributionMap":{}}]},{"date":"2023-02-27","commitResults":[{"hash":"6d0aa512f6d3cc3858ac14741d0ec2b8f5de73bd","isMergeCommit":false,"messageTitle":"Add date parser","messageBody":"","fileTypesAndContributionMap":{"functional-code":{"insertions":45,"deletions":0},"test-code":{"insertions":48,"deletions":0}}}]},{"date":"2023-02-28","commitResults":[{"hash":"3ddb5b4ba5025c2af2c21b730f0e283a720a2e2f","isMergeCommit":false,"messageTitle":"Add vaccination structure","messageBody":"","fileTypesAndContributionMap":{"functional-code":{"insertions":244,"deletions":0}}},{"hash":"8c63df96193e94d40ed0ef0c684959465e138a6b","isMergeCommit":false,"messageTitle":"Add tests","messageBody":"For vaccination structure\n","fileTypesAndContributionMap":{"test-code":{"insertions":93,"deletions":0}}},{"hash":"cb166268c625acdbdd26842ac87c28ceefd0426e","isMergeCommit":false,"messageTitle":"Add documentations","messageBody":"","fileTypesAndContributionMap":{"functional-code":{"insertions":8,"deletions":0}}},{"hash":"17b67fcb857f67118327f9543d3f44861222d044","isMergeCommit":false,"messageTitle":"Add tests","messageBody":"Unsatisfied vaccination prerequisite and compareTo method of\nVaccinationRecord.\n","fileTypesAndContributionMap":{"test-code":{"insertions":38,"deletions":0}}}]},{"date":"2023-03-01","commitResults":[{"hash":"e76a3cfe45ddaa27b66e9594ac42d3d7a212957f","isMergeCommit":false,"messageTitle":"Remodel vaccination structure","messageBody":"","fileTypesAndContributionMap":{"functional-code":{"insertions":245,"deletions":210},"other":{"insertions":8,"deletions":8},"test-code":{"insertions":125,"deletions":67}}},{"hash":"66d5f7b5666ed1aeae03e067fc15baf8d5d4ebf2","isMergeCommit":false,"messageTitle":"Fix checkstyle for argument lambdas","messageBody":"","fileTypesAndContributionMap":{"other":{"insertions":1,"deletions":1}}},{"hash":"7c9e0122eaa6c70c7641dbee91cbd857280db28a","isMergeCommit":true,"messageTitle":"Merge pull request #49 from daitenshionyan/vaccination-feature","messageBody":"Vaccination feature","fileTypesAndContributionMap":{}},{"hash":"a36b30b1b0ef3f9200e0e6066aeb9d34fa75327a","isMergeCommit":false,"messageTitle":"Add Builder for VaxType","messageBody":"","fileTypesAndContributionMap":{"functional-code":{"insertions":141,"deletions":36},"test-code":{"insertions":43,"deletions":25}}},{"hash":"c6dfea24c9b2f970356c16247f45f7ed631740d3","isMergeCommit":false,"messageTitle":"Make default values public","messageBody":"","fileTypesAndContributionMap":{"functional-code":{"insertions":5,"deletions":5}}},{"hash":"712c2bad7d3298a0dce54a12bfb1c6b6bd88d7c1","isMergeCommit":false,"messageTitle":"Add clear method","messageBody":"Method to clear all existing vaccination types.\n","fileTypesAndContributionMap":{"functional-code":{"insertions":6,"deletions":0}}},{"hash":"8585a4c558c242487097f33f354e69cc35d57e12","isMergeCommit":false,"messageTitle":"Implement hashing functions","messageBody":"","fileTypesAndContributionMap":{"functional-code":{"insertions":26,"deletions":0}}},{"hash":"cfd35780790c8a35f7ae833eb9fa13a229509963","isMergeCommit":false,"messageTitle":"Implement toString","messageBody":"","fileTypesAndContributionMap":{"functional-code":{"insertions":7,"deletions":0}}},{"hash":"85d49a0216a5a9d963f37d65c1a314d018eb62d0","isMergeCommit":false,"messageTitle":"Make VaxType immutable","messageBody":"","fileTypesAndContributionMap":{"functional-code":{"insertions":4,"deletions":2}}},{"hash":"d0e073816f49f5fd26a7e8d135ca23032ffcc6d4","isMergeCommit":false,"messageTitle":"Add VaxType tests","messageBody":"","fileTypesAndContributionMap":{"test-code":{"insertions":165,"deletions":0}}},{"hash":"f697e8667edc6d843fede312b52190685685a082","isMergeCommit":false,"messageTitle":"Add JSON deserialization from resource folder","messageBody":"","fileTypesAndContributionMap":{"functional-code":{"insertions":32,"deletions":1}}},{"hash":"2ef83be8029a03094835e4335ea8e1e291ef4c65","isMergeCommit":false,"messageTitle":"Add reading JSON support","messageBody":"","fileTypesAndContributionMap":{"functional-code":{"insertions":133,"deletions":0}}},{"hash":"0e3b436ccb149dcf927d0fa0a8d676ce54760d5d","isMergeCommit":false,"messageTitle":"Add test","messageBody":"For loading of VaxType JSON file.\n","fileTypesAndContributionMap":{"test-code":{"insertions":57,"deletions":16}}},{"hash":"8a94849ef1e9b289df6083424aaec19127c6842e","isMergeCommit":false,"messageTitle":"Add documentation","messageBody":"","fileTypesAndContributionMap":{"functional-code":{"insertions":25,"deletions":0},"test-code":{"insertions":12,"deletions":0}}},{"hash":"95a4ce17dfd29f19e4fb77a65b4188ff9a31df40","isMergeCommit":false,"messageTitle":"Fix coding standard errors","messageBody":"","fileTypesAndContributionMap":{"test-code":{"insertions":0,"deletions":1}}},{"hash":"110974070bea562ec6eb3ad92273a9c2e5078b28","isMergeCommit":false,"messageTitle":"Rename to VaxTypeLoader","messageBody":"From JsonAdaptedVaxTypeList.\n","fileTypesAndContributionMap":{"other":{"insertions":7,"deletions":7}}}]},{"date":"2023-03-02","commitResults":[{"hash":"c9ecd72b57fe232cfaeb69b7d7d22ef1c0feb62a","isMergeCommit":false,"messageTitle":"Update argument parsing","messageBody":"To parse at common -- delimiter.\n","fileTypesAndContributionMap":{"functional-code":{"insertions":30,"deletions":127},"test-code":{"insertions":118,"deletions":123}}},{"hash":"e526f298200d7e1037fcb62b5fa94e9bd506a6b2","isMergeCommit":false,"messageTitle":"Fix blank flag","messageBody":"","fileTypesAndContributionMap":{"functional-code":{"insertions":8,"deletions":3},"test-code":{"insertions":15,"deletions":1}}},{"hash":"66d20a0e6046dc7312087c96b9236f9cbb7fcde6","isMergeCommit":false,"messageTitle":"Fix import order","messageBody":"","fileTypesAndContributionMap":{"test-code":{"insertions":1,"deletions":2}}},{"hash":"b920faf0df6a1956f0a48a3514615e9df7825eb0","isMergeCommit":false,"messageTitle":"Add vaccination allergies","messageBody":"","fileTypesAndContributionMap":{"functional-code":{"insertions":94,"deletions":40},"test-code":{"insertions":63,"deletions":22}}},{"hash":"ac5a792008556377c6659a21a20e871de76f0afa","isMergeCommit":false,"messageTitle":"Add allergy test","messageBody":"","fileTypesAndContributionMap":{"test-code":{"insertions":73,"deletions":5}}},{"hash":"4c689db315be1840a3a9b6785f5fcd757142e970","isMergeCommit":false,"messageTitle":"Rename test to match class naming","messageBody":"","fileTypesAndContributionMap":{"other":{"insertions":2,"deletions":2}}},{"hash":"243bc381cb268bc31ae242bcb1ca83f02fce5e1f","isMergeCommit":false,"messageTitle":"Add VaxRequirement tests","messageBody":"Construction and equality test.\n","fileTypesAndContributionMap":{"test-code":{"insertions":46,"deletions":0}}},{"hash":"9cc0933d01e812d34778745f633820145cb38e52","isMergeCommit":false,"messageTitle":"Fix non-substitutable requirements","messageBody":"","fileTypesAndContributionMap":{"functional-code":{"insertions":12,"deletions":5},"test-code":{"insertions":42,"deletions":1}}},{"hash":"99848a72cf62b6aaefeb1473fe6f21240d22e04b","isMergeCommit":false,"messageTitle":"Add logical test for same brand dose requirement","messageBody":"","fileTypesAndContributionMap":{"test-code":{"insertions":44,"deletions":1}}}]},{"date":"2023-03-03","commitResults":[{"hash":"b42a47b08c5e74d20ea6f3839b78489e78e52493","isMergeCommit":false,"messageTitle":"Remove tests","messageBody":"VaxCheckerTest and VaxTypeTest.\n","fileTypesAndContributionMap":{"test-code":{"insertions":0,"deletions":464}}},{"hash":"064e7663b3458922941fa38e1627046386f7e283","isMergeCommit":false,"messageTitle":"Remove toString method","messageBody":"","fileTypesAndContributionMap":{"functional-code":{"insertions":0,"deletions":7}}},{"hash":"04bfedcc376137ccd0a61964cb139ff803ab5896","isMergeCommit":false,"messageTitle":"Update testing","messageBody":"","fileTypesAndContributionMap":{"test-code":{"insertions":1,"deletions":116}}},{"hash":"bc18c547fabd07a90a03e30ff61e1a3fe768ec98","isMergeCommit":false,"messageTitle":"Remodel VaxRequirement","messageBody":"Rename VaxRequirement to Requirement.\nAdd requirement types.\n","fileTypesAndContributionMap":{"functional-code":{"insertions":242,"deletions":160}}},{"hash":"7eb92ba0333c6978aa4b0a9401ee6f3d2d2b2e4b","isMergeCommit":false,"messageTitle":"Remove VaxTypeRecordTest","messageBody":"","fileTypesAndContributionMap":{"test-code":{"insertions":0,"deletions":30}}},{"hash":"61a8e418013c94a192dc95cbd9fe06e3fa519cfc","isMergeCommit":false,"messageTitle":"Extract builder and storage logic out of VaxType","messageBody":"","fileTypesAndContributionMap":{"functional-code":{"insertions":172,"deletions":182}}},{"hash":"2db2d882faeb7e2fdf22600d332d3c2913ed49b0","isMergeCommit":false,"messageTitle":"Add load test","messageBody":"","fileTypesAndContributionMap":{"functional-code":{"insertions":2,"deletions":1},"test-code":{"insertions":36,"deletions":2}}},{"hash":"63e3a16911d30c352b727191940ec876080e6648","isMergeCommit":false,"messageTitle":"Add RequirementTest","messageBody":"","fileTypesAndContributionMap":{"test-code":{"insertions":284,"deletions":0}}},{"hash":"2265dea726e7aa546cf42bfb08286945546de234","isMergeCommit":false,"messageTitle":"Fix coding standard","messageBody":"","fileTypesAndContributionMap":{"functional-code":{"insertions":60,"deletions":1},"test-code":{"insertions":1,"deletions":1}}},{"hash":"5ce46176693487a8520e20e72d07cb959a355f51","isMergeCommit":false,"messageTitle":"Add test for getReqSet","messageBody":"","fileTypesAndContributionMap":{"test-code":{"insertions":12,"deletions":0}}},{"hash":"f7afd529050f112c2b2849ab4520730cab8c4ea5","isMergeCommit":false,"messageTitle":"Change allergy before history in arguments","messageBody":"","fileTypesAndContributionMap":{"functional-code":{"insertions":11,"deletions":11}}},{"hash":"9589849caf87964f55568f23a96b01f8f8d3b519","isMergeCommit":false,"messageTitle":"Add VaxStorageTest","messageBody":"","fileTypesAndContributionMap":{"test-code":{"insertions":46,"deletions":0}}},{"hash":"2757aad31b3360abc7348152851cf88e1e844c2d","isMergeCommit":false,"messageTitle":"Fix remove method","messageBody":"","fileTypesAndContributionMap":{"functional-code":{"insertions":1,"deletions":1}}},{"hash":"2946115505571d270f221f0f25e82294bbcacad7","isMergeCommit":false,"messageTitle":"Add get and contains tests","messageBody":"","fileTypesAndContributionMap":{"test-code":{"insertions":26,"deletions":0}}},{"hash":"187a0d86225a3436cec43bc39057d4e9d28a1407","isMergeCommit":false,"messageTitle":"Add VaxRecordTest","messageBody":"","fileTypesAndContributionMap":{"test-code":{"insertions":42,"deletions":0}}},{"hash":"02d83453125c9ba2287dd6d2396c9fec64f8161e","isMergeCommit":false,"messageTitle":"Add VaxChecker tests","messageBody":"","fileTypesAndContributionMap":{"test-code":{"insertions":312,"deletions":0}}}]},{"date":"2023-03-04","commitResults":[{"hash":"7b4ff2dfd4681f05acdac06ab04facff6cf48ade","isMergeCommit":false,"messageTitle":"Add noisy JSON reading method","messageBody":"Logger is being used to convey the message of what went wrong while\nloading a JSON file.\n\nLogger messages are difficult to pass around to other components.\n\nLets create a method that reads a JSON file but throws an exception when\nit encounters a problem. This way the exception can be caught and the\nmessage can be displayed to relevant components of the application.\n","fileTypesAndContributionMap":{"functional-code":{"insertions":23,"deletions":0}}},{"hash":"fb8086685e81db5034b74ecaaedc755d72208424","isMergeCommit":false,"messageTitle":"Add method to load VaxTypes from created JSON file","messageBody":"","fileTypesAndContributionMap":{"functional-code":{"insertions":20,"deletions":3}}},{"hash":"e6da72e999bf01a24540dddcf818130679a1abf5","isMergeCommit":false,"messageTitle":"Add loading tests","messageBody":"","fileTypesAndContributionMap":{"test-code":{"insertions":150,"deletions":10}}},{"hash":"5a20a894b9c7f37f96019b29272558ec2711507d","isMergeCommit":true,"messageTitle":"Merge branch \u0027master\u0027 into vaccination-feature","messageBody":"","fileTypesAndContributionMap":{}},{"hash":"7c5d10f3643c27d8931be771338897f3d737ebab","isMergeCommit":true,"messageTitle":"Merge pull request #64 from daitenshionyan/vaccination-feature","messageBody":"Vaccination type basic structure","fileTypesAndContributionMap":{}},{"hash":"a928ee557a05c6c8e12f8751262b7480491b67e4","isMergeCommit":false,"messageTitle":"Integrate VaxType into Logic","messageBody":"","fileTypesAndContributionMap":{"functional-code":{"insertions":63,"deletions":3},"test-code":{"insertions":6,"deletions":0}}},{"hash":"53d32f67add5499b62be0b5315fb8446f5097731","isMergeCommit":false,"messageTitle":"Rename to VaxTypeManager","messageBody":"From VaxTypeStorage to VaxTypeManager.\n\n\"Storage\" seems to be for hard disk related classes.\n","fileTypesAndContributionMap":{"functional-code":{"insertions":28,"deletions":28},"other":{"insertions":8,"deletions":8},"test-code":{"insertions":5,"deletions":5}}},{"hash":"8aabf8fc08beea30f2cc39651b1f8136d2174cdb","isMergeCommit":false,"messageTitle":"Storage: rename method","messageBody":"From loadVaxTypes to loadDefaultVaxTypes.\n","fileTypesAndContributionMap":{"functional-code":{"insertions":3,"deletions":3}}},{"hash":"f1e9bfbc921f88478c1dafd35117964fe1be2f17","isMergeCommit":false,"messageTitle":"Extract full sample VaxType data out","messageBody":"","fileTypesAndContributionMap":{"test-code":{"insertions":51,"deletions":40}}},{"hash":"2f060e8ebf591e0076c0e17bc5a7f2b2e0b0991e","isMergeCommit":false,"messageTitle":"Add integration test","messageBody":"","fileTypesAndContributionMap":{"test-code":{"insertions":11,"deletions":1}}},{"hash":"ae937fb5fd8995fa7dbebe04b1b5fef1c911af3c","isMergeCommit":false,"messageTitle":"Fix import order","messageBody":"","fileTypesAndContributionMap":{"test-code":{"insertions":1,"deletions":1}}},{"hash":"c850d49f274ab7029f7aeb4ce2fcd205defa1f0e","isMergeCommit":true,"messageTitle":"Merge pull request #73 from daitenshionyan/vaccination-feature","messageBody":"Integrate VaxTypeManager to Logic","fileTypesAndContributionMap":{}}]},{"date":"2023-03-05","commitResults":[{"hash":"d3cbf5c0b80f8e2f6c65fb8f0e17e43c7189065e","isMergeCommit":false,"messageTitle":"Create TagFlowView","messageBody":"Extension of FlowPane to display tags.\n","fileTypesAndContributionMap":{"functional-code":{"insertions":30,"deletions":0}}},{"hash":"4355c6a83238ed2622618c587052319512793c89","isMergeCommit":false,"messageTitle":"Implement VaxType GUI","messageBody":"","fileTypesAndContributionMap":{"functional-code":{"insertions":180,"deletions":25}}},{"hash":"05c4c05b08dd9da6a87d32ec6e2c6a95222a9a26","isMergeCommit":false,"messageTitle":"Add documentation","messageBody":"","fileTypesAndContributionMap":{"functional-code":{"insertions":25,"deletions":0}}},{"hash":"5e76a8d638da768911fce0a0005055993df7f463","isMergeCommit":true,"messageTitle":"Merge branch \u0027master\u0027 into gui-vaxtype","messageBody":"","fileTypesAndContributionMap":{}},{"hash":"d029d4e80d1bb51c444e64dd3531b99ebc2263c4","isMergeCommit":false,"messageTitle":"Fix trailing whitespace","messageBody":"","fileTypesAndContributionMap":{"functional-code":{"insertions":1,"deletions":1}}},{"hash":"528bb7909041255658eaaf5726826317885313d1","isMergeCommit":true,"messageTitle":"Merge pull request #76 from daitenshionyan/gui-vaxtype","messageBody":"Implement GUI for VaxType","fileTypesAndContributionMap":{}},{"hash":"49d822077d080e9ce33dd0e33d6c98e4a322d0fd","isMergeCommit":false,"messageTitle":"Add VaxRecordKey","messageBody":"","fileTypesAndContributionMap":{"functional-code":{"insertions":58,"deletions":0},"test-code":{"insertions":67,"deletions":0}}}]},{"date":"2023-03-06","commitResults":[{"hash":"f9e7626f5ac13180007f4bd234e4d52ae3e80d1e","isMergeCommit":false,"messageTitle":"Add read user file functionality for VaxType","messageBody":"","fileTypesAndContributionMap":{"functional-code":{"insertions":71,"deletions":17},"test-code":{"insertions":8,"deletions":3}}},{"hash":"58658dd3b42dd8f4d3ea7e017f54f59ab2bbdb19","isMergeCommit":false,"messageTitle":"Add documentations","messageBody":"","fileTypesAndContributionMap":{"functional-code":{"insertions":21,"deletions":1}}},{"hash":"94df09e505c35a5573895385a9e05d43e954eadc","isMergeCommit":false,"messageTitle":"Implement method to get BufferedWriter","messageBody":"","fileTypesAndContributionMap":{"functional-code":{"insertions":14,"deletions":1}}},{"hash":"17e171814f821ab1e1b25401e7f0236991e7e384","isMergeCommit":false,"messageTitle":"Implement method to serialize to file","messageBody":"Method is simplified compared to current methods.\n","fileTypesAndContributionMap":{"functional-code":{"insertions":16,"deletions":0}}},{"hash":"2c4ea53755ffe443dc91df34bce8f0ad55c6704c","isMergeCommit":false,"messageTitle":"Add method to retrieve requirement type","messageBody":"","fileTypesAndContributionMap":{"functional-code":{"insertions":5,"deletions":0}}},{"hash":"479b0f4098ea5248a38a85305d1850ccf297d79b","isMergeCommit":false,"messageTitle":"Add write functionalities for VaxType","messageBody":"","fileTypesAndContributionMap":{"functional-code":{"insertions":59,"deletions":0}}},{"hash":"08948f145ee8f0bcc0eac0339da7f42601825fd7","isMergeCommit":false,"messageTitle":"Add write save functionalities of user VaxTypes","messageBody":"","fileTypesAndContributionMap":{"functional-code":{"insertions":34,"deletions":0},"test-code":{"insertions":6,"deletions":0}}},{"hash":"e5583907775f45d0acf5d4d55e40f2e828168182","isMergeCommit":false,"messageTitle":"Override equals method","messageBody":"","fileTypesAndContributionMap":{"functional-code":{"insertions":19,"deletions":0}}},{"hash":"b0c5e9cd3e020ade7bc77fd65c9cfe571a935a1f","isMergeCommit":false,"messageTitle":"Add tests","messageBody":"For VaxType write.\n","fileTypesAndContributionMap":{"test-code":{"insertions":26,"deletions":0}}},{"hash":"b026deee410cfb573fd51023db53aad87d84069a","isMergeCommit":false,"messageTitle":"Override hashCode method","messageBody":"","fileTypesAndContributionMap":{"functional-code":{"insertions":7,"deletions":0}}},{"hash":"8aa3bdf17cc908ebc0591a43ac58d0e6bfd5d7b6","isMergeCommit":false,"messageTitle":"Add tests for VaxType","messageBody":"","fileTypesAndContributionMap":{"test-code":{"insertions":151,"deletions":24}}},{"hash":"ba9026c49b01c5121efe848efcf524a5d624eada","isMergeCommit":false,"messageTitle":"Fix exception on missing data folder","messageBody":"","fileTypesAndContributionMap":{"functional-code":{"insertions":11,"deletions":0}}},{"hash":"ce37f533bd368393e46557544e7999d713da1421","isMergeCommit":true,"messageTitle":"Merge pull request #91 from daitenshionyan/vaccination-feature","messageBody":"Add VaxRecordKey class","fileTypesAndContributionMap":{}}]},{"date":"2023-03-07","commitResults":[{"hash":"8d59a21a6afeea6ae80d4ede46443818909aafbf","isMergeCommit":false,"messageTitle":"Format requirements","messageBody":"Remove unnecessary whitespace.\nCorrect spelling.\n","fileTypesAndContributionMap":{"docs":{"insertions":38,"deletions":46}}},{"hash":"adc0ed2bd2847e5e9963c48419061f0a4fee4dc5","isMergeCommit":false,"messageTitle":"Move CLI user story to NFR","messageBody":"","fileTypesAndContributionMap":{"docs":{"insertions":3,"deletions":4}}},{"hash":"649feb7af36fe3ce64cf16bba03ae1bc3ff0cc79","isMergeCommit":false,"messageTitle":"Update user guide","messageBody":"Add CRUD for patients, appointments and vaccination types.\n","fileTypesAndContributionMap":{"docs":{"insertions":20,"deletions":6}}},{"hash":"bb34401858b27165268524b71462cec0edd8a3b5","isMergeCommit":false,"messageTitle":"Format use cases","messageBody":"Add IDs to use cases\nUse heading instead of bolding\n","fileTypesAndContributionMap":{"docs":{"insertions":23,"deletions":21}}},{"hash":"df69f30e7efcd6f3c5c27f5a06c054a2e5cfc552","isMergeCommit":false,"messageTitle":"Remove table comments","messageBody":"","fileTypesAndContributionMap":{"docs":{"insertions":6,"deletions":6}}},{"hash":"7f1753c41e9da90bd1d19861c6d993f93db41762","isMergeCommit":false,"messageTitle":"Add vaccination type use case","messageBody":"","fileTypesAndContributionMap":{"docs":{"insertions":62,"deletions":0}}},{"hash":"826492ef930ff6fdf0befe5caa4700c0e30f21f5","isMergeCommit":true,"messageTitle":"Merge pull request #95 from daitenshionyan/vaxtype-io","messageBody":"Add read and write functionalities for VaxType","fileTypesAndContributionMap":{}},{"hash":"cf15a04f547b04989a3b2c361ac0b0c01d6bcbea","isMergeCommit":false,"messageTitle":"Fix off alignment of VaxTypes","messageBody":"","fileTypesAndContributionMap":{"functional-code":{"insertions":22,"deletions":38}}}]},{"date":"2023-03-08","commitResults":[{"hash":"204bb13e8751ea48186fdd326633016fd136cc5a","isMergeCommit":false,"messageTitle":"Change sizing of VaxType card","messageBody":"","fileTypesAndContributionMap":{"functional-code":{"insertions":8,"deletions":8}}},{"hash":"c31c1d209b269c8f157050072b93c81d185cb09f","isMergeCommit":false,"messageTitle":"Remove grid lines","messageBody":"","fileTypesAndContributionMap":{"functional-code":{"insertions":1,"deletions":1}}},{"hash":"8fa19bfad32111749fe122e7ecb468d68412aabc","isMergeCommit":false,"messageTitle":"Shorten allergy names","messageBody":"","fileTypesAndContributionMap":{"test-code":{"insertions":4,"deletions":4}}},{"hash":"84a8447a425bf1c5bd7681f85a352c08e422a81f","isMergeCommit":false,"messageTitle":"Add age and spacing label","messageBody":"","fileTypesAndContributionMap":{"functional-code":{"insertions":32,"deletions":8}}},{"hash":"a09587e54d80c9ec5511174596ac33bce03b96a3","isMergeCommit":false,"messageTitle":"Fix size of vaccination type list view","messageBody":"","fileTypesAndContributionMap":{"functional-code":{"insertions":2,"deletions":2}}},{"hash":"0e9283a378370acbc1e8f63aab491189e32e3dbf","isMergeCommit":false,"messageTitle":"Style vaccination types","messageBody":"","fileTypesAndContributionMap":{"functional-code":{"insertions":4,"deletions":4}}},{"hash":"4b6112abbcc2356469280ccd8b334bd206ef0cf9","isMergeCommit":false,"messageTitle":"Add addition of style classes to tags","messageBody":"","fileTypesAndContributionMap":{"functional-code":{"insertions":28,"deletions":7}}},{"hash":"63f768c0b2c756e62c08e90bf60d09b99e6a17b1","isMergeCommit":false,"messageTitle":"Add color to VaxType requirements","messageBody":"","fileTypesAndContributionMap":{"functional-code":{"insertions":34,"deletions":7}}},{"hash":"33ee947a487a8749a93cb8a245f140f0d00dfd2b","isMergeCommit":false,"messageTitle":"Add citations","messageBody":"","fileTypesAndContributionMap":{"docs":{"insertions":2,"deletions":1}}},{"hash":"b48ce8f4908ef3992d049dcac0a039dc58e37bfe","isMergeCommit":false,"messageTitle":"Add default case","messageBody":"","fileTypesAndContributionMap":{"functional-code":{"insertions":2,"deletions":0}}},{"hash":"2b8bf48e251ab83c33cd0acd14613a583d9a501f","isMergeCommit":true,"messageTitle":"Merge pull request #100 from daitenshionyan/dg-edit","messageBody":"Format DG","fileTypesAndContributionMap":{}},{"hash":"f943e77147f115316e29ecd07d187fc8613cb780","isMergeCommit":false,"messageTitle":"Remodel VaxTypeBuilder","messageBody":"","fileTypesAndContributionMap":{"functional-code":{"insertions":119,"deletions":75}}},{"hash":"29eef21e1cde0c51710504fa964d68486c4f7695","isMergeCommit":false,"messageTitle":"Add VaxTypeAction","messageBody":"","fileTypesAndContributionMap":{"functional-code":{"insertions":36,"deletions":0},"test-code":{"insertions":7,"deletions":0}}},{"hash":"932668737056c080b9eed2faf8492f744c42bc28","isMergeCommit":false,"messageTitle":"Add VaxName","messageBody":"","fileTypesAndContributionMap":{"functional-code":{"insertions":72,"deletions":4},"test-code":{"insertions":34,"deletions":0}}},{"hash":"da8ab67baa3e46b040b51ab69e863ef2e5c1c15b","isMergeCommit":false,"messageTitle":"Integrate VaxName to VaxRecordKey","messageBody":"","fileTypesAndContributionMap":{"functional-code":{"insertions":4,"deletions":4},"test-code":{"insertions":19,"deletions":5}}},{"hash":"36c78ecd4cc6577d1611f596c23ff4b00f4a3ba9","isMergeCommit":false,"messageTitle":"Add VaxName parser","messageBody":"","fileTypesAndContributionMap":{"functional-code":{"insertions":10,"deletions":0}}},{"hash":"cdb36151a9f28bfe0ac952174328b144e4ee831c","isMergeCommit":false,"messageTitle":"Add command to add vaccination type","messageBody":"","fileTypesAndContributionMap":{"functional-code":{"insertions":131,"deletions":13}}},{"hash":"4afb506f9f972705cad381c55c66c11d4db8abcd","isMergeCommit":false,"messageTitle":"Add unrelated equality test","messageBody":"","fileTypesAndContributionMap":{"test-code":{"insertions":2,"deletions":0}}},{"hash":"b4328aa92f6600ef28ef3c33f18ddde3a18a5c38","isMergeCommit":false,"messageTitle":"Add looping ID looping","messageBody":"","fileTypesAndContributionMap":{"functional-code":{"insertions":95,"deletions":17}}}]},{"date":"2023-03-09","commitResults":[{"hash":"94262b83e81ba1852501618c8feceb7d53783237","isMergeCommit":false,"messageTitle":"Add get method","messageBody":"","fileTypesAndContributionMap":{"functional-code":{"insertions":5,"deletions":0}}},{"hash":"109a8e5b8d785ad9ed4c39fbc5cf40fd4a0e1256","isMergeCommit":false,"messageTitle":"Add tests","messageBody":"","fileTypesAndContributionMap":{"test-code":{"insertions":159,"deletions":0}}},{"hash":"dddbd8de89cf1c9ccf8cf8401341549524b61bfc","isMergeCommit":true,"messageTitle":"Merge pull request #108 from daitenshionyan/fix-id-numbering","messageBody":"Fix ID numbering","fileTypesAndContributionMap":{}},{"hash":"956dd0a4400bc6c631e0fe47af334185a524dc30","isMergeCommit":true,"messageTitle":"Merge pull request #107 from daitenshionyan/vaccination-command","messageBody":"Basic add vaccination type command","fileTypesAndContributionMap":{}},{"hash":"30dc7257ccecc99d52e270a3882dc382161751c3","isMergeCommit":false,"messageTitle":"Add age and spacing rules","messageBody":"","fileTypesAndContributionMap":{"functional-code":{"insertions":22,"deletions":0}}},{"hash":"2d067ef6295966109dc331fd4e775c73be15575b","isMergeCommit":true,"messageTitle":"Merge branch \u0027master\u0027 into branch-A-Appointment-Add","messageBody":"","fileTypesAndContributionMap":{}},{"hash":"ed7d2857dfa03efbf5d33032c91c0c0a907b7930","isMergeCommit":false,"messageTitle":"Fix coding standard issues","messageBody":"","fileTypesAndContributionMap":{"functional-code":{"insertions":3,"deletions":3}}},{"hash":"fa7d032c0074ad2e8a8c91a434a5e3bfd2a9d5e9","isMergeCommit":false,"messageTitle":"Add tests","messageBody":"","fileTypesAndContributionMap":{"test-code":{"insertions":30,"deletions":0}}},{"hash":"e59ff98e4a94b9ab6ee7e85dc6ac1993efd30e2a","isMergeCommit":true,"messageTitle":"Merge branch \u0027master\u0027 into vaccination-full-add-command","messageBody":"","fileTypesAndContributionMap":{}},{"hash":"94ae33b8f9a3e3654b3e4903fb682d0de6f627bf","isMergeCommit":false,"messageTitle":"VaxType add command: add numbers support","messageBody":"","fileTypesAndContributionMap":{"functional-code":{"insertions":55,"deletions":0}}},{"hash":"255a4355fd0a7634056b93e164dd7c531a0f7e84","isMergeCommit":false,"messageTitle":"Change VaxName to more abstract GroupName","messageBody":"","fileTypesAndContributionMap":{"functional-code":{"insertions":32,"deletions":25},"other":{"insertions":17,"deletions":18},"test-code":{"insertions":5,"deletions":3}}},{"hash":"6c8172cb1f0f4260a7788749a99d3dd0ebeefd87","isMergeCommit":false,"messageTitle":"Add JsonAdaptedGroupName","messageBody":"","fileTypesAndContributionMap":{"functional-code":{"insertions":46,"deletions":10}}},{"hash":"754e3d3749b1756d8e1bc42a2d78414337b92ba8","isMergeCommit":false,"messageTitle":"Integrate GroupName into the rest of VaxType","messageBody":"","fileTypesAndContributionMap":{"functional-code":{"insertions":73,"deletions":49}}},{"hash":"6f6e139169db33fe0e79a17787361177f733714a","isMergeCommit":true,"messageTitle":"Merge branch \u0027vaccination-feature\u0027 into vaccination-full-add-command","messageBody":"","fileTypesAndContributionMap":{}},{"hash":"2eafb0f766566ca4f04d2cba39b50bee9e1341e1","isMergeCommit":false,"messageTitle":"Fix test cases","messageBody":"","fileTypesAndContributionMap":{"test-code":{"insertions":108,"deletions":76}}},{"hash":"07673517cb9a8e9b7cb3be84af9927394c177450","isMergeCommit":false,"messageTitle":"Fix coding standard issues","messageBody":"","fileTypesAndContributionMap":{"functional-code":{"insertions":28,"deletions":0},"test-code":{"insertions":2,"deletions":2}}},{"hash":"49d9872f9d61482ea8219265c31ac9d9af874ec4","isMergeCommit":false,"messageTitle":"VaxType add: add support for groups","messageBody":"","fileTypesAndContributionMap":{"functional-code":{"insertions":69,"deletions":14}}},{"hash":"df7b59c1c581b3247ec725ddd016243fb08528f5","isMergeCommit":false,"messageTitle":"VaxType add: add support for requirements","messageBody":"","fileTypesAndContributionMap":{"functional-code":{"insertions":46,"deletions":1}}},{"hash":"2e5fe12d7d8699208e24c54d6d618bf13e36229b","isMergeCommit":false,"messageTitle":"Age class: create class","messageBody":"","fileTypesAndContributionMap":{"functional-code":{"insertions":217,"deletions":40},"test-code":{"insertions":17,"deletions":12}}},{"hash":"4ffd6e20c1274d617d87c8453f08dc37caa52383","isMergeCommit":false,"messageTitle":"Add error message for name","messageBody":"","fileTypesAndContributionMap":{"functional-code":{"insertions":12,"deletions":4}}},{"hash":"f13d42e25d7d4f1ecf598c59dd1309ed8cbe0c49","isMergeCommit":false,"messageTitle":"Fix wrong exception thrown for age","messageBody":"","fileTypesAndContributionMap":{"functional-code":{"insertions":5,"deletions":1}}},{"hash":"338f3f340cf4014f091da469b8863403dca32d9f","isMergeCommit":false,"messageTitle":"Add documentation","messageBody":"","fileTypesAndContributionMap":{"functional-code":{"insertions":6,"deletions":0}}},{"hash":"27a503a822cd2cedb51926cd9db1fe61c5649bdc","isMergeCommit":false,"messageTitle":"VaxType add: add tests","messageBody":"","fileTypesAndContributionMap":{"test-code":{"insertions":331,"deletions":0}}},{"hash":"da4f91380e61fb652ce27fcaed318a56330403de","isMergeCommit":false,"messageTitle":"VaxType add: fix command according to tests","messageBody":"","fileTypesAndContributionMap":{"functional-code":{"insertions":24,"deletions":11}}},{"hash":"c595734183865156b81d0c54a7bf30ff78c44e3d","isMergeCommit":false,"messageTitle":"Fix coding standard issues","messageBody":"","fileTypesAndContributionMap":{"test-code":{"insertions":3,"deletions":2}}},{"hash":"aa30297cd7fe8f89c5e27d8befd6bd3754a02911","isMergeCommit":false,"messageTitle":"ParserUtil: add tests","messageBody":"","fileTypesAndContributionMap":{"test-code":{"insertions":86,"deletions":0}}},{"hash":"132f10b03aa301e61c34a3fb9f8b731fddd1a868","isMergeCommit":false,"messageTitle":"Fix according to tests","messageBody":"","fileTypesAndContributionMap":{"functional-code":{"insertions":22,"deletions":7}}},{"hash":"5c5616af43168300f0f1c1d4dc3ba6576eb9e66f","isMergeCommit":false,"messageTitle":"Add duplicate test","messageBody":"","fileTypesAndContributionMap":{"test-code":{"insertions":6,"deletions":1}}},{"hash":"c6a4070f27825550817b93b788f6470ebfed5775","isMergeCommit":false,"messageTitle":"Add test for Age","messageBody":"","fileTypesAndContributionMap":{"functional-code":{"insertions":3,"deletions":3},"test-code":{"insertions":69,"deletions":0}}},{"hash":"1f56c5f13c7e545fb377ac4796af966cc750d7a6","isMergeCommit":false,"messageTitle":"Remove triangle brackets in regex","messageBody":"","fileTypesAndContributionMap":{"functional-code":{"insertions":1,"deletions":1}}},{"hash":"be52480a98218b800aa39c467fe8b9429144ee01","isMergeCommit":false,"messageTitle":"Update UG for VaxType","messageBody":"Add command and JSON syntax\n","fileTypesAndContributionMap":{"docs":{"insertions":163,"deletions":48}}}]},{"date":"2023-03-10","commitResults":[{"hash":"6ff22f58bbb480047dae4895cc1a140e3bbc0287","isMergeCommit":true,"messageTitle":"Merge branch \u0027master\u0027 into vaccination-full-add-command","messageBody":"","fileTypesAndContributionMap":{}},{"hash":"b0fca52888a55842ae14198215c732dbc21406a0","isMergeCommit":false,"messageTitle":"Fix missing override","messageBody":"","fileTypesAndContributionMap":{"test-code":{"insertions":7,"deletions":0}}},{"hash":"88d8fd2be41495eb09161deeb99c7f74a54d4098","isMergeCommit":false,"messageTitle":"Fix unsupported bracket","messageBody":"Please be the end!!\n","fileTypesAndContributionMap":{"test-code":{"insertions":1,"deletions":1}}},{"hash":"9fe0d5b8bcc0d4b96084aaad3c13da618b136d42","isMergeCommit":true,"messageTitle":"Merge pull request #110 from daitenshionyan/vaccination-full-add-command","messageBody":"Complete vaccination add command","fileTypesAndContributionMap":{}},{"hash":"821dd14bfbaca1228f32795f963843016a33b300","isMergeCommit":false,"messageTitle":"Sync tag colors","messageBody":"","fileTypesAndContributionMap":{"functional-code":{"insertions":38,"deletions":77}}},{"hash":"f1608749ed0fcac765bfdb099a75db281ebdcd75","isMergeCommit":false,"messageTitle":"Abstract ListViewPanel logic","messageBody":"","fileTypesAndContributionMap":{"functional-code":{"insertions":81,"deletions":52}}},{"hash":"dfbdff498171dae2287a5d077b43ab722f2d48fe","isMergeCommit":true,"messageTitle":"Merge pull request #112 from daitenshionyan/tag-color-sync","messageBody":"Sync tag colors","fileTypesAndContributionMap":{}},{"hash":"6140cd89650feb3dcdbe7c5eb55319625e7d8e70","isMergeCommit":false,"messageTitle":"Make used Comparator a property","messageBody":"","fileTypesAndContributionMap":{"functional-code":{"insertions":13,"deletions":1}}},{"hash":"4c61184ebc941db3bb320d3a848e4f54088b9238","isMergeCommit":false,"messageTitle":"Integrate ListViewPanel to patients","messageBody":"","fileTypesAndContributionMap":{"functional-code":{"insertions":14,"deletions":69}}},{"hash":"5cb2c04dff15aed93793c3e29e8f6fbb1a079f89","isMergeCommit":false,"messageTitle":"Add compareTo test","messageBody":"","fileTypesAndContributionMap":{"test-code":{"insertions":26,"deletions":0}}},{"hash":"1f070266aab36e1250a1a379f470f10d499672db","isMergeCommit":false,"messageTitle":"Fix compareTo","messageBody":"","fileTypesAndContributionMap":{"functional-code":{"insertions":6,"deletions":1}}},{"hash":"641c0c2ae68e56441470fb08437f4ce9fa8fc65d","isMergeCommit":false,"messageTitle":"Delete unused PatientListPanel.fxml","messageBody":"","fileTypesAndContributionMap":{"functional-code":{"insertions":0,"deletions":8}}},{"hash":"19f5597b50f3a4502e464516d0f84e8a2716ac99","isMergeCommit":false,"messageTitle":"Add test for compareTo","messageBody":"For VaxType.\n","fileTypesAndContributionMap":{"test-code":{"insertions":25,"deletions":0}}}]},{"date":"2023-03-11","commitResults":[{"hash":"f455d4e647314264336f8039e8ba561de1e6e096","isMergeCommit":false,"messageTitle":"Change ResultDisplay to a ScrollPane","messageBody":"","fileTypesAndContributionMap":{"functional-code":{"insertions":78,"deletions":32},"test-code":{"insertions":2,"deletions":2}}},{"hash":"c851f8904c36970071864e5888eca166e21d1a0e","isMergeCommit":true,"messageTitle":"Merge pull request #114 from daitenshionyan/list-view-display-abstraction","messageBody":"List view display abstraction","fileTypesAndContributionMap":{}},{"hash":"d14b9edff5f2dc06c5bb121fcfc878d2758450e0","isMergeCommit":false,"messageTitle":"Set style","messageBody":"","fileTypesAndContributionMap":{"functional-code":{"insertions":96,"deletions":344}}},{"hash":"a109a3993989c5516fc10e61e8f0ae7680bf694b","isMergeCommit":true,"messageTitle":"Merge branch \u0027master\u0027 into result-message-display-remodel","messageBody":"","fileTypesAndContributionMap":{}},{"hash":"6bf1fb730a8865ec280aa2b001039172a4c95f46","isMergeCommit":false,"messageTitle":"Add command message box","messageBody":"","fileTypesAndContributionMap":{"functional-code":{"insertions":63,"deletions":18}}},{"hash":"134233f7f71263c81a68031cfb50ed5facf624e5","isMergeCommit":false,"messageTitle":"Colorize message state","messageBody":"","fileTypesAndContributionMap":{"functional-code":{"insertions":35,"deletions":1}}},{"hash":"9033adf7882878045595d0d54ef54f4fe5f0efea","isMergeCommit":false,"messageTitle":"Change min size","messageBody":"","fileTypesAndContributionMap":{"functional-code":{"insertions":1,"deletions":1}}},{"hash":"4104f217b9ba5e248bfa5c2a1df72e213d4bc2f3","isMergeCommit":false,"messageTitle":"Brighten text prompt","messageBody":"","fileTypesAndContributionMap":{"functional-code":{"insertions":4,"deletions":2}}},{"hash":"96b47e11a5d75d86adef2ea973d68c0da62b2b52","isMergeCommit":false,"messageTitle":"Fix coding standard issues","messageBody":"","fileTypesAndContributionMap":{"functional-code":{"insertions":22,"deletions":1}}},{"hash":"30eb4644c3702829fbbd81b09ee4416a5ed4e1d2","isMergeCommit":false,"messageTitle":"Reduce title font size","messageBody":"","fileTypesAndContributionMap":{"functional-code":{"insertions":2,"deletions":2}}},{"hash":"a1a90fd117b5ec6a0ce027518c7351a79a971fd5","isMergeCommit":true,"messageTitle":"Merge branch \u0027master\u0027 into result-message-display-remodel","messageBody":"","fileTypesAndContributionMap":{}}]},{"date":"2023-03-12","commitResults":[{"hash":"a7abfa05886d3983cd030888347534a89125e0a5","isMergeCommit":false,"messageTitle":"Fix whitespace errors","messageBody":"","fileTypesAndContributionMap":{"docs":{"insertions":1,"deletions":1}}},{"hash":"8c87975cb1b79422e46181601863198db380542d","isMergeCommit":false,"messageTitle":"Thread command execution","messageBody":"","fileTypesAndContributionMap":{"functional-code":{"insertions":192,"deletions":102},"test-code":{"insertions":0,"deletions":176}}},{"hash":"c6964ea85c2de83bb5d6b94e26c96e261c32ae6b","isMergeCommit":true,"messageTitle":"Merge pull request #124 from daitenshionyan/codecov-setup","messageBody":"Move global config to repository","fileTypesAndContributionMap":{}},{"hash":"137f6ffac3483d5f31f04721de32f4841c933ba4","isMergeCommit":true,"messageTitle":"Merge branch \u0027master\u0027 into result-message-display-remodel","messageBody":"","fileTypesAndContributionMap":{}},{"hash":"b23d82f415d05414eb84b1c58d1141cdfec55a78","isMergeCommit":true,"messageTitle":"Merge pull request #123 from daitenshionyan/result-message-display-remodel","messageBody":"Remodel result message display","fileTypesAndContributionMap":{}},{"hash":"b7a165798f7bf8dfe5d8407c458efd96bb89f32d","isMergeCommit":false,"messageTitle":"VaxType: change to use Path for IO","messageBody":"","fileTypesAndContributionMap":{"functional-code":{"insertions":29,"deletions":19},"test-code":{"insertions":13,"deletions":12}}}]},{"date":"2023-03-13","commitResults":[{"hash":"c4c8c5ff4ea657e4b8dbb021f73fde7d3447c5ee","isMergeCommit":false,"messageTitle":"Standardize IO operations","messageBody":"","fileTypesAndContributionMap":{"functional-code":{"insertions":49,"deletions":159},"test-code":{"insertions":43,"deletions":87}}},{"hash":"c185785f4dcdcb873f20b007c2294b105c7daae5","isMergeCommit":false,"messageTitle":"Remove unused methods","messageBody":"","fileTypesAndContributionMap":{"functional-code":{"insertions":0,"deletions":23}}},{"hash":"ccaf3fe609ec3d2dcb503fcbb69e523b4922f151","isMergeCommit":false,"messageTitle":"Edit exception messages","messageBody":"","fileTypesAndContributionMap":{"functional-code":{"insertions":24,"deletions":7}}},{"hash":"40f473340fceddc527527e339bd3fe04f662ca70","isMergeCommit":false,"messageTitle":"Add tests","messageBody":"","fileTypesAndContributionMap":{"test-code":{"insertions":84,"deletions":1}}},{"hash":"e8c5ae1646aaa9bd4e55e3251afc41d554ead18d","isMergeCommit":false,"messageTitle":"Fix patient card","messageBody":"","fileTypesAndContributionMap":{"functional-code":{"insertions":74,"deletions":86}}},{"hash":"699fb054fe0341be3dbeda0b39b3e2db24161b1f","isMergeCommit":true,"messageTitle":"Merge pull request #141 from daitenshionyan/io-standardisation","messageBody":"Standardise file management","fileTypesAndContributionMap":{}},{"hash":"8a4dff035410e4cdcb581c1092d7cd72e3172325","isMergeCommit":true,"messageTitle":"Merge pull request #143 from daitenshionyan/fix-patient-card","messageBody":"Fix patient card","fileTypesAndContributionMap":{}}]},{"date":"2023-03-14","commitResults":[{"hash":"efe1e4f6852bff877de666f4b5b5ac3f53073c7c","isMergeCommit":false,"messageTitle":"Fix LogicManager breaking on unexpected exceptions","messageBody":"","fileTypesAndContributionMap":{"functional-code":{"insertions":26,"deletions":4}}},{"hash":"88dc8db5a73cfdda405c654523f28c55462ea9e4","isMergeCommit":false,"messageTitle":"Sync patient ID card box","messageBody":"With appointment.\n","fileTypesAndContributionMap":{"functional-code":{"insertions":2,"deletions":2}}},{"hash":"d5d2054eacde81ade32b74e8605eb89cc1fda316","isMergeCommit":true,"messageTitle":"Merge branch \u0027master\u0027 into sync-id-box-size","messageBody":"","fileTypesAndContributionMap":{}},{"hash":"757f940f51783defdaf80215e9cb950e5a82ee29","isMergeCommit":true,"messageTitle":"Merge pull request #170 from daitenshionyan/sync-id-box-size","messageBody":"Sync patient ID card box","fileTypesAndContributionMap":{}},{"hash":"d75f85335e624d6edf0239d2a1c5678661016c4a","isMergeCommit":true,"messageTitle":"Merge pull request #168 from daitenshionyan/fix-logic-manager","messageBody":"Fix `LogicManager` breaking on unexpected exceptions","fileTypesAndContributionMap":{}},{"hash":"f2b3692a74f4ac96de2b089d4525f39bb9fca655","isMergeCommit":false,"messageTitle":"Vaccination: add delete command","messageBody":"","fileTypesAndContributionMap":{"functional-code":{"insertions":88,"deletions":0},"test-code":{"insertions":14,"deletions":0}}},{"hash":"45f7eecef4b18bd8050a75ab79b4731cb2a9c865","isMergeCommit":false,"messageTitle":"Add tests","messageBody":"","fileTypesAndContributionMap":{"test-code":{"insertions":73,"deletions":2}}},{"hash":"8e1b699a297d9b0cac8ab722bd46bb5671866eed","isMergeCommit":false,"messageTitle":"Vaccination: add edit command","messageBody":"","fileTypesAndContributionMap":{"functional-code":{"insertions":201,"deletions":110}}},{"hash":"d18fe91b165598fb74c742a5650528ef8f50007e","isMergeCommit":false,"messageTitle":"Add tests","messageBody":"","fileTypesAndContributionMap":{"test-code":{"insertions":90,"deletions":0}}},{"hash":"b06c65e31531e727dd9acbcd2604fa7752768043","isMergeCommit":false,"messageTitle":"Fix issues according to tests","messageBody":"","fileTypesAndContributionMap":{"functional-code":{"insertions":47,"deletions":6}}},{"hash":"dc224aa2451535b8cc117560618e3293d76dd0b9","isMergeCommit":true,"messageTitle":"Merge pull request #172 from daitenshionyan/basic-vaccination-commands","messageBody":"Complete CRUD for vaccination","fileTypesAndContributionMap":{}}]},{"date":"2023-03-15","commitResults":[{"hash":"e84cd293688b413d2c63b4218c238059243ca6d5","isMergeCommit":false,"messageTitle":"VaxType: remove spacing attribute","messageBody":"","fileTypesAndContributionMap":{"functional-code":{"insertions":19,"deletions":123},"test-code":{"insertions":37,"deletions":194}}},{"hash":"589cf7fab25651745e3c3d95a90ce347c4b44ff2","isMergeCommit":true,"messageTitle":"Merge remote-tracking branch \u0027upstream/master\u0027 into remove-spacing-attribute","messageBody":"","fileTypesAndContributionMap":{}},{"hash":"ce322970ced363446511eed3178761130b690217","isMergeCommit":false,"messageTitle":"Remove spacing label in GUI","messageBody":"","fileTypesAndContributionMap":{"functional-code":{"insertions":7,"deletions":19}}},{"hash":"3fadcf004f2b4b3121ed32c7cf9bd1de8bfec63c","isMergeCommit":true,"messageTitle":"Merge branch \u0027master\u0027 into remove-spacing-attribute","messageBody":"","fileTypesAndContributionMap":{}},{"hash":"e39b854d1825937abb9dbd7e4ea9b42913efe5d9","isMergeCommit":false,"messageTitle":"Fix checkstyle issues","messageBody":"","fileTypesAndContributionMap":{"functional-code":{"insertions":1,"deletions":1}}},{"hash":"56ea7897dc21974deacf6e01d5b5a7cf953bb552","isMergeCommit":true,"messageTitle":"Merge pull request #192 from daitenshionyan/remove-spacing-attribute","messageBody":"Remove spacing attribute","fileTypesAndContributionMap":{}}]}],"slackernoob":[{"date":"2023-02-20","commitResults":[{"hash":"96175d2b2e523903e63637b99f3e3eb48acfe204","isMergeCommit":false,"messageTitle":"Add AboutUs page and update README page","messageBody":"","fileTypesAndContributionMap":{"docs":{"insertions":4,"deletions":4}}},{"hash":"18d21ba942e19cb38b6574deeaf0ae71a8322abb","isMergeCommit":false,"messageTitle":"Change image path name","messageBody":"","fileTypesAndContributionMap":{"docs":{"insertions":1,"deletions":1}}},{"hash":"6896f472bbdbee5b79fc3102207bb89cfb208c99","isMergeCommit":true,"messageTitle":"Merge pull request #13 from slackernoob/branch-aboutus","messageBody":"Add AboutUs page and update README page","fileTypesAndContributionMap":{}}]},{"date":"2023-02-27","commitResults":[{"hash":"dff85287346a6c794a16b8e259cff5068d2e4362","isMergeCommit":true,"messageTitle":"Merge pull request #47 from daitenshionyan/date-parser","messageBody":"Add date parser","fileTypesAndContributionMap":{}}]},{"date":"2023-03-10","commitResults":[{"hash":"8d9c7903de176103447a2ecb14e5c029ccc1e8ec","isMergeCommit":false,"messageTitle":"Update user guide for patient add functionality","messageBody":"","fileTypesAndContributionMap":{"docs":{"insertions":2,"deletions":2}}}]},{"date":"2023-03-11","commitResults":[{"hash":"8b2a46076583f5d8fc596308ec3b049ba124ca6c","isMergeCommit":true,"messageTitle":"Merge pull request #116 from slackernoob/update-user-guide","messageBody":"Update user guide for patient add functionality","fileTypesAndContributionMap":{}},{"hash":"abceab03e4b7440a2524fa84fc547e03a44395e2","isMergeCommit":true,"messageTitle":"Merge pull request #122 from francisyzy/Change-application-title-and-icon","messageBody":"Change application title and icon","fileTypesAndContributionMap":{}}]},{"date":"2023-03-14","commitResults":[{"hash":"61bcba39cac6d4a0410542ead24ea6094233e9fe","isMergeCommit":false,"messageTitle":"Add alternative feature name map","messageBody":"","fileTypesAndContributionMap":{"functional-code":{"insertions":14,"deletions":2}}},{"hash":"02a8676af456538c7cad4fb7c892749e6a47083a","isMergeCommit":false,"messageTitle":"Add testing for VmsParser","messageBody":"","fileTypesAndContributionMap":{"test-code":{"insertions":95,"deletions":0}}},{"hash":"f6ac8fdf73bc8ab2b01bc0b79d23458240eea668","isMergeCommit":false,"messageTitle":"Add alternative name mapping appt for appointment","messageBody":"","fileTypesAndContributionMap":{"functional-code":{"insertions":1,"deletions":0}}},{"hash":"c7aec608154feeb96bc1e65cc305bb4fec16c73f","isMergeCommit":false,"messageTitle":"Fix checkstyle issues","messageBody":"","fileTypesAndContributionMap":{"functional-code":{"insertions":1,"deletions":1},"test-code":{"insertions":18,"deletions":17}}},{"hash":"6f85599072ab2d9abddcdf6cd1f28737dd668e5b","isMergeCommit":false,"messageTitle":"Change constant variable naming convention","messageBody":"","fileTypesAndContributionMap":{"test-code":{"insertions":26,"deletions":26}}},{"hash":"e888e3a3d3f14222d5ca8bd2e967fbee62da3e79","isMergeCommit":false,"messageTitle":"Fix checkstyle issues","messageBody":"","fileTypesAndContributionMap":{"test-code":{"insertions":2,"deletions":2}}},{"hash":"11f3eab15554ed96c5d3201ff29ead1a0e612540","isMergeCommit":true,"messageTitle":"Merge pull request #174 from slackernoob/branch-component-alternative-names","messageBody":"Add support for Alternative Component names","fileTypesAndContributionMap":{}}]}],"nusE0726844":[{"date":"2023-02-19","commitResults":[{"hash":"8dc3203ed641b6f187d33ec1bc6f73885e9c922d","isMergeCommit":false,"messageTitle":"Update AboutUs.md and individual portfolio","messageBody":"","fileTypesAndContributionMap":{"docs":{"insertions":46,"deletions":2}}},{"hash":"3ef94d51b344f351dc99d5320e518d3835482923","isMergeCommit":false,"messageTitle":"Updated name of AboutUs.md and individual portfolio","messageBody":"","fileTypesAndContributionMap":{"docs":{"insertions":2,"deletions":2}}},{"hash":"333115a37988fafb2909771b86ebddc3b4bde2b2","isMergeCommit":true,"messageTitle":"Merge branch \u0027AY2223S2-CS2103-F11-3:master\u0027 into master","messageBody":"","fileTypesAndContributionMap":{}},{"hash":"3a59f36bce9244d8c1a752a03a859e5a51caebb3","isMergeCommit":true,"messageTitle":"Merge pull request #9 from nusE0726844/master","messageBody":"Update AboutUs.md and individual portfolio","fileTypesAndContributionMap":{}}]},{"date":"2023-02-20","commitResults":[{"hash":"6e1b1054f7d589d3985d7fc9a7eb84d2a9408657","isMergeCommit":false,"messageTitle":"Create an Appointment class","messageBody":"Appointment class represents an Appointment in the vaccine management system.\nAppointment class contains variables:\n* person: the patient taking the vaccine\n* appointmentTime: the time of the appointment\n\nAppointment class contains methods:\n* getPerson(): returns the patient taking the vaccine\n* getAppointmentTime(): returns the time of the appointment\n* setAppointmentTime(): updates the time of the appointment\n\nAdded a DateParseException class to handle invalid given appointment time exceptions.\n","fileTypesAndContributionMap":{"functional-code":{"insertions":61,"deletions":0}}}]},{"date":"2023-02-21","commitResults":[{"hash":"fc1f94ab75ca43f107f313e2b390bfb943ada1f5","isMergeCommit":false,"messageTitle":"Update Appointment class","messageBody":"Previously,\n* Appointment class: constructor accepts Person and String.\n                                      String was to be parsed to LocalDate.\n* Appointment class: appointmentTime used LocalDate.\n* Appointment class: use DateParseException class to handle invalid dates.\n\nNow,\n* Appointment class: constructor accepts Person and LocalDateTime.\n* Appointment class: appointmentTime used LocalDateTime.\n* Appointment class: removed DateParseException class.\n* Appointment class: added isSamePatient() method.\n* Appointment class: added equals() method.\n* Appointment class: added hashCode() method.\n","fileTypesAndContributionMap":{"functional-code":{"insertions":51,"deletions":31}}},{"hash":"3ca41e61bac68f4c2d319980334e204c28afb3d5","isMergeCommit":false,"messageTitle":"Fix checkstyle issues","messageBody":"* Appointment class: add javadoc comment to constructor.\n* Appointment class: move \u0027+\u0027 to newline in toString().\n","fileTypesAndContributionMap":{"functional-code":{"insertions":6,"deletions":3}}}]},{"date":"2023-02-25","commitResults":[{"hash":"edd453cb8f623f55643d8d2041fd3a04face3715","isMergeCommit":true,"messageTitle":"Merge pull request #24 from nusE0726844/branch-A-CreateAppointment","messageBody":"Create an Appointment class","fileTypesAndContributionMap":{}},{"hash":"b3b63294fa91be9c2dbb2837ffd935e9fc736264","isMergeCommit":false,"messageTitle":"Rename PPP skeleton to lowercase for tp progress dashboard","messageBody":"","fileTypesAndContributionMap":{"docs":{"insertions":1,"deletions":1}}},{"hash":"454adfec8d6ba24072b5d881904eabb5063128bc","isMergeCommit":true,"messageTitle":"Merge pull request #46 from nusE0726844/branch-A-PPP-Skeleton","messageBody":"Rename PPP skeleton to lowercase for tp progress dashboard","fileTypesAndContributionMap":{}}]},{"date":"2023-03-05","commitResults":[{"hash":"974a8a2d89d2d6feea1987758ecb420b786ad803","isMergeCommit":false,"messageTitle":"Created AppointmentManager to manage appointments","messageBody":"","fileTypesAndContributionMap":{"functional-code":{"insertions":33,"deletions":0}}}]},{"date":"2023-03-07","commitResults":[{"hash":"22ac63c90821143e64a767cc9495637a664947c3","isMergeCommit":false,"messageTitle":"Add AddCommand for Appointment Class","messageBody":"","fileTypesAndContributionMap":{"functional-code":{"insertions":185,"deletions":16}}},{"hash":"1b0de6e9a90cbc0b4d894689ec89353a5815c2d0","isMergeCommit":false,"messageTitle":"Fix checkstyle errors","messageBody":"","fileTypesAndContributionMap":{"functional-code":{"insertions":7,"deletions":6}}},{"hash":"75e62d19849f14ea14fcec7c6c40cc7d7b14dd96","isMergeCommit":false,"messageTitle":"Fix compileTestJava test","messageBody":"","fileTypesAndContributionMap":{"test-code":{"insertions":6,"deletions":0}}},{"hash":"3f21fb9c49c8bbc72834a0acc08cd5f21f3921b9","isMergeCommit":false,"messageTitle":"Fix checkstyle","messageBody":"","fileTypesAndContributionMap":{"functional-code":{"insertions":1,"deletions":1}}},{"hash":"29a61a680a24a96a8bb80b13c8353d5233b7e1a4","isMergeCommit":false,"messageTitle":"Fix more checkstyle","messageBody":"","fileTypesAndContributionMap":{"test-code":{"insertions":1,"deletions":1}}}]},{"date":"2023-03-09","commitResults":[{"hash":"e17142ed5cd973f6e230ac4094a5e58310d66321","isMergeCommit":true,"messageTitle":"Merge pull request #98 from nusE0726844/branch-A-Appointment-Add","messageBody":"Allows appointments to be added","fileTypesAndContributionMap":{}}]},{"date":"2023-03-13","commitResults":[{"hash":"20499326c7802d0eefdf27c0ddef7e09a42e3ad2","isMergeCommit":false,"messageTitle":"Create AppointmentCard for GUI","messageBody":"","fileTypesAndContributionMap":{"functional-code":{"insertions":48,"deletions":0}}},{"hash":"264627d643412698d5aef43bee7af2241acb777a","isMergeCommit":false,"messageTitle":"Add getFilteredAppointmentMap method","messageBody":"","fileTypesAndContributionMap":{"functional-code":{"insertions":83,"deletions":1}}},{"hash":"fda07c2dc030488de2bc637a784f3907a3e053eb","isMergeCommit":false,"messageTitle":"Added appointment placeholder to GUI","messageBody":"","fileTypesAndContributionMap":{"functional-code":{"insertions":78,"deletions":30}}},{"hash":"9d65fbe7b8222c21d0695d778d94e0dd1909e67a","isMergeCommit":false,"messageTitle":"Change appointmentListPanelPlaceholder to use appointmentListPanel instead of vaxTypeListPanel","messageBody":"","fileTypesAndContributionMap":{"functional-code":{"insertions":1,"deletions":1}}},{"hash":"714f086d051af4ec1d0f9f1728d1f7f4c93f576e","isMergeCommit":false,"messageTitle":"Fixed Exception in thread \"JavaFX Application Thread\" java.lang.NullPointerException issue","messageBody":"","fileTypesAndContributionMap":{"functional-code":{"insertions":1,"deletions":1}}}]},{"date":"2023-03-14","commitResults":[{"hash":"bebd74f2ab623829fa779324e508eb5e9e0f5006","isMergeCommit":true,"messageTitle":"Merge commit \u0027c6964ea85c2de83bb5d6b94e26c96e261c32ae6b\u0027 into branch-A-AppointmentGUI","messageBody":"","fileTypesAndContributionMap":{}},{"hash":"2e1ed62653196e24649ddba09c33367e82e961cf","isMergeCommit":true,"messageTitle":"Merge branch \u0027master\u0027 into branch-A-AppointmentGUI","messageBody":"# Conflicts:\n#\tsrc/main/resources/view/MainWindow.fxml\n","fileTypesAndContributionMap":{}},{"hash":"a74e931a8a448eeeff3d23094510a51bdfe50b7f","isMergeCommit":false,"messageTitle":"Complete Appointment model","messageBody":"","fileTypesAndContributionMap":{"functional-code":{"insertions":78,"deletions":51}}},{"hash":"442e8662d6a46805b1283f25426f79722cd4dd3a","isMergeCommit":false,"messageTitle":"Fix Appointment GUI after merge","messageBody":"","fileTypesAndContributionMap":{"functional-code":{"insertions":17,"deletions":85},"test-code":{"insertions":26,"deletions":0}}},{"hash":"b12c1b8eb2e9e49136e8e0bef3636f7427e06ece","isMergeCommit":false,"messageTitle":"Fix import checkstyle error","messageBody":"Class involved:\n* AddCommand Class\n* AddCommandParser Class\n","fileTypesAndContributionMap":{"functional-code":{"insertions":2,"deletions":2}}},{"hash":"da366a65089c52d259a3f2cd2175cfedb0aaa84a","isMergeCommit":false,"messageTitle":"Change Appointment getPatient to return Index data type","messageBody":"","fileTypesAndContributionMap":{"functional-code":{"insertions":4,"deletions":4}}},{"hash":"b7197c270c9493d0ea70719b80368d3f1390e36b","isMergeCommit":false,"messageTitle":"Change add command to use unfiltered state of patient manager","messageBody":"","fileTypesAndContributionMap":{"functional-code":{"insertions":3,"deletions":3}}},{"hash":"05cde9acefd519b5beca5b9c1414357eaba0847e","isMergeCommit":false,"messageTitle":"Change prefix used for vaccine","messageBody":"","fileTypesAndContributionMap":{"functional-code":{"insertions":5,"deletions":5}}},{"hash":"8188bce224a2bcb6d40e5e79c4aa0356481c9370","isMergeCommit":false,"messageTitle":"Include PREFIX_VACCINATION in prefix check","messageBody":"","fileTypesAndContributionMap":{"functional-code":{"insertions":1,"deletions":1}}},{"hash":"4b39a954c3ee3033db8db6a450e02f40a938965c","isMergeCommit":true,"messageTitle":"Merge pull request #164 from nusE0726844/branch-A-Appointment","messageBody":"Complete Appointment model","fileTypesAndContributionMap":{}},{"hash":"f698fc36f1af1d92819f762b91110a8a054abb1e","isMergeCommit":true,"messageTitle":"Merge branch \u0027master\u0027 into branch-A-AppointmentGUI","messageBody":"# Conflicts:\n#\tsrc/main/java/seedu/vms/model/appointment/Appointment.java\n#\tsrc/main/resources/view/MainWindow.fxml\n","fileTypesAndContributionMap":{}},{"hash":"975e84e819e47a4aa3b372f0d3ff5a7b31c51f52","isMergeCommit":false,"messageTitle":"Format AppointmentCard","messageBody":"Now includes:\n* Duration: Start and end timing\n* Vaccine: Type of Vaccine\n","fileTypesAndContributionMap":{"functional-code":{"insertions":41,"deletions":20}}},{"hash":"67e7baf2a4701952f6bc495eb76aea4b4a32a48a","isMergeCommit":true,"messageTitle":"Merge pull request #167 from nusE0726844/branch-A-AppointmentGUI","messageBody":"Add placeholder slot for appointment GUI and implement appointment card","fileTypesAndContributionMap":{}},{"hash":"4238a19c18e144a23736e6e71436ae11eff4792c","isMergeCommit":false,"messageTitle":"Fix import checkstyle error","messageBody":"","fileTypesAndContributionMap":{"functional-code":{"insertions":1,"deletions":0}}},{"hash":"6bb872b4d253debc9d245a3dc3453a121c86b56f","isMergeCommit":true,"messageTitle":"Merge pull request #169 from nusE0726844/Implement-Appointment-Card","messageBody":" Implement appointment card","fileTypesAndContributionMap":{}},{"hash":"334d2335022df35a9820d52deba2f91799ba9ee4","isMergeCommit":false,"messageTitle":"Create AppointmentStorage interface","messageBody":"","fileTypesAndContributionMap":{"functional-code":{"insertions":35,"deletions":0}}},{"hash":"00b1e21f016ff7676da994b18162358cfcfa7149","isMergeCommit":false,"messageTitle":"Add classes to handle storage for appointments","messageBody":"","fileTypesAndContributionMap":{"functional-code":{"insertions":554,"deletions":10},"test-code":{"insertions":3,"deletions":1}}},{"hash":"5ed302d62e1df4281248a757af4f4e6de7c3e4bc","isMergeCommit":false,"messageTitle":"Format code","messageBody":"","fileTypesAndContributionMap":{"functional-code":{"insertions":6,"deletions":4}}},{"hash":"5b8f18b014c20c12404d8bcf4fd5c91ee6d39a7f","isMergeCommit":false,"messageTitle":"Fix unused import checkstyle errors","messageBody":"","fileTypesAndContributionMap":{"functional-code":{"insertions":2,"deletions":6}}},{"hash":"d8b0780bc7a10a6af920cdabb364dc357caa276d","isMergeCommit":false,"messageTitle":"Fix wrong lexicographical order checkstyle errors","messageBody":"","fileTypesAndContributionMap":{"functional-code":{"insertions":1,"deletions":2}}},{"hash":"ea63c263c3970eb8e026958f38f37bc24f2349b1","isMergeCommit":false,"messageTitle":"Fix line is longer than 120 characters checkstyle error","messageBody":"","fileTypesAndContributionMap":{"test-code":{"insertions":2,"deletions":1}}},{"hash":"20316303c5ade5dfda30b70b411aa981edcef103","isMergeCommit":false,"messageTitle":"Add check for non null VaxTypeManager and AppointmentManager","messageBody":"","fileTypesAndContributionMap":{"functional-code":{"insertions":1,"deletions":1}}},{"hash":"6a3e5e6ffc3fe24ec18f714498ca87c8af868021","isMergeCommit":false,"messageTitle":"Fix issue of appointment not showing on GUI after add","messageBody":"","fileTypesAndContributionMap":{"functional-code":{"insertions":190,"deletions":204}}},{"hash":"e508888a9f4648bed5740778738cca4530573e65","isMergeCommit":false,"messageTitle":"Safe delete unused classes","messageBody":"","fileTypesAndContributionMap":{"functional-code":{"insertions":0,"deletions":112}}},{"hash":"e628f252b9345f30e09e2d33fec0afde0db1d72a","isMergeCommit":false,"messageTitle":"Fix multiple checkstyle errors","messageBody":"","fileTypesAndContributionMap":{"functional-code":{"insertions":19,"deletions":13}}}]},{"date":"2023-03-15","commitResults":[{"hash":"5ca6832cbb2a540a049082a39e01797e5e1b399a","isMergeCommit":false,"messageTitle":"Fix Appointment not loading issue","messageBody":"","fileTypesAndContributionMap":{"functional-code":{"insertions":7,"deletions":7}}},{"hash":"0de35c577c11f57b09a2c1e984c655f0b528f73f","isMergeCommit":false,"messageTitle":"Fix CustomImportOrder checkstyle error","messageBody":"","fileTypesAndContributionMap":{"functional-code":{"insertions":1,"deletions":0}}},{"hash":"4c0e8bbbf2cf33670972f40797fd365cb4149dcb","isMergeCommit":false,"messageTitle":"Fix checkstyle errors","messageBody":"","fileTypesAndContributionMap":{"functional-code":{"insertions":1,"deletions":2}}},{"hash":"2cb250d5e3b76f9761a7e06fdd6a981c85dbabfb","isMergeCommit":false,"messageTitle":"Fix more checkstyle errors","messageBody":"","fileTypesAndContributionMap":{"functional-code":{"insertions":2,"deletions":0}}},{"hash":"9a4f585a3d38cb9ca163381972123e840576d3bb","isMergeCommit":false,"messageTitle":"Fix checkstylr errors","messageBody":"Extra separation in import group before \u0027seedu.vms.model.appointment.Appointment\u0027 [CustomImportOrder]\n","fileTypesAndContributionMap":{"functional-code":{"insertions":0,"deletions":1}}},{"hash":"0256dfd24e047ad782922790883e7809822007c8","isMergeCommit":true,"messageTitle":"Merge pull request #175 from nusE0726844/branch-A-Appointment-Storage","messageBody":"Appointment storage","fileTypesAndContributionMap":{}},{"hash":"f7c7e0ae0359726b9e1e55767c423a276bf45748","isMergeCommit":false,"messageTitle":"Add DeleteCommand Class to handle deleting appointments","messageBody":"","fileTypesAndContributionMap":{"functional-code":{"insertions":69,"deletions":0}}},{"hash":"968fd4751257b3c7d9f41794649f564cbcd7989d","isMergeCommit":false,"messageTitle":"Add DeleteCommandParser Class to handle deleting appointments","messageBody":"","fileTypesAndContributionMap":{"functional-code":{"insertions":31,"deletions":0}}},{"hash":"27f8be16ee35d075e0e77ab269f20cab4feb8b52","isMergeCommit":false,"messageTitle":"Add delete command to AppointmentParser Class to handle parsing delete command for appointment","messageBody":"","fileTypesAndContributionMap":{"functional-code":{"insertions":4,"deletions":0}}},{"hash":"95ddc1568334f95bfb0bf6166b55b5cf1abdc9e5","isMergeCommit":false,"messageTitle":"Fix LineLength checkstyle error","messageBody":"","fileTypesAndContributionMap":{"functional-code":{"insertions":2,"deletions":1}}},{"hash":"a999b6e1a9625225142ae63549414779f6da65ac","isMergeCommit":false,"messageTitle":"Fix test stubs missing method error","messageBody":"Missing method:\n* deleteAppointment(int)\n","fileTypesAndContributionMap":{"test-code":{"insertions":10,"deletions":0}}},{"hash":"0357092d026be949d7b5ac5169ef69be32396c08","isMergeCommit":false,"messageTitle":"Fix issue where appointment end date can be earlier than start date","messageBody":"","fileTypesAndContributionMap":{"functional-code":{"insertions":9,"deletions":0}}},{"hash":"a0a6aa3484cdb43b872bef8ab9ad7dfbb500fc14","isMergeCommit":false,"messageTitle":"Fix unexpected exception type","messageBody":"Appointment AddCommand throws IllegalArgumentException when an invalid duration is given\n","fileTypesAndContributionMap":{"functional-code":{"insertions":4,"deletions":1}}},{"hash":"2e6c17cb14f0e104c9e88dec075859fda89bc3ac","isMergeCommit":false,"messageTitle":"Fix issue where Appointment ID displayed as patient ID instead of its ID","messageBody":"","fileTypesAndContributionMap":{"functional-code":{"insertions":16,"deletions":14}}},{"hash":"d4230b9df93ba6060be7f6dc1b56db55fae197a1","isMergeCommit":false,"messageTitle":"Change DeleteCommand of Appointment to use the unfiltered view of the appointment map.","messageBody":"","fileTypesAndContributionMap":{"functional-code":{"insertions":3,"deletions":3}}},{"hash":"11c421faf0f6475069fc76fd1c3e60e0beea6f63","isMergeCommit":true,"messageTitle":"Merge pull request #184 from nusE0726844/Appointment-Duration_Bugfix","messageBody":"Bugfix for invalid appointment duration","fileTypesAndContributionMap":{}},{"hash":"4aaac02f85d5bf9417e7b7435788174e4fd663c2","isMergeCommit":true,"messageTitle":"Merge pull request #185 from nusE0726844/Appointment-GUI-Bugfix","messageBody":"Fix issue where Appointment ID displayed as patient ID instead of its ID","fileTypesAndContributionMap":{}},{"hash":"a16f0433d35b3c09105916c9eb980fe3fbbb5e85","isMergeCommit":true,"messageTitle":"Merge pull request #183 from nusE0726844/Appointment-Implement-Delete","messageBody":"Implement delete command for appointment","fileTypesAndContributionMap":{}},{"hash":"2b2a8b95fcc67c145bb07c2703e1b132d60f9391","isMergeCommit":false,"messageTitle":"Create a EditCommand Class to handle editing appointments","messageBody":"","fileTypesAndContributionMap":{"functional-code":{"insertions":210,"deletions":4}}},{"hash":"05068f463708e32c068b633e363d6aca669def3e","isMergeCommit":false,"messageTitle":"Create a EditCommandParser Class to handle parsing edit commands","messageBody":"","fileTypesAndContributionMap":{"functional-code":{"insertions":62,"deletions":0}}},{"hash":"c8fb478305613b8d80e7e23f98254acc3271a849","isMergeCommit":false,"messageTitle":"Add EditCommand to AppointmentParser","messageBody":"","fileTypesAndContributionMap":{"functional-code":{"insertions":11,"deletions":0}}},{"hash":"1b6b6925d669efb723b7d4f491d5477366c57d69","isMergeCommit":false,"messageTitle":"Fix LineLength checkstyle error","messageBody":"","fileTypesAndContributionMap":{"functional-code":{"insertions":16,"deletions":8}}},{"hash":"fa72d3fa3f7868a4b47ed338969753d7574147eb","isMergeCommit":false,"messageTitle":"Fix not implemented method checkstyle error","messageBody":"","fileTypesAndContributionMap":{"test-code":{"insertions":11,"deletions":1}}},{"hash":"bd43c7f58f7bcaf837f961ee9a93ad8bab2045e1","isMergeCommit":false,"messageTitle":"Add ListCommand for Appointment Class to handle listing all appointments","messageBody":"","fileTypesAndContributionMap":{"functional-code":{"insertions":41,"deletions":0}}},{"hash":"95d65c21aee930fd7546d39ea6718c7d7853ba9d","isMergeCommit":false,"messageTitle":"Add ListCommand to AppointmentParser","messageBody":"","fileTypesAndContributionMap":{"functional-code":{"insertions":4,"deletions":0}}},{"hash":"9568bed2f94d651bcfc49acccc8cadd147078fa1","isMergeCommit":false,"messageTitle":"Add update to AddCommand for Appoinment","messageBody":"","fileTypesAndContributionMap":{"functional-code":{"insertions":3,"deletions":2}}},{"hash":"3f8edfedca8b51312afd67a7fe6bb3eb16f64ed5","isMergeCommit":false,"messageTitle":"Add placeholder for updateFilteredAppointmentList call","messageBody":"","fileTypesAndContributionMap":{"functional-code":{"insertions":2,"deletions":0}}},{"hash":"c2a5da911e18a782f5e78304bab704db45f0d44e","isMergeCommit":false,"messageTitle":"Fix not implemented method checkstyle error","messageBody":"","fileTypesAndContributionMap":{"test-code":{"insertions":10,"deletions":0}}},{"hash":"eadf92268d484a8f515089843cba222f36111f55","isMergeCommit":false,"messageTitle":"Fix unused import checkstyle error","messageBody":"","fileTypesAndContributionMap":{"functional-code":{"insertions":0,"deletions":1}}},{"hash":"a77509fef42afb2cda3f069b9dee8dd27ba2e768","isMergeCommit":true,"messageTitle":"Merge pull request #187 from nusE0726844/Appointment-Implement-Edit","messageBody":"Implement edit command for appointment","fileTypesAndContributionMap":{}},{"hash":"78a97ad624d3c348943539fc57a39cf2755e4682","isMergeCommit":true,"messageTitle":"Merge branch \u0027master\u0027 into Appointment-Implement-List","messageBody":"","fileTypesAndContributionMap":{}},{"hash":"1f82ddb1ff3eb1e0f92fa1731b1c4a2f6cdf6f83","isMergeCommit":true,"messageTitle":"Merge pull request #191 from nusE0726844/Appointment-Implement-List","messageBody":"Implement list command for appointment","fileTypesAndContributionMap":{}}]}],"francisyzy":[{"date":"2023-02-19","commitResults":[{"hash":"231fc1df4e2ccd717f885761eef0ba37e92773af","isMergeCommit":false,"messageTitle":"Update AboutUs - Francis","messageBody":"","fileTypesAndContributionMap":{"docs":{"insertions":50,"deletions":16}}},{"hash":"cdc170b226c891b23eb2f5a2cd664da081f511e8","isMergeCommit":true,"messageTitle":"Merge pull request #7 from francisyzy/update-about-us-francis","messageBody":"Update AboutUs - Francis","fileTypesAndContributionMap":{}}]},{"date":"2023-02-20","commitResults":[{"hash":"5abe7dea0a6b12c9ffca94b909c7b0ee55f5be1e","isMergeCommit":false,"messageTitle":"Update readme and repo link","messageBody":"","fileTypesAndContributionMap":{"docs":{"insertions":28,"deletions":839}}},{"hash":"ad55b19dcfda74c5bc502e04dd2ad9e8ef2f4f2e","isMergeCommit":true,"messageTitle":"Merge pull request #12 from francisyzy/update-readme-and-repo","messageBody":"Update readme and repo link","fileTypesAndContributionMap":{}},{"hash":"2c009088a32ee5d20413724781a7b7a21576546a","isMergeCommit":false,"messageTitle":"Update user guide","messageBody":"","fileTypesAndContributionMap":{"docs":{"insertions":105,"deletions":100}}},{"hash":"4f43bc27be2eb5e4cbfccad4a4d2dcccca44c20c","isMergeCommit":true,"messageTitle":"Merge pull request #14 from francisyzy/update-user-guide","messageBody":"Update user guide","fileTypesAndContributionMap":{}},{"hash":"b4ea9a6ed2ffb4fa94151e1533473f078fa17c34","isMergeCommit":false,"messageTitle":"Update Developer Guide","messageBody":"Following are updated:\nuser stories\nGlossary\nuse cases\n","fileTypesAndContributionMap":{"docs":{"insertions":166,"deletions":17}}},{"hash":"27614517a9e1ff02a177ba070eb90957bc357b52","isMergeCommit":true,"messageTitle":"Merge pull request #15 from francisyzy/update-dg","messageBody":"Update Developer Guide","fileTypesAndContributionMap":{}}]},{"date":"2023-02-21","commitResults":[{"hash":"faee9a6c002becced77255593854fd37e8e7b06b","isMergeCommit":false,"messageTitle":"Remove traces of AB from UG, DG, _config.yml","messageBody":"AB3 UG has been adapted to the new product (no traces of AB3 left)\n\nAB3 DG has been adapted to the new product (no traces of AB3 left)\nReplaced instance of AddressBook to Vms\n\n_config.yml header still said AB3\n\ntP progress dashboard not updated enough\n","fileTypesAndContributionMap":{"functional-code":{"insertions":2,"deletions":2},"docs":{"insertions":105,"deletions":104}}},{"hash":"7ec16948c20a7544c7dabfc09b19528bcd50d346","isMergeCommit":true,"messageTitle":"Merge pull request #27 from daitenshionyan/change-command-syntax","messageBody":"Change command syntax - Feature parsing","fileTypesAndContributionMap":{}},{"hash":"5fec9f961c93ff04d8c06e1f9e6f5f23dfa40ede","isMergeCommit":false,"messageTitle":"Solve problem noted","messageBody":"problems noted: [AboutUs.md] src\u003d\"images/user_name_in_lower_case.png\" missing for some members\n\nproblems noted: sections not updated [Product scope, non-functional requirements]","fileTypesAndContributionMap":{"docs":{"insertions":7,"deletions":5}}}]},{"date":"2023-02-24","commitResults":[{"hash":"fdfb5cbc4b0f04a49e41e79a42fea344fc70f0a7","isMergeCommit":true,"messageTitle":"Merge pull request #39 from francisyzy/adapt-website-dg","messageBody":"Solve problem noted on TP Dashboard site","fileTypesAndContributionMap":{}}]},{"date":"2023-03-03","commitResults":[{"hash":"5962146b971db10ec209b5ad090c89444c55041a","isMergeCommit":true,"messageTitle":"Merge pull request #55 from daitenshionyan/change-command-syntax","messageBody":"Update parsing to parse common delimiter","fileTypesAndContributionMap":{}},{"hash":"ecbc0d2654425e8d0c38b17ee4bd3bb4bb51a87e","isMergeCommit":false,"messageTitle":"Renamed all instances of Person to Patient","messageBody":"","fileTypesAndContributionMap":{"functional-code":{"insertions":357,"deletions":356},"other":{"insertions":193,"deletions":197},"docs":{"insertions":49,"deletions":49},"test-code":{"insertions":480,"deletions":479}}},{"hash":"a67043783a55a9024d34116199dfc98090f9ae25","isMergeCommit":false,"messageTitle":"Add date (no time) parser","messageBody":"Related #47\n\n#1 DOB does not keep track of birth time.\nOnly need `localdate`, not `localdatetime`\n","fileTypesAndContributionMap":{"functional-code":{"insertions":34,"deletions":15},"test-code":{"insertions":50,"deletions":20}}},{"hash":"00f16f274cce4ac4f0bc96739ffd9f6f2b394575","isMergeCommit":true,"messageTitle":"Merge pull request #57 from francisyzy/rename-person-patient","messageBody":"Renamed all instances of Person to Patient","fileTypesAndContributionMap":{}}]},{"date":"2023-03-04","commitResults":[{"hash":"fb19e80b7d8a320db51a02c9748113062bea269b","isMergeCommit":true,"messageTitle":"Merge branch \u0027AY2223S2-CS2103-F11-3:master\u0027 into add-date-only-parser","messageBody":"","fileTypesAndContributionMap":{}},{"hash":"83a770467c0b4127982a68fa7f5e4fe71770a0a2","isMergeCommit":false,"messageTitle":"Revert \"Add date (no time) parser\", implementing it another way","messageBody":"This reverts commit a67043783a55a9024d34116199dfc98090f9ae25.\n","fileTypesAndContributionMap":{"functional-code":{"insertions":15,"deletions":34},"test-code":{"insertions":20,"deletions":50}}},{"hash":"db5e1148173343d791f59d1e18aeb80aa53426e3","isMergeCommit":false,"messageTitle":"Add date parser feature for datetime parser","messageBody":"Assume the date to be 0000 hrs and use localdatetime instead.\n\nSuggestion from @daitenshionyan\n\nAdds tests for the new date only parsing also.\n\nPS REGEX, not REGREX\n","fileTypesAndContributionMap":{"functional-code":{"insertions":14,"deletions":10},"test-code":{"insertions":15,"deletions":2}}},{"hash":"19e849f7eb1381a15fe5578bc00700210f2bb957","isMergeCommit":false,"messageTitle":"Move potato user to NFR","messageBody":"","fileTypesAndContributionMap":{"docs":{"insertions":2,"deletions":2}}},{"hash":"c7e6575b6dfe88f3fb58e71a11695ad1a195a31d","isMergeCommit":true,"messageTitle":"Merge pull request #58 from francisyzy/add-date-only-parser","messageBody":"Add date only parser","fileTypesAndContributionMap":{}},{"hash":"149745bfebfd806f8c09f18559e19f705678aabb","isMergeCommit":true,"messageTitle":"Merge pull request #66 from francisyzy/fix-potato-nfr","messageBody":"Move potato user to NFR","fileTypesAndContributionMap":{}},{"hash":"b2a7974c122138711265eb7788a1fa2af4bf43c2","isMergeCommit":false,"messageTitle":"Add dob","messageBody":"Yet to implement into patient yet\n\nRelated to #1\n","fileTypesAndContributionMap":{"functional-code":{"insertions":84,"deletions":0},"test-code":{"insertions":43,"deletions":0}}},{"hash":"b8515986bee3ba554092ea085505a810ca43834f","isMergeCommit":false,"messageTitle":"Fix checkstyle","messageBody":"","fileTypesAndContributionMap":{"functional-code":{"insertions":3,"deletions":2},"test-code":{"insertions":1,"deletions":1}}},{"hash":"0fd9e9b3509101d9354b2a2726e5bd41a890f465","isMergeCommit":false,"messageTitle":"Add more Dob Test","messageBody":"Found a bug where creating from local date time object results in\nhhmm not set to 0000, thus it being not equal\n","fileTypesAndContributionMap":{"functional-code":{"insertions":3,"deletions":2},"test-code":{"insertions":30,"deletions":1}}},{"hash":"a4e137b978988fbb9ef91bf298f8bed103ea7eee","isMergeCommit":true,"messageTitle":"Merge pull request #71 from francisyzy/add-dob","messageBody":"Add dob","fileTypesAndContributionMap":{}},{"hash":"0c2ad6b4ff842a4ba39cf53fdd686ab7218c3aba","isMergeCommit":false,"messageTitle":"Add BloodType","messageBody":"","fileTypesAndContributionMap":{"functional-code":{"insertions":101,"deletions":0},"test-code":{"insertions":42,"deletions":0}}}]},{"date":"2023-03-05","commitResults":[{"hash":"81a624972b17d46e2305e2c139f3ac7fdf61daf6","isMergeCommit":true,"messageTitle":"Merge pull request #75 from francisyzy/Add-bloodType","messageBody":"Add BloodType","fileTypesAndContributionMap":{}},{"hash":"90cba0ac5c4837b5e5ae2dd0e0d7d1e176f2bd92","isMergeCommit":false,"messageTitle":"Add allergy","messageBody":"Related to #1\nNot implemented in Patient yet\n","fileTypesAndContributionMap":{"functional-code":{"insertions":55,"deletions":0},"test-code":{"insertions":34,"deletions":0}}},{"hash":"7f6bdd0db51571442db0136c6368ba96b17b87af","isMergeCommit":false,"messageTitle":"Add vaccine","messageBody":"Related to #1\nNot implemented in Patient yet\nClose #79\n","fileTypesAndContributionMap":{"functional-code":{"insertions":55,"deletions":0},"test-code":{"insertions":34,"deletions":0}}},{"hash":"2897707fab207a02e023208f36affd1c6247a8af","isMergeCommit":true,"messageTitle":"Merge pull request #78 from francisyzy/Add-allergy","messageBody":"Add allergy","fileTypesAndContributionMap":{}},{"hash":"abd8b7d4e437f1309fc5442dd108cbfde8bfe2ea","isMergeCommit":true,"messageTitle":"Merge pull request #80 from francisyzy/Add-vaccine","messageBody":"Add vaccine","fileTypesAndContributionMap":{}}]},{"date":"2023-03-08","commitResults":[{"hash":"cc30376e2b3a66e5aa940e7425c45e5f9ce660b3","isMergeCommit":false,"messageTitle":"Remove address, email, tag","messageBody":"","fileTypesAndContributionMap":{"functional-code":{"insertions":22,"deletions":541},"test-code":{"insertions":115,"deletions":570}}},{"hash":"93b916b540088b7b73dfb0641bde17bb80eec904","isMergeCommit":false,"messageTitle":"Add dob, bloodtype, allergy, vaccine","messageBody":"Some tests are still broken\n","fileTypesAndContributionMap":{"functional-code":{"insertions":566,"deletions":27},"test-code":{"insertions":600,"deletions":152}}}]},{"date":"2023-03-09","commitResults":[{"hash":"c479c0923168386f12eda98e986ec3e1647211a4","isMergeCommit":false,"messageTitle":"Fix tests","messageBody":"","fileTypesAndContributionMap":{"functional-code":{"insertions":8,"deletions":7},"test-code":{"insertions":49,"deletions":13}}}]},{"date":"2023-03-10","commitResults":[{"hash":"803eb1d8bdcf8d92b98c9ba8eb12e6b681745f86","isMergeCommit":false,"messageTitle":"Fix comments and var names","messageBody":"","fileTypesAndContributionMap":{"functional-code":{"insertions":3,"deletions":3},"test-code":{"insertions":17,"deletions":17}}},{"hash":"9554c99db9dc91f8ddc0780f1c1103d16fd4399c","isMergeCommit":false,"messageTitle":"Fix NullPointerException during startup","messageBody":"","fileTypesAndContributionMap":{"functional-code":{"insertions":51,"deletions":3}}},{"hash":"f72a554c5b1f689a1652ba8f5eac850735250cab","isMergeCommit":true,"messageTitle":"Merge branch \u0027master\u0027 into update-patient","messageBody":"","fileTypesAndContributionMap":{}},{"hash":"02d4b1c0e26d6eb2f7f476c6e6cb54f3ae41ab32","isMergeCommit":false,"messageTitle":"Change from FlowPane to VBox","messageBody":"See: https://github.com/AY2223S2-CS2103-F11-3/tp/pull/103#discussion_r1129890256\n","fileTypesAndContributionMap":{"functional-code":{"insertions":33,"deletions":14}}},{"hash":"2e3fac53d833142f341752cda4297e31dbcb1e49","isMergeCommit":true,"messageTitle":"Merge branch \u0027master\u0027 into update-patient","messageBody":"","fileTypesAndContributionMap":{}},{"hash":"a1ee886864277725a9e7208e4fd41304d0fdccd5","isMergeCommit":false,"messageTitle":"Fix merge issue","messageBody":"","fileTypesAndContributionMap":{"functional-code":{"insertions":0,"deletions":1}}},{"hash":"e9dd1af54b4b2c4e6c51fa2032b7295c77a21648","isMergeCommit":false,"messageTitle":"Fix #103 bugs in testcase","messageBody":"","fileTypesAndContributionMap":{"test-code":{"insertions":13,"deletions":13}}},{"hash":"7acfd02a3b3a55446fa3bd1612b1c504007133ec","isMergeCommit":true,"messageTitle":"Merge pull request #103 from francisyzy/update-patient","messageBody":"Update patient attributes","fileTypesAndContributionMap":{}}]},{"date":"2023-03-11","commitResults":[{"hash":"c42bbc45de2ac18a6b9a91f2355c96dc9ee7e1f8","isMergeCommit":false,"messageTitle":"Rename addressBook -\u003e patientManager","messageBody":"AddressBook -\u003e PatientManager\n\naddressbook -\u003e patientmanager\n","fileTypesAndContributionMap":{"functional-code":{"insertions":292,"deletions":291},"other":{"insertions":33,"deletions":33},"docs":{"insertions":20,"deletions":20},"test-code":{"insertions":301,"deletions":294}}},{"hash":"57f9b477a73a6b38c421b3e7463ea0a35192ee88","isMergeCommit":false,"messageTitle":"Change application title and icon","messageBody":"","fileTypesAndContributionMap":{"functional-code":{"insertions":3,"deletions":3},"test-code":{"insertions":1,"deletions":1}}},{"hash":"b4b2ae9b990232cecce81fc0b320cdf4ef38d281","isMergeCommit":true,"messageTitle":"Merge pull request #121 from francisyzy/rename-AddressBook","messageBody":"Rename address book","fileTypesAndContributionMap":{}}]},{"date":"2023-03-13","commitResults":[{"hash":"93d3f15e7e0be09d805f435103108f8ee4d6bf37","isMergeCommit":false,"messageTitle":"Fix debug unused code","messageBody":"","fileTypesAndContributionMap":{"functional-code":{"insertions":2,"deletions":4}}},{"hash":"df3a4727614ff957feab645d7e8d03594b01aa75","isMergeCommit":false,"messageTitle":"Change to more consistent naming.","messageBody":"Sorry, did not catch it in #110\n","fileTypesAndContributionMap":{"functional-code":{"insertions":7,"deletions":7}}}]},{"date":"2023-03-14","commitResults":[{"hash":"df5c9ee2d80c22419e351e9a28a8c50c9bbc4897","isMergeCommit":true,"messageTitle":"Merge branch \u0027master\u0027 into make-use-of-Groupname","messageBody":"","fileTypesAndContributionMap":{}},{"hash":"7e6fb74b09879378d52a50832a4b5e515b7f3b36","isMergeCommit":true,"messageTitle":"Merge branch \u0027master\u0027 into add-patient-docs","messageBody":"","fileTypesAndContributionMap":{}}]},{"date":"2023-03-15","commitResults":[{"hash":"f65d76f77d8329e584cc4768d220128694945ac7","isMergeCommit":false,"messageTitle":"Remove Allergy and Vaccine class","messageBody":"Replaced them with GroupName\n","fileTypesAndContributionMap":{"functional-code":{"insertions":108,"deletions":257},"test-code":{"insertions":25,"deletions":206}}},{"hash":"aa9e9cc895fb700ff8a58155011ce02ed73c5233","isMergeCommit":false,"messageTitle":"Fix wrong command format displayed","messageBody":"Fix #82\n","fileTypesAndContributionMap":{"functional-code":{"insertions":58,"deletions":40}}},{"hash":"42509a8710f53ff3a91abb2e3cb9322c6288b1ee","isMergeCommit":false,"messageTitle":"Update patient UG","messageBody":"","fileTypesAndContributionMap":{"docs":{"insertions":29,"deletions":1}}},{"hash":"f2146b46f0d6ce7da6a09e9d7855d8e681e81c2b","isMergeCommit":true,"messageTitle":"Merge branch \u0027make-use-of-Groupname\u0027 into add-parser-util-test-group-name","messageBody":"","fileTypesAndContributionMap":{}},{"hash":"2e68b6880e6ceea16ebb8ef73d1f469e5efbaecf","isMergeCommit":false,"messageTitle":"Add more parser test","messageBody":"","fileTypesAndContributionMap":{"test-code":{"insertions":58,"deletions":1}}},{"hash":"f14f24100082292f07bfec984ee23eeb74c1d96e","isMergeCommit":true,"messageTitle":"Merge pull request #177 from francisyzy/fix-wrong-command-format-displayed","messageBody":"Fix wrong command format displayed","fileTypesAndContributionMap":{}},{"hash":"c7e9d2f3fe71213659aa3c5f86686c17ed189946","isMergeCommit":false,"messageTitle":"Delete unused class","messageBody":"","fileTypesAndContributionMap":{"functional-code":{"insertions":0,"deletions":96}}},{"hash":"2874f04fb4ecdc96901522ac938fb983dde246ba","isMergeCommit":false,"messageTitle":"Fix message constants","messageBody":"","fileTypesAndContributionMap":{"functional-code":{"insertions":1,"deletions":8}}},{"hash":"10bcce6be654cf2a64c604cfdbe21a12afe895d4","isMergeCommit":true,"messageTitle":"Merge branch \u0027master\u0027 into make-use-of-Groupname","messageBody":"","fileTypesAndContributionMap":{}},{"hash":"7d9b483422aae9b61477d662f330ebea498c5f07","isMergeCommit":false,"messageTitle":"Change dob to LocalDateTime","messageBody":"Need to test for java.time.format.DateTimeParseException\n","fileTypesAndContributionMap":{"functional-code":{"insertions":4,"deletions":3},"test-code":{"insertions":3,"deletions":2}}}]},{"date":"2023-03-16","commitResults":[{"hash":"eb30e50084efb8be9575a8b37a93ce947e7e5bc8","isMergeCommit":false,"messageTitle":"Change to addAll for parseGroups","messageBody":"","fileTypesAndContributionMap":{"functional-code":{"insertions":1,"deletions":1}}},{"hash":"fd62cfc63ed332f68f8fa67bb2e8d7571e4fa3b5","isMergeCommit":true,"messageTitle":"Merge pull request #127 from francisyzy/add-patient-docs","messageBody":"Add docs for Patient","fileTypesAndContributionMap":{}},{"hash":"b8f88d30600fd2cfe7922d78bbd3fd6d279515bf","isMergeCommit":false,"messageTitle":"Fix test case message","messageBody":"Thx @daitenshionyan\n","fileTypesAndContributionMap":{"test-code":{"insertions":4,"deletions":3}}},{"hash":"c2e969d1831dcd8ef45e564515a5ccd23a8a206a","isMergeCommit":true,"messageTitle":"Merge pull request #165 from francisyzy/make-use-of-Groupname","messageBody":"Change Allergy and Vaccination to use GroupName","fileTypesAndContributionMap":{}},{"hash":"85feae8582cb0df20626b16011d976e8899e67f0","isMergeCommit":true,"messageTitle":"Merge branch \u0027master\u0027 into add-parser-util-test-group-name","messageBody":"","fileTypesAndContributionMap":{}},{"hash":"b172b138e5582d7e855f45ec1f79bda7d90e77d2","isMergeCommit":true,"messageTitle":"Merge pull request #179 from francisyzy/add-parser-util-test-group-name","messageBody":"Add parser util test group name","fileTypesAndContributionMap":{}}]}]},"authorFileTypeContributionMap":{"daitenshionyan":{"docs":281,"functional-code":3954,"test-code":2571,"other":20},"slackernoob":{"docs":6,"functional-code":15,"test-code":96},"nusE0726844":{"docs":46,"functional-code":1359,"test-code":66},"francisyzy":{"docs":426,"functional-code":1196,"test-code":1408,"other":1}},"authorContributionVariance":{"daitenshionyan":400077.8,"slackernoob":1443.8611,"nusE0726844":88351.516,"francisyzy":466816.94},"authorDisplayNameMap":{"daitenshionyan":"CS2103-F11-3 YONG.. JIE","slackernoob":"CS2103-F11-3 MAX .. JUN","nusE0726844":"CS2103-F11-3 KELV.. MUN","francisyzy":"CS2103-F11-3 FRAN.. YIK"}}
