{"authorDailyContributionsMap":{"cyiting":[{"date":"2023-02-25","commitResults":[{"hash":"7d3c1c2c00edc27481e11b66f152688efdeaa0f0","isMergeCommit":true,"messageTitle":"Merge pull request #18 from SPWwj/task-local-storage","messageBody":"Task local storage","fileTypesAndContributionMap":{}}]},{"date":"2023-02-27","commitResults":[{"hash":"76aceb734a72a29535c90cfb87f7869edb528ca1","isMergeCommit":true,"messageTitle":"Merge pull request #32 from Nicklelodeon/branch-documentation","messageBody":"Update picture in AboutUs","fileTypesAndContributionMap":{}},{"hash":"fa61c21c8db34c7abfc54ffa819f156db5b89fbd","isMergeCommit":false,"messageTitle":"Update AboutUs and create skeletal PPP","messageBody":"","fileTypesAndContributionMap":{"docs":{"insertions":37,"deletions":0}}},{"hash":"1af8bb1fe9308056a2b3cfe616b4ea3a5b6b0a8b","isMergeCommit":false,"messageTitle":"Update Developer Guide","messageBody":"","fileTypesAndContributionMap":{"docs":{"insertions":13,"deletions":12}}}]},{"date":"2023-03-01","commitResults":[{"hash":"23c06b2185aa54126ebf333e70c7d28ac4a23c8e","isMergeCommit":false,"messageTitle":"Add use cases in Developer Guide","messageBody":"","fileTypesAndContributionMap":{"docs":{"insertions":79,"deletions":20}}}]},{"date":"2023-03-09","commitResults":[{"hash":"808336c843d2eb6948176ce0822b57a5444ca672","isMergeCommit":false,"messageTitle":"Add assign command and some tests for AssignCommand","messageBody":"","fileTypesAndContributionMap":{"functional-code":{"insertions":135,"deletions":1},"test-code":{"insertions":136,"deletions":55}}},{"hash":"d333a8812b435e4afbd136e6178d6a0363da272e","isMergeCommit":false,"messageTitle":"Add tests for AssignCommand","messageBody":"","fileTypesAndContributionMap":{"functional-code":{"insertions":2,"deletions":2},"test-code":{"insertions":193,"deletions":6}}},{"hash":"34696cb26f9b1b8139f2aa13ef9e13210a6fe419","isMergeCommit":true,"messageTitle":"Merge branch \u0027master\u0027 into assignCommand","messageBody":"","fileTypesAndContributionMap":{}},{"hash":"9efbd3a70bb1415008f92d3ca3da6a53dc4ba16c","isMergeCommit":false,"messageTitle":"Fix checkstyle errors","messageBody":"","fileTypesAndContributionMap":{"functional-code":{"insertions":10,"deletions":14},"test-code":{"insertions":31,"deletions":28}}},{"hash":"41623ce3a5dacb2fb3dd7b4cca640ca1663d5068","isMergeCommit":false,"messageTitle":"Fix checkstyle errors 2","messageBody":"","fileTypesAndContributionMap":{"functional-code":{"insertions":9,"deletions":1}}}]},{"date":"2023-03-10","commitResults":[{"hash":"a0916dc7b55cb6a481355abb5d3ab6ddf4a7bddd","isMergeCommit":true,"messageTitle":"Merge pull request #66 from Nicklelodeon/branch-remove-task","messageBody":"Create DeleteTask command, DeleteTaskCommandParser ","fileTypesAndContributionMap":{}}]},{"date":"2023-03-11","commitResults":[{"hash":"7ffa6c89364a3302370a2ab4f785eff038f2bcaa","isMergeCommit":false,"messageTitle":"Add mark command to mark tasks as completed","messageBody":"","fileTypesAndContributionMap":{"functional-code":{"insertions":102,"deletions":0},"test-code":{"insertions":101,"deletions":4}}},{"hash":"acaeda3d77d53c23b018dee73ec311feae933dc2","isMergeCommit":true,"messageTitle":"Merge branch \u0027master\u0027 into mark-command","messageBody":"","fileTypesAndContributionMap":{}},{"hash":"73c652de661b30047d841722b1bc93abf67f507c","isMergeCommit":false,"messageTitle":"Edit to remove checkstyle errors","messageBody":"","fileTypesAndContributionMap":{"functional-code":{"insertions":9,"deletions":3}}},{"hash":"aa4517b43162f59592e781ddbd8dcd2cac958709","isMergeCommit":false,"messageTitle":"Create Unmark command","messageBody":"","fileTypesAndContributionMap":{"functional-code":{"insertions":106,"deletions":1}}},{"hash":"b2d1ad3ab59f834384958d8789d891ee67ee4d7a","isMergeCommit":false,"messageTitle":"Add test for MarkCommandParser","messageBody":"","fileTypesAndContributionMap":{"test-code":{"insertions":24,"deletions":0}}},{"hash":"b1776fde2a8f1e6054a2344df415bacfe6c1fa1b","isMergeCommit":false,"messageTitle":"Add test for AddressBookParser to parse inputs for MarkCommand and AssignCommand","messageBody":"","fileTypesAndContributionMap":{"test-code":{"insertions":17,"deletions":0}}}]},{"date":"2023-03-12","commitResults":[{"hash":"ab89f0b895f50cefdb52e42a9e4b2b31c85c8273","isMergeCommit":false,"messageTitle":"Fix bugs related to marking a task","messageBody":"","fileTypesAndContributionMap":{"functional-code":{"insertions":16,"deletions":2},"test-code":{"insertions":4,"deletions":0}}},{"hash":"63fd0c93c97ad6893b847a334523892f08e519ae","isMergeCommit":false,"messageTitle":"Add a test for PersonTask","messageBody":"","fileTypesAndContributionMap":{"test-code":{"insertions":25,"deletions":0}}},{"hash":"6bc2aaa58aee3f35dfd9b4e2c93d676391af48d8","isMergeCommit":true,"messageTitle":"Fix merge conflicts","messageBody":"","fileTypesAndContributionMap":{}},{"hash":"0b5c2376a45b001566c5868b273d7d5a4d821a20","isMergeCommit":false,"messageTitle":"Create JUnit tests for UnmarkCommand and UnmarkCommandParser","messageBody":"","fileTypesAndContributionMap":{"test-code":{"insertions":126,"deletions":1}}},{"hash":"0a14ae4db3979a504340e7de272db55e156b841e","isMergeCommit":false,"messageTitle":"Fix bug","messageBody":"","fileTypesAndContributionMap":{"functional-code":{"insertions":3,"deletions":1}}}]},{"date":"2023-03-16","commitResults":[{"hash":"878974779c6be15e6a27d8fc3b9148867bcc7b2e","isMergeCommit":false,"messageTitle":"Update ReadMe, User Guide and Developer Guide","messageBody":"","fileTypesAndContributionMap":{"docs":{"insertions":159,"deletions":24}}}]},{"date":"2023-03-20","commitResults":[{"hash":"424dc56a1b6fdc59de2b2d132a7200c461580b2c","isMergeCommit":true,"messageTitle":"Merge pull request #111 from Nicklelodeon/branch-refactor","messageBody":"Refactor code to adhere to law of demeter","fileTypesAndContributionMap":{}}]},{"date":"2023-03-23","commitResults":[{"hash":"a8af17c71fe51fb90acb00c26a9062ee3c9007a3","isMergeCommit":true,"messageTitle":"Merge pull request #123 from SPWwj/master","messageBody":"Add UnassignActivity diagram to DG","fileTypesAndContributionMap":{}}]},{"date":"2023-03-24","commitResults":[{"hash":"c0ca758878033532e2d341fadfa62f8f98edfe8a","isMergeCommit":false,"messageTitle":"Update Developer Guide to include description of implementation of Assign","messageBody":"","fileTypesAndContributionMap":{"docs":{"insertions":57,"deletions":1}}},{"hash":"522aa7685ac61aa04160f5f5085d736328b738d1","isMergeCommit":true,"messageTitle":"Fix merge conflicts","messageBody":"","fileTypesAndContributionMap":{}},{"hash":"f2b8c1183ed126c2e1ac17bff49d14e9fc81e737","isMergeCommit":false,"messageTitle":"Edit to pass check.sh errors","messageBody":"","fileTypesAndContributionMap":{"docs":{"insertions":12,"deletions":13}}},{"hash":"a47e8af9194de7c8fa189104a75e89460aa7ed39","isMergeCommit":false,"messageTitle":"Update DG","messageBody":"","fileTypesAndContributionMap":{"docs":{"insertions":1,"deletions":1}}},{"hash":"624e2a358d3a15c7ffaf2d53f95682a1c67052da","isMergeCommit":true,"messageTitle":"Merge branch \u0027master\u0027 into documentation","messageBody":"","fileTypesAndContributionMap":{}},{"hash":"96acc272ece61f8b06872b997724431da35c0bb7","isMergeCommit":false,"messageTitle":"Made changes to DG","messageBody":"","fileTypesAndContributionMap":{"docs":{"insertions":0,"deletions":76}}}]}],"Nicklelodeon":[{"date":"2023-02-25","commitResults":[{"hash":"ae8e211a04cb43d5c98bbeb5c22d378ffe3c508e","isMergeCommit":true,"messageTitle":"Merge pull request #17 from SPWwj/documentation","messageBody":"Update AboutUs.md of SPWwj","fileTypesAndContributionMap":{}}]},{"date":"2023-02-27","commitResults":[{"hash":"73fb4501a06bcb89be65a96c044a8eef47e121ca","isMergeCommit":false,"messageTitle":"Update README, AboutUs, DeveloperGuide","messageBody":"","fileTypesAndContributionMap":{"docs":{"insertions":54,"deletions":10}}},{"hash":"c7c53f3ffc8936b0ec2c2619f078fa0e28231eae","isMergeCommit":false,"messageTitle":"Resolve CI","messageBody":"","fileTypesAndContributionMap":{"docs":{"insertions":34,"deletions":35}}},{"hash":"ad23a0e94645a158e6643052ddcc7ef3e7ecba5c","isMergeCommit":false,"messageTitle":"Update DeveloperGuide","messageBody":"","fileTypesAndContributionMap":{"docs":{"insertions":3,"deletions":4}}},{"hash":"12ec1bc80dbfdba8119a11eba7b6ad18df657aa2","isMergeCommit":false,"messageTitle":"Update picture in AboutUs","messageBody":"","fileTypesAndContributionMap":{"docs":{"insertions":1,"deletions":1}}}]},{"date":"2023-02-28","commitResults":[{"hash":"f291f3553564b045895b18cbf20c51080527dbea","isMergeCommit":true,"messageTitle":"Merge pull request #47 from kayyenl/v1.1b-UG-update","messageBody":"UG - modified help writeup to match current OfficeConnect","fileTypesAndContributionMap":{}}]},{"date":"2023-03-01","commitResults":[{"hash":"af8de600879e7c5eeac63b3facf3d26a63288bbc","isMergeCommit":false,"messageTitle":"Add Add Task Command","messageBody":"","fileTypesAndContributionMap":{"functional-code":{"insertions":167,"deletions":47},"test-code":{"insertions":197,"deletions":8}}},{"hash":"60837351fe31c22634d2e7ab0fe40ff9ac598961","isMergeCommit":true,"messageTitle":"Add AddTask Command, AddTaskParser, create tests for AddTask, AddTaskParser","messageBody":"","fileTypesAndContributionMap":{}},{"hash":"76273f8cf044c6c6195c23c3977769d7b72bece8","isMergeCommit":false,"messageTitle":"Resolve CI in PR","messageBody":"","fileTypesAndContributionMap":{"functional-code":{"insertions":2,"deletions":2},"docs":{"insertions":12,"deletions":12},"test-code":{"insertions":1,"deletions":1}}},{"hash":"6390c3df9866faad853503e27919f60768d5791a","isMergeCommit":false,"messageTitle":"Resolve CI","messageBody":"","fileTypesAndContributionMap":{"functional-code":{"insertions":39,"deletions":11}}},{"hash":"a9ed2cb63537d3c8d324d7b3ba2e8662fa45361d","isMergeCommit":false,"messageTitle":"Resolve CI","messageBody":"","fileTypesAndContributionMap":{"functional-code":{"insertions":13,"deletions":2}}},{"hash":"5468f84a83914da853ebb440c55e366fb021731c","isMergeCommit":false,"messageTitle":"RESOLVE CI","messageBody":"","fileTypesAndContributionMap":{"functional-code":{"insertions":1,"deletions":1}}},{"hash":"b00e68e71777ed070134e6057902d70ec805854e","isMergeCommit":false,"messageTitle":"Resolve CI checkStyle Test, checkStyle Main","messageBody":"","fileTypesAndContributionMap":{"test-code":{"insertions":90,"deletions":62}}},{"hash":"0c6249b29233021e81a49c59bad2f58848855c91","isMergeCommit":false,"messageTitle":"Remove unnecessary methods, add test case in AddTaskCommandTest to check for duplicate Task","messageBody":"","fileTypesAndContributionMap":{"functional-code":{"insertions":0,"deletions":5},"test-code":{"insertions":47,"deletions":27}}},{"hash":"675302445937d99a88048b5bf9761fa732ddb368","isMergeCommit":true,"messageTitle":"Merge pull request #52 from cyiting/v1.1b","messageBody":"Add use cases in Developer Guide","fileTypesAndContributionMap":{}}]},{"date":"2023-03-04","commitResults":[{"hash":"4da3ce17b14666a4385673e805343034e579b1d4","isMergeCommit":true,"messageTitle":"Merge pull request #54 from Guo-KeCheng/branch-AboutUs","messageBody":"Rename md file and add use case to developer guide","fileTypesAndContributionMap":{}}]},{"date":"2023-03-08","commitResults":[{"hash":"904ec799fa759ead1ed5386aeb5e13875ca6f065","isMergeCommit":false,"messageTitle":"Fix bugs in addtask that caused parser to parse incorrectly","messageBody":"","fileTypesAndContributionMap":{"functional-code":{"insertions":4,"deletions":4},"docs":{"insertions":1,"deletions":1}}},{"hash":"f357231b5c6780a325614a8872b05c173ed85e37","isMergeCommit":true,"messageTitle":"Merge pull request #55 from SPWwj/integrate-test-officemodel","messageBody":"Add OfficeConnectModelTest","fileTypesAndContributionMap":{}},{"hash":"54e6e2fe7c4678c2d6191d826f4a59f70f7fb009","isMergeCommit":false,"messageTitle":"no message","messageBody":"","fileTypesAndContributionMap":{"functional-code":{"insertions":1,"deletions":1}}},{"hash":"79472a8b36a753df4e12d0621036d63e3b56371b","isMergeCommit":false,"messageTitle":"no message","messageBody":"","fileTypesAndContributionMap":{"docs":{"insertions":1,"deletions":1}}},{"hash":"6c6cf2f56e91d199f4a1775a99b78e6e59637c84","isMergeCommit":true,"messageTitle":"Merge pull request #57 from SPWwj/integrate-test-officemodel","messageBody":"Add integration test and fix bug for task and personTask storage","fileTypesAndContributionMap":{}}]},{"date":"2023-03-09","commitResults":[{"hash":"c419f79a9e52feaeabdcccb10a6aac82b36c8ba3","isMergeCommit":false,"messageTitle":"Add listtask command and Junit tests for AddressBookParser and ListTaskCommand","messageBody":"","fileTypesAndContributionMap":{"functional-code":{"insertions":34,"deletions":1},"test-code":{"insertions":96,"deletions":0}}},{"hash":"941b46d388f3ed32ee15409dcf3c4d44b55734c2","isMergeCommit":true,"messageTitle":"Merge pull request #59 from SPWwj/fix-localstorage-not-reading-person-id","messageBody":"Fix id related bugs and test cases","fileTypesAndContributionMap":{}},{"hash":"6e35a44bbce125b0483c5802fb0372edae9eacfb","isMergeCommit":true,"messageTitle":"Merge remote-tracking branch \u0027upstream/master\u0027 into branch-listtask-command To update current changes","messageBody":"","fileTypesAndContributionMap":{}},{"hash":"1cab7af7662be7a40c735a165e4e922f76f91e85","isMergeCommit":false,"messageTitle":"Change subject descriptions","messageBody":"","fileTypesAndContributionMap":{"test-code":{"insertions":5,"deletions":5}}},{"hash":"cb102a3e282b35bfddd92586f777b51bb2f98757","isMergeCommit":false,"messageTitle":"Update UserGuide to add Add Task and List Task commands","messageBody":"","fileTypesAndContributionMap":{"docs":{"insertions":11,"deletions":9}}},{"hash":"c560904278b2279f9a25ad624aac18123c3956b5","isMergeCommit":false,"messageTitle":"Fix assertion failure","messageBody":"","fileTypesAndContributionMap":{"test-code":{"insertions":1,"deletions":1}}}]},{"date":"2023-03-10","commitResults":[{"hash":"a12bf16b22c3191d5d94c7d1a2e3ace60ee5de35","isMergeCommit":false,"messageTitle":"Create DeleteTask command, DeleteTaskCommandParser and necessary JUnit tests","messageBody":"","fileTypesAndContributionMap":{"functional-code":{"insertions":89,"deletions":0},"test-code":{"insertions":193,"deletions":11}}},{"hash":"a380cf944376438c5fda38eacafa51f56f4d81ef","isMergeCommit":false,"messageTitle":"add sample usage for addtask Command","messageBody":"","fileTypesAndContributionMap":{"functional-code":{"insertions":12,"deletions":3}}},{"hash":"be4a23e9cc24642547f34380bf4e5406260932f2","isMergeCommit":true,"messageTitle":"Merge pull request #67 from kayyenl/v1.2_help_DG_documentation","messageBody":"V1.2 \"help\" feature, include use case in documentation guide","fileTypesAndContributionMap":{}}]},{"date":"2023-03-11","commitResults":[{"hash":"632acd4cda146df87bf2c15055d3a6d8b10f5cc4","isMergeCommit":false,"messageTitle":"Update documentations","messageBody":"","fileTypesAndContributionMap":{"docs":{"insertions":31,"deletions":6}}},{"hash":"7ca9d1562931b77d6e9e872b4546f8bb25aab4db","isMergeCommit":true,"messageTitle":"Merge remote-tracking branch \u0027upstream/master\u0027 into branch-add-task-documentation","messageBody":"# Conflicts:\n#\tdocs/DeveloperGuide.md\n","fileTypesAndContributionMap":{}}]},{"date":"2023-03-12","commitResults":[{"hash":"01381e2169becff57f79101ac8befeed2ee50e23","isMergeCommit":false,"messageTitle":"Fix documentation issues","messageBody":"","fileTypesAndContributionMap":{"docs":{"insertions":2,"deletions":2},"test-code":{"insertions":2,"deletions":2}}},{"hash":"ad920ff2bf52ddebd7fc25b8894db579e9fd4e09","isMergeCommit":true,"messageTitle":"Merge pull request #75 from cyiting/mark-command","messageBody":"Create mark command and JUnit tests for the commands","fileTypesAndContributionMap":{}}]},{"date":"2023-03-14","commitResults":[{"hash":"3dccb9205bb6a55ce79a135a4ec5f0748a920acf","isMergeCommit":false,"messageTitle":"Add repo-sense link","messageBody":"","fileTypesAndContributionMap":{"docs":{"insertions":5,"deletions":5}}},{"hash":"1794b7314b65a1acf1ab27ffe5e0b05c8558f884","isMergeCommit":false,"messageTitle":"Update documentations for listtask Command","messageBody":"","fileTypesAndContributionMap":{"docs":{"insertions":16,"deletions":3}}},{"hash":"6800c14bf68de2081f73ba3887499b6b1c2deb26","isMergeCommit":true,"messageTitle":"Update PR Merge remote-tracking branch \u0027upstream/master\u0027 into branch-list-task-documentation","messageBody":"","fileTypesAndContributionMap":{}}]},{"date":"2023-03-15","commitResults":[{"hash":"92f1ec764809d69c3bde9ff6a1f6c554de8988d9","isMergeCommit":false,"messageTitle":"Reinstate listtask command","messageBody":"","fileTypesAndContributionMap":{"functional-code":{"insertions":5,"deletions":1}}}]},{"date":"2023-03-16","commitResults":[{"hash":"7797bfc37cbc99955684a100bdf8182c7b17c941","isMergeCommit":true,"messageTitle":"Merge pull request #83 from SPWwj/82-rename-classes-and-functions-to-more-sensible-names","messageBody":"Rename classes and function to more sensible names","fileTypesAndContributionMap":{}},{"hash":"c74fa08dc4671bf4c166ce9393d6694898b0c068","isMergeCommit":false,"messageTitle":"Add deletetask documentation, change subject to title","messageBody":"","fileTypesAndContributionMap":{"functional-code":{"insertions":8,"deletions":8},"docs":{"insertions":9,"deletions":9},"test-code":{"insertions":20,"deletions":20}}}]},{"date":"2023-03-19","commitResults":[{"hash":"3f092b17ab6c506992d82a230b98af7ac408c7ed","isMergeCommit":false,"messageTitle":"Resize cursor.png","messageBody":"","fileTypesAndContributionMap":{"functional-code":{"insertions":5,"deletions":0}}},{"hash":"b3bb4a5e57f67c8dea5f255e76d0d79b44c442bc","isMergeCommit":false,"messageTitle":"Remove redundant imports","messageBody":"","fileTypesAndContributionMap":{"functional-code":{"insertions":0,"deletions":5}}},{"hash":"b86e494aa8b5d92f42113eaf4b667bb843a3e200","isMergeCommit":false,"messageTitle":"Refactor code to adhere to law of demeter","messageBody":"","fileTypesAndContributionMap":{"functional-code":{"insertions":31,"deletions":6},"test-code":{"insertions":11,"deletions":11}}},{"hash":"dd199683f10212e71323f17e61ce84b173f3a822","isMergeCommit":false,"messageTitle":"Fix checkstyle errors","messageBody":"","fileTypesAndContributionMap":{"functional-code":{"insertions":0,"deletions":3}}},{"hash":"cee5ab815917ab2375a3ff626c4f43c7f40d8cac","isMergeCommit":true,"messageTitle":"Merge pull request #110 from SPWwj/103-as-a-manager-i-can-unassign-a-task-from-a-subordinate-so-that-i-can-reassign-the-task","messageBody":"103 as a manager i can unassign a task from a subordinate so that i can reassign the task","fileTypesAndContributionMap":{}},{"hash":"3c7e9ad97da5bc416080bb751acd66862fca0ec2","isMergeCommit":true,"messageTitle":"Merge remote-tracking branch \u0027upstream/master\u0027 into branch-refactor","messageBody":"","fileTypesAndContributionMap":{}},{"hash":"28c551ebfff9f886228c7cd2ddb279c96b513fa0","isMergeCommit":false,"messageTitle":"Add javadocs for new methods","messageBody":"","fileTypesAndContributionMap":{"functional-code":{"insertions":17,"deletions":3}}}]},{"date":"2023-03-21","commitResults":[{"hash":"8838151bc1e772cddcc0942fd108d97c690cb448","isMergeCommit":false,"messageTitle":"Update DG with implementation for addtask command","messageBody":"","fileTypesAndContributionMap":{"docs":{"insertions":34,"deletions":1}}}]},{"date":"2023-03-22","commitResults":[{"hash":"eb68289342c977edfba586a3f62a2c34f791aad5","isMergeCommit":false,"messageTitle":"Update DG with delete task command implementation","messageBody":"","fileTypesAndContributionMap":{"functional-code":{"insertions":2,"deletions":0},"docs":{"insertions":59,"deletions":18}}}]},{"date":"2023-03-23","commitResults":[{"hash":"366e373b029dad7f98d3b13466752b27a2803c77","isMergeCommit":false,"messageTitle":"Update DG","messageBody":"","fileTypesAndContributionMap":{"docs":{"insertions":4,"deletions":3}}},{"hash":"739b11272757772fae1b38b6efe51f624a035aef","isMergeCommit":true,"messageTitle":"Merge pull request #114 from Guo-KeCheng/branch-v1.3","messageBody":"Refractor review to find and reviewtask to findtask. Remove previous find and corresponding test cases.","fileTypesAndContributionMap":{}},{"hash":"2767e566d3cb25f9f4af7427511f0c4f6c6b8b35","isMergeCommit":true,"messageTitle":"Merge remote-tracking branch \u0027upstream/master\u0027 into branch-updateDG-implementation","messageBody":"","fileTypesAndContributionMap":{}},{"hash":"4ad79f27dbb577c07db7ce0490116a041bc22fd4","isMergeCommit":false,"messageTitle":"checkstyle","messageBody":"","fileTypesAndContributionMap":{"functional-code":{"insertions":1,"deletions":2}}},{"hash":"9dd57acaddcae777ad1dfdc78df1a28215c9ec82","isMergeCommit":false,"messageTitle":"deleted findtask in parser by accident..","messageBody":"","fileTypesAndContributionMap":{"functional-code":{"insertions":4,"deletions":0}}}]},{"date":"2023-03-24","commitResults":[{"hash":"0fddafe676553b6dd7aaec81dc75d0454152ae62","isMergeCommit":true,"messageTitle":"Merge pull request #131 from cyiting/documentation","messageBody":"Edit DG ","fileTypesAndContributionMap":{}}]}],"SPWwj":[{"date":"2023-02-22","commitResults":[{"hash":"43c57d6155533a8107e479ea2d5e1356c8788851","isMergeCommit":false,"messageTitle":"Update AboutUs.md of SPWwj","messageBody":"","fileTypesAndContributionMap":{"docs":{"insertions":62,"deletions":28}}}]},{"date":"2023-02-23","commitResults":[{"hash":"57253ae20bc87c126c63293dcf2862d68ce9ee7e","isMergeCommit":false,"messageTitle":"Add model for task and task person mapping","messageBody":"","fileTypesAndContributionMap":{"functional-code":{"insertions":955,"deletions":10},"test-code":{"insertions":26,"deletions":19}}},{"hash":"c47c83feb418b75477e6d7d7f29bb905c1c74006","isMergeCommit":false,"messageTitle":"Setup local storage and model for OfficeConnect","messageBody":"","fileTypesAndContributionMap":{"functional-code":{"insertions":1116,"deletions":531}}}]},{"date":"2023-02-24","commitResults":[{"hash":"8c07255b75450d6828469c44ac449d1beed7119a","isMergeCommit":false,"messageTitle":"Add spwwj.md for Project Portfolio Page (PPP)","messageBody":"","fileTypesAndContributionMap":{"docs":{"insertions":19,"deletions":24}}}]},{"date":"2023-02-25","commitResults":[{"hash":"2370fe3dc3827d0a73d3c03c59061ad3025a5555","isMergeCommit":false,"messageTitle":"Update README.md to align with OfficeConnect","messageBody":"","fileTypesAndContributionMap":{"docs":{"insertions":41,"deletions":13}}},{"hash":"63edadbfc7cff54665d5035f1fd8a66004ab2477","isMergeCommit":false,"messageTitle":"Update UserGuide.md to align with OfficeConnect","messageBody":"","fileTypesAndContributionMap":{"docs":{"insertions":50,"deletions":6}}},{"hash":"eef2d7a3aa5327767dab209fa71a834b827c9318","isMergeCommit":false,"messageTitle":"Update DeveloperGuide.md to align with OfficeConnect","messageBody":"","fileTypesAndContributionMap":{"docs":{"insertions":45,"deletions":0}}},{"hash":"1d72e274cb5de413d06bd7838d4cc7553a1b9c03","isMergeCommit":false,"messageTitle":"Update README.md, _config.yml and index.md","messageBody":"","fileTypesAndContributionMap":{"docs":{"insertions":3,"deletions":3}}},{"hash":"b8771457da670b9feb354ef004c9c5e1f5951b80","isMergeCommit":false,"messageTitle":"Update documents to align with OfficeConnect","messageBody":"","fileTypesAndContributionMap":{"docs":{"insertions":3,"deletions":3}}},{"hash":"7c49ee654689c3d23dffa0b808b0b471c72d9896","isMergeCommit":true,"messageTitle":"Merge pull request #22 from SPWwj/update-doc-v1","messageBody":"Update readme and page document","fileTypesAndContributionMap":{}},{"hash":"c74a83152ed2ee5c806c6fc35171635eeef79a12","isMergeCommit":true,"messageTitle":"Merge pull request #24 from Guo-KeCheng/master","messageBody":"Update About Us","fileTypesAndContributionMap":{}}]},{"date":"2023-02-27","commitResults":[{"hash":"cac11fe744f2d80c03a112a0e458f4cf77c3522e","isMergeCommit":true,"messageTitle":"Merge pull request #30 from Nicklelodeon/branch-documentation","messageBody":"Update README, AboutUs, DeveloperGuide","fileTypesAndContributionMap":{}},{"hash":"106898eb8d341822ff43769f9115b28f6c50658f","isMergeCommit":true,"messageTitle":"Merge pull request #35 from cyiting/v1.1","messageBody":"","fileTypesAndContributionMap":{}},{"hash":"0e22ebeeb13e43efe87729a01d92de856ab27991","isMergeCommit":true,"messageTitle":"Merge pull request #36 from cyiting/v1.1","messageBody":"Update Developer Guide","fileTypesAndContributionMap":{}},{"hash":"1343c70accf13472e3916c760e72da296da10f94","isMergeCommit":false,"messageTitle":"Resolve #37","messageBody":"","fileTypesAndContributionMap":{"docs":{"insertions":19,"deletions":12}}},{"hash":"d0299bced90d3ab526808e8369ddbfbbcaec77f2","isMergeCommit":true,"messageTitle":"Merge pull request #38 from SPWwj/37-fix-readme-and-index-page","messageBody":"Resolve #37","fileTypesAndContributionMap":{}},{"hash":"94f7b8871ca353bfd0e2afbdc61511ce6ef4371b","isMergeCommit":true,"messageTitle":"Merge pull request #40 from kayyenl/v1.2-help_interface","messageBody":"v1.2 help interface ","fileTypesAndContributionMap":{}},{"hash":"45f9bae67058624261025af98a5755ddc9ff553b","isMergeCommit":true,"messageTitle":"Merge pull request #41 from kayyenl/v1.1-profile_custom","messageBody":"Updated about us to fulfill v1.1","fileTypesAndContributionMap":{}}]},{"date":"2023-02-28","commitResults":[{"hash":"f76a53bd485012aac2beb868368dc66f0f7499d2","isMergeCommit":false,"messageTitle":"Resolve #28","messageBody":"","fileTypesAndContributionMap":{"docs":{"insertions":30,"deletions":31}}},{"hash":"eff2ae5f71578123a7afcb8686eeed7ac743d670","isMergeCommit":true,"messageTitle":"Merge pull request #42 from SPWwj/28-update-developer-guide","messageBody":"Resolve #28","fileTypesAndContributionMap":{}},{"hash":"41317b49f72eb2d7edcb56db0b7b91a31741a3d7","isMergeCommit":false,"messageTitle":"Resolve #27","messageBody":"","fileTypesAndContributionMap":{"docs":{"insertions":29,"deletions":22}}},{"hash":"1c8c5c642c130e1797723da7304ddfcf7d78043b","isMergeCommit":true,"messageTitle":"Merge pull request #43 from SPWwj/27-update-user-guide","messageBody":"Resolve #27","fileTypesAndContributionMap":{}},{"hash":"6ecb079be4a8b71696e494c8a6a32c2ae45d2843","isMergeCommit":false,"messageTitle":"Resolve #44","messageBody":"","fileTypesAndContributionMap":{"functional-code":{"insertions":1,"deletions":1},"docs":{"insertions":1,"deletions":1},"test-code":{"insertions":3,"deletions":3}}},{"hash":"bc2400ea2c879d0443c4596cf90dc1c68a2d73ef","isMergeCommit":true,"messageTitle":"Merge pull request #45 from SPWwj/44-align-local-storage-data-file-with-user-guide","messageBody":"Resolve #44","fileTypesAndContributionMap":{}}]},{"date":"2023-03-01","commitResults":[{"hash":"031268a2f2d793b9f84f90f3ffcde3ee6536ee32","isMergeCommit":false,"messageTitle":"Fix #37","messageBody":"","fileTypesAndContributionMap":{"functional-code":{"insertions":1,"deletions":1},"other":{"insertions":1,"deletions":1}}},{"hash":"59c3102bc2aa7fbc90c3b5e3519b8ff496d8d94e","isMergeCommit":true,"messageTitle":"Merge pull request #48 from SPWwj/44-align-local-storage-data-file-with-user-guide","messageBody":"Fix #37","fileTypesAndContributionMap":{}},{"hash":"724351dae8e0582c67fc196664a1b17fcbd521c4","isMergeCommit":false,"messageTitle":"Fix #49 and add an example to add new task in LogicManager.java","messageBody":"","fileTypesAndContributionMap":{"functional-code":{"insertions":108,"deletions":82}}},{"hash":"5b00865bb0265c83426edd6c41e44d9ead824b60","isMergeCommit":true,"messageTitle":"Merge pull request #50 from SPWwj/49-unable-to-read-data-from-localstorage","messageBody":"Fix #49 and add an example to add new task in LogicManager.java","fileTypesAndContributionMap":{}},{"hash":"fa5ab191c7cd4cb3e44e3661de40a018165aea2c","isMergeCommit":true,"messageTitle":"Merge pull request #51 from Nicklelodeon/branch-add-command","messageBody":"Branch add command","fileTypesAndContributionMap":{}}]},{"date":"2023-03-07","commitResults":[{"hash":"de3d880165b0a0bc4bc4f3bb33bdb388df3d9677","isMergeCommit":false,"messageTitle":"Add OfficeConnectModelTest","messageBody":"","fileTypesAndContributionMap":{"test-code":{"insertions":92,"deletions":0}}},{"hash":"d6651c9261f122ec975b377bbe010ce7543dc7c2","isMergeCommit":false,"messageTitle":"resolve conflict for TaskBuilder","messageBody":"","fileTypesAndContributionMap":{"test-code":{"insertions":43,"deletions":6}}}]},{"date":"2023-03-08","commitResults":[{"hash":"fc6ccb45f172b7f327f986a6b5d22629daf74361","isMergeCommit":true,"messageTitle":"Merge branch \u0027master\u0027 into integrate-test-officemodel","messageBody":"","fileTypesAndContributionMap":{}},{"hash":"be70772b1a08e2c64e0f051973435cd5122a94e0","isMergeCommit":false,"messageTitle":"rebase branch","messageBody":"","fileTypesAndContributionMap":{"test-code":{"insertions":77,"deletions":2}}},{"hash":"4c792f9d1e2c2aaff26f4ac6c9f3850a784adb76","isMergeCommit":false,"messageTitle":"Add integration test for task and personTask storage","messageBody":"","fileTypesAndContributionMap":{"functional-code":{"insertions":2,"deletions":4},"test-code":{"insertions":58,"deletions":2}}},{"hash":"1a16d540b1d77051930be76389e454d38f02a4ec","isMergeCommit":false,"messageTitle":"Add integration test and fix bug for local storage","messageBody":"","fileTypesAndContributionMap":{"functional-code":{"insertions":2,"deletions":4},"test-code":{"insertions":58,"deletions":2}}},{"hash":"b848e003c41ac18b68df1eb70734048b0acdf92c","isMergeCommit":true,"messageTitle":"Merge pull request #56 from Nicklelodeon/fix-addtask-command","messageBody":"Fix bugs in addtask that caused parser to parse incorrectly","fileTypesAndContributionMap":{}},{"hash":"b03991874ec40562ddcd40bb71f0396a0aeabed2","isMergeCommit":false,"messageTitle":"Add UniqueItemListTest and remove redundant exception class","messageBody":"","fileTypesAndContributionMap":{"functional-code":{"insertions":23,"deletions":41},"test-code":{"insertions":115,"deletions":0}}},{"hash":"fe2ed11630c0c0b4abe7e61a99354aa4cf0dd6a5","isMergeCommit":false,"messageTitle":"Add RepositoryModelManagerTest","messageBody":"","fileTypesAndContributionMap":{"functional-code":{"insertions":10,"deletions":0},"test-code":{"insertions":141,"deletions":18}}},{"hash":"6bf6c99dbd4d7325fd6d3905f5d84821d0fc4b4e","isMergeCommit":false,"messageTitle":"Fix RepositoryModelManager document typo","messageBody":"","fileTypesAndContributionMap":{"functional-code":{"insertions":4,"deletions":4},"test-code":{"insertions":5,"deletions":0}}},{"hash":"645a679cd6f055da083a701ec3b89faba0b9a812","isMergeCommit":true,"messageTitle":"Merge pull request #58 from SPWwj/remove-redundant-class-for-model","messageBody":"Add UniqueItemListTest and remove redundant exception class","fileTypesAndContributionMap":{}},{"hash":"06363634d168d041890919cdf210619f78a13596","isMergeCommit":false,"messageTitle":"Add ui to display all tasks","messageBody":"","fileTypesAndContributionMap":{"functional-code":{"insertions":190,"deletions":24}}},{"hash":"77409f5d60b6edf6eaae6ec7f0a5fbae795000aa","isMergeCommit":false,"messageTitle":"Add filter tasks by GUI selected person","messageBody":"","fileTypesAndContributionMap":{"functional-code":{"insertions":33,"deletions":5}}},{"hash":"884d044b9e434524b140c6d67d5aa04ccd464569","isMergeCommit":false,"messageTitle":"Fix id related bugs and test cases","messageBody":"","fileTypesAndContributionMap":{"functional-code":{"insertions":66,"deletions":16},"test-code":{"insertions":93,"deletions":43}}},{"hash":"f00367b6e2430428dca6eb00bbde6d13c58ff90f","isMergeCommit":false,"messageTitle":"Add IdTest","messageBody":"","fileTypesAndContributionMap":{"test-code":{"insertions":69,"deletions":0}}},{"hash":"2a21efc96d4439458de540907484469f15bfd24c","isMergeCommit":false,"messageTitle":"Add more test case to ParserUtilTest","messageBody":"","fileTypesAndContributionMap":{"test-code":{"insertions":68,"deletions":5}}},{"hash":"9acf14d64b4de35f430977cce083e70de9c1ea9f","isMergeCommit":false,"messageTitle":"Fix integer overflow for test case","messageBody":"","fileTypesAndContributionMap":{"test-code":{"insertions":1,"deletions":1}}},{"hash":"e75272a62a928907876357f4642a20c15863952b","isMergeCommit":false,"messageTitle":"Add more storage test case","messageBody":"","fileTypesAndContributionMap":{"test-code":{"insertions":124,"deletions":0}}}]},{"date":"2023-03-09","commitResults":[{"hash":"e8cb7cbf8f24bdbd27145172425fb84519a79851","isMergeCommit":true,"messageTitle":"Merge pull request #61 from cyiting/assignCommand","messageBody":"Create assign command and test cases for the new classes","fileTypesAndContributionMap":{}},{"hash":"7febf1cb1dc282848e740a26d825f650de3cdcae","isMergeCommit":false,"messageTitle":"Add ui to display all tasks","messageBody":"","fileTypesAndContributionMap":{"functional-code":{"insertions":190,"deletions":24}}},{"hash":"d557e70d7e823b95f8a6f7ee046b362948d84ea6","isMergeCommit":false,"messageTitle":"Add filter tasks by GUI selected person","messageBody":"","fileTypesAndContributionMap":{"functional-code":{"insertions":30,"deletions":4}}},{"hash":"41567b76921b7265a2d2024294e962483c5282c5","isMergeCommit":true,"messageTitle":"Merge remote-tracking branch \u0027origin/main-page-gui-show-detail\u0027 into main-page-gui-show-detail","messageBody":"","fileTypesAndContributionMap":{}},{"hash":"1b1bf7d924af5e0ab35fab5d09f7e8c5bbecb707","isMergeCommit":false,"messageTitle":"Fix unable update filter after tasklist command","messageBody":"","fileTypesAndContributionMap":{"functional-code":{"insertions":31,"deletions":15}}}]},{"date":"2023-03-10","commitResults":[{"hash":"3b9e77d2ae4061a8f7d3c043c137b23c2845d85f","isMergeCommit":false,"messageTitle":"Resolve #65","messageBody":"","fileTypesAndContributionMap":{"functional-code":{"insertions":2,"deletions":1}}}]},{"date":"2023-03-13","commitResults":[{"hash":"16a3e76baed2a04c0d30097146093c3d3656db32","isMergeCommit":true,"messageTitle":"Merge pull request #79 from cyiting/unmark-command","messageBody":"Add Unmark Command and JUnit tests","fileTypesAndContributionMap":{}}]},{"date":"2023-03-14","commitResults":[{"hash":"5aaddece2c9aaeadff841bfe588a84a77e111aa2","isMergeCommit":true,"messageTitle":"Merge pull request #81 from Guo-KeCheng/master","messageBody":"Implement Review, Reviewtask and Listall features","fileTypesAndContributionMap":{}},{"hash":"3b71506385d130cdfcf0a4c37f1533c021cee04d","isMergeCommit":false,"messageTitle":"Rename classes and function to more sensible names, resolve #82","messageBody":"","fileTypesAndContributionMap":{"functional-code":{"insertions":184,"deletions":184},"other":{"insertions":52,"deletions":52},"docs":{"insertions":2,"deletions":2},"test-code":{"insertions":164,"deletions":143}}}]},{"date":"2023-03-15","commitResults":[{"hash":"12a6ae9800d23a5056ca67737df821184bbd8b28","isMergeCommit":false,"messageTitle":"Resolve CheckStyle errors","messageBody":"","fileTypesAndContributionMap":{"test-code":{"insertions":6,"deletions":5}}},{"hash":"ea9e7af7c9d7f236c741bb86c0bd852a77c630df","isMergeCommit":false,"messageTitle":"Fix left over subject headers","messageBody":"","fileTypesAndContributionMap":{"functional-code":{"insertions":8,"deletions":8}}},{"hash":"56f3ba3519e5b48d83e03476e072fb214437e831","isMergeCommit":true,"messageTitle":"Merge pull request #86 from kayyenl/v1.2b_documentation_and_cleanup","messageBody":"Remove redundant method and improved documentation","fileTypesAndContributionMap":{}}]},{"date":"2023-03-16","commitResults":[{"hash":"4faaad146be38291f7d61ffd15bfd4d88cf736d0","isMergeCommit":false,"messageTitle":"Improve Ui to assign with OfficeConnect Theme","messageBody":"","fileTypesAndContributionMap":{"functional-code":{"insertions":301,"deletions":36},"test-code":{"insertions":1,"deletions":1}}},{"hash":"b14a7d04a320a8473bb10f43c6bfb6d99bb92355","isMergeCommit":false,"messageTitle":"Improve Ui to align with OfficeConnect Theme","messageBody":"","fileTypesAndContributionMap":{"functional-code":{"insertions":301,"deletions":36},"test-code":{"insertions":1,"deletions":1}}},{"hash":"5bc5d38169f4167c276de153fa15037ff948bda0","isMergeCommit":true,"messageTitle":"Merge branch \u0027master\u0027 into 82-rename-classes-and-functions-to-more-sensible-names","messageBody":"","fileTypesAndContributionMap":{}},{"hash":"c48d792030ff7a344f99b4395b6427d4b8b832dc","isMergeCommit":false,"messageTitle":"Add Progress bar for task in PersonCard","messageBody":"","fileTypesAndContributionMap":{"functional-code":{"insertions":34,"deletions":4}}},{"hash":"9bb90308cda14e590a1944b3afb2cd0b0d487ba1","isMergeCommit":false,"messageTitle":"Add Progress bar for task in PersonCard","messageBody":"","fileTypesAndContributionMap":{"functional-code":{"insertions":34,"deletions":4}}},{"hash":"5b3ceaf80795a66531ff8f6f4a453ea88d8676ce","isMergeCommit":true,"messageTitle":"Merge remote-tracking branch \u0027origin/update-ui\u0027 into update-ui","messageBody":"","fileTypesAndContributionMap":{}},{"hash":"368511df564ebc915336d3632bac7f0a40cf5d3b","isMergeCommit":false,"messageTitle":"Restructure the view folder","messageBody":"","fileTypesAndContributionMap":{"functional-code":{"insertions":11,"deletions":11},"other":{"insertions":3,"deletions":9}}},{"hash":"882c1ff6b8530eb6979bfc2a66b9b07bfe14e0bb","isMergeCommit":false,"messageTitle":"Fix fxml version to 11","messageBody":"","fileTypesAndContributionMap":{"functional-code":{"insertions":14,"deletions":30}}},{"hash":"1f2d5a9ca53c12c32ffcf95e207dc03f791ff98b","isMergeCommit":true,"messageTitle":"Merge pull request #91 from kayyenl/v1.2_help-interface_test-methods","messageBody":"V1.2 help interface test methods","fileTypesAndContributionMap":{}},{"hash":"8c25d2623422ba5cf55750397ca30f04018834f4","isMergeCommit":false,"messageTitle":"Add Acknowledgements to images used and change default cursor icon","messageBody":"","fileTypesAndContributionMap":{"functional-code":{"insertions":12,"deletions":3},"docs":{"insertions":8,"deletions":1}}},{"hash":"87f15c61681f609651fff653fca364b49ec1c6de","isMergeCommit":false,"messageTitle":"Hide progress-indicator for v1.2","messageBody":"","fileTypesAndContributionMap":{"functional-code":{"insertions":1,"deletions":1}}}]},{"date":"2023-03-17","commitResults":[{"hash":"22705d5b2338a4d703fe5f3745115148d0962a78","isMergeCommit":true,"messageTitle":"Merge pull request #98 from Nicklelodeon/branch-deletetask-documentation","messageBody":"Add deletetask documentation, change subject to title","fileTypesAndContributionMap":{}},{"hash":"c88b40f00e2cb9e25d4bda36508a6b094dcbbdb2","isMergeCommit":true,"messageTitle":"Merge pull request #94 from Guo-KeCheng/master","messageBody":"Add use case for review and reviewtask. ","fileTypesAndContributionMap":{}}]},{"date":"2023-03-19","commitResults":[{"hash":"4b4577eaaf377a11eeeb82d1cd1a068858c8f30d","isMergeCommit":false,"messageTitle":"Add test for UnassignCommand","messageBody":"","fileTypesAndContributionMap":{"functional-code":{"insertions":308,"deletions":65},"other":{"insertions":12,"deletions":5},"docs":{"insertions":58,"deletions":7},"test-code":{"insertions":490,"deletions":481}}},{"hash":"7232c8bc4b4f3b3bbe9c83a4b79c968bf502e6cc","isMergeCommit":false,"messageTitle":"Improve UnassignCommand Ui feedback","messageBody":"","fileTypesAndContributionMap":{"functional-code":{"insertions":8,"deletions":1}}},{"hash":"a7bab848b9dafff4da7ce3926f5c9f3e514fc984","isMergeCommit":false,"messageTitle":"Fix unassign test case wrong feedback message","messageBody":"","fileTypesAndContributionMap":{"test-code":{"insertions":1,"deletions":1}}},{"hash":"63ac770bdb70612a17f9488dd2db56e55d766411","isMergeCommit":false,"messageTitle":"Fix UG unassign typo bugs","messageBody":"","fileTypesAndContributionMap":{"docs":{"insertions":1,"deletions":1}}},{"hash":"75d9bd9be220b883303dd566d32486c097b0d576","isMergeCommit":false,"messageTitle":"Edit OfficeConnectModel and align to Law of Demeter #100","messageBody":"","fileTypesAndContributionMap":{"functional-code":{"insertions":90,"deletions":29}}},{"hash":"c0becd322a459b71c1c3a263a2c951c564907446","isMergeCommit":false,"messageTitle":"Fix fail test case issue for valid index range","messageBody":"","fileTypesAndContributionMap":{"functional-code":{"insertions":2,"deletions":2},"test-code":{"insertions":20,"deletions":0}}},{"hash":"67b6d9adfad9c2b2eef2ae588c093e77b2cf8c06","isMergeCommit":false,"messageTitle":"Fix #112","messageBody":"","fileTypesAndContributionMap":{"functional-code":{"insertions":2,"deletions":3}}}]},{"date":"2023-03-20","commitResults":[{"hash":"cbf781c460136f645e6c605e8d70f2ca722cd8bb","isMergeCommit":false,"messageTitle":"Resolve #106 by Adding the task progress indicator","messageBody":"","fileTypesAndContributionMap":{"functional-code":{"insertions":23,"deletions":8}}},{"hash":"cae9be86ddb179739e697a247370d6e946568ad2","isMergeCommit":false,"messageTitle":"Resolve #116 by give progress a default value","messageBody":"","fileTypesAndContributionMap":{"functional-code":{"insertions":1,"deletions":1}}}]},{"date":"2023-03-23","commitResults":[{"hash":"cfbf7d17681cf7a8f605886e80682de8f4b32bed","isMergeCommit":false,"messageTitle":"Edit StorageClassDiagram to align with current design","messageBody":"","fileTypesAndContributionMap":{"docs":{"insertions":38,"deletions":5}}},{"hash":"83cea628a9d8d774f0ec5a9138385b79624353f3","isMergeCommit":false,"messageTitle":"Add OfficeStorageClassDiagram","messageBody":"","fileTypesAndContributionMap":{"functional-code":{"insertions":1,"deletions":0},"docs":{"insertions":23,"deletions":11}}},{"hash":"39e4d48326b6ffd3ae7035fc30a47422a1e9a23e","isMergeCommit":false,"messageTitle":"Update OfficeConnectModel and Storage DG section","messageBody":"","fileTypesAndContributionMap":{"docs":{"insertions":104,"deletions":36}}},{"hash":"ae0e1d22637aeac9146c33e7fc0d9b704084620c","isMergeCommit":true,"messageTitle":"Merge pull request #118 from Nicklelodeon/branch-updateDG-implementation","messageBody":"Update DG for implementations","fileTypesAndContributionMap":{}},{"hash":"17badfc38c825d4ad037d8460012b4b8db5a655a","isMergeCommit":false,"messageTitle":"Fix DG CheckStyle issue","messageBody":"","fileTypesAndContributionMap":{"docs":{"insertions":2,"deletions":1}}},{"hash":"70e69ca56426906d6817dd8920851ebffdd00112","isMergeCommit":false,"messageTitle":"Fix DG CheckStyle issue second try","messageBody":"","fileTypesAndContributionMap":{"docs":{"insertions":132,"deletions":55}}},{"hash":"4c9b082e44222cafa7b723c1c9f2a2281591624d","isMergeCommit":false,"messageTitle":"Fix DG CheckStyle issue third try","messageBody":"","fileTypesAndContributionMap":{"docs":{"insertions":3,"deletions":4}}},{"hash":"130d18ef6ad329d632ba0136b88e125c413408de","isMergeCommit":false,"messageTitle":"Fix DG CheckStyle issue forth try","messageBody":"","fileTypesAndContributionMap":{"docs":{"insertions":78,"deletions":56}}},{"hash":"523fb21691588e21ca4dfbc8d24b8e9d3c250dfd","isMergeCommit":false,"messageTitle":"Fix DG CheckStyle issue forth try","messageBody":"","fileTypesAndContributionMap":{"functional-code":{"insertions":1,"deletions":1},"docs":{"insertions":0,"deletions":1}}},{"hash":"f1d20ab8f3b87a786441f9a8df315d04c3f150c3","isMergeCommit":false,"messageTitle":"Add UnassignActivity diagram to DG","messageBody":"","fileTypesAndContributionMap":{"docs":{"insertions":21,"deletions":2}}},{"hash":"8504563390541b44d2d0283ddab6ed40fc5141fd","isMergeCommit":true,"messageTitle":"Merge branch \u0027AY2223S2-CS2103-F10-1:master\u0027 into master","messageBody":"","fileTypesAndContributionMap":{}},{"hash":"e0fdb76598ad89aa51fed4bee8276bbf06a8ee35","isMergeCommit":false,"messageTitle":"Resolve #124","messageBody":"","fileTypesAndContributionMap":{"docs":{"insertions":29,"deletions":80}}},{"hash":"e45f6206f5778340d73e3c93a880238517b590a8","isMergeCommit":false,"messageTitle":"Remove activity diagram from MSS","messageBody":"","fileTypesAndContributionMap":{"docs":{"insertions":0,"deletions":2}}},{"hash":"4fab8e6d7f74bf6b6151d4a477b7a6c40a878ff1","isMergeCommit":false,"messageTitle":"Add Unassign command description","messageBody":"","fileTypesAndContributionMap":{"docs":{"insertions":100,"deletions":0}}}]},{"date":"2023-03-24","commitResults":[{"hash":"166f1292f6506285fd1346a9034935a9b1ac77c7","isMergeCommit":false,"messageTitle":"Enable assertion in build.gradle","messageBody":"","fileTypesAndContributionMap":{"other":{"insertions":3,"deletions":0}}},{"hash":"a5e239e17612019ab3e095b42cb08574e0125c72","isMergeCommit":true,"messageTitle":"Merge pull request #128 from SPWwj/119-enable-assertion-in-buildgradle","messageBody":"Enable assertion in build.gradle","fileTypesAndContributionMap":{}},{"hash":"926699f0cbd433b0099f1acde05087f992db4e40","isMergeCommit":false,"messageTitle":"Resolve #124","messageBody":"","fileTypesAndContributionMap":{"docs":{"insertions":37,"deletions":78}}},{"hash":"8a094b14450041319f6a4ca062a7e098aa94a3b0","isMergeCommit":false,"messageTitle":"Add Unassign command description","messageBody":"","fileTypesAndContributionMap":{"docs":{"insertions":178,"deletions":0}}},{"hash":"e4280f7304faf4e3cbdffc1e993809382c7e06b7","isMergeCommit":false,"messageTitle":"Fix merge conflict and style issue","messageBody":"","fileTypesAndContributionMap":{"docs":{"insertions":1,"deletions":1}}},{"hash":"96b2f4b8f5f83751d89a198e0b0096bfc3734f1e","isMergeCommit":true,"messageTitle":"Merge remote-tracking branch \u0027origin/124-fix-dg-format-issue\u0027 into 124-fix-dg-format-issue","messageBody":"# Conflicts:\n#\tdocs/DeveloperGuide.md\n","fileTypesAndContributionMap":{}},{"hash":"34e63ff9a76018ceb12a29b66e997c434c7a8888","isMergeCommit":false,"messageTitle":"Fix DG format","messageBody":"","fileTypesAndContributionMap":{"docs":{"insertions":4,"deletions":0}}},{"hash":"a0343e07ffff72a5c2c9ff24cf2f6d386ddb3f98","isMergeCommit":false,"messageTitle":"Fix image size","messageBody":"","fileTypesAndContributionMap":{"docs":{"insertions":3,"deletions":3}}},{"hash":"7bf980057442e5df1f2523d285ba169193a6bfdd","isMergeCommit":false,"messageTitle":"Remove activity diagram in MSS","messageBody":"","fileTypesAndContributionMap":{"docs":{"insertions":0,"deletions":2}}}]}],"Guo-KeCheng":[{"date":"2023-02-25","commitResults":[{"hash":"47f6d9261e399fa727d9056a82dd545e993a6a5e","isMergeCommit":false,"messageTitle":"Update About Us Page with photo and include portfolio and github link","messageBody":"","fileTypesAndContributionMap":{"docs":{"insertions":27,"deletions":3}}},{"hash":"6d536aae1dd4de811b55671d5cfbda16ffa0f6bf","isMergeCommit":true,"messageTitle":"Resolve merge conflict from About Us Page","messageBody":"","fileTypesAndContributionMap":{}},{"hash":"05986ecc7cd1b2d2e12ec136364f3fe40e1eaf39","isMergeCommit":false,"messageTitle":"Resolve CI issue","messageBody":"","fileTypesAndContributionMap":{"docs":{"insertions":1,"deletions":0}}},{"hash":"a18bfa59270e75cc063e5b7d4e6cd320f96d04a9","isMergeCommit":false,"messageTitle":"Resolve CI issue","messageBody":"","fileTypesAndContributionMap":{"docs":{"insertions":0,"deletions":2}}},{"hash":"f9b564e96e8224cf737a1287c225c2211ce161af","isMergeCommit":false,"messageTitle":"Resolve CI issue","messageBody":"","fileTypesAndContributionMap":{"docs":{"insertions":7,"deletions":3}}},{"hash":"e68d5f0ddaf7726851cd963379fb6a0c7b46e74d","isMergeCommit":false,"messageTitle":"Resolve CI issue","messageBody":"","fileTypesAndContributionMap":{"docs":{"insertions":17,"deletions":17}}},{"hash":"abaab35232bab0e0ffdb3ebed3cd19e2bcf2da92","isMergeCommit":false,"messageTitle":"Resolve CI issue","messageBody":"","fileTypesAndContributionMap":{"docs":{"insertions":30,"deletions":30}}}]},{"date":"2023-03-04","commitResults":[{"hash":"e331ef7bb10aad08c0aae94195546f94817fbc33","isMergeCommit":false,"messageTitle":"Rename md file and add use case to developer guide","messageBody":"","fileTypesAndContributionMap":{"docs":{"insertions":70,"deletions":26}}}]},{"date":"2023-03-09","commitResults":[{"hash":"4846a0d851b3ebf29ba8850c53645a30d47ec3e9","isMergeCommit":true,"messageTitle":"Merge pull request #60 from Nicklelodeon/branch-listtask-command","messageBody":"Add listtask command, Junit tests for AddressBookParser and ListTaskCommand","fileTypesAndContributionMap":{}}]},{"date":"2023-03-12","commitResults":[{"hash":"176f97cbd4afaf9e2f7d84ba60e4632a3104ec9b","isMergeCommit":true,"messageTitle":"Merge pull request #68 from SPWwj/65-invocationtargetexception-when-adding-contact-without-id","messageBody":"Resolve #65","fileTypesAndContributionMap":{}},{"hash":"35c52fab49eb7e4c5a11164a0f4af59edecdb9d9","isMergeCommit":true,"messageTitle":"Merge pull request #64 from SPWwj/main-page-gui-show-detail","messageBody":"Main page gui show detail","fileTypesAndContributionMap":{}},{"hash":"984da7e0dc9d9d5e3771b8ac3dc8344cdd052cb1","isMergeCommit":false,"messageTitle":"Implement review feature","messageBody":"Review feature enable user to find out the list of task assigned to a\nspecific individual.\n","fileTypesAndContributionMap":{"functional-code":{"insertions":212,"deletions":13},"docs":{"insertions":4,"deletions":2}}}]},{"date":"2023-03-13","commitResults":[{"hash":"1502ec69f7a5413b3afcc87f754ff0d3edde8f80","isMergeCommit":false,"messageTitle":"Implement reviewtask and list all feature","messageBody":"Review and Reviewtask updates the GUI with each call to display only\nthe relevant information (mapping between person and task). To facilitate\nsubsequent commands, listall combines the feature of list and listtask\ninto one to improve user experience.\n","fileTypesAndContributionMap":{"functional-code":{"insertions":194,"deletions":90}}},{"hash":"a667aec0870cfda04ae87bddf440eae6b26faa01","isMergeCommit":false,"messageTitle":"Attempt to fix \\n\\r error","messageBody":"","fileTypesAndContributionMap":{"functional-code":{"insertions":89,"deletions":89}}},{"hash":"d958ce246f3dfc67bab13e38d27e052447e7a3c1","isMergeCommit":false,"messageTitle":"Fix \\n\\r issue","messageBody":"","fileTypesAndContributionMap":{"functional-code":{"insertions":89,"deletions":89}}},{"hash":"9a5b783ec646127040a4189ebbf0b701642ceb0a","isMergeCommit":false,"messageTitle":"Fix \\n\\r","messageBody":"","fileTypesAndContributionMap":{"functional-code":{"insertions":1,"deletions":0}}},{"hash":"4e36e2229a26905a140f3cd0aab212e4cef37969","isMergeCommit":false,"messageTitle":"Fix \\n\\r","messageBody":"","fileTypesAndContributionMap":{"functional-code":{"insertions":74,"deletions":75}}},{"hash":"868a021d4a289453d8072f67cf57f3e8e447d9c6","isMergeCommit":false,"messageTitle":"Fix \\n\\r","messageBody":"","fileTypesAndContributionMap":{"functional-code":{"insertions":9,"deletions":4}}},{"hash":"927c82645bd4bff020d8b191a717db99849d5768","isMergeCommit":false,"messageTitle":"Fix \\n\\r","messageBody":"","fileTypesAndContributionMap":{"functional-code":{"insertions":9,"deletions":5}}},{"hash":"7b8b6eeda528c5f7aea18f84b7847465dd57c4f4","isMergeCommit":false,"messageTitle":"Use git add --renormalize .","messageBody":"","fileTypesAndContributionMap":{"functional-code":{"insertions":212,"deletions":212}}},{"hash":"cd3e1bca0b98cec389a3bb140d12e1ca4974bbde","isMergeCommit":false,"messageTitle":"Change syntax of review and reviewtask","messageBody":"","fileTypesAndContributionMap":{"functional-code":{"insertions":144,"deletions":81}}},{"hash":"43a15a0b3d48b5b57173945ef2a32334e807dc73","isMergeCommit":false,"messageTitle":"Fix checkstyle issues","messageBody":"","fileTypesAndContributionMap":{"functional-code":{"insertions":22,"deletions":15}}},{"hash":"d9af47212dc23aa4a240c800ad6291b1731a8ed8","isMergeCommit":false,"messageTitle":"Add integration tests for ListAllCommand","messageBody":"","fileTypesAndContributionMap":{"test-code":{"insertions":77,"deletions":0}}},{"hash":"b2a02f74e3da362a032412c59f2df6a3a4567687","isMergeCommit":true,"messageTitle":"Update to upstream master","messageBody":"","fileTypesAndContributionMap":{}},{"hash":"256ac5962f68032b588114a6c54066a993622ddf","isMergeCommit":false,"messageTitle":"Implement test for Review, Reviewtask and their respective parser","messageBody":"The test mainly handles equality of objects, validity of code as while\nas account for the interaction with GUI.\n","fileTypesAndContributionMap":{"functional-code":{"insertions":17,"deletions":13},"test-code":{"insertions":281,"deletions":0}}}]},{"date":"2023-03-14","commitResults":[{"hash":"215d81df65a7315328db5058484b574d16788691","isMergeCommit":false,"messageTitle":"Add test for ReviewCommand and ReviewTaskCommand","messageBody":"","fileTypesAndContributionMap":{"functional-code":{"insertions":6,"deletions":11},"test-code":{"insertions":94,"deletions":21}}},{"hash":"a0c3cd940c7dd412d8cdde879c2475fab35ab52a","isMergeCommit":true,"messageTitle":"Merge branch \u0027branch-checktask\u0027","messageBody":"","fileTypesAndContributionMap":{}},{"hash":"2f6cefdc0f5f9fe00e64edba56df00cb6f8575f2","isMergeCommit":false,"messageTitle":"Update UserGuide\u0027s command summary table","messageBody":"","fileTypesAndContributionMap":{"docs":{"insertions":28,"deletions":12}}},{"hash":"ea4b0cc1aa74379abc974b9dd1b2c721a23dac24","isMergeCommit":false,"messageTitle":"Restore deleted listtask","messageBody":"","fileTypesAndContributionMap":{"functional-code":{"insertions":4,"deletions":1}}}]},{"date":"2023-03-16","commitResults":[{"hash":"a35fac16174c19a3a31ac96c068a5c19b48d0c7e","isMergeCommit":true,"messageTitle":"Merge pull request #90 from SPWwj/update-ui","messageBody":"Improve Ui to align with OfficeConnect Theme","fileTypesAndContributionMap":{}},{"hash":"f769972149f514ff6bb05d5dd896adff45a6609f","isMergeCommit":true,"messageTitle":"Resolve merge conflict","messageBody":"","fileTypesAndContributionMap":{}},{"hash":"7b463cbf3cee77247fea02eb2802f369a1baf8a9","isMergeCommit":true,"messageTitle":"Merge pull request #93 from SPWwj/update-ui","messageBody":"Update UI","fileTypesAndContributionMap":{}},{"hash":"8423b49e1bb87cd53e746189410a3792f59de2a9","isMergeCommit":true,"messageTitle":"Merge branch \u0027master\u0027 of https://github.com/AY2223S2-CS2103-F10-1/tp","messageBody":"","fileTypesAndContributionMap":{}},{"hash":"40b78da68df25f8c3d592cbbf80fd15711d2d19d","isMergeCommit":false,"messageTitle":"Fixed issue with assigning individuals to task","messageBody":"","fileTypesAndContributionMap":{"functional-code":{"insertions":2,"deletions":2},"docs":{"insertions":31,"deletions":0}}},{"hash":"ee553533b948c6d38e9d142b6f83beca930a8bee","isMergeCommit":false,"messageTitle":"Removed unused imports","messageBody":"","fileTypesAndContributionMap":{"functional-code":{"insertions":0,"deletions":2}}}]},{"date":"2023-03-17","commitResults":[{"hash":"404b52f743016f0556a2388a919b63e4a21e3b5f","isMergeCommit":false,"messageTitle":"Revert change on assignment","messageBody":"","fileTypesAndContributionMap":{"functional-code":{"insertions":2,"deletions":5}}}]},{"date":"2023-03-20","commitResults":[{"hash":"d1d23117f07c4a95a84ed3aa40f58183ada236b2","isMergeCommit":false,"messageTitle":"Refractor review to find","messageBody":"","fileTypesAndContributionMap":{"functional-code":{"insertions":90,"deletions":160},"other":{"insertions":40,"deletions":41},"docs":{"insertions":17,"deletions":19},"test-code":{"insertions":77,"deletions":191}}},{"hash":"40bf16ca4f815c08d521d008784b66eb0ee650cc","isMergeCommit":true,"messageTitle":"Merge pull request #115 from SPWwj/106-as-a-manager-i-can-check-progress-of-task-or-project-so-that-i-can-ensure-the-project-is-on-path","messageBody":"Resolve #106 by Adding the task progress indicator","fileTypesAndContributionMap":{}}]},{"date":"2023-03-22","commitResults":[{"hash":"2608cc8335a726b4467a52a7dcccb73d8767ba81","isMergeCommit":true,"messageTitle":"Fix merge conflict","messageBody":"","fileTypesAndContributionMap":{}}]},{"date":"2023-03-23","commitResults":[{"hash":"c1d6f4586eba39aad40beb8e00187762bd841ff2","isMergeCommit":false,"messageTitle":"Update DG","messageBody":"","fileTypesAndContributionMap":{"functional-code":{"insertions":5,"deletions":7},"docs":{"insertions":107,"deletions":2}}},{"hash":"08ad529126dba92d412cb137d4bb632a0f1531ed","isMergeCommit":true,"messageTitle":"Merge pull request #121 from SPWwj/update-DG","messageBody":"Update DG","fileTypesAndContributionMap":{}},{"hash":"febe694f7bdb8b9cbf7c14c0f47d777eb534da1e","isMergeCommit":true,"messageTitle":"Resolve merge conflict","messageBody":"","fileTypesAndContributionMap":{}},{"hash":"2c03867a03168f2f166c674c4f3e1b95bb53fbc7","isMergeCommit":false,"messageTitle":"Checkstyle","messageBody":"","fileTypesAndContributionMap":{"docs":{"insertions":17,"deletions":17}}},{"hash":"716ca78847b4151d6dde37381cfd3e78fe8518bc","isMergeCommit":false,"messageTitle":"Add numbering to DG","messageBody":"","fileTypesAndContributionMap":{"docs":{"insertions":169,"deletions":173}}},{"hash":"7ae9d90fbe5a98c2014b349e5e4fffbb7a496f5d","isMergeCommit":true,"messageTitle":"Merge branch \u0027master\u0027 into branch-UpdateDocs","messageBody":"","fileTypesAndContributionMap":{}},{"hash":"135d1bc1236d97526c1aafc9d48d5f4b0a5d91d5","isMergeCommit":false,"messageTitle":"Resolve format","messageBody":"","fileTypesAndContributionMap":{"docs":{"insertions":1,"deletions":1}}},{"hash":"281e83de2beb16d803458530ae78bb5b3da69760","isMergeCommit":true,"messageTitle":"Merge pull request #120 from kayyenl/v1.3_documentation-update","messageBody":"Update DG for HelpWindow ","fileTypesAndContributionMap":{}},{"hash":"a5835e03141a998c7b348dd8f26da9a0165513cb","isMergeCommit":true,"messageTitle":"Resolve merge conflict with Help docs","messageBody":"","fileTypesAndContributionMap":{}}]},{"date":"2023-03-24","commitResults":[{"hash":"2f7264004ebd79d17756678cbef3da7dd47c3ab8","isMergeCommit":false,"messageTitle":"Fix numbering issue","messageBody":"","fileTypesAndContributionMap":{"docs":{"insertions":27,"deletions":27}}},{"hash":"0095358fec4d280ea992fcbae56086f0ff15b0b3","isMergeCommit":false,"messageTitle":"Remove help","messageBody":"","fileTypesAndContributionMap":{"docs":{"insertions":0,"deletions":38}}},{"hash":"4ffdb6bee7364d4336e5386fdf7d705a07bd8fab","isMergeCommit":true,"messageTitle":"Merge pull request #129 from kayyenl/v1.3_DG-second-update","messageBody":"V1.3 DG Help second update","fileTypesAndContributionMap":{}}]}],"kayyenl":[{"date":"2023-02-20","commitResults":[{"hash":"48517213428ffb0c5e0e56f17116883a7518243c","isMergeCommit":false,"messageTitle":"Update AboutUs.md","messageBody":"","fileTypesAndContributionMap":{"docs":{"insertions":3,"deletions":3}}}]},{"date":"2023-02-27","commitResults":[{"hash":"2c624bd181c5128764f170cee74c37b4dcf29414","isMergeCommit":false,"messageTitle":"Implement expanded help window, easy search for method","messageBody":"","fileTypesAndContributionMap":{"functional-code":{"insertions":82,"deletions":15}}},{"hash":"30a51e052f9bb735090877adf9e0563c1386684e","isMergeCommit":false,"messageTitle":"Made TreeView to better visualize methods in help","messageBody":"","fileTypesAndContributionMap":{"functional-code":{"insertions":45,"deletions":15}}},{"hash":"786c87eb76187e192fb3f3500b94df25d7fbe748","isMergeCommit":false,"messageTitle":"Maintain reference to TreeItem items in fxml","messageBody":"","fileTypesAndContributionMap":{"functional-code":{"insertions":34,"deletions":16}}},{"hash":"b161358c6d22b184dc4415b95f139359e7fd89c7","isMergeCommit":false,"messageTitle":"Create kayyenl.md","messageBody":"","fileTypesAndContributionMap":{"docs":{"insertions":46,"deletions":0}}},{"hash":"642da75da2ebc69b1dd1630c8f676fa4def682a2","isMergeCommit":false,"messageTitle":"Update kayyenl.md","messageBody":"","fileTypesAndContributionMap":{"docs":{"insertions":5,"deletions":14}}},{"hash":"9b8e6fda4c0ce0d6492e68407335ee2857170273","isMergeCommit":false,"messageTitle":"Update kayyenl.md","messageBody":"","fileTypesAndContributionMap":{"docs":{"insertions":11,"deletions":8}}},{"hash":"3c6d68e14e41a72b24724e0ca82d708be49d858a","isMergeCommit":false,"messageTitle":"Update kayyenl.md","messageBody":"","fileTypesAndContributionMap":{"docs":{"insertions":1,"deletions":3}}},{"hash":"26de9475857b75f0fd4de6f00a0893afcbd7f7fb","isMergeCommit":false,"messageTitle":"Add help strings to each TreeItem, still trying to bind them to each TreeItem","messageBody":"","fileTypesAndContributionMap":{"functional-code":{"insertions":91,"deletions":4}}},{"hash":"50879cfca4695d0c96d23156e08dbcf8d69311ba","isMergeCommit":false,"messageTitle":"Add alternative way to return help string","messageBody":"","fileTypesAndContributionMap":{"functional-code":{"insertions":29,"deletions":1}}},{"hash":"c06a43d800c43ae31c54f748c5667756b9630b33","isMergeCommit":false,"messageTitle":"Finish functionality of help window, may make aesthetic touches","messageBody":"","fileTypesAndContributionMap":{"functional-code":{"insertions":30,"deletions":29}}},{"hash":"fa776056beb7a493b166d9959275976bee76db20","isMergeCommit":false,"messageTitle":"Improve quality of code, fixed bug for listtask","messageBody":"","fileTypesAndContributionMap":{"functional-code":{"insertions":4,"deletions":1}}},{"hash":"b9e0ca58f76fce9a48538c5d1be1d894c9638df3","isMergeCommit":false,"messageTitle":"Update AboutUs.md","messageBody":"","fileTypesAndContributionMap":{"docs":{"insertions":1,"deletions":1}}},{"hash":"bbceb06744d8c1840ff2f890f95ec404b1e98f35","isMergeCommit":false,"messageTitle":"Update kayyenl.md","messageBody":"","fileTypesAndContributionMap":{"docs":{"insertions":1,"deletions":0}}},{"hash":"d5c5a559618188440bda98b73af4ccec9a49ebd2","isMergeCommit":false,"messageTitle":"format wording in help window","messageBody":"","fileTypesAndContributionMap":{"functional-code":{"insertions":4,"deletions":4}}},{"hash":"32169680d109bf5663e13cec689ab94e4072a893","isMergeCommit":false,"messageTitle":"updated aboutus","messageBody":"","fileTypesAndContributionMap":{"docs":{"insertions":1,"deletions":1}}},{"hash":"d6adf36a89612b8b16550e1c30bcadf3f2c2577a","isMergeCommit":false,"messageTitle":"test commit branch","messageBody":"","fileTypesAndContributionMap":{"docs":{"insertions":1,"deletions":1}}},{"hash":"d7c60a662080ef67b896df6bad510c3582340609","isMergeCommit":false,"messageTitle":"improve code quality to pass checkstyle","messageBody":"","fileTypesAndContributionMap":{"functional-code":{"insertions":95,"deletions":128}}},{"hash":"9a675599874d24aed802b41998d4eca7763d875a","isMergeCommit":false,"messageTitle":"Updated about us to fulfill v1.1","messageBody":"","fileTypesAndContributionMap":{"docs":{"insertions":1,"deletions":1}}},{"hash":"6d715f0811308717a1c47c483256ad0a41e9c0ce","isMergeCommit":false,"messageTitle":"rectify profile pic in aboutus","messageBody":"","fileTypesAndContributionMap":{"docs":{"insertions":1,"deletions":1}}}]},{"date":"2023-02-28","commitResults":[{"hash":"f947a939b425695ae256715c500f0e87380451dc","isMergeCommit":false,"messageTitle":"Update UserGuide.md","messageBody":"","fileTypesAndContributionMap":{"docs":{"insertions":4,"deletions":2}}}]},{"date":"2023-03-10","commitResults":[{"hash":"bee32b753d935b56e2982b03ac8501d93d7a7c6e","isMergeCommit":false,"messageTitle":"Include use case for help interface / command","messageBody":"","fileTypesAndContributionMap":{"docs":{"insertions":17,"deletions":12}}},{"hash":"44a97d2b111095a91b9aa01bceceb98c7a1e3a18","isMergeCommit":false,"messageTitle":"Improve formatting of \"help\" use case in DG","messageBody":"","fileTypesAndContributionMap":{"docs":{"insertions":2,"deletions":0}}},{"hash":"8a948163e65ecab789e7d8d47e6d19867bd0e008","isMergeCommit":false,"messageTitle":"Improve formatting of DG","messageBody":"","fileTypesAndContributionMap":{"docs":{"insertions":1,"deletions":1}}}]},{"date":"2023-03-11","commitResults":[{"hash":"a79f064cec24260f8a7de10c846e6d1d02226cab","isMergeCommit":true,"messageTitle":"Merge pull request #74 from Nicklelodeon/branch-add-task-documentation","messageBody":"Update documentations for addtask command","fileTypesAndContributionMap":{}}]},{"date":"2023-03-15","commitResults":[{"hash":"37f60f64dfc0187cdd1eb290024d5bea825f2c31","isMergeCommit":true,"messageTitle":"Merge pull request #84 from Nicklelodeon/branch-list-task-documentation","messageBody":"Add ListTask Command documentation","fileTypesAndContributionMap":{}},{"hash":"46a64897c5979a4b964f5b61ef5a3735075fd766","isMergeCommit":false,"messageTitle":"Remove Initialize method implementation as it was a redundancy","messageBody":"","fileTypesAndContributionMap":{"functional-code":{"insertions":2,"deletions":8}}},{"hash":"762a314215e90294dbb76a55bd0aec44bee4034c","isMergeCommit":false,"messageTitle":"Update UserGuide.md","messageBody":"Correct userguide to comply with standards","fileTypesAndContributionMap":{"docs":{"insertions":2,"deletions":2}}}]},{"date":"2023-03-16","commitResults":[{"hash":"a7e3d5ae751a2e61d5d914b7c6dcf3a4596d8541","isMergeCommit":true,"messageTitle":"Merge pull request #88 from cyiting/assignCommand","messageBody":"Update ReadMe, User Guide and Developer Guide","fileTypesAndContributionMap":{}},{"hash":"0b2834e0f74132ac0f0f76e637a4abbcad3942f2","isMergeCommit":false,"messageTitle":"Refactor HelpWindow Ui code, stored preset strings in separate HelpStrings class","messageBody":"","fileTypesAndContributionMap":{"functional-code":{"insertions":65,"deletions":54},"test-code":{"insertions":20,"deletions":0}}},{"hash":"121fe840aff80f75d40550a38019e456c1e992eb","isMergeCommit":false,"messageTitle":"Optimise import statements","messageBody":"","fileTypesAndContributionMap":{"functional-code":{"insertions":0,"deletions":4}}},{"hash":"54da9eed9c3ca38bff669eff33a1901e196616b6","isMergeCommit":false,"messageTitle":"Rectify checkstyle mistakes","messageBody":"","fileTypesAndContributionMap":{"functional-code":{"insertions":3,"deletions":0},"test-code":{"insertions":2,"deletions":2}}}]},{"date":"2023-03-17","commitResults":[{"hash":"2a1817a4fe8155bc902dc929f674e5eb226f57e8","isMergeCommit":true,"messageTitle":"Merge pull request #95 from SPWwj/update-ui","messageBody":"Add Acknowledgements to images used and change default cursor icon","tags":["v1.2"],"fileTypesAndContributionMap":{}}]},{"date":"2023-03-21","commitResults":[{"hash":"a04c883ec55072d9412efe854c4106ca2780fda7","isMergeCommit":true,"messageTitle":"Merge pull request #113 from SPWwj/112-cursor-display-anomaly-on-macos","messageBody":"Fix #112","fileTypesAndContributionMap":{}},{"hash":"db1b44affa60fec23a250a3f952a88aa9083f9cc","isMergeCommit":true,"messageTitle":"Merge pull request #117 from SPWwj/116-the-progress-indicator-is-misleading","messageBody":"Resolve #116 by give progress a default value","fileTypesAndContributionMap":{}}]},{"date":"2023-03-23","commitResults":[{"hash":"6e086b73f9ed74028339e48410dcf196a8285f61","isMergeCommit":false,"messageTitle":"Add Implementation for help sheet in DG","messageBody":"","fileTypesAndContributionMap":{"docs":{"insertions":29,"deletions":0}}},{"hash":"b57f6129524bbef55cbcf74322e497c99267cbc5","isMergeCommit":false,"messageTitle":"Modify helpsheet details to helpwindow","messageBody":"","fileTypesAndContributionMap":{"docs":{"insertions":6,"deletions":2}}},{"hash":"1b188ec56963a19103a7073219a5d790461c3f44","isMergeCommit":false,"messageTitle":"Correct DG wording","messageBody":"","fileTypesAndContributionMap":{"docs":{"insertions":1,"deletions":1}}},{"hash":"daa1e6acfe67437fffc6864333ad082048352595","isMergeCommit":false,"messageTitle":"Update DeveloperGuide.md","messageBody":"","fileTypesAndContributionMap":{"docs":{"insertions":1,"deletions":1}}},{"hash":"b2a68940e5895180e3914bc5980d5dcd301e8292","isMergeCommit":false,"messageTitle":"Include details of implementation","messageBody":"","fileTypesAndContributionMap":{"docs":{"insertions":4,"deletions":1}}},{"hash":"ea31b6f93ce3aebe13467a0bb856cf48e3d55e3d","isMergeCommit":false,"messageTitle":"Add Activity diagram for helpwindow, reformatting","messageBody":"","fileTypesAndContributionMap":{"docs":{"insertions":30,"deletions":7}}},{"hash":"bc34f2bb2f47d81c95b076c48c8a904834955171","isMergeCommit":false,"messageTitle":"Reformat Activity diagram, improve language","messageBody":"","fileTypesAndContributionMap":{"docs":{"insertions":4,"deletions":3}}},{"hash":"a83ff9bfcb602a091e0e27ac03126220b2550699","isMergeCommit":false,"messageTitle":"Include \u003cbr\u003e","messageBody":"","fileTypesAndContributionMap":{"docs":{"insertions":2,"deletions":1}}},{"hash":"c4d90d130757aa1caadfa0564c39254958ba0fc0","isMergeCommit":false,"messageTitle":"Polish activity diagram help","messageBody":"","fileTypesAndContributionMap":{"docs":{"insertions":1,"deletions":1}}},{"hash":"ca00287f18e8ae1f9d3120309d4fcb05eb01ad88","isMergeCommit":false,"messageTitle":"Change text","messageBody":"","fileTypesAndContributionMap":{"docs":{"insertions":3,"deletions":3}}},{"hash":"b4b66ca4e31eb093fd8012cf65de3d527964e924","isMergeCommit":false,"messageTitle":"Polished activity diagram","messageBody":"","fileTypesAndContributionMap":{"docs":{"insertions":4,"deletions":4}}}]},{"date":"2023-03-24","commitResults":[{"hash":"5e9166bf6fa6e29fce9547001b274e59c1ae9f9c","isMergeCommit":true,"messageTitle":"Merge pull request #127 from Guo-KeCheng/branch-Updatedocs","messageBody":"Update DG for find/findtask. Include numbering for better readability.","fileTypesAndContributionMap":{}},{"hash":"e4fe33660e473cc41cbd012805d0273d73effe47","isMergeCommit":false,"messageTitle":"Include my part for the DG update","messageBody":"","fileTypesAndContributionMap":{"docs":{"insertions":38,"deletions":0}}},{"hash":"695c42e58a12ecd3da1170abcaed95ff9724783f","isMergeCommit":false,"messageTitle":"Standardize formatting with other implementations","messageBody":"","fileTypesAndContributionMap":{"docs":{"insertions":14,"deletions":12}}},{"hash":"69a16a5a1eb0d612c2f9f4880e3f618805c29f97","isMergeCommit":true,"messageTitle":"Merge pull request #125 from SPWwj/124-fix-dg-format-issue","messageBody":"Resolve #124","fileTypesAndContributionMap":{}},{"hash":"f96c081539d63ce5452a040d1b173b9ead4f5d35","isMergeCommit":true,"messageTitle":"Merge pull request #130 from cyiting/documentation","messageBody":"Update DG to include details of implementation of Assign command","fileTypesAndContributionMap":{}}]}]},"authorFileTypeContributionMap":{"cyiting":{"docs":276,"functional-code":408,"test-code":442},"Nicklelodeon":{"docs":104,"functional-code":402,"test-code":471},"SPWwj":{"docs":683,"functional-code":2596,"test-code":1267,"other":4},"Guo-KeCheng":{"docs":296,"functional-code":322,"test-code":312},"kayyenl":{"docs":118,"functional-code":211,"test-code":20}},"authorContributionVariance":{"cyiting":15272.474,"Nicklelodeon":17745.521,"SPWwj":307879.1,"Guo-KeCheng":109698.08,"kayyenl":14800.23},"authorDisplayNameMap":{"cyiting":"CS2103-F10-1 CHU ..TING","Nicklelodeon":"CS2103-F10-1 NICH..HONG","SPWwj":"CS2103-F10-1 WEI .. JIE","Guo-KeCheng":"CS2103-F10-1 GUO ..HENG","kayyenl":"CS2103-F10-1 LEE .. YEN"}}
