{"authorDailyContributionsMap":{"cyiting":[],"Nicklelodeon":[],"SPWwj":[{"date":"2023-02-22","commitResults":[{"hash":"43c57d6155533a8107e479ea2d5e1356c8788851","messageTitle":"Update AboutUs.md of SPWwj","messageBody":"","fileTypesAndContributionMap":{"docs":{"insertions":62,"deletions":28}}}]},{"date":"2023-02-23","commitResults":[{"hash":"57253ae20bc87c126c63293dcf2862d68ce9ee7e","messageTitle":"Add model for task and task person mapping","messageBody":"","fileTypesAndContributionMap":{"functional-code":{"insertions":955,"deletions":10},"test-code":{"insertions":26,"deletions":19}}},{"hash":"c47c83feb418b75477e6d7d7f29bb905c1c74006","messageTitle":"Setup local storage and model for OfficeConnect","messageBody":"","fileTypesAndContributionMap":{"functional-code":{"insertions":1116,"deletions":531}}}]},{"date":"2023-02-24","commitResults":[{"hash":"8c07255b75450d6828469c44ac449d1beed7119a","messageTitle":"Add spwwj.md for Project Portfolio Page (PPP)","messageBody":"","fileTypesAndContributionMap":{"docs":{"insertions":19,"deletions":24}}}]},{"date":"2023-02-25","commitResults":[{"hash":"2370fe3dc3827d0a73d3c03c59061ad3025a5555","messageTitle":"Update README.md to align with OfficeConnect","messageBody":"","fileTypesAndContributionMap":{"docs":{"insertions":41,"deletions":13}}},{"hash":"63edadbfc7cff54665d5035f1fd8a66004ab2477","messageTitle":"Update UserGuide.md to align with OfficeConnect","messageBody":"","fileTypesAndContributionMap":{"docs":{"insertions":50,"deletions":6}}},{"hash":"eef2d7a3aa5327767dab209fa71a834b827c9318","messageTitle":"Update DeveloperGuide.md to align with OfficeConnect","messageBody":"","fileTypesAndContributionMap":{"docs":{"insertions":45,"deletions":0}}},{"hash":"b8771457da670b9feb354ef004c9c5e1f5951b80","messageTitle":"Update documents to align with OfficeConnect","messageBody":"","fileTypesAndContributionMap":{"docs":{"insertions":3,"deletions":3}}}]}],"Guo-KeCheng":[],"kayyenl":[{"date":"2023-02-20","commitResults":[{"hash":"48517213428ffb0c5e0e56f17116883a7518243c","messageTitle":"Update AboutUs.md","messageBody":"","fileTypesAndContributionMap":{"docs":{"insertions":3,"deletions":3}}}]}]},"authorFileTypeContributionMap":{"cyiting":{"docs":0,"functional-code":0,"test-code":0},"Nicklelodeon":{"docs":0,"functional-code":0,"test-code":0},"SPWwj":{"docs":196,"functional-code":1546,"test-code":24},"Guo-KeCheng":{"docs":0,"functional-code":0,"test-code":0},"kayyenl":{"docs":0,"functional-code":0,"test-code":0}},"authorContributionVariance":{"cyiting":0.0,"Nicklelodeon":0.0,"SPWwj":680879.8,"Guo-KeCheng":0.0,"kayyenl":3.5555556},"authorDisplayNameMap":{"cyiting":"CS2103-F10-1 CHU ..TING","Nicklelodeon":"CS2103-F10-1 NICH..HONG","SPWwj":"CS2103-F10-1 WEI .. JIE","Guo-KeCheng":"CS2103-F10-1 GUO ..HENG","kayyenl":"CS2103-F10-1 LEE .. YEN"}}
