{"authorDailyContributionsMap":{"shenchenzizoe":[{"date":"2023-02-24","commitResults":[{"hash":"f0b068f67158a16c66cd32782e4efd52aedc1438","messageTitle":"Update AboutUs.md","messageBody":"","fileTypesAndContributionMap":{"docs":{"insertions":1,"deletions":1}}},{"hash":"20c157c7c5239ecc335b23d517da8e5ebcd3d987","messageTitle":"Update AboutUs.md","messageBody":"","fileTypesAndContributionMap":{"docs":{"insertions":1,"deletions":1}}},{"hash":"1d11341b9f8fedb73162a453acfc76b566acf312","messageTitle":"Update AboutUs.md","messageBody":"","fileTypesAndContributionMap":{"docs":{"insertions":1,"deletions":2}}},{"hash":"7798330f8a1f3e4ef253bbc71f4e75ef913bfaae","messageTitle":"Update AboutUs.md","messageBody":"","fileTypesAndContributionMap":{"docs":{"insertions":2,"deletions":1}}},{"hash":"471afae3cba856762d65c8f20281e47a39940e88","messageTitle":"Update AboutUs.md","messageBody":"","fileTypesAndContributionMap":{"docs":{"insertions":4,"deletions":4}}}]}],"SFCoding123":[{"date":"2023-02-26","commitResults":[{"hash":"91a910905f7bc3a30449919b1bf60dd8a4c35081","messageTitle":"Update AboutUs.md","messageBody":"","fileTypesAndContributionMap":{"docs":{"insertions":5,"deletions":4}}},{"hash":"d4d8b594d3ee99a4036aa11ea98675fde1a863a1","messageTitle":"Update AboutUs.md","messageBody":"","fileTypesAndContributionMap":{"docs":{"insertions":13,"deletions":4}}}]}],"WindyCall":[{"date":"2023-02-24","commitResults":[{"hash":"6111c20e1cdd77755b0c4b21ca428778b5730a0d","messageTitle":"Update AboutUs.md","messageBody":"","fileTypesAndContributionMap":{"docs":{"insertions":3,"deletions":3}}},{"hash":"59fa0a1af35d3ff02d154b7743a6dacfd6e72f09","messageTitle":"Update AboutUs.md","messageBody":"","fileTypesAndContributionMap":{"docs":{"insertions":1,"deletions":1}}},{"hash":"a350d3e2e783109b96c81e49e11e4c1b5d392e8e","messageTitle":"Update AboutUs.md","messageBody":"","fileTypesAndContributionMap":{"docs":{"insertions":1,"deletions":1}}}]},{"date":"2023-03-01","commitResults":[{"hash":"6231cd31d045db3c33f2d1469cb8f4de199d9347","messageTitle":"Update AboutUs.md","messageBody":"","fileTypesAndContributionMap":{"docs":{"insertions":1,"deletions":1}}},{"hash":"5bb537054951396e161e2921f30c4ddb3600b1c1","messageTitle":"Create windycall.md","messageBody":"","fileTypesAndContributionMap":{"docs":{"insertions":1,"deletions":0}}}]}],"lxz333":[{"date":"2023-02-24","commitResults":[{"hash":"241edbf59fcc3cb30ba54549a34e4a5d88ff2250","messageTitle":"Update AboutUs.md","messageBody":"","fileTypesAndContributionMap":{"docs":{"insertions":2,"deletions":2}}}]}],"WeideTeo":[{"date":"2023-03-01","commitResults":[{"hash":"3679171319a33b8e152e522c0a2a64ca2bb76956","messageTitle":"Update AboutUs.md","messageBody":"","fileTypesAndContributionMap":{"docs":{"insertions":4,"deletions":4}}},{"hash":"53302020d7fadc56a01d7bfb7cc60711d036f4ed","messageTitle":"Update AboutUs.md","messageBody":"","fileTypesAndContributionMap":{"docs":{"insertions":2,"deletions":2}}},{"hash":"55b75871eeb802f3ec21726eb29a4088e2c0299f","messageTitle":"Update AboutUs.md","messageBody":"","fileTypesAndContributionMap":{"docs":{"insertions":1,"deletions":1}}},{"hash":"093cebca5f18159436c1a44664e65d2bb02f5720","messageTitle":"Update AboutUs.md","messageBody":"","fileTypesAndContributionMap":{"docs":{"insertions":1,"deletions":1}}},{"hash":"b2d68ab6d9f892562ccdc41d35a5b9f21e36c663","messageTitle":"Update AboutUs.md","messageBody":"","fileTypesAndContributionMap":{"docs":{"insertions":1,"deletions":1}}},{"hash":"9578884b732ac46e16326b2fe47f337433d8abff","messageTitle":"Update AboutUs.md","messageBody":"","fileTypesAndContributionMap":{"docs":{"insertions":1,"deletions":1}}},{"hash":"d2ee40e6544436b6ba4f9c226328e87ac58731f9","messageTitle":"Update AboutUs.md","messageBody":"","fileTypesAndContributionMap":{"docs":{"insertions":1,"deletions":1}}}]}]},"authorFileTypeContributionMap":{"shenchenzizoe":{"docs":5,"functional-code":0,"test-code":0},"SFCoding123":{"docs":6,"functional-code":0,"test-code":0},"WindyCall":{"docs":5,"functional-code":0,"test-code":0},"lxz333":{"docs":2,"functional-code":0,"test-code":0},"WeideTeo":{"docs":6,"functional-code":0,"test-code":0}},"authorContributionVariance":{"shenchenzizoe":23.005913,"SFCoding123":48.0,"WindyCall":7.3846154,"lxz333":1.1360946,"WeideTeo":34.36686},"authorDisplayNameMap":{"shenchenzizoe":"CS2103T-W11-4 SHEN..ENZI","SFCoding123":"CS2103T-W11-4 WANG..FENG","WindyCall":"CS2103T-W11-4 XIAO.. YAN","lxz333":"CS2103T-W11-4 LUO ..XIZI","WeideTeo":"CS2103T-W11-4 TEO ..I DE"}}
