{"authorDailyContributionsMap":{"sembcorpp":[{"date":"2023-03-01","commitResults":[{"hash":"64160d3eb08144adb1a92e72c15fddb459b1dc00","isMergeCommit":false,"messageTitle":"adding readme Jane","messageBody":"","fileTypesAndContributionMap":{"docs":{"insertions":5,"deletions":5}}},{"hash":"a370beb4ee134754dd49d674ad6a66d1365a9423","isMergeCommit":true,"messageTitle":"oop","messageBody":"","fileTypesAndContributionMap":{}},{"hash":"9eeb41c71e520d9da7d0890073f07a005384514c","isMergeCommit":false,"messageTitle":"updating readme","messageBody":"","fileTypesAndContributionMap":{"docs":{"insertions":48,"deletions":0}}}]},{"date":"2023-03-05","commitResults":[{"hash":"eaec9831cce101d8bccc59b3d25175001628171f","isMergeCommit":false,"messageTitle":"update sembcorpp.md","messageBody":"","fileTypesAndContributionMap":{"docs":{"insertions":26,"deletions":0}}},{"hash":"76a9574930edf8baceb3f0b3ac4e7d62f2a3eca0","isMergeCommit":false,"messageTitle":"update sembcorpp.md, aboutus.md","messageBody":"","fileTypesAndContributionMap":{"docs":{"insertions":1,"deletions":1}}},{"hash":"c9587784158756b2561b1730c6670268e74a10da","isMergeCommit":true,"messageTitle":"Merge pull request #28 from sembcorpp/master","messageBody":"updating sembcorpp.md and aboutus.md","fileTypesAndContributionMap":{}}]},{"date":"2023-03-13","commitResults":[{"hash":"779f5f048f8097fb9f66b4552b79d4d7b290f1f9","isMergeCommit":false,"messageTitle":"updating readme","messageBody":"","fileTypesAndContributionMap":{"docs":{"insertions":1,"deletions":1}}},{"hash":"06771adb98169a1699f715786e6ff77e3c556f82","isMergeCommit":false,"messageTitle":"update userguide","messageBody":"","fileTypesAndContributionMap":{"docs":{"insertions":1,"deletions":1}}}]},{"date":"2023-03-24","commitResults":[{"hash":"04f61a3ba574e4fa14421f757a68f58f26b213ef","isMergeCommit":false,"messageTitle":"Editing developer and user guide","messageBody":"","fileTypesAndContributionMap":{"functional-code":{"insertions":40,"deletions":0},"docs":{"insertions":93,"deletions":0}}},{"hash":"435d9dbadfae01854ce10d8515523bc9bf65397f","isMergeCommit":true,"messageTitle":"Merge pull request #62 from sembcorpp/developerGuide","messageBody":"Editing developer and user guide","fileTypesAndContributionMap":{}}]}],"bokung":[{"date":"2023-02-20","commitResults":[{"hash":"49dc63f77135b68d77f839fbb78e174360d1e369","isMergeCommit":true,"messageTitle":"Merge pull request #5 from TabrizPlv/aboutUs","messageBody":"Update Tabriz personal information","fileTypesAndContributionMap":{}}]},{"date":"2023-02-26","commitResults":[{"hash":"c95647a967d0093cc42cbc447848c83f9f43956b","isMergeCommit":false,"messageTitle":"Update team info","messageBody":"","fileTypesAndContributionMap":{"docs":{"insertions":6,"deletions":5}}},{"hash":"aab50b46083cee9f73fadfdc1e804b8c4ed06adb","isMergeCommit":false,"messageTitle":"Update md","messageBody":"","fileTypesAndContributionMap":{"docs":{"insertions":1,"deletions":1}}},{"hash":"f9f1165f24dc9dc49027191dab7459037b4b0a5c","isMergeCommit":false,"messageTitle":"Add Region Representation","messageBody":"Not incorporated into the main program yet, this is just a standalone class to be used later on\n","fileTypesAndContributionMap":{"functional-code":{"insertions":90,"deletions":0}}},{"hash":"9a31e4b861132c21668ef9551528a818f78cf129","isMergeCommit":false,"messageTitle":"Remove whitespaces","messageBody":"","fileTypesAndContributionMap":{"functional-code":{"insertions":31,"deletions":25}}},{"hash":"66e895df375c6e38e2eac303ee67e957e916372f","isMergeCommit":false,"messageTitle":"Fix checkstyle","messageBody":"","fileTypesAndContributionMap":{"functional-code":{"insertions":0,"deletions":4}}}]},{"date":"2023-03-05","commitResults":[{"hash":"7991532a050833dcbb6afd3b985d9f6aaf91db4c","isMergeCommit":true,"messageTitle":"Merge pull request #33 from TabrizPlv/userguide","messageBody":"Add draft User Guide","fileTypesAndContributionMap":{}},{"hash":"beb5eea4582fe41eecdc1b6bc2d834b057a659b3","isMergeCommit":false,"messageTitle":"Add photo","messageBody":"","fileTypesAndContributionMap":{"docs":{"insertions":1,"deletions":1}}},{"hash":"6de287c898bf52f864110080a2671523b9479959","isMergeCommit":true,"messageTitle":"Merge pull request #35 from bokung/master","messageBody":"Add photo","fileTypesAndContributionMap":{}}]},{"date":"2023-03-09","commitResults":[{"hash":"aca26b27475dc8028dda6c29575c5adddc9f9f6c","isMergeCommit":false,"messageTitle":"Update README for FAid","messageBody":"","fileTypesAndContributionMap":{"docs":{"insertions":11,"deletions":5}}},{"hash":"205f9ff6e2fd6c066257dde88bf3758b648c6dc2","isMergeCommit":false,"messageTitle":"Update CI pointer","messageBody":"","fileTypesAndContributionMap":{"docs":{"insertions":1,"deletions":1}}},{"hash":"0e7e8261d097a016e5afd2702d9f85d8f6f0e4d8","isMergeCommit":true,"messageTitle":"Merge pull request #37 from bokung/master","messageBody":"Set up website and update readme","fileTypesAndContributionMap":{}},{"hash":"3e0aca0a2591ff588e1e8dd57e07204b595c5dee","isMergeCommit":false,"messageTitle":"Transfer user guide to md","messageBody":"","fileTypesAndContributionMap":{"docs":{"insertions":76,"deletions":14}}},{"hash":"af4df3e6cbff630656c8e9e4997b11a8a3dd9edd","isMergeCommit":true,"messageTitle":"Merge branch \u0027AY2223S2-CS2103T-W12-3:master\u0027 into master","messageBody":"","fileTypesAndContributionMap":{}},{"hash":"ceb799d2eab816e2c8d7d63eccf6285ab04e6d9f","isMergeCommit":false,"messageTitle":"Fix checkstyle","messageBody":"","fileTypesAndContributionMap":{"docs":{"insertions":8,"deletions":8}}},{"hash":"76db7bc73d78505acbfe535537cca51749487ccd","isMergeCommit":true,"messageTitle":"Merge branch \u0027master\u0027 of https://github.com/bokung/tp","messageBody":"","fileTypesAndContributionMap":{}},{"hash":"b163be0daa7b17faf41a73bd7e89ef91cad97740","isMergeCommit":true,"messageTitle":"Merge pull request #38 from bokung/master","messageBody":"Update user guide","fileTypesAndContributionMap":{}},{"hash":"e2f244dd5103b42843878e6b0ef97c46cf2fdd64","isMergeCommit":false,"messageTitle":"Update README.md","messageBody":"","fileTypesAndContributionMap":{"docs":{"insertions":1,"deletions":1}}},{"hash":"dc4ac18151367a571dde1e8f619e2fd2f60e9db2","isMergeCommit":false,"messageTitle":"Update index.md pointers","messageBody":"","fileTypesAndContributionMap":{"docs":{"insertions":6,"deletions":6}}},{"hash":"93d388695a7fb50e24973ca527df80068c34b688","isMergeCommit":false,"messageTitle":"Include user stories and target audience in DG","messageBody":"Not all user stories were added.\n","fileTypesAndContributionMap":{"docs":{"insertions":13,"deletions":8}}},{"hash":"2537f06b021377395c57ef022116ebbcb39055be","isMergeCommit":true,"messageTitle":"Merge pull request #39 from bokung/master","messageBody":"Update Developer Guide","fileTypesAndContributionMap":{}},{"hash":"6f42964ab82415922804617ab3a167d679f68307","isMergeCommit":false,"messageTitle":"Update README.md","messageBody":"","fileTypesAndContributionMap":{"docs":{"insertions":1,"deletions":1}}},{"hash":"6ef289a3914036c1aa418d8c2504cdb3a432cd8e","isMergeCommit":true,"messageTitle":"Merge pull request #40 from bokung/forking-workflow","messageBody":"Update README.md","fileTypesAndContributionMap":{}},{"hash":"f4cae9069b8a0906617ce80e8a52daf6eb870570","isMergeCommit":false,"messageTitle":"Fix checkstyle for region","messageBody":"","fileTypesAndContributionMap":{"functional-code":{"insertions":3,"deletions":3}}},{"hash":"c6d61716426ca387de3fe8414870a73d559535f0","isMergeCommit":false,"messageTitle":"Add utility to parse regions","messageBody":"Additional parser utility added to ParseUtil with test cases\n","fileTypesAndContributionMap":{"functional-code":{"insertions":23,"deletions":0},"test-code":{"insertions":30,"deletions":0}}}]},{"date":"2023-03-11","commitResults":[{"hash":"0bcbe188a6bd27e1efbe6862654a8274f44d5127","isMergeCommit":false,"messageTitle":"Fix Checkstyle","messageBody":"","fileTypesAndContributionMap":{"functional-code":{"insertions":1,"deletions":1}}}]},{"date":"2023-03-13","commitResults":[{"hash":"50bc16f2715dc19b28e4cbc876acb9e06dc34f62","isMergeCommit":true,"messageTitle":"Merge pull request #44 from TabrizPlv/Meeting","messageBody":"Add method to check for timing clashes between two Meeting and corresponding test for method.","fileTypesAndContributionMap":{}}]},{"date":"2023-03-14","commitResults":[{"hash":"198bff3f02c94051b35a9a50e1f78f03b8776b1f","isMergeCommit":true,"messageTitle":"Merge branch \u0027AY2223S2-CS2103T-W12-3:master\u0027 into feature-regions","messageBody":"","fileTypesAndContributionMap":{}},{"hash":"1a267fc2d6f78f5cae90970bcf29daf810994488","isMergeCommit":false,"messageTitle":"FIX CHECKSTYLE 41251513","messageBody":"","fileTypesAndContributionMap":{"functional-code":{"insertions":14,"deletions":6}}},{"hash":"e3e14bb1f10d23a8e2090ebc324a89b44b32ac7d","isMergeCommit":false,"messageTitle":"Add Region display to person card","messageBody":"","fileTypesAndContributionMap":{"functional-code":{"insertions":9,"deletions":4}}},{"hash":"80759341327e6296f95d5c6cc7b1103234783d2f","isMergeCommit":false,"messageTitle":"Add helper to detect region","messageBody":"","fileTypesAndContributionMap":{"functional-code":{"insertions":21,"deletions":1}}},{"hash":"c062574f5aaeb296089e78154283ae225a6b6465","isMergeCommit":false,"messageTitle":"Add working region display to PersonCard","messageBody":"","fileTypesAndContributionMap":{"functional-code":{"insertions":24,"deletions":3}}},{"hash":"db35a389210847c45ae79ac423dbe502d7da085f","isMergeCommit":false,"messageTitle":"Add Geylang and Aljunied to town list","messageBody":"","fileTypesAndContributionMap":{"functional-code":{"insertions":2,"deletions":1}}},{"hash":"b04f8ca812863168507fcbc21411e5d3d137162f","isMergeCommit":false,"messageTitle":"checkstyle","messageBody":"","fileTypesAndContributionMap":{"functional-code":{"insertions":4,"deletions":4}}},{"hash":"9857d6fde63e30f45ee5c0f8eaf1bc4a0c446fd6","isMergeCommit":false,"messageTitle":"Update UG to reflect functionality for listing regions","messageBody":"","fileTypesAndContributionMap":{"docs":{"insertions":3,"deletions":4}}},{"hash":"42c3268d8903cf26c08e9964d8c1d0874d162da3","isMergeCommit":true,"messageTitle":"Merge branch \u0027AY2223S2-CS2103T-W12-3:master\u0027 into feature-find-by-region","messageBody":"","fileTypesAndContributionMap":{}},{"hash":"9e779eecc875ecee7289ee6806b343df18a2d713","isMergeCommit":false,"messageTitle":"Add list region skeleton","messageBody":"","fileTypesAndContributionMap":{"functional-code":{"insertions":52,"deletions":3}}},{"hash":"dea16f8e356d270a05ba2bb0cffbbbeac5cd11fe","isMergeCommit":false,"messageTitle":"Implement logic for list by region command","messageBody":"Fully working now\n","fileTypesAndContributionMap":{"functional-code":{"insertions":29,"deletions":1}}},{"hash":"ac7ad9a6d9a7d7f243855addbcc43272c99f1c95","isMergeCommit":false,"messageTitle":"Add documentation for predicate","messageBody":"","fileTypesAndContributionMap":{"functional-code":{"insertions":3,"deletions":1}}},{"hash":"1a8093d98f9e80d173d655329f79a4824d22cccc","isMergeCommit":false,"messageTitle":"Add test cases for region predicate","messageBody":"","fileTypesAndContributionMap":{"test-code":{"insertions":39,"deletions":0}}},{"hash":"89de9ea4133be0f4a840f0fe7fbb69c533c52fcf","isMergeCommit":false,"messageTitle":"Add documentation for constructor","messageBody":"","fileTypesAndContributionMap":{"functional-code":{"insertions":5,"deletions":0}}},{"hash":"90ec634e3f12a829715268ba783aa23f463b056f","isMergeCommit":false,"messageTitle":"Add test for list region parser","messageBody":"","fileTypesAndContributionMap":{"functional-code":{"insertions":13,"deletions":1},"test-code":{"insertions":46,"deletions":0}}},{"hash":"ebd4d13de981e48b5944f45f70fc3e53eba26866","isMergeCommit":false,"messageTitle":"Add test cases for list region command","messageBody":"","fileTypesAndContributionMap":{"test-code":{"insertions":86,"deletions":0}}},{"hash":"86edaa81aa04061f6ca4e37d0d03b3570b4bc07c","isMergeCommit":false,"messageTitle":"checkstyle","messageBody":"","fileTypesAndContributionMap":{"functional-code":{"insertions":5,"deletions":3},"test-code":{"insertions":9,"deletions":11}}},{"hash":"18fe733b1593896d170921184b3e6a294516c305","isMergeCommit":false,"messageTitle":"Fix test case","messageBody":"","fileTypesAndContributionMap":{"test-code":{"insertions":2,"deletions":4}}},{"hash":"02e3e2e1738656b9f67b637d4d01a1f5f86bf9b5","isMergeCommit":true,"messageTitle":"Merge pull request #51 from TabrizPlv/Meeting","messageBody":"Fix bugs, reformat code, add tests","fileTypesAndContributionMap":{}}]},{"date":"2023-03-15","commitResults":[{"hash":"ff2b314145283a5edf76aba2f9137d550eaca3f6","isMergeCommit":true,"messageTitle":"Merge pull request #50 from bokung/feature-find-by-region","messageBody":"Add command to list all people in a region","tags":["v1.2"],"fileTypesAndContributionMap":{}},{"hash":"4abe654fe5e881f28b29ec386745b04af1755842","isMergeCommit":false,"messageTitle":"Split person panel in UI","messageBody":"Placeholder for now\n","fileTypesAndContributionMap":{"functional-code":{"insertions":27,"deletions":15}}},{"hash":"f3b005256c5685a4ccb58c13457169539fb76e2e","isMergeCommit":true,"messageTitle":"Merge branch \u0027rework-meeting-ui\u0027 of https://github.com/bokung/tp into rework-meeting-ui","messageBody":"","fileTypesAndContributionMap":{}},{"hash":"63f4e7be657a3522f37cf5542aa5433af6830eeb","isMergeCommit":false,"messageTitle":"Add placeholder meeting list view","messageBody":"","fileTypesAndContributionMap":{"functional-code":{"insertions":10,"deletions":2}}},{"hash":"75d6de47fb5ba3634a46ec6550387e6177897ef1","isMergeCommit":false,"messageTitle":"Create MeetingListCard.fxml","messageBody":"","fileTypesAndContributionMap":{"functional-code":{"insertions":41,"deletions":0}}},{"hash":"d55f20fbf435f9168c329c530a417e088f122b29","isMergeCommit":false,"messageTitle":"Add placeholder UI","messageBody":"","fileTypesAndContributionMap":{"functional-code":{"insertions":165,"deletions":1}}},{"hash":"d4834e9f3ca5e602b6a421093d8bea74704b04af","isMergeCommit":false,"messageTitle":"Fix outdated EditCommand test case","messageBody":"Test case in question: execute_allFieldsSpecifiedUnfilteredList_success\n\nExpected behaviour: Edited person should retain old meetings after using edit command. Edit command should only alter fields Name, Phone, Email, Address, Tag.\n","fileTypesAndContributionMap":{"test-code":{"insertions":20,"deletions":2}}}]},{"date":"2023-03-18","commitResults":[{"hash":"9f36f1d6de51697bfdc0e298f489bcd3890e91b4","isMergeCommit":false,"messageTitle":"Fix JsonAdaptedPersonTest","messageBody":"Still fails some tests regarding storage\n","fileTypesAndContributionMap":{"functional-code":{"insertions":61,"deletions":9},"test-code":{"insertions":78,"deletions":34}}}]},{"date":"2023-03-20","commitResults":[{"hash":"c6eee6f2990a5debaa033c39222e7484058d4e1f","isMergeCommit":true,"messageTitle":"Merge pull request #52 from TabrizPlv/master","messageBody":"LGTM","fileTypesAndContributionMap":{}}]},{"date":"2023-03-24","commitResults":[{"hash":"5121a779928a68023a3a97129f2c3a6ef5b03dea","isMergeCommit":false,"messageTitle":"Update DG for region","messageBody":"","fileTypesAndContributionMap":{"docs":{"insertions":23,"deletions":0}}},{"hash":"05e30eb196852c2ae4fe4e177c663b38e9fcac97","isMergeCommit":true,"messageTitle":"Merge pull request #64 from bokung/master","messageBody":"Update DG for region","fileTypesAndContributionMap":{}},{"hash":"db224dfe9ed6303d05bb84d257549a3072c95611","isMergeCommit":true,"messageTitle":"Merge branch \u0027AY2223S2-CS2103T-W12-3:master\u0027 into rework-meeting-ui","messageBody":"","fileTypesAndContributionMap":{}},{"hash":"108ae93beb2546be4f2fad55696975777ec6f39a","isMergeCommit":false,"messageTitle":"Add handler to compile complete list of meetings","messageBody":"","fileTypesAndContributionMap":{"functional-code":{"insertions":64,"deletions":1}}},{"hash":"88cb7eb9b40954c2581b2843c296a2a3dfcbc50d","isMergeCommit":false,"messageTitle":"Add helper class for UI","messageBody":"","fileTypesAndContributionMap":{"functional-code":{"insertions":19,"deletions":0}}},{"hash":"e8fcf5421e8e9cb4317cd4650b3132ad83a8bd40","isMergeCommit":false,"messageTitle":"Update Meeting to return start and end strings separately","messageBody":"","fileTypesAndContributionMap":{"functional-code":{"insertions":9,"deletions":1}}},{"hash":"9f7c64dd04ed806ae199527d049f6b50822c977d","isMergeCommit":false,"messageTitle":"Remove date from fxml","messageBody":"","fileTypesAndContributionMap":{"functional-code":{"insertions":0,"deletions":1}}},{"hash":"af4d4d3d4f9a097e15f00812788dbb5cfb976587","isMergeCommit":false,"messageTitle":"Update logic to accomodate a meeting list","messageBody":"","fileTypesAndContributionMap":{"functional-code":{"insertions":46,"deletions":53},"test-code":{"insertions":59,"deletions":1}}}]},{"date":"2023-03-26","commitResults":[{"hash":"17934d6926c1e9230c1a2bde9c0485111666e050","isMergeCommit":true,"messageTitle":"Merge pull request #65 from bokung/rework-meeting-ui","messageBody":"Rework meeting UI","fileTypesAndContributionMap":{}}]},{"date":"2023-03-28","commitResults":[{"hash":"f19df9db506211e01a46e4ada9d152a4a9e7f388","isMergeCommit":false,"messageTitle":"Fix compilation errors","messageBody":"","fileTypesAndContributionMap":{"functional-code":{"insertions":2,"deletions":1}}},{"hash":"15f830d20916590bff86527b1eb76ffa5d39a1e0","isMergeCommit":false,"messageTitle":"Refactor Add Meeting Command","messageBody":"","fileTypesAndContributionMap":{"functional-code":{"insertions":31,"deletions":6}}},{"hash":"85f1b5484957f6b435f02fb07630de087d3c5a08","isMergeCommit":false,"messageTitle":"Fix UI not updating when using add meeting","messageBody":"","fileTypesAndContributionMap":{"functional-code":{"insertions":28,"deletions":4}}},{"hash":"fb32083d3b2e258edafb73fcd58ef7057325cc36","isMergeCommit":false,"messageTitle":"Refactor Remove Meeting","messageBody":"","fileTypesAndContributionMap":{"functional-code":{"insertions":25,"deletions":4}}},{"hash":"0207a7dc9aacf247ee1ef7e128cc6b632a995136","isMergeCommit":false,"messageTitle":"Refactor update meeting","messageBody":"","fileTypesAndContributionMap":{"functional-code":{"insertions":14,"deletions":1}}},{"hash":"6965e6bdb7413d17945975e9c59d5396683355cf","isMergeCommit":false,"messageTitle":"Fix meeting title not updating","messageBody":"","fileTypesAndContributionMap":{"functional-code":{"insertions":1,"deletions":1}}},{"hash":"c3eb1514f642cacf27de5fab623106ab5153136d","isMergeCommit":false,"messageTitle":"Fix Test case","messageBody":"","fileTypesAndContributionMap":{"test-code":{"insertions":17,"deletions":1}}},{"hash":"38671b476baba74fc8686dc7e635c10d02a8d930","isMergeCommit":true,"messageTitle":"Merge pull request #68 from bokung/rework-meeting-ui","messageBody":"Rework meeting UI","fileTypesAndContributionMap":{}}]}],"TabrizPlv":[{"date":"2023-02-20","commitResults":[{"hash":"788d4ae9cc9fc8ebacbfe8fed75ae5f105063edf","isMergeCommit":false,"messageTitle":"Update Tabriz personal information","messageBody":"","fileTypesAndContributionMap":{"docs":{"insertions":5,"deletions":15}}}]},{"date":"2023-03-05","commitResults":[{"hash":"73b535ab7ebddef0bebf3fe7cdd63a8697a95c97","isMergeCommit":false,"messageTitle":"Added Sketelal PPP and updated AboutMe","messageBody":"","fileTypesAndContributionMap":{"docs":{"insertions":27,"deletions":2}}},{"hash":"63ba7a8a60ba7c9ab8b46ada5126df1b9a416336","isMergeCommit":true,"messageTitle":"Merge branch \u0027master\u0027 of https://github.com/AY2223S2-CS2103T-W12-3/tp","messageBody":"","fileTypesAndContributionMap":{}},{"hash":"4d56d703c81ba3d9974d64d2f03d0b3dd1aeb308","isMergeCommit":false,"messageTitle":"Add Meeting class","messageBody":"","fileTypesAndContributionMap":{"functional-code":{"insertions":43,"deletions":0}}},{"hash":"3f0426831a1fdc5147bf6381237f1c0c532fa4ac","isMergeCommit":true,"messageTitle":"Merge pull request #31 from TabrizPlv/master","messageBody":"Add Skeletal PPP and update AboutMe page","fileTypesAndContributionMap":{}},{"hash":"71edeba46764c18d250e60fb0d75e5f2cf81b564","isMergeCommit":false,"messageTitle":"Add draft User Guide","messageBody":"","fileTypesAndContributionMap":{"docs":{"insertions":10,"deletions":1}}},{"hash":"ebf921ecba14d8073163a997f81707a410e8ce20","isMergeCommit":false,"messageTitle":"Add ArrayList\u003cMeeting\u003e field to Person","messageBody":"","fileTypesAndContributionMap":{"functional-code":{"insertions":3,"deletions":0}}}]},{"date":"2023-03-08","commitResults":[{"hash":"bab1c5e80eb39e4f6852911ef5ff8faec4853c10","isMergeCommit":true,"messageTitle":"Merge pull request #36 from FireRadical22/Developer-Guide-Update","messageBody":"Update DeveloperGuide.md","fileTypesAndContributionMap":{}}]},{"date":"2023-03-10","commitResults":[{"hash":"91cf6d0cb871a822a57eb4d1e2bb4da67f818492","isMergeCommit":false,"messageTitle":"update meeting field identifier","messageBody":"","fileTypesAndContributionMap":{"functional-code":{"insertions":1,"deletions":1}}},{"hash":"9f33294b1063a16fc3d2a36020099ebdd2ce714e","isMergeCommit":true,"messageTitle":"Merge branch \u0027AY2223S2-CS2103T-W12-3:master\u0027 into Meeting","messageBody":"","fileTypesAndContributionMap":{}}]},{"date":"2023-03-12","commitResults":[{"hash":"5790f35dca2cd6b5f6b386c89760de35b7e29954","isMergeCommit":false,"messageTitle":"Add method to check for time clashes between two meetings, along with corresponding test for method","messageBody":"","fileTypesAndContributionMap":{"functional-code":{"insertions":38,"deletions":1},"test-code":{"insertions":48,"deletions":0}}},{"hash":"13ed4f3b4e3e348f07dbca5d9ea78c994a957628","isMergeCommit":true,"messageTitle":"Merge branch \u0027Meeting\u0027 of https://github.com/TabrizPlv/tp into Meeting","messageBody":"","fileTypesAndContributionMap":{}},{"hash":"c9a0847260b90949b0ea4c206c37de9145eaeff6","isMergeCommit":true,"messageTitle":"Merge branch \u0027Meeting\u0027","messageBody":"","fileTypesAndContributionMap":{}}]},{"date":"2023-03-13","commitResults":[{"hash":"7c69264216967d63204229f010c2dbb679bf1383","isMergeCommit":true,"messageTitle":"Merge pull request #47 from sembcorpp/aboutus","messageBody":"updating readme","fileTypesAndContributionMap":{}},{"hash":"893ccf06cdd01f89137547379be83ab057978c7c","isMergeCommit":true,"messageTitle":"Merge pull request #48 from sembcorpp/userguide","messageBody":"update userguide","fileTypesAndContributionMap":{}}]},{"date":"2023-03-14","commitResults":[{"hash":"43cf8bdd0f0a4f8762d8baef1f9d9e736e8aa196","isMergeCommit":false,"messageTitle":"Fix bugs, reformat code, add tests","messageBody":"","fileTypesAndContributionMap":{"functional-code":{"insertions":1,"deletions":1},"test-code":{"insertions":83,"deletions":21}}},{"hash":"9db580b2ff254bb4ef55ec2a6e0f2bc8f304feb6","isMergeCommit":false,"messageTitle":"fix checkstyle","messageBody":"","fileTypesAndContributionMap":{"test-code":{"insertions":12,"deletions":12}}}]},{"date":"2023-03-15","commitResults":[{"hash":"b17f8b0be34d28f0c5e73c743b85bf85041ce7d2","isMergeCommit":true,"messageTitle":"Merge branch \u0027AY2223S2-CS2103T-W12-3:master\u0027 into master","messageBody":"","fileTypesAndContributionMap":{}},{"hash":"4fcee75f988581908e5b2279d389d85ebeefb671","isMergeCommit":true,"messageTitle":"Merge branch \u0027Meeting\u0027","messageBody":"","fileTypesAndContributionMap":{}},{"hash":"60dcceee581d6fe9817033a6c6f03df9ee10f462","isMergeCommit":true,"messageTitle":"Merge branch \u0027master\u0027 of https://github.com/TabrizPlv/tp","messageBody":"","fileTypesAndContributionMap":{}}]},{"date":"2023-03-17","commitResults":[{"hash":"96fba97bceea536aecb2a6db6e01f943307220b5","isMergeCommit":true,"messageTitle":"Merge branch \u0027AY2223S2-CS2103T-W12-3:master\u0027 into master","messageBody":"","fileTypesAndContributionMap":{}},{"hash":"628162ad136ed8e4fab7bd9ef1c47e6e15e42ecd","isMergeCommit":true,"messageTitle":"Merge branch \u0027master\u0027 of https://github.com/AY2223S2-CS2103T-W12-3/tp","messageBody":"","fileTypesAndContributionMap":{}}]},{"date":"2023-03-18","commitResults":[{"hash":"11daa481c0d9973759cf9d1ba1a6096dd1fb7c00","isMergeCommit":false,"messageTitle":"Add JsonAdaptedMeeting and update JsonAdaptedPerson","messageBody":"","fileTypesAndContributionMap":{"functional-code":{"insertions":117,"deletions":19},"test-code":{"insertions":2,"deletions":0}}}]},{"date":"2023-03-21","commitResults":[{"hash":"1ad0fe825479b6b29d559e1f523b48fbdd073730","isMergeCommit":true,"messageTitle":"Merge pull request #42 from FireRadical22/Add-Meeting-Feature","messageBody":"Add meeting feature","fileTypesAndContributionMap":{}},{"hash":"a87633c531c31d87d30360f18d90ff1ad7aa22f8","isMergeCommit":true,"messageTitle":"Merge pull request #43 from FireRadical22/Remove-Meeting-Feature","messageBody":"Remove meeting feature","fileTypesAndContributionMap":{}}]},{"date":"2023-03-22","commitResults":[{"hash":"957cba3e3a66cf1cbe76339839f264a8f79f5607","isMergeCommit":false,"messageTitle":"Add description field to Meeting. Update storage implementations accordingly","messageBody":"","fileTypesAndContributionMap":{"functional-code":{"insertions":20,"deletions":12}}}]},{"date":"2023-03-23","commitResults":[{"hash":"f038553dc2cc644607b73bbee24c482b15c2d3f2","isMergeCommit":false,"messageTitle":"update developer guide with updateMeeting feature","messageBody":"","fileTypesAndContributionMap":{"functional-code":{"insertions":316,"deletions":3},"docs":{"insertions":98,"deletions":0},"test-code":{"insertions":223,"deletions":0}}},{"hash":"3ca92d6e6dc9f66390b5445172b8177b8b961596","isMergeCommit":false,"messageTitle":"update userguide with updateMeeting feature","messageBody":"","fileTypesAndContributionMap":{"docs":{"insertions":21,"deletions":0}}},{"hash":"2b93798b631bd5f2729715a2767ae77b923da81c","isMergeCommit":true,"messageTitle":"Merge branch \u0027userguide\u0027","messageBody":"","fileTypesAndContributionMap":{}}]},{"date":"2023-03-24","commitResults":[{"hash":"a8c3b6b7dce69eb6fd029229c62e0c775717f441","isMergeCommit":false,"messageTitle":"update userguide and developer guide","messageBody":"","fileTypesAndContributionMap":{"docs":{"insertions":99,"deletions":3}}},{"hash":"d6669fb917bb6fd482930509a18d98edd7eea17c","isMergeCommit":true,"messageTitle":"Merge pull request #61 from TabrizPlv/userguide","messageBody":"Update user guide and developer guide","fileTypesAndContributionMap":{}},{"hash":"f786f49f4535061112a6d6c1ad09677e521e5378","isMergeCommit":true,"messageTitle":"Merge branch \u0027TabrizPlv-master\u0027","messageBody":"","fileTypesAndContributionMap":{}},{"hash":"157ac4d4924c1352a9ced5f87490cb8cf4156de8","isMergeCommit":true,"messageTitle":"Merge branch \u0027master\u0027 of https://github.com/AY2223S2-CS2103T-W12-3/tp into updateMeeting","messageBody":"","fileTypesAndContributionMap":{}},{"hash":"7f3e7cc4ae43d1b4e27db4f50fa8aa2800caa11c","isMergeCommit":true,"messageTitle":"Merge branch \u0027master\u0027 of https://github.com/TabrizPlv/tp","messageBody":"","fileTypesAndContributionMap":{}},{"hash":"2845ce2b0c3b525112809bd53df03952ca96d92e","isMergeCommit":true,"messageTitle":"Merge branch \u0027master\u0027 into updateMeeting","messageBody":"","fileTypesAndContributionMap":{}}]},{"date":"2023-03-25","commitResults":[{"hash":"46ecc72e1f23b2d6b13db7d187ee38cef7aa0e87","isMergeCommit":false,"messageTitle":"Add test for update Meeting command","messageBody":"","fileTypesAndContributionMap":{"functional-code":{"insertions":22,"deletions":3},"test-code":{"insertions":280,"deletions":153}}}]},{"date":"2023-03-26","commitResults":[{"hash":"5706c77d8e401d0b4447f5b5652a7fa824755aba","isMergeCommit":true,"messageTitle":"Merge pull request #66 from TabrizPlv/updateMeeting","messageBody":"Add test for updateMeeting command","fileTypesAndContributionMap":{}}]}],"FireRadical22":[{"date":"2023-02-23","commitResults":[{"hash":"d895ceab70c98fd42c3b9b80d78533c6a5c3d570","isMergeCommit":false,"messageTitle":"Rename markdown","messageBody":"","fileTypesAndContributionMap":{"docs":{"insertions":0,"deletions":0}}},{"hash":"c0940c727e5a55df50db9ea28d38361c534f7014","isMergeCommit":false,"messageTitle":"Update arshad.md","messageBody":"Cleared out default description for future use","fileTypesAndContributionMap":{"docs":{"insertions":0,"deletions":45}}},{"hash":"6dd0d8bac042515fadd03e7df7dbe2fee3679142","isMergeCommit":false,"messageTitle":"Update AboutUs.md","messageBody":"Include Arshad\u0027s photo\r\nUpdate github and portfolio link","fileTypesAndContributionMap":{"docs":{"insertions":3,"deletions":3}}},{"hash":"f57bb854fdbbfe9a058162a4acb1adcfe64b790b","isMergeCommit":false,"messageTitle":"Update name on heading","messageBody":"","fileTypesAndContributionMap":{"docs":{"insertions":1,"deletions":1}}},{"hash":"64d27541bbd593a85ae36e5c76eab2123efc416b","isMergeCommit":true,"messageTitle":"Merge pull request #13 from FireRadical22/master","messageBody":"Update Arshad personal information","fileTypesAndContributionMap":{}}]},{"date":"2023-03-01","commitResults":[{"hash":"36dca3b4c3894c70959c93916c9f0baba2dff113","isMergeCommit":true,"messageTitle":"Merge pull request #14 from bokung/master","messageBody":"Update personal details","fileTypesAndContributionMap":{}},{"hash":"c39bcb898a46356d199b1a8071d8d874e16bc4d2","isMergeCommit":true,"messageTitle":"Merge pull request #19 from sembcorpp/master","messageBody":"update readme for jane","fileTypesAndContributionMap":{}}]},{"date":"2023-03-02","commitResults":[{"hash":"a8b8c9cdcfceac9c39f626e03844dea867c70d9e","isMergeCommit":false,"messageTitle":"Update AboutUs.md","messageBody":"Change photo to match correct file format of image","fileTypesAndContributionMap":{"docs":{"insertions":1,"deletions":1}}},{"hash":"cfec410fce16afff6a5047b166366f18e7f49ad1","isMergeCommit":false,"messageTitle":"Update fireradical22.md","messageBody":"Add skeletal structure of PPP\r\nRename name of skeletal PPP to github username in lowercase","fileTypesAndContributionMap":{"docs":{"insertions":26,"deletions":1}}},{"hash":"3f97b83d3a078491bde12454a456c3556546009a","isMergeCommit":false,"messageTitle":"Update fireradical22.md","messageBody":"Minor fix to PPP","fileTypesAndContributionMap":{"docs":{"insertions":1,"deletions":1}}},{"hash":"38161b4d82e2dfcd73f9814005dc71d40fddb818","isMergeCommit":true,"messageTitle":"Merge pull request #20 from FireRadical22/master","messageBody":"Update Skeletal PPP and image","fileTypesAndContributionMap":{}},{"hash":"b9d4178786a993d53a0feb2375ba3d798021cea9","isMergeCommit":false,"messageTitle":"Update AboutUs.md","messageBody":"Rename image to github username to ensure tracking on tp dashboard\n\nUpdate AboutUs.md to make use of the renamed images\n","fileTypesAndContributionMap":{"docs":{"insertions":4,"deletions":4}}},{"hash":"099343c6254203ae806e00937440caa3b9e398e9","isMergeCommit":true,"messageTitle":"Merge pull request #26 from FireRadical22/master","messageBody":"Update AboutUs.md","fileTypesAndContributionMap":{}}]},{"date":"2023-03-05","commitResults":[{"hash":"8bbdd7e1f3023af8d1ebba7148e3d790458e8ecb","isMergeCommit":false,"messageTitle":"Rename Team member\u0027s skeletal PPP","messageBody":"Rename team members\u0027 skeletal PPP to their github username\n\nUpdate AboutUs.md to reflect renamed PPP files\n","fileTypesAndContributionMap":{"docs":{"insertions":2,"deletions":2}}},{"hash":"030a91175d8743463fd1f4471ba1db1448b9f4fb","isMergeCommit":true,"messageTitle":"Merge pull request #30 from FireRadical22/master","messageBody":"Rename Team member\u0027s skeletal PPP","fileTypesAndContributionMap":{}}]},{"date":"2023-03-07","commitResults":[{"hash":"ad34414df9181e546c251a1f5bf2356737f0f510","isMergeCommit":false,"messageTitle":"Update DeveloperGuide.md","messageBody":"Update Developer Guide with Use cases, NFRs(non-functional requirements) and glossary to match with our project, FAid\n","fileTypesAndContributionMap":{"docs":{"insertions":100,"deletions":4}}}]},{"date":"2023-03-11","commitResults":[{"hash":"d58de158b044c5f9d52131a9e63e44bafd140f60","isMergeCommit":true,"messageTitle":"Merge pull request #41 from TabrizPlv/Meeting","messageBody":"Add meeting field to Person\r\nLGTM (Arshad)","fileTypesAndContributionMap":{}},{"hash":"2d220a6d576f89587c460da0ff95dc78fd922d34","isMergeCommit":false,"messageTitle":"Add \u0027meetingAdd\u0027 command","messageBody":"Implement meetingAdd command to add meetings to clients in FAid.\n\nUpdate relevant classes to adopt the use of Meeting class.\n\nUI for meeting has been temporarily left out as awaiting for development of UI from the other side.\n\nUpdate meeting class to be used for testing. Update to test cases to be done in a later commit.\n","fileTypesAndContributionMap":{"functional-code":{"insertions":253,"deletions":53}}},{"hash":"4c0c29b071d43e3a82fd82683ffa68263be95063","isMergeCommit":true,"messageTitle":"Merge branch \u0027Add-Meeting-Feature\u0027 into Remove-Meeting-Feature","messageBody":"","fileTypesAndContributionMap":{}},{"hash":"8aad52d3392ee8ea449e2199f37708f991848993","isMergeCommit":false,"messageTitle":"Add meetingRemove Command","messageBody":"Add meetingRemove Command to remove meeting from specified person.\n\nA later commit will be pushed to handle removal of meeting from a list of multiple meetings\n","fileTypesAndContributionMap":{"functional-code":{"insertions":75,"deletions":0}}}]},{"date":"2023-03-12","commitResults":[{"hash":"eddb2e2a06217cd8256ce691202a59541569e387","isMergeCommit":false,"messageTitle":"Update Tests for meetingRemove command","messageBody":"Create test classes for meetingRemove command and its parser to test meetingRemove feature\n\nUpdate relevant test classes to accommodate use of meetingRemove  command.\n\nUpdate PersonBuilder test class to accommodate use of meeting feature.\n","fileTypesAndContributionMap":{"functional-code":{"insertions":24,"deletions":11},"test-code":{"insertions":115,"deletions":14}}},{"hash":"3ba9c8bec4b3272495ee8af326175864d7c7b9c6","isMergeCommit":false,"messageTitle":"Update Test classes for meetingAdd command","messageBody":"Add Test class for meetingAdd command and its respective parser to test Add meeting feature.\n\nUpdate relevant test classes to accommodate use of Meeting feature\n\nNote: withMeeting method will be implemented in a later commit\n","fileTypesAndContributionMap":{"functional-code":{"insertions":1,"deletions":3},"test-code":{"insertions":135,"deletions":14}}},{"hash":"17b96a98dcd7de69e13e6a92690bd73d2133ea1a","isMergeCommit":true,"messageTitle":"Merge branch \u0027master\u0027 into Add-Meeting-Feature","messageBody":"","fileTypesAndContributionMap":{}},{"hash":"dec2b2b5e23350c774b5ab05a706c1d547cf8850","isMergeCommit":true,"messageTitle":"Merge branch \u0027Add-Meeting-Feature\u0027 into Remove-Meeting-Feature","messageBody":"","fileTypesAndContributionMap":{}},{"hash":"30d12dab33452fd97f4931190027c824dff50a6a","isMergeCommit":false,"messageTitle":"Address checkstyle issue","messageBody":"Address checkstyle issues identified by GitHub CI to pass the test\n","fileTypesAndContributionMap":{"docs":{"insertions":2,"deletions":2},"test-code":{"insertions":0,"deletions":1}}},{"hash":"0768e809a7ec5807b9d6a65f11fa5c34f6b657bc","isMergeCommit":false,"messageTitle":"Address checkstyle issues","messageBody":"Address checkstyle issues identified by GitHub CI\n","fileTypesAndContributionMap":{"docs":{"insertions":2,"deletions":2},"test-code":{"insertions":0,"deletions":1}}},{"hash":"74bdb429086672273d7a01c0ff7a9b79d0a88f73","isMergeCommit":false,"messageTitle":"Address checkstyle issue","messageBody":"Address new checkstyle issues identified\n","fileTypesAndContributionMap":{"test-code":{"insertions":1,"deletions":0}}},{"hash":"44b152ea0e318623171a3cb2d8d9df9036fae325","isMergeCommit":false,"messageTitle":"Update test case","messageBody":"Add Test annotation for parseCommand_addMeeting method\n","fileTypesAndContributionMap":{"test-code":{"insertions":1,"deletions":1}}},{"hash":"7d37e4699aee130b0621958b6bca907754bb4af8","isMergeCommit":false,"messageTitle":"Address checkstyle issues","messageBody":"Address new checkstyle issues identified when building and checking in Gradle\n","fileTypesAndContributionMap":{"functional-code":{"insertions":68,"deletions":33}}},{"hash":"45ce953d10680d7a36ac820b60bd39d996f83cfd","isMergeCommit":false,"messageTitle":"Address checkstyle issues #4","messageBody":"Address new checkstyle issues identified when building and checking in Gradle using CI\n","fileTypesAndContributionMap":{"functional-code":{"insertions":24,"deletions":5}}},{"hash":"461d02924b1fd6bd9c8f3e2267a1bfe00729a0de","isMergeCommit":false,"messageTitle":"Address checkstyle issues (No. 5)","messageBody":"Address new checkstyle issue identified by GitHub CI\n","fileTypesAndContributionMap":{"functional-code":{"insertions":1,"deletions":1}}},{"hash":"aa3223a029cbd3e1d21b0b3773d2e50753a62002","isMergeCommit":false,"messageTitle":"Address checkstyle issues (No. 6)","messageBody":"Address new checkstyle issues identified by GitHub CI\n","fileTypesAndContributionMap":{"other":{"insertions":7,"deletions":7},"test-code":{"insertions":23,"deletions":7}}},{"hash":"2b398a46afa86834b5657486bfef5bae71daf92e","isMergeCommit":false,"messageTitle":"Address checkstyle issues (No.7)","messageBody":"Address new checkstyle issues identified by GitHub CI\n","fileTypesAndContributionMap":{"test-code":{"insertions":2,"deletions":3}}}]},{"date":"2023-03-13","commitResults":[{"hash":"77087ff5d4f6b64d6d56ce330f60816c49fea5cd","isMergeCommit":true,"messageTitle":"Merge branch \u0027master\u0027 into Add-Meeting-Feature","messageBody":"","fileTypesAndContributionMap":{}},{"hash":"eb735a15d04d8d033b1c122286331f4adda3f47a","isMergeCommit":false,"messageTitle":"Update AddMeetingCommand","messageBody":"Update AddMeeting with ability to check for clash of meeting times in a person so that the user does not have overlapping meeting times.\n","fileTypesAndContributionMap":{"functional-code":{"insertions":35,"deletions":9},"test-code":{"insertions":2,"deletions":3}}},{"hash":"6d3e2ba86519defdc808af545a4521b7c3ecdab0","isMergeCommit":true,"messageTitle":"Merge branch \u0027Add-Meeting-Feature\u0027 into Remove-Meeting-Feature","messageBody":"","fileTypesAndContributionMap":{}},{"hash":"ecd5c988cc299a8b356c727b1755a22c7855e275","isMergeCommit":false,"messageTitle":"Address checkstyle issues (No.7)","messageBody":"Address checkstyle issues identified by GitHub CI\n","fileTypesAndContributionMap":{"functional-code":{"insertions":8,"deletions":7}}},{"hash":"54822f9450312d199c6ba01f37d252b60bcc919e","isMergeCommit":false,"messageTitle":"Update AddMeetingCommand.java","messageBody":"Fix Indentation Level issues\n","fileTypesAndContributionMap":{"functional-code":{"insertions":7,"deletions":7}}},{"hash":"7d758e72d56dde0c613b70c9309fa54d9f8f3ddd","isMergeCommit":false,"messageTitle":"Address Checkstyle issues (No. 8)","messageBody":"Address checkstyle issues identified by GitHub CI\n","fileTypesAndContributionMap":{"functional-code":{"insertions":31,"deletions":7},"test-code":{"insertions":17,"deletions":9}}},{"hash":"454d789e64d574ba644de7ecec50d0b977b61603","isMergeCommit":false,"messageTitle":"Update RemoveMeetingCommand.java","messageBody":"","fileTypesAndContributionMap":{"functional-code":{"insertions":7,"deletions":7}}},{"hash":"53cc18cebf142aea2c9bbf917740963609c2a36f","isMergeCommit":false,"messageTitle":"Update AddMeetingParserCommand.java","messageBody":"","fileTypesAndContributionMap":{"test-code":{"insertions":2,"deletions":2}}},{"hash":"dab1800da78bcde2e4b56427fb9931e6a3a94878","isMergeCommit":true,"messageTitle":"Merge branch \u0027Add-Meeting-Feature\u0027 into Remove-Meeting-Feature","messageBody":"","fileTypesAndContributionMap":{}},{"hash":"ae5ad8f60d8d8fbc1bf8a50e390b1789f9350ad2","isMergeCommit":false,"messageTitle":"Update RemoveMeetingCommand.java","messageBody":"","fileTypesAndContributionMap":{"functional-code":{"insertions":1,"deletions":2}}}]},{"date":"2023-03-14","commitResults":[{"hash":"c3d5b5f5ecf40bc483bfcfe404e43022540c5900","isMergeCommit":true,"messageTitle":"Merge pull request #49 from bokung/feature-regions","messageBody":"Add ability to locate a person by their region","fileTypesAndContributionMap":{}},{"hash":"5de45b8b71c2f03a5aa95c543b0ac6603f115ec2","isMergeCommit":false,"messageTitle":"Minor Checkstyle Fixes","messageBody":"","fileTypesAndContributionMap":{"functional-code":{"insertions":19,"deletions":15},"test-code":{"insertions":7,"deletions":7}}},{"hash":"17bda81afb131b6f9c98c60edc0cf72e65c5fc58","isMergeCommit":true,"messageTitle":"Merge branch \u0027master\u0027 into Add-Meeting-Feature","messageBody":"","fileTypesAndContributionMap":{}},{"hash":"c8d46da37814471130560f7eb2db0b65559f4d76","isMergeCommit":false,"messageTitle":"Update AddMeetingCommandTest","messageBody":"Update AddMeetingCommandTest to test functionalities of AddMeetingCommand\n","fileTypesAndContributionMap":{"functional-code":{"insertions":15,"deletions":7},"test-code":{"insertions":61,"deletions":16}}},{"hash":"307f67fbf940028bc40a9b98317db80f3cd8b0a4","isMergeCommit":false,"messageTitle":"Update AddMeetingCommandTest.java","messageBody":"","fileTypesAndContributionMap":{"test-code":{"insertions":4,"deletions":4}}},{"hash":"a83fed5c1fb5c32c6076169e15a3602d5f07411e","isMergeCommit":false,"messageTitle":"Update ParserUtil.java","messageBody":"","fileTypesAndContributionMap":{"functional-code":{"insertions":2,"deletions":1}}},{"hash":"b3a8d39202258f96b045abfc0fdb0275a246576a","isMergeCommit":false,"messageTitle":"Update AddMeetingParserCommandTest.java","messageBody":"Update test cases in for AddMeeting Parser to test the functionalities of the class AddMeetingCommandParser\n","fileTypesAndContributionMap":{"functional-code":{"insertions":4,"deletions":4},"test-code":{"insertions":6,"deletions":10}}},{"hash":"0e0d654048363ee92dcd0aec097ea293fa86b709","isMergeCommit":true,"messageTitle":"Merge branch \u0027Add-Meeting-Feature\u0027 into Remove-Meeting-Feature","messageBody":"","fileTypesAndContributionMap":{}},{"hash":"96163786e107969fdccd1e382ff122a8de35955f","isMergeCommit":false,"messageTitle":"Update RemoveMeetingCommand Test cases","messageBody":"Update RemoveMeetingCommandTest.java and RemoveMeetingCommandParserTest.java to test functionalities of meetingRemove command\n","fileTypesAndContributionMap":{"functional-code":{"insertions":33,"deletions":14},"test-code":{"insertions":79,"deletions":29}}},{"hash":"18d89b15810a376c19624718b144bc16ace3cdf9","isMergeCommit":false,"messageTitle":"Update AddMeetingCommandTest.java","messageBody":"","fileTypesAndContributionMap":{"test-code":{"insertions":4,"deletions":4}}},{"hash":"d0421bfe0627a57ce734217dfa5bc1d91b7c6e7b","isMergeCommit":false,"messageTitle":"Update AddMeetingParserCommandTest.java","messageBody":"","fileTypesAndContributionMap":{"test-code":{"insertions":0,"deletions":2}}},{"hash":"01e59cf226eaa3c86bbe04f394bdc8fdd8b1e43b","isMergeCommit":false,"messageTitle":"Update AddMeetingCommandTest.java","messageBody":"","fileTypesAndContributionMap":{"test-code":{"insertions":1,"deletions":0}}},{"hash":"dae91afa3b6402595c433cf26fd06aaacd915d42","isMergeCommit":true,"messageTitle":"Merge branch \u0027Add-Meeting-Feature\u0027 into Remove-Meeting-Feature","messageBody":"","fileTypesAndContributionMap":{}},{"hash":"8097a1b5c39f070140acaf7a231ab34c905d6674","isMergeCommit":false,"messageTitle":"Update Meeting.java","messageBody":"","fileTypesAndContributionMap":{"functional-code":{"insertions":0,"deletions":4}}}]},{"date":"2023-03-15","commitResults":[{"hash":"bbbf6265eeccabde66c8b9af759375342ffffeb4","isMergeCommit":true,"messageTitle":"Merge branch \u0027master\u0027 into Add-Meeting-Feature","messageBody":"","fileTypesAndContributionMap":{}},{"hash":"988025fa0d3ff80f4252b6f6083e4458d451c0af","isMergeCommit":true,"messageTitle":"Merge branch \u0027Add-Meeting-Feature\u0027 into Remove-Meeting-Feature","messageBody":"","fileTypesAndContributionMap":{}}]},{"date":"2023-03-18","commitResults":[{"hash":"79bbbd99668304450fd94a4b504e747e941874ec","isMergeCommit":true,"messageTitle":"Merge branch \u0027master\u0027 into Add-Meeting-Feature","messageBody":"","fileTypesAndContributionMap":{}},{"hash":"45442e41234100090ec8627bb86a31121f946112","isMergeCommit":true,"messageTitle":"Merge branch \u0027Add-Meeting-Feature\u0027 into Remove-Meeting-Feature","messageBody":"","fileTypesAndContributionMap":{}},{"hash":"7fc4d24db9c34e684c69d3370ec5f172238a7143","isMergeCommit":false,"messageTitle":"Update UI for meeting","messageBody":"Update UI to display details of most recent meeting\n","fileTypesAndContributionMap":{"functional-code":{"insertions":58,"deletions":28}}},{"hash":"4496ef5921443a50148cd075438072822f3a7a11","isMergeCommit":false,"messageTitle":"Update EditCommandTest and PersonBuilder","messageBody":"","fileTypesAndContributionMap":{"test-code":{"insertions":9,"deletions":9}}},{"hash":"c8dd45cbdcc21447adb1f368691f87b26785ee47","isMergeCommit":false,"messageTitle":"Update JsonAdaptedPerson","messageBody":"Update JsonAdaptedPerson to include meeting feature\n","fileTypesAndContributionMap":{"functional-code":{"insertions":109,"deletions":18},"test-code":{"insertions":55,"deletions":37}}},{"hash":"f15f999fe74e2d6bdafc2aff1bf020c26088c483","isMergeCommit":false,"messageTitle":"Fix checkstyle issues","messageBody":"","fileTypesAndContributionMap":{"functional-code":{"insertions":3,"deletions":3}}},{"hash":"8d9c3d2310d267da5dcb11a237b2f30189e421a3","isMergeCommit":false,"messageTitle":"Add JavaDoc comments","messageBody":"","fileTypesAndContributionMap":{"functional-code":{"insertions":3,"deletions":0},"test-code":{"insertions":6,"deletions":1}}},{"hash":"13ee632592b119b33153ae0139f5141faba6301a","isMergeCommit":false,"messageTitle":"Fix issues identified from repo-wide test","messageBody":"","fileTypesAndContributionMap":{"docs":{"insertions":2,"deletions":2},"test-code":{"insertions":0,"deletions":1}}},{"hash":"d0346efb2a1dde05d459370665e611eb18a992a8","isMergeCommit":false,"messageTitle":"Add EOF to certain lines","messageBody":"","fileTypesAndContributionMap":{"test-code":{"insertions":3,"deletions":4}}},{"hash":"1aa17574bf78bd501a1945afe2aef4d915947619","isMergeCommit":false,"messageTitle":"Remove unused imports","messageBody":"","fileTypesAndContributionMap":{"functional-code":{"insertions":1,"deletions":3}}},{"hash":"bf1278644dbe46550ce6b90210fc0c4e06bc94d1","isMergeCommit":false,"messageTitle":"Update PersonBuilder.java","messageBody":"Remove unused imports and add documentations for withMeetings method\n","fileTypesAndContributionMap":{"test-code":{"insertions":4,"deletions":3}}}]},{"date":"2023-03-20","commitResults":[{"hash":"8bf13254f265a6dba2406143e3056507922718b1","isMergeCommit":false,"messageTitle":"Update Person and add Meeting UI","messageBody":"","fileTypesAndContributionMap":{"functional-code":{"insertions":42,"deletions":5}}},{"hash":"2999acddb0ab6ab39bbdebf72de60355369eb772","isMergeCommit":false,"messageTitle":"Update JsonAdaptedMeeting.java","messageBody":"","fileTypesAndContributionMap":{"functional-code":{"insertions":1,"deletions":1}}},{"hash":"c5e3113e65fe2c82ea3010e31af746fda9caba45","isMergeCommit":false,"messageTitle":"Checkstyle issues","messageBody":"","fileTypesAndContributionMap":{"functional-code":{"insertions":1,"deletions":3},"test-code":{"insertions":3,"deletions":3}}},{"hash":"125feed97c90e74eb7c816c275f11a931d66747b","isMergeCommit":true,"messageTitle":"Merge branch \u0027master\u0027 into Add-Meeting-Feature","messageBody":"","fileTypesAndContributionMap":{}},{"hash":"f6a3825d34e43dc86e02c4099ae67f6df4722b1a","isMergeCommit":true,"messageTitle":"Merge branch \u0027Add-Meeting-Feature\u0027 into Remove-Meeting-Feature","messageBody":"","fileTypesAndContributionMap":{}},{"hash":"6c6761a76174a00dbce666049078409711330512","isMergeCommit":false,"messageTitle":"Make minor adjustments","messageBody":"Make minor adjustments for relevant classes to address compilation errors and potential runtime errors\n","fileTypesAndContributionMap":{"functional-code":{"insertions":12,"deletions":63}}},{"hash":"d8adcc58090bf5e93612c4142599864e3985df3f","isMergeCommit":false,"messageTitle":"Remove trailing whitespaces","messageBody":"","fileTypesAndContributionMap":{"test-code":{"insertions":3,"deletions":4}}},{"hash":"a628e6b57983a872cee595ff5da1b8c62a17185e","isMergeCommit":false,"messageTitle":"Update JsonAdaptedMeeting.java","messageBody":"","fileTypesAndContributionMap":{"functional-code":{"insertions":1,"deletions":1}}},{"hash":"0bcbae528ba55746110127a5a80db98b3ffd505e","isMergeCommit":true,"messageTitle":"Merge branch \u0027Add-Meeting-Feature\u0027 into Remove-Meeting-Feature","messageBody":"","fileTypesAndContributionMap":{}},{"hash":"d7d458e6e9fde314581da39d3c11f329260e1cc2","isMergeCommit":false,"messageTitle":"Make minor adjustments","messageBody":"","fileTypesAndContributionMap":{"functional-code":{"insertions":6,"deletions":64}}},{"hash":"3761b3e4edecfca041a7feda25db42bb1c646ef8","isMergeCommit":false,"messageTitle":"Update AddressBookParserTest.java","messageBody":"","fileTypesAndContributionMap":{"test-code":{"insertions":0,"deletions":10}}}]},{"date":"2023-03-21","commitResults":[{"hash":"33479565b36c6a2f9b50c0e1879c955b710f6a6f","isMergeCommit":false,"messageTitle":"Minor checkstyle fixes","messageBody":"","fileTypesAndContributionMap":{"test-code":{"insertions":1,"deletions":2}}},{"hash":"3c2542a94dbda0da2570b0da785a4ae7de97805a","isMergeCommit":false,"messageTitle":"Update AddMeetingParserCommandTest.java","messageBody":"","fileTypesAndContributionMap":{"test-code":{"insertions":2,"deletions":2}}},{"hash":"dcda4be25d73ad29f5963470b6025b506e9583fe","isMergeCommit":false,"messageTitle":"Update AddMeetingParserCommandTest.java","messageBody":"","fileTypesAndContributionMap":{"test-code":{"insertions":1,"deletions":1}}},{"hash":"47821305424343874a74a95617f1d0cc35b1429a","isMergeCommit":false,"messageTitle":"Update build.gradle","messageBody":"Enable assertion in build.gradle\n","fileTypesAndContributionMap":{"other":{"insertions":4,"deletions":0}}}]},{"date":"2023-03-23","commitResults":[{"hash":"2746c674324ffa40f4151180769bcc284d3b26c3","isMergeCommit":false,"messageTitle":"Update DeveloperGuide.md","messageBody":"Update DeveloperGuide.md to include add meeting and remove meeting.\n\nUML Sequence diagrams for add meeting and remove meeting will be pushed in a later commit.\n","fileTypesAndContributionMap":{"docs":{"insertions":48,"deletions":0}}}]},{"date":"2023-03-24","commitResults":[{"hash":"bfe1bfe0142ad4061156ed626f3debacfc02ba05","isMergeCommit":false,"messageTitle":"Create UML Diagrams","messageBody":"Create UML Sequence Diagrams for AddMeeting and RemoveMeeting commands\n","fileTypesAndContributionMap":{"docs":{"insertions":120,"deletions":11}}},{"hash":"2e765fa7a0b41e6aaa2e8f8a17144ea827f809ac","isMergeCommit":false,"messageTitle":"Add Images of sequence diagrams","messageBody":"Add images of sequence diagrams for DeveloperGuide.md\n","fileTypesAndContributionMap":{"docs":{"insertions":2,"deletions":2}}},{"hash":"06289e82009b2f2245c61fe35aab4e3c2e569f94","isMergeCommit":false,"messageTitle":"Update DeveloperGuide.md","messageBody":"","fileTypesAndContributionMap":{"docs":{"insertions":3,"deletions":0}}},{"hash":"32b55a2e8cd8069879a2427de6777fb491d9fc30","isMergeCommit":true,"messageTitle":"Merge branch \u0027master\u0027 into Developer-Guide","messageBody":"","fileTypesAndContributionMap":{}},{"hash":"872920de6e1047a4feb20a579e358a611c9a8430","isMergeCommit":false,"messageTitle":"Fix Checkstyle issues","messageBody":"Fix checkstyle issues highlighted by  repo wide tests\n","fileTypesAndContributionMap":{"docs":{"insertions":4,"deletions":5}}},{"hash":"a6e6a5b470d2f4edf2ee088469911498d9cc229a","isMergeCommit":false,"messageTitle":"Update UserGuide.md","messageBody":"Update UserGuide.md to reflect change in command format adopted\n\nFix checkstyle issues highlighted by repo-wide tests\n","fileTypesAndContributionMap":{"docs":{"insertions":11,"deletions":14}}},{"hash":"bc6b4e56c92037bfe5602920bc7a0d831d0ae958","isMergeCommit":true,"messageTitle":"Merge pull request #63 from FireRadical22/Developer-Guide","messageBody":"Developer guide","fileTypesAndContributionMap":{}},{"hash":"60a05c4b900819da786b333c469b48ae97520b7c","isMergeCommit":false,"messageTitle":"Update Add Meeting feature","messageBody":"Update Add Meeting command and parser to incorporate description attribute in Meeting class\n\nTo: Tabriz, there\u0027s an error given in UpdateMeetingCommandTest class. You might want to resolve it.\n","fileTypesAndContributionMap":{"functional-code":{"insertions":28,"deletions":14},"test-code":{"insertions":7,"deletions":5}}},{"hash":"22e5990bab7d63b0a7facd1a7f4c9f2de0977b31","isMergeCommit":false,"messageTitle":"Update Test case for command and parser","messageBody":"Update Test cases for Add Meeting command and parser to include description as well\n","fileTypesAndContributionMap":{"test-code":{"insertions":15,"deletions":8}}},{"hash":"ab2842aace641f3b78325c2891e099e95f01b492","isMergeCommit":false,"messageTitle":"Update AddMeetingCommand.java","messageBody":"Minor updates to AddMeetingCommand\n","fileTypesAndContributionMap":{"functional-code":{"insertions":3,"deletions":3}}}]},{"date":"2023-03-25","commitResults":[{"hash":"ef0c5c380acf9cd9f5fbab852f543f723ea0d9d3","isMergeCommit":false,"messageTitle":"Update ParserUtil.java","messageBody":"Update parseEnd method to parse end Date and Time correctly\n","fileTypesAndContributionMap":{"functional-code":{"insertions":2,"deletions":1}}},{"hash":"5b09a3c94656e9c71075c15fb168e4aa37fe3c23","isMergeCommit":false,"messageTitle":"Update AddMeetingCommandTest.java","messageBody":"Update AddMeetingCommandTest to pass test correctly\n","fileTypesAndContributionMap":{"test-code":{"insertions":1,"deletions":1}}},{"hash":"0b0c60dfc2fdd9dff1293b50373f41ed092436cb","isMergeCommit":false,"messageTitle":"Update AddressBookParserTest.java","messageBody":"","fileTypesAndContributionMap":{"test-code":{"insertions":8,"deletions":3}}}]},{"date":"2023-03-27","commitResults":[{"hash":"0be0899214b033ab7d2672c68b76624634b78717","isMergeCommit":false,"messageTitle":"Update UserGuide and DeveloperGuide","messageBody":"","fileTypesAndContributionMap":{"docs":{"insertions":71,"deletions":48}}},{"hash":"9037c824684dc6bd9b69e592538dd18e6389e970","isMergeCommit":true,"messageTitle":"Merge branch \u0027master\u0027 into new-meeting-ui","messageBody":"","fileTypesAndContributionMap":{}}]}]},"authorFileTypeContributionMap":{"sembcorpp":{"docs":119,"functional-code":40,"test-code":0},"bokung":{"docs":99,"functional-code":686,"test-code":331},"TabrizPlv":{"docs":136,"functional-code":437,"test-code":502},"FireRadical22":{"docs":352,"functional-code":544,"test-code":330,"other":4}},"authorContributionVariance":{"sembcorpp":515.2443,"bokung":9589.799,"TabrizPlv":15895.24,"FireRadical22":16499.215},"authorDisplayNameMap":{"sembcorpp":"CS2103T-W12-3 JANE.. HUI","bokung":"CS2103T-W12-3 GUO ..OKUN","TabrizPlv":"CS2103T-W12-3 TABR..LAVI","FireRadical22":"CS2103T-W12-3 MUHA..HAIK"}}
