{"authorDailyContributionsMap":{"verydaftpunk":[{"date":"2023-02-25","commitResults":[{"hash":"f804e6b6883a18502aaa66f0a51fe287f4c86a31","isMergeCommit":false,"messageTitle":"Aboutus","messageBody":"","fileTypesAndContributionMap":{"docs":{"insertions":6,"deletions":6}}},{"hash":"ec4ba63091127747eeda7a585e8d85d9b819f596","isMergeCommit":true,"messageTitle":"Merge pull request #20 from verydaftpunk/ABOUTUS-Page","messageBody":"Aboutus","fileTypesAndContributionMap":{}}]},{"date":"2023-02-26","commitResults":[{"hash":"8b714fdce8c8044e25f201e2a80e1568ac89c531","isMergeCommit":false,"messageTitle":"Create a skeletal version of Project Portfolio Page (PPP)","messageBody":"","fileTypesAndContributionMap":{"docs":{"insertions":0,"deletions":0}}},{"hash":"74c91e2586a30d7151798930e81998743e435ea3","isMergeCommit":true,"messageTitle":"Merge pull request #23 from verydaftpunk/Add-A-Skeletal-PPP","messageBody":"Create a skeletal version of Project Portfolio Page (PPP)","fileTypesAndContributionMap":{}},{"hash":"17643ef3d577a88aecd1528c9ce7a00fed821d67","isMergeCommit":false,"messageTitle":"Update PPP to include the content of the file as I forgot to include it earlier","messageBody":"","fileTypesAndContributionMap":{"docs":{"insertions":31,"deletions":0}}},{"hash":"1398bd2dab72264a3c6f20c6138fea45c189e76e","isMergeCommit":true,"messageTitle":"Merge pull request #26 from verydaftpunk/Add-A-Skeletal-PPP","messageBody":"Update PPP to include the content of the file","fileTypesAndContributionMap":{}},{"hash":"b368ff1c0ad3b3d1fba97196af263e9282259496","isMergeCommit":false,"messageTitle":"Add use cases to the developer guide","messageBody":"","fileTypesAndContributionMap":{"docs":{"insertions":29,"deletions":0}}},{"hash":"9253f6f3ae0a6b2db5129d146d9b3d1289478e53","isMergeCommit":true,"messageTitle":"Merge pull request #27 from verydaftpunk/Add-Use-Cases-To-DG","messageBody":"Add use cases to the developer guide","fileTypesAndContributionMap":{}},{"hash":"804a85c6a9dba00bd9c4cc9812922d0bbe8ee225","isMergeCommit":false,"messageTitle":"Update the contents of use cases in developer guide","messageBody":"","fileTypesAndContributionMap":{"docs":{"insertions":6,"deletions":8}}},{"hash":"76ff6dce16addaa58023368065bfc9ed6ee64a7a","isMergeCommit":false,"messageTitle":"Add Non Functional Requirements to the developer guide","messageBody":"","fileTypesAndContributionMap":{"docs":{"insertions":18,"deletions":1}}},{"hash":"11dac1c8d7cfc9a72517aa687b3b79113d75e44a","isMergeCommit":true,"messageTitle":"Merge pull request #28 from verydaftpunk/Add-Use-Cases-To-DG","messageBody":"Update the contents of use cases in developer guide","fileTypesAndContributionMap":{}},{"hash":"ea847dd32c852f566f1364ddf28dcb0638d9e6f1","isMergeCommit":true,"messageTitle":"Merge pull request #29 from verydaftpunk/Add-NFRs","messageBody":"Add Non Functional Requirements to the developer guide","fileTypesAndContributionMap":{}},{"hash":"3699c2d144a2777f6640737070854522b6412693","isMergeCommit":false,"messageTitle":"Update contents of developer guide","messageBody":"","fileTypesAndContributionMap":{"docs":{"insertions":18,"deletions":9}}},{"hash":"592cee3b75056caedf0aeea2e980161193c42efc","isMergeCommit":false,"messageTitle":"Update the user guide by adding syntax and prefixes as well as the list client feature","messageBody":"","fileTypesAndContributionMap":{"docs":{"insertions":22,"deletions":0}}},{"hash":"220bc7a31d86ab746c25eff69dcc570b31e59c2b","isMergeCommit":true,"messageTitle":"Merge pull request #31 from verydaftpunk/Add-NFRs","messageBody":"Update contents of developer guide","fileTypesAndContributionMap":{}},{"hash":"6ccf02941b5fd494c5a657e296adbf08b5ce85b5","isMergeCommit":true,"messageTitle":"Merge pull request #32 from verydaftpunk/Update-UG","messageBody":"Update the user guide by adding syntax and prefixes as well as the li…","fileTypesAndContributionMap":{}}]},{"date":"2023-03-05","commitResults":[{"hash":"08865549b7651a6d857137d0dc46d34d6d928b69","isMergeCommit":true,"messageTitle":"Merge pull request #64 from zrei/refactor-person-class","messageBody":"Refactor person class","fileTypesAndContributionMap":{}},{"hash":"694261664d9ee35081fe86433a69e53a2ed978c3","isMergeCommit":false,"messageTitle":"Update CLISyntax class to use agreed-upon prefixes","messageBody":"","fileTypesAndContributionMap":{"functional-code":{"insertions":5,"deletions":4}}},{"hash":"179e843e38618eb356ea51f2de1fed7e3785532a","isMergeCommit":false,"messageTitle":"Update CLISyntax class to use agreed-upon prefixes","messageBody":"","fileTypesAndContributionMap":{"functional-code":{"insertions":1,"deletions":1}}}]},{"date":"2023-03-07","commitResults":[{"hash":"9dcdc01b0f7ce8ae4a1748ba6bcf9941fc492dee","isMergeCommit":false,"messageTitle":"Update the CliSyntax class to include a prefix for deadline PREFIX_DEADLINE","messageBody":"","fileTypesAndContributionMap":{"functional-code":{"insertions":1,"deletions":2}}}]},{"date":"2023-03-08","commitResults":[{"hash":"6dbc7539f6f51c8cfc8b998590856e0406c5d90b","isMergeCommit":true,"messageTitle":"Merge pull request #80 from zrei/make-fields-nullable","messageBody":"Make phone and email fields optional for Person","fileTypesAndContributionMap":{}}]},{"date":"2023-03-12","commitResults":[{"hash":"2909230c63150e04b1392fc2fddb762695ec98f7","isMergeCommit":false,"messageTitle":"Implement Edit Client and Edit Command features","messageBody":"","fileTypesAndContributionMap":{"functional-code":{"insertions":233,"deletions":2}}},{"hash":"0b81db33befc9aa009a434b7ad02a5e29993cf14","isMergeCommit":false,"messageTitle":"Edit Edit Client and Edit Command to pass CheckStyle","messageBody":"","fileTypesAndContributionMap":{"functional-code":{"insertions":18,"deletions":14}}},{"hash":"9364fd7fd613eb8e4eca454c763c6218990ce245","isMergeCommit":false,"messageTitle":"Edit statements in lines 44 and 50 to just editProjectDescriptor instead of EditProjectCommand.EditProjectDescriptor since it is a nested class","messageBody":"","fileTypesAndContributionMap":{"functional-code":{"insertions":2,"deletions":2}}},{"hash":"c0f35b433f608d731f3138cc64e2d3c512090a23","isMergeCommit":false,"messageTitle":"Edit statements with EditProjectCommand.EditProjectDescriptor to just EditProjectDescriptor since it is a nested class","messageBody":"","fileTypesAndContributionMap":{"functional-code":{"insertions":5,"deletions":5}}},{"hash":"d408fe2448e4134f7aee0f0662e7c0cf21e9e1f5","isMergeCommit":true,"messageTitle":"Merge pull request #87 from zrei/add-date-validation","messageBody":"Add deadline validation","fileTypesAndContributionMap":{}}]},{"date":"2023-03-13","commitResults":[{"hash":"b864b0e0e3a13e086631ff08924fc280e51d6ef9","isMergeCommit":false,"messageTitle":"Add messages to throw for duplicate client/project when editing clients/projects","messageBody":"","fileTypesAndContributionMap":{"functional-code":{"insertions":9,"deletions":2}}},{"hash":"76011ee0c6ae983cbe7e57e9fba57d8993bdd3be","isMergeCommit":false,"messageTitle":"Edit messages to move \"+\" to a new line to abide by checkstyle","messageBody":"","fileTypesAndContributionMap":{"functional-code":{"insertions":4,"deletions":4}}},{"hash":"28067dbf89c6addb499ded908be156baae885a75","isMergeCommit":false,"messageTitle":"Edit tests for edit client command to pass checkstyle","messageBody":"","fileTypesAndContributionMap":{"test-code":{"insertions":2,"deletions":2}}},{"hash":"5774786cbb747c513f8a6db4417a07112c98a123","isMergeCommit":true,"messageTitle":"Merge pull request #99 from zrei/implement-clear-project","messageBody":"Implement clear project command","fileTypesAndContributionMap":{}},{"hash":"868e8fc79dca1eb135f115457524a96fcccd5056","isMergeCommit":false,"messageTitle":"Write tests for edit project command","messageBody":"","fileTypesAndContributionMap":{"functional-code":{"insertions":37,"deletions":6},"test-code":{"insertions":263,"deletions":0}}}]},{"date":"2023-03-14","commitResults":[{"hash":"b3a329efdd7a0d39df1b8745e932c79aaa27bbc5","isMergeCommit":false,"messageTitle":"Write tests for Edit Project parser","messageBody":"","fileTypesAndContributionMap":{"test-code":{"insertions":155,"deletions":0}}},{"hash":"9208570e5ce73f9900f9b42fbea63578b81b6384","isMergeCommit":true,"messageTitle":"Merge pull request #107 from zrei/list-project-feature","messageBody":"Implement list project and find project feature","tags":["v1.2"],"fileTypesAndContributionMap":{}}]},{"date":"2023-03-19","commitResults":[{"hash":"c04f33e5f663f7f186f7097d5f189a59f116ecd1","isMergeCommit":true,"messageTitle":"Merge pull request #113 from zrei/enable-assertions","messageBody":"Enable assertions","fileTypesAndContributionMap":{}}]},{"date":"2023-03-22","commitResults":[{"hash":"299e55d7bc4151c6a821e0c3e665b6fddc3660b8","isMergeCommit":false,"messageTitle":"Implement overdue status, to be highlighted in UI","messageBody":"","fileTypesAndContributionMap":{"functional-code":{"insertions":21,"deletions":2}}},{"hash":"407c252f897223345652eec989e24b2002bee60c","isMergeCommit":false,"messageTitle":"Fix checkstyle isues for implementing overdue status","messageBody":"","fileTypesAndContributionMap":{"functional-code":{"insertions":6,"deletions":5}}}]},{"date":"2023-03-23","commitResults":[{"hash":"7748437e44365e8da648bebc4e2d58595b65b1d8","isMergeCommit":false,"messageTitle":"Update DG","messageBody":"","fileTypesAndContributionMap":{"docs":{"insertions":14,"deletions":1}}},{"hash":"9ad34df9f7c93ea191f2b01b1ca93bd284a0d79c","isMergeCommit":false,"messageTitle":"Update implementation of overdue status","messageBody":"","fileTypesAndContributionMap":{"functional-code":{"insertions":1,"deletions":2}}}]},{"date":"2023-03-24","commitResults":[{"hash":"7ccf5b89a12bffe5086c1d695f88afe27529681a","isMergeCommit":true,"messageTitle":"Merge pull request #133 from zrei/implement-filter","messageBody":"Implement filtering for tags and timeframes","fileTypesAndContributionMap":{}},{"hash":"a32aef54b80462d948b6073838503460c25a4725","isMergeCommit":true,"messageTitle":"Merge pull request #146 from Johnchiahk/price-sort","messageBody":"Price sort","fileTypesAndContributionMap":{}}]},{"date":"2023-03-25","commitResults":[{"hash":"94a1841ad88130c6b826c56c4174d1069aebeb80","isMergeCommit":false,"messageTitle":"Implement ability to edit optional fields to be nullable (e.g. deadline/ makes deadline null)","messageBody":"","fileTypesAndContributionMap":{"functional-code":{"insertions":29,"deletions":12},"test-code":{"insertions":1,"deletions":1}}},{"hash":"29073d0e2ab1076dfa4b39a1e97dfae2ae864192","isMergeCommit":false,"messageTitle":"Implement ability to edit client optional fields to be nullable (e.g. email/ makes email null)","messageBody":"","fileTypesAndContributionMap":{"functional-code":{"insertions":35,"deletions":13},"test-code":{"insertions":4,"deletions":2}}}]},{"date":"2023-03-27","commitResults":[{"hash":"3e0f31994b44c5476649e3c897b66d8bebad6a2a","isMergeCommit":false,"messageTitle":"Fix errors for implementing ability to edit optional fields to be nullable (e.g. deadline/ makes deadline null)","messageBody":"","fileTypesAndContributionMap":{"test-code":{"insertions":20,"deletions":6}}},{"hash":"28a79a1363fff548bb6062eedeb9c307d68c4748","isMergeCommit":true,"messageTitle":"Merge pull request #152 from zrei/implement-linking","messageBody":"Allow added projects to be linked to clients","fileTypesAndContributionMap":{}},{"hash":"101ed5f0aa38e10dc7ad98accabcee87b5d57814","isMergeCommit":true,"messageTitle":"Merge pull request #164 from zrei/find-projects-by-linked-client","messageBody":"Find projects by linked client","fileTypesAndContributionMap":{}},{"hash":"5bd73f4e2a31ea52ee3d07227136a9e9da46c3fe","isMergeCommit":true,"messageTitle":"Merge pull request #167 from zrei/change-user-guide-link","messageBody":"Change user guide link","fileTypesAndContributionMap":{}}]},{"date":"2023-03-28","commitResults":[{"hash":"268ecd74904b52e4a82bc67d8f08c2a4d7fe8deb","isMergeCommit":false,"messageTitle":"Update UG","messageBody":"","fileTypesAndContributionMap":{"docs":{"insertions":58,"deletions":13}}}]}],"zrei":[{"date":"2023-02-19","commitResults":[{"hash":"e8544b1230612ebcacb3119e6e9866a24b85503e","isMergeCommit":false,"messageTitle":"Add individual skeletal PPP","messageBody":"","fileTypesAndContributionMap":{"docs":{"insertions":25,"deletions":0}}},{"hash":"9af04c9d86ae00a10a4a3b212e9f19027d407bfb","isMergeCommit":false,"messageTitle":"Update individual skeletal PPP","messageBody":"","fileTypesAndContributionMap":{"docs":{"insertions":22,"deletions":16}}},{"hash":"a56e67f5c4b681192125664b2fd6f9e6ef87e637","isMergeCommit":false,"messageTitle":"Update individual section of AboutUs.md","messageBody":"","fileTypesAndContributionMap":{"docs":{"insertions":6,"deletions":6}}},{"hash":"b8dff53632d002a7e8c0cf6fb7b033d9afffa7ae","isMergeCommit":false,"messageTitle":"Update User Guide","messageBody":"Add features add client, add project and list project.\n","fileTypesAndContributionMap":{"docs":{"insertions":24,"deletions":12}}},{"hash":"cbfb7a2fc03cc65b99a4c014d66604ec356f588f","isMergeCommit":false,"messageTitle":"Add user profile and value proposition to DG","messageBody":"","fileTypesAndContributionMap":{"docs":{"insertions":3,"deletions":2}}},{"hash":"869cbfd8f25dacaa84ccf41881dafa941dfa3e28","isMergeCommit":false,"messageTitle":"Add user stories to DG","messageBody":"","fileTypesAndContributionMap":{"docs":{"insertions":31,"deletions":6}}}]},{"date":"2023-02-26","commitResults":[{"hash":"36fbe6b029aa1e8603d602d7138b3272c2cc8ae2","isMergeCommit":true,"messageTitle":"Merge pull request #22 from mmaimer33/PPP","messageBody":"Add mmaimer33 skeleton PPP","fileTypesAndContributionMap":{}},{"hash":"fa629f8b1014862bec5b0ed8d427bcb37642cb9b","isMergeCommit":true,"messageTitle":"Merge pull request #30 from mmaimer33/update-README","messageBody":"Update README and Ui","fileTypesAndContributionMap":{}},{"hash":"6ed74ca38814d6d14833ba190d66d29784fdca96","isMergeCommit":true,"messageTitle":"Merge pull request #24 from mmaimer33/update-AboutUs","messageBody":"Update AboutUs for mmaimer33 and add image","fileTypesAndContributionMap":{}},{"hash":"5f55bfa384d52ce26f820bb9ac889f624fe392b9","isMergeCommit":true,"messageTitle":"Merge pull request #34 from mmaimer33/update-UG","messageBody":"Update UG","fileTypesAndContributionMap":{}},{"hash":"f10e69f4ea70674e1ed9dc06b1e7c45ab96fd972","isMergeCommit":false,"messageTitle":"Update command summary table in user guide","messageBody":"","fileTypesAndContributionMap":{"docs":{"insertions":11,"deletions":8}}},{"hash":"299df9ebd3368bd4d58ceedee2f93b29a3b4bd69","isMergeCommit":false,"messageTitle":"Rename packages","messageBody":"","fileTypesAndContributionMap":{"functional-code":{"insertions":145,"deletions":138},"other":{"insertions":809,"deletions":786},"test-code":{"insertions":283,"deletions":283}}},{"hash":"7f08bc8270eae6579f33b42227be04d70fa93bb2","isMergeCommit":false,"messageTitle":"Fix checkstyle issues","messageBody":"","fileTypesAndContributionMap":{"functional-code":{"insertions":43,"deletions":42},"test-code":{"insertions":60,"deletions":57}}},{"hash":"a5955e9513189c2e8d03c356d6723f06ef71a3f9","isMergeCommit":false,"messageTitle":"Fix failing tests","messageBody":"","fileTypesAndContributionMap":{"functional-code":{"insertions":6,"deletions":6},"test-code":{"insertions":2,"deletions":2}}},{"hash":"296f1660ce5a614f7ecb1db840415d24f1a03ebb","isMergeCommit":true,"messageTitle":"Merge pull request #55 from zrei/update-ug-command-summary-table","messageBody":"Update command summary table in user guide","fileTypesAndContributionMap":{}}]},{"date":"2023-02-28","commitResults":[{"hash":"d54ce936bc8f7907c2b42d74df43e8a685714f1b","isMergeCommit":false,"messageTitle":"Rename Person class to Client class","messageBody":"","fileTypesAndContributionMap":{"functional-code":{"insertions":417,"deletions":417},"other":{"insertions":204,"deletions":204},"test-code":{"insertions":617,"deletions":615}}},{"hash":"8ddf91c2b2dd04adff44605209eb4ba32e299489","isMergeCommit":false,"messageTitle":"Remove address field","messageBody":"","fileTypesAndContributionMap":{"functional-code":{"insertions":12,"deletions":141},"test-code":{"insertions":52,"deletions":214}}},{"hash":"81bde331e7c7c00a9036b96f613d9231a2472552","isMergeCommit":false,"messageTitle":"Fix checkstyle errors","messageBody":"","fileTypesAndContributionMap":{"functional-code":{"insertions":5,"deletions":5},"test-code":{"insertions":11,"deletions":11}}}]},{"date":"2023-03-02","commitResults":[{"hash":"cce886a3df4f2f27c50ba095f97d50f4db187ab4","isMergeCommit":true,"messageTitle":"Merge pull request #68 from Johnchiahk/About-Us","messageBody":"Update AboutUs.md and create johnchiahk.md","fileTypesAndContributionMap":{}},{"hash":"c39561361f9a1dab269cd50b9f19d8e528d42233","isMergeCommit":true,"messageTitle":"Merge pull request #69 from Johnchiahk/Update-Glossary","messageBody":"Update Developer Guide glossary","fileTypesAndContributionMap":{}},{"hash":"5b0bb8ae5cbd31aba3e149f4d2a7c93b50b2d64f","isMergeCommit":true,"messageTitle":"Merge pull request #70 from Johnchiahk/Update-User-Guide","messageBody":"Update user guide","fileTypesAndContributionMap":{}},{"hash":"8777b88b697660bd6b9694c6bcf31192f62e405a","isMergeCommit":true,"messageTitle":"Merge pull request #71 from Johnchiahk/Update-Site-Wide-Settings","messageBody":"Update Site Wide Settings","fileTypesAndContributionMap":{}},{"hash":"0a59f813076c27aef5ea8ee2370e4edd273cc77b","isMergeCommit":false,"messageTitle":"Finalise v1.1 user guide","messageBody":"","fileTypesAndContributionMap":{"docs":{"insertions":16,"deletions":53}}},{"hash":"5674742c2a41c78f0a3763d22679b7dddb7be75f","isMergeCommit":true,"messageTitle":"Merge pull request #72 from zrei/finalise-user-guide-v1","messageBody":"Finalise v1.1 user guide","fileTypesAndContributionMap":{}},{"hash":"d2a0ccc7d9fe9b6c39c04212023fab46fff45d36","isMergeCommit":false,"messageTitle":"Set up skeleton for swapping between different observable lists","messageBody":"Uses project stubs that can be removed upon merging in Project class.\n","fileTypesAndContributionMap":{"functional-code":{"insertions":225,"deletions":6}}}]},{"date":"2023-03-05","commitResults":[{"hash":"bda683590916477a1f562e48f98b17d720c8fd5e","isMergeCommit":true,"messageTitle":"Merge branch \u0027master\u0027 into project-panel-test","messageBody":"","fileTypesAndContributionMap":{}},{"hash":"c490d5d4307bf024e350bd9aceb0a9accff8ac39","isMergeCommit":false,"messageTitle":"Create UniqueProjectList.java","messageBody":"","fileTypesAndContributionMap":{"functional-code":{"insertions":330,"deletions":58}}}]},{"date":"2023-03-06","commitResults":[{"hash":"f2e5fd0a290b661a243e099673fe2c26cba6b069","isMergeCommit":false,"messageTitle":"Add JavaDoc comments","messageBody":"","fileTypesAndContributionMap":{"functional-code":{"insertions":84,"deletions":38}}}]},{"date":"2023-03-07","commitResults":[{"hash":"3180223865322d715bebb87505930750188c524c","isMergeCommit":true,"messageTitle":"Merge pull request #65 from mmaimer33/add-project-class","messageBody":"Add Project, Deadline, Title, Status classes + tests","fileTypesAndContributionMap":{}},{"hash":"7cc8945d4ae11184302cb3d1baf35bce5bd67e76","isMergeCommit":false,"messageTitle":"Make phone and email fields optional for Person","messageBody":"JavaDocs and tests haven\u0027t been updated yet.\n","fileTypesAndContributionMap":{"functional-code":{"insertions":88,"deletions":36}}},{"hash":"715c8d198aaaa17a86832c6795307331ef832f5f","isMergeCommit":true,"messageTitle":"Merge branch \u0027master\u0027 into project-panel-test","messageBody":"","fileTypesAndContributionMap":{}},{"hash":"6031f7a192ddc6844ffe719cfbb5ec899698aae9","isMergeCommit":false,"messageTitle":"Integrate Project class","messageBody":"","fileTypesAndContributionMap":{"functional-code":{"insertions":125,"deletions":81}}},{"hash":"f46a7a6fe648a7f39fb7e043a6dd473ad5f98c60","isMergeCommit":false,"messageTitle":"Update tests","messageBody":"","fileTypesAndContributionMap":{"functional-code":{"insertions":8,"deletions":8},"test-code":{"insertions":502,"deletions":63}}}]},{"date":"2023-03-08","commitResults":[{"hash":"0e25c0034432da852f8ba4ce3e178022f4385a97","isMergeCommit":false,"messageTitle":"Fix style issues","messageBody":"","fileTypesAndContributionMap":{"functional-code":{"insertions":55,"deletions":50},"test-code":{"insertions":119,"deletions":77}}},{"hash":"0d7fbe6d247ebed0463a12ba883aaffb2064b982","isMergeCommit":false,"messageTitle":"Update tests","messageBody":"","fileTypesAndContributionMap":{"functional-code":{"insertions":4,"deletions":5},"test-code":{"insertions":38,"deletions":16}}},{"hash":"cdbd4d7e99fd3384e7895888303ab1f3da84bc07","isMergeCommit":false,"messageTitle":"Fix checkstyle","messageBody":"","fileTypesAndContributionMap":{"functional-code":{"insertions":5,"deletions":5}}},{"hash":"069f4ba7e912f95709ddaea711b2ae7a6e238af9","isMergeCommit":true,"messageTitle":"Merge pull request #81 from verydaftpunk/CLI-Syntax","messageBody":"Update CLISyntax class to use agreed upon prefixes","fileTypesAndContributionMap":{}},{"hash":"f86af5dd90ecb93d2af768261cc469ec62555275","isMergeCommit":false,"messageTitle":"Update tests","messageBody":"","fileTypesAndContributionMap":{"functional-code":{"insertions":7,"deletions":9},"test-code":{"insertions":0,"deletions":16}}},{"hash":"5318011fb0d9e18f60f80f5d79fc1f4465a728b2","isMergeCommit":false,"messageTitle":"Implement draft of add client feature","messageBody":"","fileTypesAndContributionMap":{"functional-code":{"insertions":2,"deletions":2},"test-code":{"insertions":10,"deletions":8}}},{"hash":"629c28913d28309e2cde57de1c5e3159656c7a4e","isMergeCommit":false,"messageTitle":"Implement add project feature","messageBody":"Waiting on new changes to be merged into master.\n","fileTypesAndContributionMap":{"functional-code":{"insertions":146,"deletions":0},"test-code":{"insertions":327,"deletions":0}}},{"hash":"476c15e391448574a49371a66439943164a8ac0d","isMergeCommit":false,"messageTitle":"Update tests","messageBody":"","fileTypesAndContributionMap":{"test-code":{"insertions":1,"deletions":0}}},{"hash":"5058112f4b2b4895741a7ea496772dc80aed3cb2","isMergeCommit":true,"messageTitle":"Merge pull request #75 from zrei/project-panel-test","messageBody":"Project Panel UI and Project List","fileTypesAndContributionMap":{}},{"hash":"5fda094c90536c84d98c5f0026db1dd20dc1550f","isMergeCommit":true,"messageTitle":"Merge branch \u0027master\u0027 into implement-add-project-feature","messageBody":"","fileTypesAndContributionMap":{}},{"hash":"c36bab38e421ac4144f0b3839656d60909a9e0e3","isMergeCommit":false,"messageTitle":"Update tests","messageBody":"Due to validation of deadlines not being implemented yet,\nthe invalid deadline tests are commented out.\n","fileTypesAndContributionMap":{"functional-code":{"insertions":16,"deletions":4},"test-code":{"insertions":72,"deletions":22}}},{"hash":"a0a27c58c5ae9d61297c3fc9efa202a55acd6e26","isMergeCommit":false,"messageTitle":"Update style","messageBody":"","fileTypesAndContributionMap":{"test-code":{"insertions":1,"deletions":2}}},{"hash":"7c5f56cb6150155225f774162d9644afe470c584","isMergeCommit":true,"messageTitle":"Merge pull request #83 from zrei/implement-add-project-feature","messageBody":"Implement add project feature","fileTypesAndContributionMap":{}},{"hash":"84007ed5183995eaa57d6ebb5155f3daea27e2c0","isMergeCommit":true,"messageTitle":"Merge branch \u0027master\u0027 into implement-add-client-feature","messageBody":"","fileTypesAndContributionMap":{}},{"hash":"89f4dc7848ed6d69daace67de16ec2e52dea0235","isMergeCommit":false,"messageTitle":"Update tests","messageBody":"","fileTypesAndContributionMap":{"test-code":{"insertions":18,"deletions":6}}}]},{"date":"2023-03-09","commitResults":[{"hash":"64c03590338bc0eb095403b0768ce60846398832","isMergeCommit":false,"messageTitle":"Add validation for dates","messageBody":"","fileTypesAndContributionMap":{"functional-code":{"insertions":32,"deletions":12},"other":{"insertions":2,"deletions":0},"test-code":{"insertions":32,"deletions":14}}},{"hash":"22999259473923993e450c68483456982b923984","isMergeCommit":false,"messageTitle":"Update documentation","messageBody":"","fileTypesAndContributionMap":{"functional-code":{"insertions":5,"deletions":3},"docs":{"insertions":1,"deletions":0}}},{"hash":"4aa9094f387a1b7463e6b4a598db0c3413ff5dd6","isMergeCommit":false,"messageTitle":"Implement sorting of client and project list","messageBody":"Checkstyle and tests not done. List will reset with a list command or\nadd command.\n","fileTypesAndContributionMap":{"functional-code":{"insertions":287,"deletions":15}}}]},{"date":"2023-03-10","commitResults":[{"hash":"f7a52fd7456c9d0b14ae7465104104f728b94601","isMergeCommit":true,"messageTitle":"Merge pull request #88 from Johnchiahk/mark-project-command","messageBody":"Mark project command","fileTypesAndContributionMap":{}}]},{"date":"2023-03-12","commitResults":[{"hash":"9583a729da303b0c474e9c03f9d3ca081211141e","isMergeCommit":true,"messageTitle":"Merge pull request #90 from verydaftpunk/Edit-Client-And-Project","messageBody":"Implement Edit Client and Edit Command features","fileTypesAndContributionMap":{}},{"hash":"9fa2cab81acb3e4f419e3abc58bfa885816e8914","isMergeCommit":false,"messageTitle":"Implement clear client command","messageBody":"","fileTypesAndContributionMap":{"functional-code":{"insertions":30,"deletions":29}}},{"hash":"df7b70c1827473faab87bd2aaa2dd59f5dbfc736","isMergeCommit":false,"messageTitle":"Fix checkstyle and update tests","messageBody":"","fileTypesAndContributionMap":{"functional-code":{"insertions":2,"deletions":2},"test-code":{"insertions":21,"deletions":13}}},{"hash":"0b6669374eabec8ce6aa13139273bf4a9eab12e6","isMergeCommit":false,"messageTitle":"Implement clear project feature","messageBody":"","fileTypesAndContributionMap":{"functional-code":{"insertions":43,"deletions":1},"test-code":{"insertions":52,"deletions":0}}},{"hash":"2941c5eb127c5c79b2b4291aa184c7a1a07b0566","isMergeCommit":false,"messageTitle":"Update comments","messageBody":"","fileTypesAndContributionMap":{"functional-code":{"insertions":2,"deletions":2},"test-code":{"insertions":1,"deletions":1}}}]},{"date":"2023-03-13","commitResults":[{"hash":"9f8adadb27580b31c65d618f39bf1e8a56053fae","isMergeCommit":false,"messageTitle":"Update address book parser","messageBody":"","fileTypesAndContributionMap":{"functional-code":{"insertions":5,"deletions":1},"test-code":{"insertions":3,"deletions":3}}},{"hash":"5f8897dada6e561ba05eba9caeb51b78cdef1f18","isMergeCommit":true,"messageTitle":"Merge branch \u0027master\u0027 into attempt-sorting","messageBody":"","fileTypesAndContributionMap":{}},{"hash":"01b337d3f943775bc0ccb592a0ba0990e7c2bf41","isMergeCommit":false,"messageTitle":"Update tests","messageBody":"","fileTypesAndContributionMap":{"functional-code":{"insertions":16,"deletions":3},"test-code":{"insertions":124,"deletions":3}}},{"hash":"5fe3067d70bd4cca88f75b528a0722f83ccf6e52","isMergeCommit":true,"messageTitle":"Merge branch \u0027master\u0027 into attempt-sorting","messageBody":"","fileTypesAndContributionMap":{}},{"hash":"e99348f9c25222d5fcb7f925ecd3e3fcd9c6b404","isMergeCommit":true,"messageTitle":"Merge pull request #101 from verydaftpunk/Edit-Client-And-Project","messageBody":"Add messages to throw for duplicate client/project when editing clien…","fileTypesAndContributionMap":{}},{"hash":"8f2959237b01b4c96365d3e2eb4f25ba84d0dc62","isMergeCommit":false,"messageTitle":"Fix checkstyle and tests","messageBody":"","fileTypesAndContributionMap":{"functional-code":{"insertions":102,"deletions":70},"test-code":{"insertions":223,"deletions":58}}},{"hash":"7b20686383f2a5cf1c4132774575443198bacc3d","isMergeCommit":true,"messageTitle":"Merge pull request #97 from zrei/implement-clear-client","messageBody":"Implement clear client command","fileTypesAndContributionMap":{}},{"hash":"90d154e9c43a011764f4008800299c865f614986","isMergeCommit":false,"messageTitle":"Implement find client and implement list client","messageBody":"","fileTypesAndContributionMap":{"functional-code":{"insertions":2,"deletions":3},"test-code":{"insertions":6,"deletions":0}}},{"hash":"ddc5b8eba6c20dcc9d9d5161f85482ec89ce2f27","isMergeCommit":false,"messageTitle":"Implement list project and find project feature","messageBody":"","fileTypesAndContributionMap":{"functional-code":{"insertions":155,"deletions":0},"test-code":{"insertions":494,"deletions":62}}},{"hash":"0b73a668ada8cfebd00b0216aba1efd26386a386","isMergeCommit":false,"messageTitle":"Update tests","messageBody":"","fileTypesAndContributionMap":{"functional-code":{"insertions":3,"deletions":1},"test-code":{"insertions":43,"deletions":4}}},{"hash":"9b441823c89f2a03c0f07c73e4994fc8a95bc539","isMergeCommit":true,"messageTitle":"Merge branch \u0027master\u0027 into attempt-sorting","messageBody":"","fileTypesAndContributionMap":{}},{"hash":"0934cee255ccffac84ce596f509a286154b6d94e","isMergeCommit":false,"messageTitle":"Update tests","messageBody":"","fileTypesAndContributionMap":{"test-code":{"insertions":46,"deletions":0}}},{"hash":"c333c1cfde57b1e7ad55e0b00e7a17b368fca37b","isMergeCommit":true,"messageTitle":"Merge branch \u0027master\u0027 into implement-clear-project","messageBody":"","fileTypesAndContributionMap":{}},{"hash":"7ef773b26705e2635000a4a5c652f16aee74549f","isMergeCommit":false,"messageTitle":"Fix checkstyle issues","messageBody":"","fileTypesAndContributionMap":{"functional-code":{"insertions":1,"deletions":1}}},{"hash":"b81ede859c43c7f8db6b3d089af66c5374a463df","isMergeCommit":true,"messageTitle":"Merge branch \u0027master\u0027 into attempt-sorting","messageBody":"","fileTypesAndContributionMap":{}},{"hash":"e657e0bf58e52b5e3d4bd2ee3cfaa1e2cffdf97e","isMergeCommit":true,"messageTitle":"Merge branch \u0027master\u0027 into implement-find-client","messageBody":"","fileTypesAndContributionMap":{}},{"hash":"08f0ccee19cd863d282c7ddc4d6ee8ff797d581b","isMergeCommit":true,"messageTitle":"Merge branch \u0027master\u0027 into list-project-feature","messageBody":"","fileTypesAndContributionMap":{}},{"hash":"993f68f9da8755a5cef76e0afc4d55ac6cd3127a","isMergeCommit":false,"messageTitle":"Update tests","messageBody":"","fileTypesAndContributionMap":{"functional-code":{"insertions":0,"deletions":1},"test-code":{"insertions":58,"deletions":25}}},{"hash":"9ec808f3192d17d06781e4cbc132af04fce7763c","isMergeCommit":false,"messageTitle":"Separate test cases","messageBody":"","fileTypesAndContributionMap":{"test-code":{"insertions":5,"deletions":1}}},{"hash":"391cea3f342b8c6050324db4e8e389e77cf6eaad","isMergeCommit":false,"messageTitle":"Update tests","messageBody":"","fileTypesAndContributionMap":{"test-code":{"insertions":8,"deletions":0}}},{"hash":"0c20a583783dfecc838d09062b5249d1713ffc18","isMergeCommit":true,"messageTitle":"Merge pull request #108 from Johnchiahk/mark-project-command-test","messageBody":"Mark project command test","fileTypesAndContributionMap":{}},{"hash":"873a0859e554f2ef799722b423bfa68760b038d9","isMergeCommit":true,"messageTitle":"Merge branch \u0027master\u0027 into list-project-feature","messageBody":"","fileTypesAndContributionMap":{}},{"hash":"73d1705bc291997cc9b85a72bf40f512592f6c51","isMergeCommit":false,"messageTitle":"Update tests","messageBody":"","fileTypesAndContributionMap":{"test-code":{"insertions":21,"deletions":7}}}]},{"date":"2023-03-14","commitResults":[{"hash":"d219131130514fbadaf49a18480caf4d6d5d986b","isMergeCommit":true,"messageTitle":"Merge pull request #105 from zrei/implement-find-client","messageBody":"Implement find client and list client","fileTypesAndContributionMap":{}},{"hash":"8301719b24fd9147c729e597ab4a211a17e26bd5","isMergeCommit":true,"messageTitle":"Merge pull request #109 from verydaftpunk/Test-For-Edit-Project-Command","messageBody":"Test for edit project command","fileTypesAndContributionMap":{}},{"hash":"139d16752165a89973e91cc22e545388515f39ad","isMergeCommit":true,"messageTitle":"Merge branch \u0027master\u0027 into attempt-sorting","messageBody":"","fileTypesAndContributionMap":{}},{"hash":"a094ea3298c095d4645ba6bff55cbf6c2ffdd99b","isMergeCommit":true,"messageTitle":"Merge branch \u0027master\u0027 into attempt-sorting","messageBody":"","fileTypesAndContributionMap":{}},{"hash":"a936d6e1da178aaeb9f404b89b04b4b94305867c","isMergeCommit":true,"messageTitle":"Merge branch \u0027master\u0027 into list-project-feature","messageBody":"","fileTypesAndContributionMap":{}},{"hash":"f3bf669395b71b1f04f3d7f698d7ba3253e6d466","isMergeCommit":false,"messageTitle":"Fix merge errors","messageBody":"","fileTypesAndContributionMap":{"functional-code":{"insertions":1,"deletions":1}}},{"hash":"b1a1ebe48ea1e16a084108a1f6581ebd42a17956","isMergeCommit":true,"messageTitle":"Merge pull request #106 from mmaimer33/delete-project-feature","messageBody":"Delete project feature","fileTypesAndContributionMap":{}},{"hash":"a2529c994650fce5b37315b84a732bc77337b669","isMergeCommit":true,"messageTitle":"Merge pull request #102 from mmaimer33/delete-client-feature","messageBody":"Implement delete-client command","fileTypesAndContributionMap":{}},{"hash":"31517be0df0aa89c4d15a7930df6c59dee558a36","isMergeCommit":true,"messageTitle":"Merge branch \u0027master\u0027 into list-project-feature","messageBody":"","fileTypesAndContributionMap":{}},{"hash":"9566fd70438419fc575ad0ccd029b37792aa0517","isMergeCommit":false,"messageTitle":"Use sorted list","messageBody":"","fileTypesAndContributionMap":{"functional-code":{"insertions":2,"deletions":2}}},{"hash":"12813c25f0a5e685723a549fca091d712dfd3ceb","isMergeCommit":false,"messageTitle":"Delete dummy.md","messageBody":"","fileTypesAndContributionMap":{"docs":{"insertions":0,"deletions":1}}},{"hash":"b0dc3356100d7c73c4b6a75daa3b0b3cdfd8eef0","isMergeCommit":true,"messageTitle":"Merge pull request #110 from Johnchiahk/unmark-project-command","messageBody":"Unmark project command","fileTypesAndContributionMap":{}},{"hash":"0b95353b63a76487b5aec9a82dc0603066fba810","isMergeCommit":true,"messageTitle":"Merge branch \u0027master\u0027 into list-project-feature","messageBody":"","fileTypesAndContributionMap":{}},{"hash":"8f3cf4fe697a89f645b99435c0cb159a18188d5c","isMergeCommit":false,"messageTitle":"Update tests","messageBody":"","fileTypesAndContributionMap":{"test-code":{"insertions":15,"deletions":0}}},{"hash":"b740905b29fff437a16742d85909a525c418d080","isMergeCommit":false,"messageTitle":"Update tests","messageBody":"","fileTypesAndContributionMap":{"functional-code":{"insertions":2,"deletions":1},"test-code":{"insertions":66,"deletions":0}}},{"hash":"5781e35174e0edcd3a21abd7da938d1252b5b912","isMergeCommit":false,"messageTitle":"Update tests","messageBody":"","fileTypesAndContributionMap":{"functional-code":{"insertions":1,"deletions":0},"test-code":{"insertions":5,"deletions":0}}}]},{"date":"2023-03-19","commitResults":[{"hash":"10a9b4072dd1f105970e3e2dec682a58cf242208","isMergeCommit":false,"messageTitle":"Enable assertions","messageBody":"","fileTypesAndContributionMap":{"other":{"insertions":4,"deletions":0}}}]},{"date":"2023-03-20","commitResults":[{"hash":"b07a1c74db22b72b5666c3db9d17eab60cd0a97e","isMergeCommit":false,"messageTitle":"Implement aliases for commands","messageBody":"","fileTypesAndContributionMap":{"functional-code":{"insertions":235,"deletions":85}}},{"hash":"5823f7ae16c93eb0cbf6bac88ccb24cbc172a0a0","isMergeCommit":false,"messageTitle":"Implement aliases for flags","messageBody":"","fileTypesAndContributionMap":{"functional-code":{"insertions":63,"deletions":55}}},{"hash":"04615a61e7a28a11b2b9b85924e29f6bc1f66812","isMergeCommit":false,"messageTitle":"Implement aliases for sorting options","messageBody":"","fileTypesAndContributionMap":{"functional-code":{"insertions":14,"deletions":7}}},{"hash":"ad31f53e9b82f333697f3b2b7cfe75a01b6ece15","isMergeCommit":false,"messageTitle":"Fix checkstyle main issues","messageBody":"","fileTypesAndContributionMap":{"functional-code":{"insertions":83,"deletions":58}}},{"hash":"4211dcdb4111b37acb8cd692ebf864827382188d","isMergeCommit":false,"messageTitle":"Update tests","messageBody":"","fileTypesAndContributionMap":{"functional-code":{"insertions":103,"deletions":0},"test-code":{"insertions":312,"deletions":88}}},{"hash":"528538e3e661265574c362fde6d89e69434eb65d","isMergeCommit":false,"messageTitle":"Fix checkstyle on tests","messageBody":"","fileTypesAndContributionMap":{"test-code":{"insertions":27,"deletions":28}}},{"hash":"1bb15b31fe22cb1b482ba8353850abde478e77f0","isMergeCommit":false,"messageTitle":"Insert assertion","messageBody":"","fileTypesAndContributionMap":{"functional-code":{"insertions":1,"deletions":0},"test-code":{"insertions":2,"deletions":2}}},{"hash":"19c27f4aa11ad86a65404e35293d31832c958c6f","isMergeCommit":true,"messageTitle":"Merge pull request #111 from Johnchiahk/mark-project-command-test-v1.2","messageBody":"Mark project command test v1.2","fileTypesAndContributionMap":{}},{"hash":"b7523658f4cf464bf10fc9a2d6075ba16553d1b7","isMergeCommit":false,"messageTitle":"Implement skeletal tag list","messageBody":"","fileTypesAndContributionMap":{"functional-code":{"insertions":428,"deletions":22},"other":{"insertions":12,"deletions":8},"test-code":{"insertions":23,"deletions":3}}},{"hash":"5a49c381c3525207557b957148b762b5f412507e","isMergeCommit":false,"messageTitle":"Implement tagging for projects","messageBody":"","fileTypesAndContributionMap":{"functional-code":{"insertions":587,"deletions":247},"other":{"insertions":17,"deletions":17},"test-code":{"insertions":186,"deletions":11}}},{"hash":"5f1bea44b726b1da82cb90ad48cde9855a390688","isMergeCommit":true,"messageTitle":"Merge branch \u0027master\u0027 into implement-tagging","messageBody":"","fileTypesAndContributionMap":{}}]},{"date":"2023-03-21","commitResults":[{"hash":"09c6220707bb99b103c11432c3acdf408294e1f5","isMergeCommit":true,"messageTitle":"Merge pull request #128 from Johnchiahk/Save-Project-List-To-Hard-Disk","messageBody":"Save project list to hard disk","fileTypesAndContributionMap":{}},{"hash":"6ef3fe9189c364ed4fdb192279f5dbd710defab3","isMergeCommit":false,"messageTitle":"Update tests","messageBody":"","fileTypesAndContributionMap":{"functional-code":{"insertions":62,"deletions":12},"test-code":{"insertions":479,"deletions":28}}},{"hash":"c6877b440735183742dd78f0f8819918608ecedd","isMergeCommit":true,"messageTitle":"Merge branch \u0027master\u0027 into implement-tagging","messageBody":"","fileTypesAndContributionMap":{}},{"hash":"a689c6dbfe20caa77a410e51d27f9fded74fd3cd","isMergeCommit":false,"messageTitle":"Add project tags to storage","messageBody":"","fileTypesAndContributionMap":{"functional-code":{"insertions":30,"deletions":8},"test-code":{"insertions":37,"deletions":8}}},{"hash":"8574319777de41228449222d40cb23e67aa1d078","isMergeCommit":true,"messageTitle":"Merge branch \u0027master\u0027 into implement-tagging","messageBody":"","fileTypesAndContributionMap":{}},{"hash":"ba000eed3ab4492942b572fa8af05e0eab26b605","isMergeCommit":false,"messageTitle":"Fix list tag command","messageBody":"","fileTypesAndContributionMap":{"functional-code":{"insertions":18,"deletions":1}}},{"hash":"950e146c45e772760202b3ad468c21ec89593855","isMergeCommit":false,"messageTitle":"Fix test compilation errors","messageBody":"","fileTypesAndContributionMap":{"functional-code":{"insertions":2,"deletions":2},"test-code":{"insertions":5,"deletions":3}}},{"hash":"7a06cb9d61c37927e93ff6841fb5c2b1fa4b7abf","isMergeCommit":false,"messageTitle":"Update tests","messageBody":"","fileTypesAndContributionMap":{"functional-code":{"insertions":42,"deletions":15},"test-code":{"insertions":90,"deletions":41}}}]},{"date":"2023-03-22","commitResults":[{"hash":"b85e07aac93fb1f2f44c805df2cbfebc2bd153c1","isMergeCommit":false,"messageTitle":"Update LogicManager tests","messageBody":"","fileTypesAndContributionMap":{"test-code":{"insertions":5,"deletions":0}}},{"hash":"680ad3ac21bfa368c2c8201ebcf08b0d9c2f5a74","isMergeCommit":false,"messageTitle":"Implement finding by different parameters","messageBody":"","fileTypesAndContributionMap":{"functional-code":{"insertions":221,"deletions":31}}},{"hash":"3c4e34e4779639156f13ee55fd6e6459b628dda7","isMergeCommit":false,"messageTitle":"Update tests","messageBody":"","fileTypesAndContributionMap":{"functional-code":{"insertions":69,"deletions":22},"test-code":{"insertions":387,"deletions":35}}},{"hash":"9eb2bf114f9cb73242dd442171793340cedfe022","isMergeCommit":false,"messageTitle":"Update sort feature on developer guide","messageBody":"","fileTypesAndContributionMap":{"docs":{"insertions":13,"deletions":1}}},{"hash":"380a8b4bab30431586a75a54940d6cf91f52fee8","isMergeCommit":true,"messageTitle":"Merge pull request #135 from zrei/update-dg-feature","messageBody":"Update sort feature on developer guide","fileTypesAndContributionMap":{}}]},{"date":"2023-03-23","commitResults":[{"hash":"5b2bd33b8bd3e837ef0ec6224a748cc5527048ab","isMergeCommit":true,"messageTitle":"Merge pull request #137 from verydaftpunk/Update-DG","messageBody":"Update dg","fileTypesAndContributionMap":{}},{"hash":"1bd6616eef40c63b1d8ee691c92cf04d3c699a36","isMergeCommit":true,"messageTitle":"Merge pull request #138 from verydaftpunk/Overdue-Status","messageBody":"Update implementation of overdue status","fileTypesAndContributionMap":{}},{"hash":"5612bac45da38816daeb156a89387a7487b6e632","isMergeCommit":true,"messageTitle":"Merge pull request #132 from Johnchiahk/create-money","messageBody":"Create money","fileTypesAndContributionMap":{}},{"hash":"e7ca4bc8131abcf492cd5e753a8ecaa31886b9d8","isMergeCommit":true,"messageTitle":"Merge branch \u0027master\u0027 into implement-tagging","messageBody":"","fileTypesAndContributionMap":{}},{"hash":"5a7f7a6839c23245aefc4bb6c7380a6bcf3b37ab","isMergeCommit":false,"messageTitle":"Fix tests","messageBody":"","fileTypesAndContributionMap":{"functional-code":{"insertions":6,"deletions":2},"test-code":{"insertions":226,"deletions":57}}},{"hash":"0fc759438deff8fddfe49346cdff7c683cafa2cc","isMergeCommit":true,"messageTitle":"Merge pull request #139 from Johnchiahk/DG-John","messageBody":"Dg john","fileTypesAndContributionMap":{}},{"hash":"23fdc11e6a275964f5d99d9c015929e99a311db7","isMergeCommit":true,"messageTitle":"Merge branch \u0027master\u0027 into implement-filter","messageBody":"","fileTypesAndContributionMap":{}},{"hash":"01f06d7acca41dbea5be3f14408d436a5902c019","isMergeCommit":false,"messageTitle":"Add hash code for predicates","messageBody":"","fileTypesAndContributionMap":{"functional-code":{"insertions":26,"deletions":0},"test-code":{"insertions":87,"deletions":27}}},{"hash":"cce8999091096e635870697e1b2515a2e0aef6cb","isMergeCommit":false,"messageTitle":"Update version number","messageBody":"","fileTypesAndContributionMap":{"functional-code":{"insertions":1,"deletions":1}}},{"hash":"148d27a21a7cb2af4544fbfa3a1b8df0bc2a019e","isMergeCommit":true,"messageTitle":"Merge pull request #142 from zrei/change-version-number","messageBody":"Update version number","fileTypesAndContributionMap":{}},{"hash":"d50a6a146963f33c6061dc70623232baef661daa","isMergeCommit":false,"messageTitle":"Update default addressbook","messageBody":"","fileTypesAndContributionMap":{"functional-code":{"insertions":17,"deletions":0}}},{"hash":"a93f9cb7314bbd4902607596972423b42b00d546","isMergeCommit":true,"messageTitle":"Merge pull request #144 from zrei/update-default-addressbook","messageBody":"Update default addressbook","fileTypesAndContributionMap":{}},{"hash":"7ffa04ae5f27bb39688a185b77d60a41bb509cb7","isMergeCommit":true,"messageTitle":"Merge branch \u0027master\u0027 into implement-filter","messageBody":"","fileTypesAndContributionMap":{}}]},{"date":"2023-03-24","commitResults":[{"hash":"92c0f6902c55d114ea97ef4e5b952db559328a17","isMergeCommit":false,"messageTitle":"Fix tests","messageBody":"","fileTypesAndContributionMap":{"functional-code":{"insertions":21,"deletions":20},"other":{"insertions":20,"deletions":19},"test-code":{"insertions":31,"deletions":16}}}]},{"date":"2023-03-25","commitResults":[{"hash":"1935ef6e2bdca4f8382fb8d35de93e494bb444f6","isMergeCommit":true,"messageTitle":"Merge pull request #148 from Johnchiahk/remove-assert-false","messageBody":"Remove assert false","fileTypesAndContributionMap":{}},{"hash":"496f5980b91b1db6d11a89a21a192bca5ca67c08","isMergeCommit":false,"messageTitle":"Allow added projects to be linked to clients","messageBody":"","fileTypesAndContributionMap":{"functional-code":{"insertions":264,"deletions":14}}}]},{"date":"2023-03-26","commitResults":[{"hash":"623405aea6c79725ffe8056fac4ada0508835d21","isMergeCommit":false,"messageTitle":"Implement linking support for all other commands","messageBody":"","fileTypesAndContributionMap":{"functional-code":{"insertions":219,"deletions":20},"other":{"insertions":1,"deletions":1}}},{"hash":"06d28bf35f0120019013a130153490262e9d8823","isMergeCommit":false,"messageTitle":"Clean up code","messageBody":"","fileTypesAndContributionMap":{"functional-code":{"insertions":255,"deletions":118}}},{"hash":"9de3295e62a5e7a1df574680e2fd78e3f42f916e","isMergeCommit":true,"messageTitle":"Merge pull request #153 from mmaimer33/update-UG","messageBody":"Update Ui image in UG","fileTypesAndContributionMap":{}},{"hash":"a919854b1364d70be02c6af88f7352c2fa1b07e2","isMergeCommit":false,"messageTitle":"Fix tests","messageBody":"","fileTypesAndContributionMap":{"test-code":{"insertions":115,"deletions":54}}},{"hash":"79f95614b56c3186f5fbaf7fe9c7da0d9aa70e1c","isMergeCommit":false,"messageTitle":"Update ug","messageBody":"","fileTypesAndContributionMap":{"docs":{"insertions":50,"deletions":13}}}]},{"date":"2023-03-27","commitResults":[{"hash":"c0920abc050aad9524eeda5ed4a78e655e8cc2a1","isMergeCommit":true,"messageTitle":"Merge pull request #150 from verydaftpunk/Nullable-Optional-Fields","messageBody":"Implement ability to edit optional fields to be nullable (e.g. deadline/ makes deadline null)","fileTypesAndContributionMap":{}},{"hash":"afc0972d60dd6530e7ee29841694e80a7687612f","isMergeCommit":true,"messageTitle":"Merge branch \u0027master\u0027 into implement-linking","messageBody":"","fileTypesAndContributionMap":{}},{"hash":"3e0765795d20ef21d0758750c672ffe21f00963d","isMergeCommit":false,"messageTitle":"Implement unlinking clients","messageBody":"","fileTypesAndContributionMap":{"functional-code":{"insertions":57,"deletions":26},"test-code":{"insertions":10,"deletions":14}}},{"hash":"d516395d90ba4ae4680653beec136552a47c5532","isMergeCommit":false,"messageTitle":"Find projects by linked client","messageBody":"","fileTypesAndContributionMap":{"functional-code":{"insertions":65,"deletions":13},"other":{"insertions":20,"deletions":13},"test-code":{"insertions":17,"deletions":17}}},{"hash":"2bf15e61cdf3cd8be8dd7f5984b96b39059f72ef","isMergeCommit":true,"messageTitle":"Merge pull request #163 from Johnchiahk/user-guide-v2.0","messageBody":"User guide v2.0","fileTypesAndContributionMap":{}},{"hash":"c7716a5428c5fee81c3ee7f78f17a855499555be","isMergeCommit":false,"messageTitle":"Change user guide link","messageBody":"","fileTypesAndContributionMap":{"functional-code":{"insertions":1,"deletions":1}}},{"hash":"9348619b50d4d55ba6de4b8c1e303c73d2de25e3","isMergeCommit":false,"messageTitle":"Update tests","messageBody":"","fileTypesAndContributionMap":{"functional-code":{"insertions":8,"deletions":12},"test-code":{"insertions":257,"deletions":5}}}]},{"date":"2023-03-28","commitResults":[{"hash":"9f629726b797bc2b63450dc10b260ac159cc1f9b","isMergeCommit":false,"messageTitle":"Update tests","messageBody":"","fileTypesAndContributionMap":{"functional-code":{"insertions":1,"deletions":1},"test-code":{"insertions":215,"deletions":11}}},{"hash":"0bc9f6f0d74921e8c19bd7712b8c7a79357de237","isMergeCommit":false,"messageTitle":"Update tests","messageBody":"","fileTypesAndContributionMap":{"functional-code":{"insertions":5,"deletions":12},"test-code":{"insertions":312,"deletions":63}}},{"hash":"cb0bfe5fcb1669672649381619550c21cc29e580","isMergeCommit":true,"messageTitle":"Merge pull request #169 from mmaimer33/filter-by-status","messageBody":"Implement filtering Projects by Status","fileTypesAndContributionMap":{}}]},{"date":"2023-03-29","commitResults":[{"hash":"589ad92b418e75ece09b898af82e5ac1c875f142","isMergeCommit":true,"messageTitle":"Merge pull request #173 from mmaimer33/update-UG","messageBody":"Update commands in UG","fileTypesAndContributionMap":{}},{"hash":"4765f2d76f79e112f0f6c57ccd841291d2056283","isMergeCommit":true,"messageTitle":"Merge pull request #171 from mmaimer33/Ui-improvements","messageBody":"Update OVERDUE display in Ui","fileTypesAndContributionMap":{}},{"hash":"4b10a89f3d7be9f7284ed120774c666cf164f685","isMergeCommit":true,"messageTitle":"Merge pull request #172 from Johnchiahk/info-on-projectList","messageBody":"Info on project list","fileTypesAndContributionMap":{}},{"hash":"24d0bf841b18706114386cc4a0052e9e30e7fa6a","isMergeCommit":false,"messageTitle":"Update UG","messageBody":"","fileTypesAndContributionMap":{"functional-code":{"insertions":1,"deletions":1},"docs":{"insertions":175,"deletions":162},"test-code":{"insertions":2,"deletions":2}}},{"hash":"14edcca8bc5f9ed988bbdd649073761b6655ba81","isMergeCommit":true,"messageTitle":"Merge pull request #174 from zrei/finalise-ug-v1.3","messageBody":"Update UG","fileTypesAndContributionMap":{}},{"hash":"5ca38973f46e1d06564d34c3b0b398b964e5ad12","isMergeCommit":false,"messageTitle":"Update command summary table","messageBody":"","fileTypesAndContributionMap":{"docs":{"insertions":14,"deletions":12}}},{"hash":"02a0d1cd37fb6d17567190db4d9e255597c11f26","isMergeCommit":true,"messageTitle":"Merge pull request #175 from zrei/finalise-ug-v1.3","messageBody":"Update command summary table","tags":["v1.3"],"fileTypesAndContributionMap":{}}]},{"date":"2023-03-30","commitResults":[{"hash":"2877dbc81c04a8e4368e85c5c3bd6b85cf2230de","isMergeCommit":false,"messageTitle":"Add startup message","messageBody":"","fileTypesAndContributionMap":{"functional-code":{"insertions":33,"deletions":4}}},{"hash":"8b488024ef64d2d22d4377e5142fa618149a8b43","isMergeCommit":false,"messageTitle":"Update documentation","messageBody":"","fileTypesAndContributionMap":{"functional-code":{"insertions":8,"deletions":1}}},{"hash":"899421b58208b05f4acfff4ecdab5cfe75b0ef24","isMergeCommit":true,"messageTitle":"Merge pull request #185 from zrei/final-push","messageBody":"Add startup message","fileTypesAndContributionMap":{}},{"hash":"e4b9cb38862dc1ba34878b8d873b273d838b39f7","isMergeCommit":false,"messageTitle":"List parameters used for find commands","messageBody":"","fileTypesAndContributionMap":{"functional-code":{"insertions":82,"deletions":2},"test-code":{"insertions":20,"deletions":12}}},{"hash":"957c04473930da7a9915631fcb09bb5b94cdd1a2","isMergeCommit":true,"messageTitle":"Merge pull request #186 from zrei/final-push","messageBody":"List parameters used for find commands","fileTypesAndContributionMap":{}},{"hash":"90d2a92cec39442e0a5eb6d7387e711f94d2d895","isMergeCommit":false,"messageTitle":"Allow cancelling for linking","messageBody":"","fileTypesAndContributionMap":{"functional-code":{"insertions":80,"deletions":4},"test-code":{"insertions":10,"deletions":0}}},{"hash":"b4fe29ead1beca40c71ab594f48b68bdfc4b778d","isMergeCommit":false,"messageTitle":"Change command usage message","messageBody":"","fileTypesAndContributionMap":{"functional-code":{"insertions":2,"deletions":1}}},{"hash":"554ff3e3e4b8ceca8aeb3d1a6e6242e61d7763a3","isMergeCommit":false,"messageTitle":"Ignore arguments after first argument for commands like delete client","messageBody":"","fileTypesAndContributionMap":{"functional-code":{"insertions":10,"deletions":5}}},{"hash":"590489fa7be7a6162858870de23950d024ede609","isMergeCommit":true,"messageTitle":"Merge pull request #187 from zrei/final-push","messageBody":"Allow cancelling for linking","fileTypesAndContributionMap":{}},{"hash":"7d393885ce18492ab3a8620f0d8d27bc5d558bb3","isMergeCommit":true,"messageTitle":"Merge pull request #188 from Johnchiahk/Fix-space-between-tags","messageBody":"Fix space between tags","fileTypesAndContributionMap":{}},{"hash":"eaa6c9913d5ff0ba6fe44a2e685cf7d9d5bc5078","isMergeCommit":false,"messageTitle":"Reset client list when adding project fails due to not found client","messageBody":"","fileTypesAndContributionMap":{"functional-code":{"insertions":4,"deletions":0}}},{"hash":"e0bdebedcf8464acd8c3550ca07fb5b8a1eb20d8","isMergeCommit":true,"messageTitle":"Merge pull request #189 from zrei/final-push","messageBody":"Reset client list when adding project fails due to not found client","fileTypesAndContributionMap":{}},{"hash":"2e37b542111fa4b9a266473628b44628d05f541f","isMergeCommit":false,"messageTitle":"Concatenate name and tag keywords for find command","messageBody":"","fileTypesAndContributionMap":{"functional-code":{"insertions":178,"deletions":85}}},{"hash":"45db18c3ade0637be7da88c14836fc1b76bb38d7","isMergeCommit":false,"messageTitle":"Update tests","messageBody":"","fileTypesAndContributionMap":{"test-code":{"insertions":71,"deletions":60}}},{"hash":"8566d3b9c842b9e5781e750b0654b2d0838ff061","isMergeCommit":true,"messageTitle":"Merge pull request #194 from zrei/final-push","messageBody":"Concatenate name, tag, client keywords for find command and link commands","tags":["v1.3.1"],"fileTypesAndContributionMap":{}},{"hash":"e480026a3cfb681dd763a6664dcb2fc57e930f65","isMergeCommit":true,"messageTitle":"Merge pull request #195 from mmaimer33/bug-fixing","messageBody":"Fix bug: made JSON tag parsing case-insensitive","fileTypesAndContributionMap":{}}]},{"date":"2023-03-31","commitResults":[{"hash":"98c68492121d65507658b16ecc0073cb3a44c600","isMergeCommit":false,"messageTitle":"Make command words insensitive","messageBody":"","fileTypesAndContributionMap":{"functional-code":{"insertions":1,"deletions":1},"test-code":{"insertions":1,"deletions":1}}},{"hash":"5f8be06e060e01bc607214f6965adff036089867","isMergeCommit":false,"messageTitle":"Update version number","messageBody":"","fileTypesAndContributionMap":{"functional-code":{"insertions":1,"deletions":1}}},{"hash":"3145505ce6e598b74524e98c716915591efaf6a5","isMergeCommit":true,"messageTitle":"Merge pull request #198 from zrei/make-command-words-insensitive","messageBody":"Make command words insensitive","tags":["v1.3.3"],"fileTypesAndContributionMap":{}}]}],"Johnchiahk":[{"date":"2023-03-02","commitResults":[{"hash":"0432b88f4251d1638a2e9c869471feff8943a406","isMergeCommit":false,"messageTitle":"Update AboutUs.md and create johnchiahk.md","messageBody":"","fileTypesAndContributionMap":{"docs":{"insertions":37,"deletions":52}}},{"hash":"6d90d1b1ed05b47576c4b6e151b2f87636ae5a63","isMergeCommit":false,"messageTitle":"Update Developer Guide glossary","messageBody":"","fileTypesAndContributionMap":{"docs":{"insertions":4,"deletions":0}}},{"hash":"58470a25d82d543e72b44a1b30ebfb67831a1d9f","isMergeCommit":true,"messageTitle":"Merge branch \u0027master\u0027 of https://github.com/JohnChiaHK/tp","messageBody":"","fileTypesAndContributionMap":{}},{"hash":"791777b7e00417f8b4dec9d3385f4d1a6cb6f1df","isMergeCommit":false,"messageTitle":"Update User Guide","messageBody":"Update User Guide with Delete project, Mark project, and Unmark project.\n\nUpdate User Guide by changing all instances of Address Book and\nAddressBook to artistic addressbook\nrespectively.\n","fileTypesAndContributionMap":{"docs":{"insertions":51,"deletions":13}}}]},{"date":"2023-03-07","commitResults":[{"hash":"cb031a30ff80e5fda0ed8800203c52f4e9359414","isMergeCommit":true,"messageTitle":"Merge branch \u0027master\u0027 of https://github.com/JohnChiaHK/tp","messageBody":"* \u0027master\u0027 of https://github.com/JohnChiaHK/tp:\n  Resolve conflict\n  Update Project to include status\n  Add Status class and tests\n  Finalise v1.1 user guide\n  Update Site Wide Settings\n  Update User Guide\n  Update code per checkstyle\n  Add test files for Title, Deadline, Project classes and create a utility ProjectBuilder class\n  Add Title, Deadline, and Project classes\n  Fix checkstyle errors\n  Remove address field\n  Rename Person class to Client class\n","fileTypesAndContributionMap":{}}]},{"date":"2023-03-09","commitResults":[{"hash":"07c61ff9deec1017f9c60a79a7ec1e97b3657657","isMergeCommit":true,"messageTitle":"Merge branch \u0027AY2223S2-CS2103T-T14-1:master\u0027 into master","messageBody":"","fileTypesAndContributionMap":{}},{"hash":"19cf9ec171cedd864742d09be028c94213254058","isMergeCommit":true,"messageTitle":"Merge branch \u0027master\u0027 of https://github.com/JohnChiaHK/tp","messageBody":"* \u0027master\u0027 of https://github.com/JohnChiaHK/tp:\n  Update style\n  Update tests\n  Implement add project feature\n  Update tests\n  Fix checkstyle\n  Update tests\n  Fix style issues\n  Update tests\n  Integrate Project class\n  Make phone and email fields optional for Person\n  Update the CliSyntax class to include a prefix for deadline PREFIX_DEADLINE\n  Add JavaDoc comments\n  Create UniqueProjectList.java\n  Update CLISyntax class to use agreed-upon prefixes\n  Update CLISyntax class to use agreed-upon prefixes\n  Set up skeleton for swapping between different observable lists\n","fileTypesAndContributionMap":{}},{"hash":"05e74a4f3ba14cee19d65cf8b05a146b090f4447","isMergeCommit":false,"messageTitle":"Add MarkProjectCommand class","messageBody":"","fileTypesAndContributionMap":{"functional-code":{"insertions":113,"deletions":0}}},{"hash":"37f4f9d4bd80926caa4378bf488e2fc8854f4879","isMergeCommit":false,"messageTitle":"Update MarkProjectCommand","messageBody":"","fileTypesAndContributionMap":{"functional-code":{"insertions":17,"deletions":9}}},{"hash":"2eb2e256c126ef52d26de1487f8b271bd2286d59","isMergeCommit":false,"messageTitle":"Improve Code Quality of MarkProjectCommand","messageBody":"","fileTypesAndContributionMap":{"functional-code":{"insertions":2,"deletions":10}}}]},{"date":"2023-03-10","commitResults":[{"hash":"47e1570496c11255a308b3aa1c727daa697beb5c","isMergeCommit":false,"messageTitle":"Change project-list to list-project","messageBody":"","fileTypesAndContributionMap":{"functional-code":{"insertions":3,"deletions":2}}},{"hash":"a452edd261762fa4a8f3af3cb39509239cbaf30a","isMergeCommit":false,"messageTitle":"Fix checkstyleMain errors","messageBody":"","fileTypesAndContributionMap":{"functional-code":{"insertions":17,"deletions":3}}},{"hash":"9346378f53cc415c9449afeee445db812a7c426d","isMergeCommit":false,"messageTitle":"Fix checkstyleTest errors","messageBody":"","fileTypesAndContributionMap":{"test-code":{"insertions":9,"deletions":0}}}]},{"date":"2023-03-13","commitResults":[{"hash":"d330bc817727fe3729d6aeb6e74050b04d530c33","isMergeCommit":true,"messageTitle":"Merge branch \u0027master\u0027 of https://github.com/JohnChiaHK/tp","messageBody":"* \u0027master\u0027 of https://github.com/JohnChiaHK/tp: (21 commits)\n  Edit tests for edit client command to pass checkstyle\n  Edit messages to move \"+\" to a new line to abide by checkstyle\n  Add messages to throw for duplicate client/project when editing clients/projects\n  Update comments\n  Fix checkstyle and update tests\n  Implement clear client command\n  Edit statements with EditProjectCommand.EditProjectDescriptor to just EditProjectDescriptor since it is a nested class\n  Edit statements in lines 44 and 50 to just editProjectDescriptor instead of EditProjectCommand.EditProjectDescriptor since it is a nested class\n  Edit Edit Client and Edit Command to pass CheckStyle\n  Implement Edit Client and Edit Command features\n  Fix checkstyleTest errors\n  Fix checkstyleMain errors\n  Change project-list to list-project\n  Improve Code Quality of MarkProjectCommand\n  Update MarkProjectCommand\n  Update documentation\n  Add validation for dates\n  Add MarkProjectCommand class\n  Update tests\n  Update tests\n  ...\n","fileTypesAndContributionMap":{}},{"hash":"c57faf75020579770c8d4a70b1c1e47db721c896","isMergeCommit":false,"messageTitle":"Create MarkProjectCommandTest","messageBody":"","fileTypesAndContributionMap":{"test-code":{"insertions":66,"deletions":0}}},{"hash":"bf621a289a554f0068ca19caa1ff40d6cefd3c7b","isMergeCommit":false,"messageTitle":"Fix checkstyle issues of MarkProjectCommandTest","messageBody":"","fileTypesAndContributionMap":{"test-code":{"insertions":16,"deletions":11}}},{"hash":"04e6a6f9611e3817b4d3247091f312246ae3cec3","isMergeCommit":false,"messageTitle":"Update MarkProjectCommandTest execute","messageBody":"","fileTypesAndContributionMap":{"test-code":{"insertions":5,"deletions":3}}},{"hash":"cabe100d1cad905cfbefb1cc1754548e1c283799","isMergeCommit":false,"messageTitle":"Fix checkstyle issues MarkProjectCommandTest again","messageBody":"","fileTypesAndContributionMap":{"test-code":{"insertions":1,"deletions":1}}}]},{"date":"2023-03-14","commitResults":[{"hash":"8a3d6649b0aa12763688e7d659938f106c024587","isMergeCommit":true,"messageTitle":"Merge branch \u0027master\u0027 of https://github.com/JohnChiaHK/tp","messageBody":"* \u0027master\u0027 of https://github.com/JohnChiaHK/tp: (25 commits)\n  Delete dummy.md\n  Resolve conflicts\n  Throw exception if ListType mismatch\n  Fix merge errors\n  Write tests for Edit Project parser\n  Write tests for edit project command\n  Fix checkstyle issues MarkProjectCommandTest again\n  Separate test cases\n  Update MarkProjectCommandTest execute\n  Fix checkstyle issues\n  Fix checkstyle issues of MarkProjectCommandTest\n  Create MarkProjectCommandTest\n  Update tests\n  Update tests\n  Add tests for parsers and predicate\n  Add DeleteProjectCommand tests and new predicate for projects\n  Implement delete-project feature\n  Implement find client and implement list client\n  Fix checkstyle and tests\n  Fix a test to use new delete-client command word\n  ...\n","fileTypesAndContributionMap":{}},{"hash":"845083ae670b49c825aeb762cbcee7a05731eab7","isMergeCommit":false,"messageTitle":"Create Unmark project feature","messageBody":"","fileTypesAndContributionMap":{"functional-code":{"insertions":97,"deletions":1}}},{"hash":"a0f012c40316969be6de9cf7e86e71ebf01fb476","isMergeCommit":false,"messageTitle":"Create UnmarkProjectCommandTest","messageBody":"","fileTypesAndContributionMap":{"functional-code":{"insertions":9,"deletions":2},"test-code":{"insertions":73,"deletions":0}}},{"hash":"45252e817d32babb7f5965b960b50ef334438e48","isMergeCommit":true,"messageTitle":"Merge branch \u0027master\u0027 of https://github.com/JohnChiaHK/tp","messageBody":"* \u0027master\u0027 of https://github.com/JohnChiaHK/tp:\n  Create UnmarkProjectCommandTest\n  Create Unmark project feature\n","fileTypesAndContributionMap":{}}]},{"date":"2023-03-18","commitResults":[{"hash":"1ec44997bc07e3a26b6a8cd9c823e2315409ca85","isMergeCommit":true,"messageTitle":"Merge branch \u0027master\u0027 of https://github.com/JohnChiaHK/tp","messageBody":"* \u0027master\u0027 of https://github.com/JohnChiaHK/tp:\n  Update tests\n  Update tests\n  Update tests\n  Use sorted list\n  Update tests\n  Update tests\n  Update tests\n  Implement list project and find project feature\n","fileTypesAndContributionMap":{}}]},{"date":"2023-03-19","commitResults":[{"hash":"12f7c4ae6803329e88d988494982c333c5a38739","isMergeCommit":false,"messageTitle":"Update mark project command test v2.0","messageBody":"","fileTypesAndContributionMap":{"test-code":{"insertions":14,"deletions":7}}}]},{"date":"2023-03-20","commitResults":[{"hash":"cf1c398a582c2e807ad7480bc5010ccde65bc932","isMergeCommit":false,"messageTitle":"Make JSON Serializable class for Project","messageBody":"","fileTypesAndContributionMap":{"functional-code":{"insertions":67,"deletions":0}}},{"hash":"d8ec4f152ec7398c415464d97db40f67a9dedea4","isMergeCommit":false,"messageTitle":"Add project as JSON parameter to JsonSerializableAddressBook","messageBody":"","fileTypesAndContributionMap":{"functional-code":{"insertions":18,"deletions":2}}},{"hash":"9dc6a2206144def3d636b73bac5fecc447078b74","isMergeCommit":false,"messageTitle":"Remove extra line from ProjectTest","messageBody":"","fileTypesAndContributionMap":{"test-code":{"insertions":0,"deletions":2}}},{"hash":"f8b453b7d2a1e19f05f13a9f18ac08b85eece0aa","isMergeCommit":false,"messageTitle":"Fix JsonAdaptedProject","messageBody":"","fileTypesAndContributionMap":{"functional-code":{"insertions":17,"deletions":6}}},{"hash":"a96889776f2e6ab1d5ff985641ef2a2869dc1a02","isMergeCommit":false,"messageTitle":"Create JsonAdaptedProjectTest","messageBody":"Did not create invalidStatus and nullStatus as user is unable to input\nstatus of project other than mark and unmark commands.\n","fileTypesAndContributionMap":{"test-code":{"insertions":59,"deletions":0}}},{"hash":"1f36395a0020dfb701fdb63313f6b66c24a66731","isMergeCommit":false,"messageTitle":"Update test in JSONAddressBookStorageTest","messageBody":"","fileTypesAndContributionMap":{"test-code":{"insertions":6,"deletions":6}}}]},{"date":"2023-03-21","commitResults":[{"hash":"0b12ae3ff5b682700a22f6fce7d4d1761bdb51bb","isMergeCommit":false,"messageTitle":"Update tests in JsonSeralizableAddressBook and StorageManagerTest","messageBody":"JSON files in test/data were created\n","fileTypesAndContributionMap":{"test-code":{"insertions":43,"deletions":9}}},{"hash":"375430d69603e4ec63c954c0bed765c27f4cf518","isMergeCommit":true,"messageTitle":"Merge branch \u0027master\u0027 of https://github.com/JohnChiaHK/tp","messageBody":"* \u0027master\u0027 of https://github.com/JohnChiaHK/tp:\n  Fix checkstyle issues JsonSerializableAddressBookTest\n  Update tests in JsonSeralizableAddressBook and StorageManagerTest\n  Update test in JSONAddressBookStorageTest\n  Create JsonAdaptedProjectTest\n  Fix JsonAdaptedProject\n  Remove extra line from ProjectTest\n  Insert assertion\n  Fix checkstyle on tests\n  Update tests\n  Fix checkstyle main issues\n  Implement aliases for sorting options\n  Implement aliases for flags\n  Implement aliases for commands\n  Add project as JSON parameter to JsonSerializableAddressBook\n  Make JSON Serializable class for Project\n  Enable assertions\n  Update mark project command test v2.0\n","fileTypesAndContributionMap":{}}]},{"date":"2023-03-22","commitResults":[{"hash":"cbe16df72874f467253b31cf073fdf5ac6c415e4","isMergeCommit":false,"messageTitle":"Price of project created","messageBody":"","fileTypesAndContributionMap":{"functional-code":{"insertions":156,"deletions":23}}},{"hash":"18328a4e1f06acb067363d9df67d900d3f97225c","isMergeCommit":false,"messageTitle":"Fix checkstyleMain of Project price feature","messageBody":"","fileTypesAndContributionMap":{"functional-code":{"insertions":28,"deletions":24}}},{"hash":"81adc664237aef4e939a85ecac00a3748a055693","isMergeCommit":false,"messageTitle":"Stuck with JsonAdaptedProjectTest","messageBody":"Refer to last test of JsonAdaptedProjectTest. It works with (\"2\")\n","fileTypesAndContributionMap":{"functional-code":{"insertions":11,"deletions":2},"test-code":{"insertions":57,"deletions":34}}},{"hash":"4bc426cc42a61d96dc74e69b9bec826982d595c8","isMergeCommit":false,"messageTitle":"Update parseCommand_editProject","messageBody":"","fileTypesAndContributionMap":{"test-code":{"insertions":10,"deletions":0}}},{"hash":"d51bfbbaeb820c166acae282ffc2d3acf81c5866","isMergeCommit":false,"messageTitle":"Fix parseCommand_editProject","messageBody":"","fileTypesAndContributionMap":{"test-code":{"insertions":4,"deletions":0}}}]},{"date":"2023-03-23","commitResults":[{"hash":"ee45b4f0888d8a39af28933879a55a1a66a66f23","isMergeCommit":false,"messageTitle":"Fix checkstyle issues","messageBody":"","fileTypesAndContributionMap":{"functional-code":{"insertions":5,"deletions":4},"test-code":{"insertions":25,"deletions":25}}},{"hash":"a111502f7a1ceef0dba2955f949a6bd1a0135add","isMergeCommit":false,"messageTitle":"Remove dead code","messageBody":"","fileTypesAndContributionMap":{"functional-code":{"insertions":0,"deletions":4},"test-code":{"insertions":0,"deletions":2}}},{"hash":"6000fe2b1d623524488f7bebb2efe9d3ecb1306f","isMergeCommit":false,"messageTitle":"Convert attribute in Price from String to Double Type","messageBody":"","fileTypesAndContributionMap":{"functional-code":{"insertions":12,"deletions":8},"test-code":{"insertions":0,"deletions":4}}},{"hash":"6e6d58a6a484158b4257bc5c0baf8afa357619b4","isMergeCommit":false,"messageTitle":"Fix double type attribute in Price","messageBody":"","fileTypesAndContributionMap":{"functional-code":{"insertions":2,"deletions":2},"test-code":{"insertions":1,"deletions":1}}},{"hash":"80e9f41b138a8e2964177d4a6431c6f0c91597c5","isMergeCommit":true,"messageTitle":"Merge pull request #131 from mmaimer33/Ui-improvements","messageBody":"Ui overhaul","fileTypesAndContributionMap":{}},{"hash":"a9608ae5341bd43510c3f21a3f55b25087268fc2","isMergeCommit":true,"messageTitle":"Merge branch \u0027master\u0027 of https://github.com/JohnChiaHK/tp","messageBody":"* \u0027master\u0027 of https://github.com/JohnChiaHK/tp:\n  Fix double type attribute in Price\n  Convert attribute in Price from String to Double Type\n  Update implementation of overdue status\n  Update DG\n  Remove dead code\n  Fix checkstyle issues\n  Fix checkstyle isues for implementing overdue status\n  Update sort feature on developer guide\n  Implement overdue status, to be highlighted in UI\n  Fix parseCommand_editProject\n  Update parseCommand_editProject\n  Stuck with JsonAdaptedProjectTest\n  Fix checkstyleMain of Project price feature\n  Change Ui to match new design\n  Price of project created\n  Revert \"Initial commit\"\n  Initial commit\n  Temporary commit\n","fileTypesAndContributionMap":{}},{"hash":"e44ea920895222e203ae9c7228ab4c4ffe06a2e3","isMergeCommit":false,"messageTitle":"Update DG of Done Status and Not Done Status","messageBody":"","fileTypesAndContributionMap":{"docs":{"insertions":23,"deletions":1}}},{"hash":"5dd15b604dd4ca8d0ca5cbd5c77449f08792e398","isMergeCommit":true,"messageTitle":"Merge pull request #129 from zrei/implement-tagging","messageBody":"Implement tagging","tags":["v1.2.1"],"fileTypesAndContributionMap":{}}]},{"date":"2023-03-24","commitResults":[{"hash":"0455d4a52101719c25b67a45beaddf8457e2a8db","isMergeCommit":true,"messageTitle":"Merge branch \u0027master\u0027 of https://github.com/JohnChiaHK/tp","messageBody":"* \u0027master\u0027 of https://github.com/JohnChiaHK/tp:\n  Update default addressbook\n  Update version number\n  Update DG with Project information\n  Fix tests\n  Update DG of Done Status and Not Done Status\n  Update LogicManager tests\n  Update tests\n  Fix test compilation errors\n  Fix list tag command\n  Add project tags to storage\n  Update tests\n  Implement tagging for projects\n  Implement skeletal tag list\n","fileTypesAndContributionMap":{}},{"hash":"7b86d7f423636eae7cb19a9e087ddfe49c72ad98","isMergeCommit":false,"messageTitle":"Sort price in ascending order","messageBody":"","fileTypesAndContributionMap":{"functional-code":{"insertions":17,"deletions":3}}},{"hash":"3b298baeb59cf3724f4db422394d3f3a9db7face","isMergeCommit":true,"messageTitle":"Merge branch \u0027master\u0027 of https://github.com/JohnChiaHK/tp","messageBody":"* \u0027master\u0027 of https://github.com/JohnChiaHK/tp:\n  Sort price in ascending order\n  Fix tests\n  Add hash code for predicates\n  Update tests\n  Implement finding by different parameters\n","fileTypesAndContributionMap":{}}]},{"date":"2023-03-25","commitResults":[{"hash":"d74339a9678f011c00124a693cf3792b9d73940c","isMergeCommit":false,"messageTitle":"Remove assert false from MainWindow","messageBody":"","fileTypesAndContributionMap":{"functional-code":{"insertions":0,"deletions":1}}},{"hash":"ad70177f793ccb49684deace708ba84c38bdf7c6","isMergeCommit":true,"messageTitle":"Merge branch \u0027master\u0027 of https://github.com/JohnChiaHK/tp","messageBody":"* \u0027master\u0027 of https://github.com/JohnChiaHK/tp:\n  Remove assert false from MainWindow\n","fileTypesAndContributionMap":{}},{"hash":"6594f6c8f4f55de66d4473f9f12689d6f01a0073","isMergeCommit":false,"messageTitle":"Add tests for price feature","messageBody":"","fileTypesAndContributionMap":{"test-code":{"insertions":25,"deletions":0}}},{"hash":"0a127ceff0f1ff566a681642561037eedad363c9","isMergeCommit":false,"messageTitle":"Fix checkstyle for Price tests","messageBody":"","fileTypesAndContributionMap":{"test-code":{"insertions":2,"deletions":1}}}]},{"date":"2023-03-26","commitResults":[{"hash":"353e30ea71fdbb3f20c40f3aa2547699e5a754f9","isMergeCommit":false,"messageTitle":"Pass all tests","messageBody":"","fileTypesAndContributionMap":{"test-code":{"insertions":0,"deletions":8}}},{"hash":"f7b417a4ca8924c47d04d48e4f8993ba6f9645c1","isMergeCommit":true,"messageTitle":"Merge branch \u0027master\u0027 of https://github.com/JohnChiaHK/tp","messageBody":"* \u0027master\u0027 of https://github.com/JohnChiaHK/tp:\n  Pass all tests\n  Fix checkstyle for Price tests\n  Add tests for price feature\n","fileTypesAndContributionMap":{}},{"hash":"e431d907d1e91c7a7dd5f73f43d21ff2a9791059","isMergeCommit":true,"messageTitle":"Merge pull request #155 from zrei/update-dg-v1.3","messageBody":"Update ug","fileTypesAndContributionMap":{}}]},{"date":"2023-03-27","commitResults":[{"hash":"652f1f9b75bb30eae809d2d545046ec1a9df7707","isMergeCommit":true,"messageTitle":"Merge branch \u0027master\u0027 of https://github.com/JohnChiaHK/tp","messageBody":"* \u0027master\u0027 of https://github.com/JohnChiaHK/tp:\n  Update ug\n  Resize Ui image\n  Update Ui image in UG\n","fileTypesAndContributionMap":{}},{"hash":"c7335283ddd691194414bfb5d04c27d557c10e47","isMergeCommit":false,"messageTitle":"Update user guide sorting, mark and unmark feature","messageBody":"","fileTypesAndContributionMap":{"docs":{"insertions":45,"deletions":20}}},{"hash":"455ecace9ba69a2e614629f45b6386965aaa38af","isMergeCommit":false,"messageTitle":"Fix checkstyle","messageBody":"","fileTypesAndContributionMap":{"docs":{"insertions":14,"deletions":13}}}]},{"date":"2023-03-28","commitResults":[{"hash":"1175e31e15cb6eb4a3be053d1e930ead8c30ff0b","isMergeCommit":true,"messageTitle":"Merge branch \u0027master\u0027 of https://github.com/JohnChiaHK/tp","messageBody":"* \u0027master\u0027 of https://github.com/JohnChiaHK/tp:\n  Update tests\n  Update tests\n  Update tests\n  Change user guide link\n  Find projects by linked client\n  Implement unlinking clients\n  Fix checkstyle\n  Update user guide sorting, mark and unmark feature\n  Fix errors for implementing ability to edit optional fields to be nullable (e.g. deadline/ makes deadline null)\n  Fix tests\n  Clean up code\n  Implement linking support for all other commands\n  Implement ability to edit client optional fields to be nullable (e.g. email/ makes email null)\n  Implement ability to edit optional fields to be nullable (e.g. deadline/ makes deadline null)\n  Allow added projects to be linked to clients\n","fileTypesAndContributionMap":{}},{"hash":"7671d796f3a50e45639e1da3696425d01100cd46","isMergeCommit":false,"messageTitle":"Create project list description","messageBody":"","fileTypesAndContributionMap":{"functional-code":{"insertions":100,"deletions":1},"test-code":{"insertions":52,"deletions":4}}},{"hash":"1d0a3a0afb049e3ebb0bbc636cb07962460b8227","isMergeCommit":true,"messageTitle":"Merge pull request #170 from verydaftpunk/UG-Update","messageBody":"Update UG","fileTypesAndContributionMap":{}},{"hash":"b07ebd22f8f969e3e62e44c2ad10dedeb392201b","isMergeCommit":false,"messageTitle":"Update tests","messageBody":"","fileTypesAndContributionMap":{"test-code":{"insertions":7,"deletions":11}}}]},{"date":"2023-03-29","commitResults":[{"hash":"4ce7d6bd29b2309cb71f90a0090f2a55a54dbbfc","isMergeCommit":false,"messageTitle":"Update ListProjectCommand","messageBody":"","fileTypesAndContributionMap":{"functional-code":{"insertions":1,"deletions":2}}},{"hash":"6e24bd017c792c3a50ad69bc188cf2e201e69f97","isMergeCommit":false,"messageTitle":"Apply SLAP","messageBody":"","fileTypesAndContributionMap":{"functional-code":{"insertions":54,"deletions":71},"test-code":{"insertions":0,"deletions":28}}},{"hash":"892d0b659089441ba59154f5fb242c9389e482fe","isMergeCommit":true,"messageTitle":"Merge branch \u0027master\u0027 of https://github.com/JohnChiaHK/tp","messageBody":"* \u0027master\u0027 of https://github.com/JohnChiaHK/tp:\n  Update command summary table\n  Update UG\n  Apply SLAP\n  Fix color change\n  Update commands in UG\n  Update ListProjectCommand\n  Update tests\n  Add relevant file to diff\n  Temp commit\n  Update UG\n  Fix checkstyle errors\n  Add tests for find by status feature\n  Create project list description\n  Implement ability to filter projects by status\n","fileTypesAndContributionMap":{}}]},{"date":"2023-03-30","commitResults":[{"hash":"ee80735e1c178574add72e7a1b48f83c5516ec70","isMergeCommit":true,"messageTitle":"Merge branch \u0027master\u0027 of https://github.com/JohnChiaHK/tp","messageBody":"* \u0027master\u0027 of https://github.com/JohnChiaHK/tp:\n  List parameters used for find commands\n  Update documentation\n  Add startup message\n","fileTypesAndContributionMap":{}},{"hash":"bec2f8bdcab94d89b0082345cd7dfd93d76e0a24","isMergeCommit":false,"messageTitle":"Add space between tags","messageBody":"","fileTypesAndContributionMap":{"functional-code":{"insertions":1,"deletions":1}}}]}],"mmaimer33":[{"date":"2023-02-23","commitResults":[{"hash":"f190d531360e83a7edd81dd6fdf2fd916b58ee2d","isMergeCommit":true,"messageTitle":"Merge pull request #19 from zrei/zherui/update-DG","messageBody":"Add a target user profile, value proposition, user stories to the DG","fileTypesAndContributionMap":{}},{"hash":"94418aca0d2989efec360c4f6accb5067885cb26","isMergeCommit":true,"messageTitle":"Merge pull request #18 from zrei/zherui/update-UG","messageBody":"Update User Guide","fileTypesAndContributionMap":{}},{"hash":"d02248630a741582d5f04702465922d2b597238f","isMergeCommit":true,"messageTitle":"Merge pull request #17 from zrei/zherui/update-aboutus","messageBody":"Update individual section of AboutUs.md","fileTypesAndContributionMap":{}},{"hash":"28074eb56ed6ca3936ce877770e2f3a7575549da","isMergeCommit":true,"messageTitle":"Merge pull request #14 from zrei/zherui/skeletal-ppp","messageBody":"Add individual skeletal PPP","fileTypesAndContributionMap":{}}]},{"date":"2023-02-26","commitResults":[{"hash":"902df66903f2770611413622a47c67837fbf3bea","isMergeCommit":false,"messageTitle":"Add file mmaimer33.md with skeleton","messageBody":"","fileTypesAndContributionMap":{"docs":{"insertions":0,"deletions":0}}},{"hash":"2a488aed2eb982c66934902ce08ab71a1a41903e","isMergeCommit":false,"messageTitle":"Make minor edits to mmaimer33.md","messageBody":"","fileTypesAndContributionMap":{"docs":{"insertions":29,"deletions":0}}},{"hash":"e52afc6bf7be4300b6e481dc6847fa77a1d2cab1","isMergeCommit":false,"messageTitle":"Update AboutUs for mmaimer33 and add image","messageBody":"","fileTypesAndContributionMap":{"docs":{"insertions":6,"deletions":6}}},{"hash":"5c9e69373792652314f50eb09f2277ee25d2fe76","isMergeCommit":false,"messageTitle":"Update README and Ui to match the ArB project","messageBody":"","fileTypesAndContributionMap":{"docs":{"insertions":13,"deletions":10}}},{"hash":"c8fee673490f40b2c0923daaa9f1216e9c60e42f","isMergeCommit":false,"messageTitle":"Update README to fix style","messageBody":"","fileTypesAndContributionMap":{"docs":{"insertions":1,"deletions":1}}},{"hash":"3461a1ad9ac2bfb26931a7e34077960ff0d40a40","isMergeCommit":true,"messageTitle":"Merge branch \u0027master\u0027 of github.com:mmaimer33/tp","messageBody":"","fileTypesAndContributionMap":{}},{"hash":"1a5052e52ed1e4e9c85a1c2792ed4b42e5df27b9","isMergeCommit":true,"messageTitle":"Merge branch \u0027master\u0027 into update-AboutUs","messageBody":"","fileTypesAndContributionMap":{}},{"hash":"f35058aab8d92a118cdd890362f72f834cbb8e30","isMergeCommit":true,"messageTitle":"Merge branch \u0027master\u0027 of github.com:mmaimer33/tp","messageBody":"","fileTypesAndContributionMap":{}},{"hash":"321ef45b6aaf3551f7fe9de2e78e00afa50b06d9","isMergeCommit":false,"messageTitle":"Update the User Guide and fix summary table","messageBody":"Add details for the following commands:\n* edit client\n* edit project\n* delete client\n\nAlso fix borders for the Command Summary table to be backward-compatible\n","fileTypesAndContributionMap":{"docs":{"insertions":41,"deletions":23}}}]},{"date":"2023-02-27","commitResults":[{"hash":"ba7b1bc879e12239badd1b6af85a526e72bb1ceb","isMergeCommit":true,"messageTitle":"Merge pull request #56 from zrei/rename-packages","messageBody":"Rename packages","fileTypesAndContributionMap":{}}]},{"date":"2023-03-01","commitResults":[{"hash":"fd8d7502c33dd5c043ff0a7ee73375b6b7337db5","isMergeCommit":false,"messageTitle":"Add Title, Deadline, and Project classes","messageBody":"","fileTypesAndContributionMap":{"functional-code":{"insertions":172,"deletions":0}}},{"hash":"299bf6cbb0acdb1e75d9ca48caa00fc527c0f8c9","isMergeCommit":false,"messageTitle":"Add test files for Title, Deadline, Project classes and create a utility ProjectBuilder class","messageBody":"","fileTypesAndContributionMap":{"test-code":{"insertions":170,"deletions":0}}},{"hash":"e3e9239e17263ae90c03816dae538fd03619af8f","isMergeCommit":false,"messageTitle":"Update code per checkstyle","messageBody":"","fileTypesAndContributionMap":{"functional-code":{"insertions":1,"deletions":1},"test-code":{"insertions":4,"deletions":4}}}]},{"date":"2023-03-03","commitResults":[{"hash":"bd334f9e20673a47c1d211d45368f65a9170d8a4","isMergeCommit":false,"messageTitle":"Add Status class and tests","messageBody":"","fileTypesAndContributionMap":{"functional-code":{"insertions":63,"deletions":0},"test-code":{"insertions":53,"deletions":0}}}]},{"date":"2023-03-05","commitResults":[{"hash":"b4e8014671b579c9cba0bca5c9b9070f6dc2de04","isMergeCommit":false,"messageTitle":"Update Project to include status","messageBody":"","fileTypesAndContributionMap":{"functional-code":{"insertions":8,"deletions":1},"test-code":{"insertions":1,"deletions":1}}}]},{"date":"2023-03-07","commitResults":[{"hash":"52d561f282134e6bdc13b2f97018d8f645136628","isMergeCommit":true,"messageTitle":"Merge branch \u0027mmaimer33-add-project-class\u0027 Resolve merge conflicts for mmaimer33:add-project-class","messageBody":"","fileTypesAndContributionMap":{}},{"hash":"d53fb82335dbe822a1d30b489a8a59b58c86d38d","isMergeCommit":true,"messageTitle":"Merge branch \u0027master\u0027 of github.com:mmaimer33/tp","messageBody":"# Conflicts:\n#\tsrc/test/java/arb/testutil/PersonBuilder.java\n","fileTypesAndContributionMap":{}},{"hash":"1cb68ac4f92d7fc751851b5bd75b6d5605cf2b23","isMergeCommit":false,"messageTitle":"Resolve conflict","messageBody":"","fileTypesAndContributionMap":{"test-code":{"insertions":0,"deletions":100}}},{"hash":"55055a331affb793965fcb41d96e945cab1e0f5c","isMergeCommit":true,"messageTitle":"Merge branch \u0027master\u0027 of github.com:mmaimer33/tp into add-project-class","messageBody":"","fileTypesAndContributionMap":{}}]},{"date":"2023-03-12","commitResults":[{"hash":"acf16a5478da794a5a6bce734c1190016ba4ab93","isMergeCommit":true,"messageTitle":"Merge pull request #82 from zrei/implement-add-client-feature","messageBody":"Implement add client feature","fileTypesAndContributionMap":{}}]},{"date":"2023-03-13","commitResults":[{"hash":"fe865e4bb11c8ac944ec387c02c7a3223211b46a","isMergeCommit":false,"messageTitle":"Implement delete-client command","messageBody":"","fileTypesAndContributionMap":{"functional-code":{"insertions":1,"deletions":1}}},{"hash":"6b16b15fe6e52244c67d7b035a557bec4194daeb","isMergeCommit":false,"messageTitle":"Fix a test to use new delete-client command word","messageBody":"","fileTypesAndContributionMap":{"test-code":{"insertions":1,"deletions":1}}},{"hash":"bb6f61ac5ae8c4d618919a12de365158171a9d34","isMergeCommit":false,"messageTitle":"Implement delete-project feature","messageBody":"","fileTypesAndContributionMap":{"functional-code":{"insertions":98,"deletions":1}}},{"hash":"54d154e4a8a860a8fdbb1ffa0bc1b0c3d3bccaf4","isMergeCommit":false,"messageTitle":"Add DeleteProjectCommand tests and new predicate for projects","messageBody":"New predicate TitleContainsKeywordsPredicate imitates client\u0027s\nNameContainsKeywordsPredicate\n","fileTypesAndContributionMap":{"functional-code":{"insertions":32,"deletions":0},"test-code":{"insertions":186,"deletions":56}}},{"hash":"7843e58d8b46d74a701a412013aff1c4f7580266","isMergeCommit":false,"messageTitle":"Add tests for parsers and predicate","messageBody":"AddressBookParserTest: change delete Test to deleteClient Test and\nadd a deleteProject test\nAdd new DeleteProjectCommandParser Tests\nAdd new TitleContainsKeywordsPredicate Tests\n","fileTypesAndContributionMap":{"functional-code":{"insertions":1,"deletions":2},"test-code":{"insertions":121,"deletions":1}}}]},{"date":"2023-03-14","commitResults":[{"hash":"8515b25f57e2694573a09b072ab30f03dd757d95","isMergeCommit":true,"messageTitle":"Merge pull request #100 from zrei/attempt-sorting","messageBody":"Implement sort for client and project list","fileTypesAndContributionMap":{}},{"hash":"f6c538f9186de1c56fcdfae8cd0085d33936b7dd","isMergeCommit":false,"messageTitle":"Throw exception if ListType mismatch","messageBody":"","fileTypesAndContributionMap":{"functional-code":{"insertions":4,"deletions":0}}},{"hash":"930bb84e55bc59be8614c96d2aa6c63dabc0bfe9","isMergeCommit":true,"messageTitle":"Merge branch \u0027master\u0027 into delete-project-feature","messageBody":"","fileTypesAndContributionMap":{}},{"hash":"0c000b6f637b0905347ef35664cec89e91803556","isMergeCommit":false,"messageTitle":"Resolve conflicts","messageBody":"Refactor INDEX_FIRST_*, INDEX_SECOND_*, INDEX_THIRD_* to be renamed to\nINDEX_FIRST, INDEX_SECOND, INDEX_THIRD, respectively\n","fileTypesAndContributionMap":{"functional-code":{"insertions":1,"deletions":1},"test-code":{"insertions":34,"deletions":34}}}]},{"date":"2023-03-20","commitResults":[{"hash":"1ac75fa1c8ffa61eec4afe0778f2b66d440188c5","isMergeCommit":false,"messageTitle":"Temporary commit","messageBody":"","fileTypesAndContributionMap":{"functional-code":{"insertions":32,"deletions":28}}}]},{"date":"2023-03-21","commitResults":[{"hash":"97cf56ac09b1dde34c7e4b50f70b245d58a1df05","isMergeCommit":true,"messageTitle":"Merge pull request #124 from zrei/implement-alias","messageBody":"Implement aliases","fileTypesAndContributionMap":{}}]},{"date":"2023-03-22","commitResults":[{"hash":"4c644ca4d3a795cccd2e2f0362d844038525614b","isMergeCommit":false,"messageTitle":"Initial commit","messageBody":"","fileTypesAndContributionMap":{"functional-code":{"insertions":34,"deletions":0}}},{"hash":"600d44d570a16e63ec014aa19727e5b2038d5d81","isMergeCommit":false,"messageTitle":"Revert \"Initial commit\"","messageBody":"This reverts commit 4c644ca4d3a795cccd2e2f0362d844038525614b.\n","fileTypesAndContributionMap":{"functional-code":{"insertions":0,"deletions":34}}},{"hash":"3102f680ec1dbf809bece6b00813140b456883c3","isMergeCommit":false,"messageTitle":"Change Ui to match new design","messageBody":"","fileTypesAndContributionMap":{"functional-code":{"insertions":28,"deletions":22}}},{"hash":"c00dc515cedc99fad08694be52dbf691bb0a66ea","isMergeCommit":true,"messageTitle":"Merge branch \u0027master\u0027 of github.com:mmaimer33/tp","messageBody":"","fileTypesAndContributionMap":{}},{"hash":"a220fcd13cb8f2fc8ac85769b2c27ac700cabf77","isMergeCommit":true,"messageTitle":"Merge branch \u0027master\u0027 into Ui-improvements","messageBody":"","fileTypesAndContributionMap":{}}]},{"date":"2023-03-23","commitResults":[{"hash":"4bc180b63df0ee74501355d211461b6cd4e78d39","isMergeCommit":false,"messageTitle":"Update DG with Project information","messageBody":"","fileTypesAndContributionMap":{"docs":{"insertions":11,"deletions":2}}},{"hash":"c8580b5a5f39f98296f662fa463500060ee1c738","isMergeCommit":true,"messageTitle":"Merge pull request #140 from mmaimer33/update-DG","messageBody":"Update DG with Project information","fileTypesAndContributionMap":{}}]},{"date":"2023-03-26","commitResults":[{"hash":"b086fe70f34d735ac27e73b5d28039f98d36c1ff","isMergeCommit":true,"messageTitle":"Merge pull request #149 from Johnchiahk/price-tests","messageBody":"Price tests","fileTypesAndContributionMap":{}},{"hash":"29f1ead9d27abebcf81163cefe03770ae8e4147c","isMergeCommit":false,"messageTitle":"Update Ui image in UG","messageBody":"","fileTypesAndContributionMap":{"docs":{"insertions":1,"deletions":1}}},{"hash":"c36d8e91d819a783d8a257a9777fc0541b26d5c2","isMergeCommit":true,"messageTitle":"Merge branch \u0027master\u0027 into update-UG","messageBody":"","fileTypesAndContributionMap":{}}]},{"date":"2023-03-28","commitResults":[{"hash":"e512af65c2d7d827de582bc6cc0c00bae63ff066","isMergeCommit":true,"messageTitle":"Merge pull request #168 from zrei/update-testing","messageBody":"Update tests","fileTypesAndContributionMap":{}},{"hash":"cfc45afb6db9849e0bdb225e189e2e0b8b212b08","isMergeCommit":false,"messageTitle":"Implement ability to filter projects by status","messageBody":"","fileTypesAndContributionMap":{"functional-code":{"insertions":99,"deletions":8}}},{"hash":"2873e7214e40f11c234f3e4e772b5081902532f3","isMergeCommit":false,"messageTitle":"Add tests for find by status feature","messageBody":"* Add tests for ParseUtil.parseStatus()\n* Add to existing FindProjectCommandParserTest tests\n* Create new IsOfStatusPredicate tests\n","fileTypesAndContributionMap":{"functional-code":{"insertions":18,"deletions":18},"test-code":{"insertions":94,"deletions":4}}},{"hash":"d0baa27578387c4fb04793f3c2a5a59755d13f09","isMergeCommit":false,"messageTitle":"Fix checkstyle errors","messageBody":"","fileTypesAndContributionMap":{"functional-code":{"insertions":9,"deletions":9},"test-code":{"insertions":2,"deletions":1}}},{"hash":"38a4bacbbaec37f38d6ba80cbeed89aaccd5f887","isMergeCommit":false,"messageTitle":"Temp commit","messageBody":"","fileTypesAndContributionMap":{"functional-code":{"insertions":4,"deletions":2}}},{"hash":"813b54674df42272e2c16f690a04472a2f9aca88","isMergeCommit":false,"messageTitle":"Add relevant file to diff","messageBody":"","fileTypesAndContributionMap":{"functional-code":{"insertions":1,"deletions":0}}}]},{"date":"2023-03-29","commitResults":[{"hash":"033c44c5985194d17f8e5fcda9e6ecd0d0f5a2f3","isMergeCommit":false,"messageTitle":"Update commands in UG","messageBody":"Update some client commands:\n* add-client\n* list-client\n* edit-client\n* delete-client\n","fileTypesAndContributionMap":{"docs":{"insertions":16,"deletions":14}}},{"hash":"94f3d6275bc770c47d15aec68cc74e389f69c09d","isMergeCommit":false,"messageTitle":"Fix color change","messageBody":"Overdue Projects will now show a purple/blue status\n","fileTypesAndContributionMap":{"functional-code":{"insertions":4,"deletions":3}}}]},{"date":"2023-03-30","commitResults":[{"hash":"de0a06e6a83743406aec1a96bad2a60582b2b468","isMergeCommit":false,"messageTitle":"Fix bug: made JSON tag parsing case-insensitive","messageBody":"","fileTypesAndContributionMap":{"functional-code":{"insertions":1,"deletions":1}}},{"hash":"d52ec6a31e9883ec13784baa3824e39dc59a538a","isMergeCommit":false,"messageTitle":"Fix bug: status does not carry over when editing project","messageBody":"Let\u0027s copy the status over to the new project created when running\nedit-project\n","fileTypesAndContributionMap":{"functional-code":{"insertions":20,"deletions":1}}},{"hash":"373062a96a758ca58a840d3ec06aa4bd979a6a1a","isMergeCommit":true,"messageTitle":"Merge pull request #196 from mmaimer33/bug-fixing-2","messageBody":"Fix bug: status does not carry over when editing project","tags":["v1.3.2"],"fileTypesAndContributionMap":{}}]}]},"authorFileTypeContributionMap":{"verydaftpunk":{"docs":124,"functional-code":295,"test-code":302},"zrei":{"docs":274,"functional-code":4819,"test-code":5760,"other":8},"Johnchiahk":{"docs":76,"functional-code":502,"test-code":309,"other":1},"mmaimer33":{"docs":75,"functional-code":470,"test-code":476}},"authorContributionVariance":{"verydaftpunk":5021.965,"zrei":539514.25,"Johnchiahk":5849.583,"mmaimer33":10183.28},"authorDisplayNameMap":{"verydaftpunk":"CS2103T-T14-1 YANG..RREN","zrei":"CS2103T-T14-1 LIM .. RUI","Johnchiahk":"CS2103T-T14-1 JOHN.. KIT","mmaimer33":"CS2103T-T14-1 RISH..LKAR"}}
