{"authorDailyContributionsMap":{"kalarisng":[{"date":"2023-02-26","commitResults":[{"hash":"af7419e87cbaf69bf73629a68caa435ff836afc0","messageTitle":"Update AboutUs.md -Kalaris","messageBody":"","fileTypesAndContributionMap":{"docs":{"insertions":0,"deletions":0}}},{"hash":"e7fd7c408de61bd7852f5c914ebfade88e349a61","messageTitle":"Update AboutUs.md -Kalaris","messageBody":"","fileTypesAndContributionMap":{"docs":{"insertions":53,"deletions":3}}},{"hash":"b3974f728d369800ae6aec4890027e8118f7cc31","messageTitle":"Add line to solve EOF error","messageBody":"","fileTypesAndContributionMap":{"docs":{"insertions":2,"deletions":1}}},{"hash":"557737214d7705128c2ea57a80dc0e784b8fe49d","messageTitle":"Remove asterisk in new line","messageBody":"","fileTypesAndContributionMap":{"docs":{"insertions":0,"deletions":1}}}]},{"date":"2023-02-28","commitResults":[{"hash":"9aae658bb933f80407e074299da9fd8887acbc49","messageTitle":"Update UG for find","messageBody":"","fileTypesAndContributionMap":{"docs":{"insertions":6,"deletions":4}}}]}],"OliviaJHL":[{"date":"2023-02-24","commitResults":[{"hash":"dee24b2dc1c24087a2e0804ef36c91296a61379f","messageTitle":"Update AboutUs","messageBody":"AboutUs is not updated.\n\nRequire to update.\n\nLet\u0027s update the AboutUs.\n\nCan only update manually.\n","fileTypesAndContributionMap":{"docs":{"insertions":53,"deletions":2}}},{"hash":"61c4498a01f5d02b2c1b4691ddd866afb915b979","messageTitle":"Update OliviaJHL.md","messageBody":"OliviaJHL.md name wrongly at first.\n\nRequire to update.\n\nLet\u0027s update the .md file.\n\nCan only update manually.\n","fileTypesAndContributionMap":{"docs":{"insertions":0,"deletions":0}}},{"hash":"75ee7a9b41e1ef94bb8dbd622b15edafefa81f80","messageTitle":"Update OliviaJHL.md","messageBody":"OliviaJHL.md name wrongly at first.\n\nRequire to update.\n\nLet\u0027s update the .md file.\n\nCan only update manually.\n","fileTypesAndContributionMap":{"docs":{"insertions":1,"deletions":1}}},{"hash":"c8133fa431f306742fbe5a02d9a850a1ac696545","messageTitle":"Update OliviaJHL.md","messageBody":"OliviaJHL.md name wrongly at first.\n\nRequire to update.\n\nLet\u0027s update the .md file.\n\nCan only update manually.\n","fileTypesAndContributionMap":{"docs":{"insertions":1,"deletions":1}}}]},{"date":"2023-02-26","commitResults":[{"hash":"d0993d6ff262b3e0609d0aa8d2af6c78b2f5e313","messageTitle":"Update AboutUs.md","messageBody":"OliviaJHL.png name wrongly at first.\n\nRequire to update.\n\nLet\u0027s update the .png.\n\nCan only update manually.\n","fileTypesAndContributionMap":{"docs":{"insertions":1,"deletions":1}}}]},{"date":"2023-02-28","commitResults":[{"hash":"2ed8877bd428955dfa2c0a1dcef7842f721ae9c8","messageTitle":"Update AboutUs.md","messageBody":"OliviaJHL.png and OliviaJHL.md name wrongly at first.\n\nRequire to update.\n\nLet\u0027s update the .png and .md file.\n\nCan only update manually.\n","fileTypesAndContributionMap":{"docs":{"insertions":4,"deletions":4}}}]},{"date":"2023-03-01","commitResults":[{"hash":"cf4e2b005ab485dddbe7eab6fb24ea4a43504870","messageTitle":"Update UserGuide.md and Ui.png.","messageBody":"The content in UserGuide.md was not sufficient.\n\nRequire to update.\n\nLet\u0027s update the .md and .png file.\n\nCan only update manually.\n","fileTypesAndContributionMap":{"docs":{"insertions":14,"deletions":11}}},{"hash":"289b9ff8034086d2c959ff915abf065685e1d53f","messageTitle":"Update Developer.md.","messageBody":"The content in Developer.md was not sufficient.\n\nRequire to update.\n\nLet\u0027s update the .md file.\n\nCan only update manually.\n","fileTypesAndContributionMap":{"docs":{"insertions":10,"deletions":1}}},{"hash":"2abd15d2f00a11b25e6ff5841ddc95e57dd08dc3","messageTitle":"Update Developer.md.","messageBody":"The content in Developer.md was not sufficient.\n\nRequire to update.\n\nLet\u0027s update the .md file.\n\nCan only update manually.\n","fileTypesAndContributionMap":{"docs":{"insertions":3,"deletions":0}}},{"hash":"3c26e9e4dfd4a3074ccd8851dc9e3b013b8c30ad","messageTitle":"Update DeveloperGuide.md.","messageBody":"The content in Developer.md was not sufficient.\n\nRequire to update.\n\nLet\u0027s update the .md file.\n\nCan only update manually.\n","fileTypesAndContributionMap":{"docs":{"insertions":2,"deletions":0}}},{"hash":"ecb8e5cbe7af6c5ff3b79773f743076773427096","messageTitle":"Update DeveloperGuide.md.","messageBody":"The content in Developer.md was not sufficient.\n\nRequire to update.\n\nLet\u0027s update the .md file.\n\nCan only update manually.\n","fileTypesAndContributionMap":{"docs":{"insertions":2,"deletions":0}}}]}],"jundatan":[{"date":"2023-02-19","commitResults":[{"hash":"73c49a5cb61a593bc8cf6091a484a8f1ae059bc7","messageTitle":"Update AboutUs.md","messageBody":"Current AboutUs page is outdated with no picture.\n\nRequired to update AboutUs page.\n\nLet\u0027s add image png and update the details about the AboutUs page\naccordingly.\n\nBest way to update it is manually.\n","fileTypesAndContributionMap":{"docs":{"insertions":3,"deletions":3}}},{"hash":"0a3d784c82976861de8fee703b13bb90f628012d","messageTitle":"Add skeletal PPP","messageBody":"Current folder has no portfolio.\n\nPortfolio is essential to show your contributions.\n\nLet\u0027s create a new md file and update accordingly with the skeletal\nPPP.\n\nCreating a md file and updating it as directed to make it\neasily convertible to pdf.\n","fileTypesAndContributionMap":{"docs":{"insertions":50,"deletions":0}}}]},{"date":"2023-02-21","commitResults":[{"hash":"1066f5ba72f40ff49cce738cd03e27396e0c6fc4","messageTitle":"Update further for about us page","messageBody":"Current about us page is missing a few details like roles and\nresponsbilities.\n\nRequired to update about us page to make it look presentable.\n\nLet\u0027s add more information to the about us page.\n\nBest way to include more information that is required.\n","fileTypesAndContributionMap":{"docs":{"insertions":19,"deletions":10}}}]},{"date":"2023-02-26","commitResults":[{"hash":"25603e7aa8ca9fbf92666d7015cacc07ef6b866f","messageTitle":"Update DG","messageBody":"Current DG is not updated.\n\nDG needs to be updated.\n\nLet\u0027s add some updates to the DG.\n\nOnly way to update it is manually.\n","fileTypesAndContributionMap":{"docs":{"insertions":37,"deletions":53}}},{"hash":"47cdb2f055556d4ed04d643c3597630efedafb25","messageTitle":"Update Add in UG","messageBody":"Current Add is from AB3 and not up to date.\n\nAB3 User guide needs to be updated to allow user to follow it.\n\nLet\u0027s update some parts of the Add command for UG.\n\nOnly way to update it is through manual update in UG.\n","fileTypesAndContributionMap":{"docs":{"insertions":5,"deletions":3}}}]},{"date":"2023-02-27","commitResults":[{"hash":"597739ec6ecf8eea1dd8f33d142dd40e27c19917","messageTitle":"Update Readme","messageBody":"Readme currently is not up to date.\n\nReadme needs to be updated.\n\nLet\u0027s update Readme manually.\n\nCan only be done manually.\n","fileTypesAndContributionMap":{"docs":{"insertions":5,"deletions":4}}},{"hash":"b7ab94f6f53b8a3bc987a502a00136b003093e72","messageTitle":"Update UG","messageBody":"UG is currently not up to date. Traces of Addressbook to be found.\n\nRequired to update the UG.\n\nLet\u0027s manually change and update the UG.\n\nManual update is the only way.\n","fileTypesAndContributionMap":{"docs":{"insertions":5,"deletions":5}}},{"hash":"28b16dd2d65448ae21e8ce7a8ae56967f89b7d3d","messageTitle":"Update DG","messageBody":"Current DG Target user not up to date.\n\nDG needs to be up to date and consistent.\n\nLet\u0027s manually update the DG target user.\n\nManual update is the only way.\n","fileTypesAndContributionMap":{"docs":{"insertions":5,"deletions":2}}}]},{"date":"2023-02-28","commitResults":[{"hash":"1458f68d6930b866c900be6c5260d1a64ce64306","messageTitle":"Update some md files and UG","messageBody":"Current md files have some issues and UG FitBook name needs changes.\n\nRequired to update documentation.\n\nLet\u0027s update them manually.\n\nManual update is the only way.\n","fileTypesAndContributionMap":{"docs":{"insertions":10,"deletions":56}}},{"hash":"b84e16cb13d0ea4889c835c1b9be3c4808eb87e0","messageTitle":"Change Fitbook to FitBook","messageBody":"Fitbook is use in Readme which is not consistent to the\nactual FitBook name.\n\nChange name to avoid bugs.\n\nLet\u0027s change Fitbook to FitBook.\n\nManual changing of documentation is the only way.\n","fileTypesAndContributionMap":{"docs":{"insertions":1,"deletions":1}}},{"hash":"90395c57b6b66f54632f1b1e2614a94ed8d7b1fe","messageTitle":"Update Readme","messageBody":"Readme currently has issues.\n\nRequired to fix Readme conflicts accordingly.\n\nLet\u0027s fix the conflict correctly.\n\nManual way is the only way to fix it.\n","fileTypesAndContributionMap":{"docs":{"insertions":1,"deletions":1}}},{"hash":"855ab4cf4631b007c18ad34794dd46c578f25e87","messageTitle":"Fix conflicts","messageBody":"There are still conflicts in the md files for UG.\n\nRequired to fix the conflcits.\n\nLet\u0027s fix the conflicts.\n\nManual way is the best way to fix the conflicts.\n","fileTypesAndContributionMap":{"docs":{"insertions":1,"deletions":5}}},{"hash":"6d25d712b29a39489983f9fe21acfe100021a1a9","messageTitle":"Fix conflicts","messageBody":"There are conflicts.\n\nRequired to fix the conflicts.\n\nLet\u0027s fix the conflicts.\n\nManual way is the only way to fix conflicts.\n","fileTypesAndContributionMap":{"docs":{"insertions":0,"deletions":4}}}]},{"date":"2023-03-01","commitResults":[{"hash":"d1761312bea1473deb2203a622e242e8a89984c8","messageTitle":"Update User Guide","messageBody":"Current User Guide has traces of AB3.\n\nRequired to remove traces of AB3.\n\nLet\u0027s change AB3 to FitBook.\n\nManual change is the only way.\n","fileTypesAndContributionMap":{"docs":{"insertions":2,"deletions":2}}},{"hash":"e1ac06a192a329f829c552020fec3ae3f9292451","messageTitle":"Update UG","messageBody":"Current UG has traces of addressbook.\n\nRequired to update UG to remove all traces of addressbook.\n\nLet\u0027s remove all traces of addressbook.\n\nManual removal is the only way.\n","fileTypesAndContributionMap":{"docs":{"insertions":2,"deletions":2}}}]}],"dfordarius":[{"date":"2023-02-17","commitResults":[{"hash":"2268783014043faa4f50d6d54544da83eb8fd0a1","messageTitle":"Update README.md","messageBody":"","fileTypesAndContributionMap":{"docs":{"insertions":1,"deletions":1}}},{"hash":"6ccd584927195efa7817e2f02580aa870c761c4f","messageTitle":"Update README.md","messageBody":"","fileTypesAndContributionMap":{"docs":{"insertions":1,"deletions":1}}},{"hash":"7ca7edac57271cf43724511132c35744321b7df6","messageTitle":"Update README.md","messageBody":"","fileTypesAndContributionMap":{"docs":{"insertions":1,"deletions":1}}}]},{"date":"2023-02-19","commitResults":[{"hash":"4803f507ff9d4eba5dfb4eda002ebc33ffb49aee","messageTitle":"Update AboutUs.md","messageBody":"","fileTypesAndContributionMap":{"docs":{"insertions":1,"deletions":1}}},{"hash":"143da7477642a5b10d7b3c8fa64334787f05b261","messageTitle":"Update Skeletal PPP","messageBody":"","fileTypesAndContributionMap":{"docs":{"insertions":1,"deletions":1}}}]},{"date":"2023-02-20","commitResults":[{"hash":"c47fe5c8d68fe2be972e18c7a0a9fd56b3a976c3","messageTitle":"Update ReadMe.md","messageBody":"","fileTypesAndContributionMap":{"docs":{"insertions":4,"deletions":7}}},{"hash":"aab656a5663ee73862b3c076a1ad8556148143ca","messageTitle":"Change ReadMe.md","messageBody":"","fileTypesAndContributionMap":{"docs":{"insertions":1,"deletions":0}}},{"hash":"460224bfb2c138a2b310d4d8e1f0eafa4b81cafc","messageTitle":"Update index.md","messageBody":"","fileTypesAndContributionMap":{"docs":{"insertions":5,"deletions":5}}}]},{"date":"2023-02-25","commitResults":[{"hash":"523774961eebd54f88f5da272d72f8a30a35a604","messageTitle":"Update Skeletal PPP","messageBody":"Current skeletal does not have repo-sense link.\n\nAdd repo-sense link\n","fileTypesAndContributionMap":{"docs":{"insertions":23,"deletions":23}}}]},{"date":"2023-02-27","commitResults":[{"hash":"412a4deeee70d6df9986dd674d5c627ced5dad64","messageTitle":"Update Developer guide","messageBody":"FitBook\u0027s current developer guide does not state our target user\nprofile, FitBook\u0027s value proposition as well as user stories\n\nLets update the developer guide by adding the above mentioned.\n","fileTypesAndContributionMap":{"other":{"insertions":1,"deletions":1},"docs":{"insertions":33,"deletions":10}}},{"hash":"fa338924a7d1e8951d33aeb14439b601d5c8c41e","messageTitle":"Fix checkstyle","messageBody":"Current dfordarius.md and kalaris.md has trailing whtiespaces.\n\nLets remove them to follow the checkstyle.\n","fileTypesAndContributionMap":{"other":{"insertions":1,"deletions":1},"docs":{"insertions":22,"deletions":22}}},{"hash":"342a8bf9b5771823ba623fc5b4fc312c6d64ab67","messageTitle":"Refactor names of classes","messageBody":"Currently there are still traces of AB3.\n\nLets update the codebase so that it is in line with our docs as well as\nclass names which are in line with FitBook.\n","fileTypesAndContributionMap":{"functional-code":{"insertions":760,"deletions":760},"other":{"insertions":307,"deletions":307},"docs":{"insertions":318,"deletions":318},"test-code":{"insertions":994,"deletions":994}}}]},{"date":"2023-02-28","commitResults":[{"hash":"09a8144f97f93777e2aa3a96f27e054dcaab8962","messageTitle":"Update UserGuide and AboutUs","messageBody":"Currently missing information about FitBook in UserGuide.\n\nLets update the neccessary information in the AboutUs and UserGuide\nfiles.\n","fileTypesAndContributionMap":{"docs":{"insertions":5,"deletions":2}}}]}]},"authorFileTypeContributionMap":{"kalarisng":{"docs":56,"functional-code":0,"test-code":0},"OliviaJHL":{"docs":77,"functional-code":0,"test-code":0},"jundatan":{"docs":79,"functional-code":0,"test-code":0},"dfordarius":{"docs":361,"functional-code":889,"test-code":1172,"other":1}},"authorContributionVariance":{"kalarisng":255.6213,"OliviaJHL":341.0059,"jundatan":1071.9763,"dfordarius":1664835.2},"authorDisplayNameMap":{"kalarisng":"CS2103T-T15-2 KALA..SHAN","OliviaJHL":"CS2103T-T15-2 JIAH..LIAO","jundatan":"CS2103T-T15-2 TAN ..N DA","dfordarius":"CS2103T-T15-2 DARI.. WEE"}}
