{"authorDailyContributionsMap":{"kalarisng":[{"date":"2023-02-26","commitResults":[{"hash":"af7419e87cbaf69bf73629a68caa435ff836afc0","isMergeCommit":false,"messageTitle":"Update AboutUs.md -Kalaris","messageBody":"","fileTypesAndContributionMap":{"docs":{"insertions":0,"deletions":0}}},{"hash":"e7fd7c408de61bd7852f5c914ebfade88e349a61","isMergeCommit":false,"messageTitle":"Update AboutUs.md -Kalaris","messageBody":"","fileTypesAndContributionMap":{"docs":{"insertions":53,"deletions":3}}},{"hash":"b3974f728d369800ae6aec4890027e8118f7cc31","isMergeCommit":false,"messageTitle":"Add line to solve EOF error","messageBody":"","fileTypesAndContributionMap":{"docs":{"insertions":2,"deletions":1}}},{"hash":"557737214d7705128c2ea57a80dc0e784b8fe49d","isMergeCommit":false,"messageTitle":"Remove asterisk in new line","messageBody":"","fileTypesAndContributionMap":{"docs":{"insertions":0,"deletions":1}}}]},{"date":"2023-02-28","commitResults":[{"hash":"9aae658bb933f80407e074299da9fd8887acbc49","isMergeCommit":false,"messageTitle":"Update UG for find","messageBody":"","fileTypesAndContributionMap":{"docs":{"insertions":6,"deletions":4}}}]},{"date":"2023-03-05","commitResults":[{"hash":"d2ee7b65bc60cf3dbd713f33e2537f6068a68f03","isMergeCommit":false,"messageTitle":"Update DG -Kalaris","messageBody":"","fileTypesAndContributionMap":{"docs":{"insertions":19,"deletions":4}}}]},{"date":"2023-03-11","commitResults":[{"hash":"6435a1f988bb135bcfb9c071d21ebf8814a0c2cc","isMergeCommit":true,"messageTitle":"Merge pull request #100 from jundatan/branch-Fix-Minor","messageBody":"Fix gradle issues (Urgent fix)","fileTypesAndContributionMap":{}}]},{"date":"2023-03-14","commitResults":[{"hash":"f50f46e50066cbf74305c2e7f17928cba4470bb3","isMergeCommit":false,"messageTitle":"Update Find Feature","messageBody":"","fileTypesAndContributionMap":{"functional-code":{"insertions":99,"deletions":46},"other":{"insertions":10,"deletions":20},"test-code":{"insertions":83,"deletions":97}}},{"hash":"46162993868ce0bbb380b578f151735570cdc79a","isMergeCommit":false,"messageTitle":"Fix Checkstyle","messageBody":"","fileTypesAndContributionMap":{"functional-code":{"insertions":18,"deletions":23}}},{"hash":"10b599e38cea0ca35c0074731abc25dd486f25a7","isMergeCommit":false,"messageTitle":"Fix Checkstyle 2","messageBody":"","fileTypesAndContributionMap":{"test-code":{"insertions":22,"deletions":29}}},{"hash":"c76fe4b7b1147801e2f96d939c68f902825454ce","isMergeCommit":false,"messageTitle":"Fix Tests","messageBody":"","fileTypesAndContributionMap":{"functional-code":{"insertions":4,"deletions":1},"test-code":{"insertions":13,"deletions":15}}},{"hash":"6e3a65fb958c78e5447c985690d0bb909e59c73f","isMergeCommit":false,"messageTitle":"Fix Checkstyle 3","messageBody":"","fileTypesAndContributionMap":{"functional-code":{"insertions":1,"deletions":2}}},{"hash":"260b563a2c81062cd6254710de053e8c525f3984","isMergeCommit":false,"messageTitle":"Fix Checkstyle 4","messageBody":"","fileTypesAndContributionMap":{"test-code":{"insertions":5,"deletions":5}}},{"hash":"4fbe269362b5120ef14c633a698efca7cd19bbcb","isMergeCommit":false,"messageTitle":"Enhance Find Feature with Prefix","messageBody":"","fileTypesAndContributionMap":{"functional-code":{"insertions":348,"deletions":84},"test-code":{"insertions":28,"deletions":27}}},{"hash":"73dea19e7cef706ea4c0eccb56b6dcbbade0e2ea","isMergeCommit":false,"messageTitle":"Fix EOF","messageBody":"","fileTypesAndContributionMap":{"functional-code":{"insertions":1,"deletions":1}}},{"hash":"185878185fa2f39e9d61989d4521e9d79ec4a596","isMergeCommit":false,"messageTitle":"Fix Checkstyle 5","messageBody":"","fileTypesAndContributionMap":{"functional-code":{"insertions":26,"deletions":18}}},{"hash":"bbb0540335e002bb279968b82b4ccd0f20454e4e","isMergeCommit":false,"messageTitle":"Add JUnit Tests","messageBody":"","fileTypesAndContributionMap":{"functional-code":{"insertions":11,"deletions":2},"other":{"insertions":2,"deletions":3},"test-code":{"insertions":555,"deletions":3}}},{"hash":"d5d7331af06187e63695ba83e1259ebe7188609d","isMergeCommit":false,"messageTitle":"Add more exceptions","messageBody":"","fileTypesAndContributionMap":{"functional-code":{"insertions":26,"deletions":11},"test-code":{"insertions":4,"deletions":3}}},{"hash":"4e6189fc93d9d3b8285977496d7f893c7f992eed","isMergeCommit":true,"messageTitle":"Fix merge conflicts","messageBody":"","fileTypesAndContributionMap":{}}]},{"date":"2023-03-15","commitResults":[{"hash":"0996bf031e09ca17418f1fa5018e1742931e0b25","isMergeCommit":false,"messageTitle":"Fix Checkstyle","messageBody":"","fileTypesAndContributionMap":{"test-code":{"insertions":8,"deletions":11}}},{"hash":"4b70ad44ab23830273b6615644d51ac0e505982f","isMergeCommit":false,"messageTitle":"Change header comment to FitBook","messageBody":"","fileTypesAndContributionMap":{"functional-code":{"insertions":1,"deletions":1}}},{"hash":"1d1734de15bd3f28477de38e247a0cdd0ce1f130","isMergeCommit":false,"messageTitle":"Update UG for enhanced Find","messageBody":"","fileTypesAndContributionMap":{"docs":{"insertions":22,"deletions":14}}},{"hash":"46941a2e93395190582af861e77414a6c6d9f070","isMergeCommit":false,"messageTitle":"Update Examples in UG","messageBody":"","fileTypesAndContributionMap":{"docs":{"insertions":3,"deletions":4}}},{"hash":"145650ce04aecc02b6c3062ea2ebb740e20053eb","isMergeCommit":false,"messageTitle":"Fix typo","messageBody":"","fileTypesAndContributionMap":{"docs":{"insertions":1,"deletions":1}}}]},{"date":"2023-03-16","commitResults":[{"hash":"4ba92643ed6a53e60e5bbfe40d36ac9bd253fdff","isMergeCommit":false,"messageTitle":"Enhanced Find feature to accept multiple prefix","messageBody":"","fileTypesAndContributionMap":{"functional-code":{"insertions":94,"deletions":48},"docs":{"insertions":13,"deletions":12},"test-code":{"insertions":84,"deletions":36}}},{"hash":"bf05f22f92b16ee0fbc17f51f887bed4543fec6b","isMergeCommit":true,"messageTitle":"Merge branch \u0027master\u0027 into branch-UpdateArgMultimapFind-Kalaris","messageBody":"","fileTypesAndContributionMap":{}},{"hash":"284de4d55338a7632250aa33cecc050d8f420fbb","isMergeCommit":false,"messageTitle":"Clean up code","messageBody":"","fileTypesAndContributionMap":{"functional-code":{"insertions":0,"deletions":3}}},{"hash":"2ce0b6bff2bdd0443fe27d3669ae52c1121a3acd","isMergeCommit":true,"messageTitle":"Merge branch \u0027master\u0027 into branch-UpdateArgMultimapFind-Kalaris","messageBody":"","fileTypesAndContributionMap":{}}]},{"date":"2023-03-17","commitResults":[{"hash":"9388da3eb22149857662db8b8a6201ec1db3b498","isMergeCommit":true,"messageTitle":"Merge pull request #102 from dfordarius/branch-AddExportFunction","messageBody":"Add export function","fileTypesAndContributionMap":{}}]},{"date":"2023-03-19","commitResults":[{"hash":"b0f0e17c57f4d7090e7493196704b6cededcd673","isMergeCommit":false,"messageTitle":"More exception handling","messageBody":"","fileTypesAndContributionMap":{"functional-code":{"insertions":32,"deletions":14},"test-code":{"insertions":2,"deletions":2}}},{"hash":"3d7f2a25898867aa83cf3b7da420c1215ac4ba7d","isMergeCommit":false,"messageTitle":"More exception handling","messageBody":"","fileTypesAndContributionMap":{"functional-code":{"insertions":32,"deletions":14},"test-code":{"insertions":2,"deletions":2}}},{"hash":"8b4d85349c714ce945a094bccf75849b1e753205","isMergeCommit":true,"messageTitle":"Fix merge conflicts","messageBody":"","fileTypesAndContributionMap":{}},{"hash":"08ab2d284d80c0f2565449f10a4a182e92d09126","isMergeCommit":false,"messageTitle":"Modify to add in goal prefix","messageBody":"","fileTypesAndContributionMap":{"functional-code":{"insertions":2,"deletions":2}}},{"hash":"6ffa8c57b5ed7a4dd656968dbf969f788cb359e9","isMergeCommit":false,"messageTitle":"Add more JUnit test","messageBody":"","fileTypesAndContributionMap":{"test-code":{"insertions":3,"deletions":3}}},{"hash":"d206081a23ded7c0465539f641850316dc0b4ad6","isMergeCommit":false,"messageTitle":"Fix Checkstyle","messageBody":"","fileTypesAndContributionMap":{"test-code":{"insertions":4,"deletions":1}}}]}],"OliviaJHL":[{"date":"2023-02-24","commitResults":[{"hash":"dee24b2dc1c24087a2e0804ef36c91296a61379f","isMergeCommit":false,"messageTitle":"Update AboutUs","messageBody":"AboutUs is not updated.\n\nRequire to update.\n\nLet\u0027s update the AboutUs.\n\nCan only update manually.\n","fileTypesAndContributionMap":{"docs":{"insertions":53,"deletions":2}}},{"hash":"61c4498a01f5d02b2c1b4691ddd866afb915b979","isMergeCommit":false,"messageTitle":"Update OliviaJHL.md","messageBody":"OliviaJHL.md name wrongly at first.\n\nRequire to update.\n\nLet\u0027s update the .md file.\n\nCan only update manually.\n","fileTypesAndContributionMap":{"docs":{"insertions":0,"deletions":0}}},{"hash":"75ee7a9b41e1ef94bb8dbd622b15edafefa81f80","isMergeCommit":false,"messageTitle":"Update OliviaJHL.md","messageBody":"OliviaJHL.md name wrongly at first.\n\nRequire to update.\n\nLet\u0027s update the .md file.\n\nCan only update manually.\n","fileTypesAndContributionMap":{"docs":{"insertions":1,"deletions":1}}},{"hash":"c8133fa431f306742fbe5a02d9a850a1ac696545","isMergeCommit":false,"messageTitle":"Update OliviaJHL.md","messageBody":"OliviaJHL.md name wrongly at first.\n\nRequire to update.\n\nLet\u0027s update the .md file.\n\nCan only update manually.\n","fileTypesAndContributionMap":{"docs":{"insertions":1,"deletions":1}}}]},{"date":"2023-02-25","commitResults":[{"hash":"cde16b8872701371941a7a49e9ea84e006d42be6","isMergeCommit":true,"messageTitle":"Merge branch \u0027master\u0027 of https://github.com/OliviaJHL/tp into branch-UpdateAboutUs-JH","messageBody":"","fileTypesAndContributionMap":{}}]},{"date":"2023-02-26","commitResults":[{"hash":"d0993d6ff262b3e0609d0aa8d2af6c78b2f5e313","isMergeCommit":false,"messageTitle":"Update AboutUs.md","messageBody":"OliviaJHL.png name wrongly at first.\n\nRequire to update.\n\nLet\u0027s update the .png.\n\nCan only update manually.\n","fileTypesAndContributionMap":{"docs":{"insertions":1,"deletions":1}}}]},{"date":"2023-02-28","commitResults":[{"hash":"2ed8877bd428955dfa2c0a1dcef7842f721ae9c8","isMergeCommit":false,"messageTitle":"Update AboutUs.md","messageBody":"OliviaJHL.png and OliviaJHL.md name wrongly at first.\n\nRequire to update.\n\nLet\u0027s update the .png and .md file.\n\nCan only update manually.\n","fileTypesAndContributionMap":{"docs":{"insertions":4,"deletions":4}}},{"hash":"28f328237998f67c371228d5ea74a614c1161378","isMergeCommit":true,"messageTitle":"Merge branch \u0027master\u0027 into branch-UpdateAboutUs-JH","messageBody":"","fileTypesAndContributionMap":{}},{"hash":"ba990a880c9787827fd8c7528cbb263487256603","isMergeCommit":true,"messageTitle":"Merge branch \u0027master\u0027 into branch-UpdateAboutUs-JH","messageBody":"# Conflicts:\n#\tdocs/AboutUs.md\n","fileTypesAndContributionMap":{}}]},{"date":"2023-03-01","commitResults":[{"hash":"cf4e2b005ab485dddbe7eab6fb24ea4a43504870","isMergeCommit":false,"messageTitle":"Update UserGuide.md and Ui.png.","messageBody":"The content in UserGuide.md was not sufficient.\n\nRequire to update.\n\nLet\u0027s update the .md and .png file.\n\nCan only update manually.\n","fileTypesAndContributionMap":{"docs":{"insertions":14,"deletions":11}}},{"hash":"2ff214f22e485ae45857fe9905f40a6ee92acffb","isMergeCommit":true,"messageTitle":"Merge pull request #74 from jundatan/branch-Update-UG","messageBody":"Branch update UG and image","fileTypesAndContributionMap":{}},{"hash":"289b9ff8034086d2c959ff915abf065685e1d53f","isMergeCommit":false,"messageTitle":"Update Developer.md.","messageBody":"The content in Developer.md was not sufficient.\n\nRequire to update.\n\nLet\u0027s update the .md file.\n\nCan only update manually.\n","fileTypesAndContributionMap":{"docs":{"insertions":10,"deletions":1}}},{"hash":"2abd15d2f00a11b25e6ff5841ddc95e57dd08dc3","isMergeCommit":false,"messageTitle":"Update Developer.md.","messageBody":"The content in Developer.md was not sufficient.\n\nRequire to update.\n\nLet\u0027s update the .md file.\n\nCan only update manually.\n","fileTypesAndContributionMap":{"docs":{"insertions":3,"deletions":0}}},{"hash":"3c26e9e4dfd4a3074ccd8851dc9e3b013b8c30ad","isMergeCommit":false,"messageTitle":"Update DeveloperGuide.md.","messageBody":"The content in Developer.md was not sufficient.\n\nRequire to update.\n\nLet\u0027s update the .md file.\n\nCan only update manually.\n","fileTypesAndContributionMap":{"docs":{"insertions":2,"deletions":0}}},{"hash":"ecb8e5cbe7af6c5ff3b79773f743076773427096","isMergeCommit":false,"messageTitle":"Update DeveloperGuide.md.","messageBody":"The content in Developer.md was not sufficient.\n\nRequire to update.\n\nLet\u0027s update the .md file.\n\nCan only update manually.\n","fileTypesAndContributionMap":{"docs":{"insertions":2,"deletions":0}}}]},{"date":"2023-03-07","commitResults":[{"hash":"2b4d28b58a1033e50bd3599e7cef0962bb21a2e8","isMergeCommit":true,"messageTitle":"Merge pull request #77 from jundatan/branch-Add-Calorie","messageBody":"Branch add calorie (Can merge)","fileTypesAndContributionMap":{}},{"hash":"5a7ac3b01ec4b84d8f3c7c6273aabaf9434bb61f","isMergeCommit":false,"messageTitle":"Update Ui and list clients function.","messageBody":"Current Ui and listClients has no changes.\n\nRequire to update.\n\nLet\u0027s update the .fxml and listCommand file.\n\nCan only update manually.\n","fileTypesAndContributionMap":{"functional-code":{"insertions":505,"deletions":31},"other":{"insertions":2,"deletions":2},"test-code":{"insertions":8,"deletions":8}}},{"hash":"795fe4ac031c7df1f97dcb4434c27f75241e6708","isMergeCommit":true,"messageTitle":"Merge branch \u0027master\u0027 into branch_UpdateUI_JH","messageBody":"","fileTypesAndContributionMap":{}},{"hash":"0e23678c4b341c44905a12887cbbf1b280050498","isMergeCommit":false,"messageTitle":"Update Ui and list clients function.","messageBody":"Current Ui and listClients has no changes.\n\nRequire to update.\n\nLet\u0027s update the .fxml and listCommand file.\n\nCan only update manually.\n","fileTypesAndContributionMap":{"functional-code":{"insertions":10,"deletions":7}}},{"hash":"7d037138036b15133434a362e5a39337d6a27055","isMergeCommit":false,"messageTitle":"Update Ui and list clients function.","messageBody":"Current Ui and listClients has no changes.\n\nRequire to update.\n\nLet\u0027s update the .fxml and listCommand file.\n\nCan only update manually.\n","fileTypesAndContributionMap":{"functional-code":{"insertions":0,"deletions":4}}},{"hash":"68dc76da8ab12c305e22d1ff09a09a00fdaf5f6a","isMergeCommit":false,"messageTitle":"Update Ui and list clients function.","messageBody":"Current Ui and listClients has no changes.\n\nRequire to update.\n\nLet\u0027s update the .fxml and listCommand file.\n\nCan only update manually.\n","fileTypesAndContributionMap":{"functional-code":{"insertions":2,"deletions":6}}}]},{"date":"2023-03-08","commitResults":[{"hash":"7df8effe941186b9268498901ada5a7f27de7fb9","isMergeCommit":false,"messageTitle":"Update Ui and list clients function.","messageBody":"Current Ui and listClients has no changes.\n\nRequire to update.\n\nLet\u0027s update the .fxml and listCommand file.\n\nCan only update manually.\n","fileTypesAndContributionMap":{"functional-code":{"insertions":30,"deletions":9}}},{"hash":"c375bfa1628bccb3af22445c97363b6622d770cd","isMergeCommit":false,"messageTitle":"Update listClientCommandTest file name.","messageBody":"Current name of listCommandTest has no changes.\n\nRequire to update.\n\nLet\u0027s update the name of listCommandTest file.\n\nCan only update manually.\n","fileTypesAndContributionMap":{"other":{"insertions":1,"deletions":1}}},{"hash":"f8b862f789e9aa0a99598cdd2f9e83bb01a87837","isMergeCommit":false,"messageTitle":"Update FitBook icon.","messageBody":"Current FitBook icon has no changes.\n\nRequire to update.\n\nLet\u0027s update the FitBook icon.\n\nCan only update manually.\n","fileTypesAndContributionMap":{"functional-code":{"insertions":1,"deletions":1}}},{"hash":"6fbe7f1f2eaf33b901666cc57dcfe7963c194925","isMergeCommit":false,"messageTitle":"Update FitBook icon.","messageBody":"Current FitBook icon has no changes.\n\nRequire to update.\n\nLet\u0027s update the FitBook icon.\n\nCan only update manually.\n","fileTypesAndContributionMap":{"functional-code":{"insertions":1,"deletions":1},"test-code":{"insertions":1,"deletions":1}}}]},{"date":"2023-03-09","commitResults":[{"hash":"75536f9b06fe36b116200d351185cf8e923b1c08","isMergeCommit":true,"messageTitle":"Merge pull request #93 from dfordarius/branch-AddUIEnhancement","messageBody":"Add shadows to UI and fix a minor issue","fileTypesAndContributionMap":{}}]},{"date":"2023-03-15","commitResults":[{"hash":"1c76c4def954d1449af8bfa746d2e61e0423936d","isMergeCommit":false,"messageTitle":"Add Schedule feature.","messageBody":"Current appointment has no schedule panel and no time provided.\n\nRequire to update.\n\nLet\u0027s update the schedule panel and appointment time.\n\nCan only update manually.\n","fileTypesAndContributionMap":{"functional-code":{"insertions":292,"deletions":16},"test-code":{"insertions":13,"deletions":13}}},{"hash":"b13b896775a41c9e5fc66ddb89f68ec8c74a2362","isMergeCommit":true,"messageTitle":"Merge branch \u0027master\u0027 into branch-UpdateSchedule-JH","messageBody":"","fileTypesAndContributionMap":{}},{"hash":"956ebfeba938b85174391798a959c4e574176015","isMergeCommit":false,"messageTitle":"Add Schedule feature.","messageBody":"Current appointment has no schedule panel and no time provided.\n\nRequire to update.\n\nLet\u0027s update the schedule panel and appointment time.\n\nCan only update manually.\n","fileTypesAndContributionMap":{"test-code":{"insertions":10,"deletions":7}}}]},{"date":"2023-03-16","commitResults":[{"hash":"affa0fc7bfd54642e8b118b1e3a3b1ca8225d007","isMergeCommit":false,"messageTitle":"Update Ui","messageBody":"Current Ui does not have exercise and schedule tab in menu bar.\n\nRequire to update.\n\nLet\u0027s update the schedule and exercise tab.\n\nCan only update manually.\n","fileTypesAndContributionMap":{"functional-code":{"insertions":260,"deletions":9}}},{"hash":"2b8d566919ce7412c825d75c4916fcb7a1ab6bc7","isMergeCommit":false,"messageTitle":"Update Schedule function","messageBody":"Current Schedule command\u0027s format has error.\n\nRequire to update.\n\nLet\u0027s update the schedule commands.\n\nCan only update manually.\n","fileTypesAndContributionMap":{"functional-code":{"insertions":12,"deletions":12}}},{"hash":"b693df1385eb1a9b4b2b4d32c356440f8fb248c3","isMergeCommit":true,"messageTitle":"Merge branch \u0027branch-UpdateSchedule-JH\u0027 into branch-UpdateUiV2-JH","messageBody":"","fileTypesAndContributionMap":{}}]},{"date":"2023-03-17","commitResults":[{"hash":"1bfeeaa56fdf5272f466d1ab1934a387f2d9bf1f","isMergeCommit":false,"messageTitle":"Update Ui and correct some format error","messageBody":"Current Ui is no sufficient and format has error.\n\nRequire to update.\n\nLet\u0027s update the Ui and command format.\n\nCan only update manually.\n","fileTypesAndContributionMap":{"functional-code":{"insertions":17,"deletions":15}}},{"hash":"3c7483a985999664964655ed8a4ac1bbfc72b2dd","isMergeCommit":false,"messageTitle":"Correct some format error","messageBody":"Current format has error.\n\nRequire to update.\n\nLet\u0027s update the format.\n\nCan only update manually.\n","fileTypesAndContributionMap":{"functional-code":{"insertions":5,"deletions":8}}}]},{"date":"2023-03-21","commitResults":[{"hash":"94766be1ee7799992feacc5ff239b8f64d491ee8","isMergeCommit":false,"messageTitle":"Update the latest version of Ui","messageBody":"Current Ui is not good enough.\n\nRequire to update.\n\nLet\u0027s update the Ui.\n\nCan only update manually.\n","fileTypesAndContributionMap":{"functional-code":{"insertions":108,"deletions":19}}},{"hash":"ac029a7489e0fdeecf607bb57430ca0da6e16eaa","isMergeCommit":false,"messageTitle":"Update the latest version of Ui","messageBody":"Current Ui is not good enough.\n\nRequire to update.\n\nLet\u0027s update the Ui.\n\nCan only update manually.\n","fileTypesAndContributionMap":{"functional-code":{"insertions":4,"deletions":4}}},{"hash":"0da9c4449d30e9212b1d1d1c46d8dd33de0c4555","isMergeCommit":false,"messageTitle":"Update the latest version of Ui","messageBody":"Current Ui is not good enough.\n\nRequire to update.\n\nLet\u0027s update the Ui.\n\nCan only update manually.\n","fileTypesAndContributionMap":{"functional-code":{"insertions":4,"deletions":1}}}]},{"date":"2023-03-22","commitResults":[{"hash":"749339840f2599b03fe03ac666cb91630698ec97","isMergeCommit":false,"messageTitle":"Update the latest version of Ui","messageBody":"Current Ui is not good enough.\n\nRequire to update.\n\nLet\u0027s update the Ui.\n\nCan only update manually.\n","fileTypesAndContributionMap":{"functional-code":{"insertions":0,"deletions":2}}}]}],"jundatan":[{"date":"2023-02-19","commitResults":[{"hash":"73c49a5cb61a593bc8cf6091a484a8f1ae059bc7","isMergeCommit":false,"messageTitle":"Update AboutUs.md","messageBody":"Current AboutUs page is outdated with no picture.\n\nRequired to update AboutUs page.\n\nLet\u0027s add image png and update the details about the AboutUs page\naccordingly.\n\nBest way to update it is manually.\n","fileTypesAndContributionMap":{"docs":{"insertions":3,"deletions":3}}},{"hash":"0a3d784c82976861de8fee703b13bb90f628012d","isMergeCommit":false,"messageTitle":"Add skeletal PPP","messageBody":"Current folder has no portfolio.\n\nPortfolio is essential to show your contributions.\n\nLet\u0027s create a new md file and update accordingly with the skeletal\nPPP.\n\nCreating a md file and updating it as directed to make it\neasily convertible to pdf.\n","fileTypesAndContributionMap":{"docs":{"insertions":50,"deletions":0}}},{"hash":"97f6757e296743464ffa3c3cce302ab4d8ba76b5","isMergeCommit":true,"messageTitle":"Merge pull request #27 from jundatan/branch-Update-About-Us-Jd","messageBody":"Update AboutUs.md","fileTypesAndContributionMap":{}},{"hash":"259c64750129bb228cf18d5d888675de96177567","isMergeCommit":true,"messageTitle":"Merge pull request #26 from jundatan/branch-Add-skeletal-PPP-Jd","messageBody":"Add skeletal PPP for Jun Da","fileTypesAndContributionMap":{}}]},{"date":"2023-02-21","commitResults":[{"hash":"1066f5ba72f40ff49cce738cd03e27396e0c6fc4","isMergeCommit":false,"messageTitle":"Update further for about us page","messageBody":"Current about us page is missing a few details like roles and\nresponsbilities.\n\nRequired to update about us page to make it look presentable.\n\nLet\u0027s add more information to the about us page.\n\nBest way to include more information that is required.\n","fileTypesAndContributionMap":{"docs":{"insertions":19,"deletions":10}}},{"hash":"e8b630785cb46edf3533887829becbfada86b452","isMergeCommit":true,"messageTitle":"Merge pull request #44 from jundatan/branch-Update-About-Us-Jd","messageBody":"Update further for about us page","fileTypesAndContributionMap":{}}]},{"date":"2023-02-25","commitResults":[{"hash":"4a2ca99f762b91a02bc749892259cb66d84cf726","isMergeCommit":true,"messageTitle":"Merge pull request #48 from OliviaJHL/branch-UpdateAboutUs-JH","messageBody":"Update AboutUs","fileTypesAndContributionMap":{}},{"hash":"159e78d4e1d0aeb9448bb28170c8ccde117f342c","isMergeCommit":true,"messageTitle":"Merge pull request #53 from dfordarius/branch-Skeletal-PPP-dfordarius","messageBody":"Update Skeletal PPP","fileTypesAndContributionMap":{}}]},{"date":"2023-02-26","commitResults":[{"hash":"9ec80892dc47908eaeb212e8d2cf0e56d20c49c9","isMergeCommit":false,"messageTitle":"Add calories optional parameter for the add and edit command","messageBody":"Current program has no calories optional parameter.\n\nCalories parameter is required for future tracking\nand possibly other features.\n\nLet\u0027s add the calories class, update the tests and create test for calories.\n\nJson files, test files and new calories class is best way to\nintegrate with the program. New calories class makes it more OOP.\nCalories test helps to ensure that calories class is working properly.\nUpdating all the tests files to ensure it is upto date with the current\nstate.\n","fileTypesAndContributionMap":{"functional-code":{"insertions":155,"deletions":22},"test-code":{"insertions":147,"deletions":35}}},{"hash":"7abab18b9b17482bd5eca011a3a1787cee24b4d2","isMergeCommit":true,"messageTitle":"Merge branch \u0027master\u0027 into branch-Add-Command","messageBody":"Current branch-Add-Command is not up to date.\n\nMerging master to this branch to check sync compatibility.\n\nLet\u0027s merge the master to the branch-Add-Command.\n\nBest way to merge the new updated master with current branch\nthat is still working in progress.\n","fileTypesAndContributionMap":{}},{"hash":"56d0791e0cd22775f07a986f66e63bb05455699b","isMergeCommit":true,"messageTitle":"Merge pull request #55 from OliviaJHL/branch-UpdateAboutUs-JH","messageBody":"Branch update about us jh","fileTypesAndContributionMap":{}},{"hash":"c35d19f30d9b4d2c77102eb0ef75746fe20072e6","isMergeCommit":true,"messageTitle":"Merge branch \u0027master\u0027 into branch-Add-Command","messageBody":"Current branch is not up to date.\n\nMerge master into branch to keep the branch up to date.\n\nLet\u0027s merge the master into the branch.\n\nOnly way to keep branch up to date.\n","fileTypesAndContributionMap":{}},{"hash":"8ba69c9340bae6fff269064eac6a278e6060f4ca","isMergeCommit":false,"messageTitle":"Add appointment class","messageBody":"Current program has no appointment attribute.\n\nClients should have appointment attributes in the fitbook\nto keep track of their appointment timings.\n\nLet\u0027s add appointment classes and update all the commands.\n\nBest way to add appointment attribute like a tag to keep track\nof all the appointment attributes.\n\nCurrent program has some tests failed. Requires to be resolved.\n","fileTypesAndContributionMap":{"functional-code":{"insertions":239,"deletions":17},"test-code":{"insertions":143,"deletions":38}}},{"hash":"18d2a725836580f9dbed207b9d631d6f20af5914","isMergeCommit":true,"messageTitle":"Merge pull request #58 from kalarisng/branch-UpdateAboutUs-Kalaris","messageBody":"Branch update about us kalaris","fileTypesAndContributionMap":{}},{"hash":"9681af6adbae196632e0db8b32b2ab967155fcec","isMergeCommit":true,"messageTitle":"Merge pull request #60 from OliviaJHL/branch-UpdateAboutUs-JH","messageBody":"Update AboutUs.md","fileTypesAndContributionMap":{}},{"hash":"25603e7aa8ca9fbf92666d7015cacc07ef6b866f","isMergeCommit":false,"messageTitle":"Update DG","messageBody":"Current DG is not updated.\n\nDG needs to be updated.\n\nLet\u0027s add some updates to the DG.\n\nOnly way to update it is manually.\n","fileTypesAndContributionMap":{"docs":{"insertions":37,"deletions":53}}},{"hash":"47cdb2f055556d4ed04d643c3597630efedafb25","isMergeCommit":false,"messageTitle":"Update Add in UG","messageBody":"Current Add is from AB3 and not up to date.\n\nAB3 User guide needs to be updated to allow user to follow it.\n\nLet\u0027s update some parts of the Add command for UG.\n\nOnly way to update it is through manual update in UG.\n","fileTypesAndContributionMap":{"docs":{"insertions":5,"deletions":3}}}]},{"date":"2023-02-27","commitResults":[{"hash":"dd205549e55643981197d276116a61b224bec4cd","isMergeCommit":true,"messageTitle":"Merge pull request #64 from dfordarius/branch-UpdateDG","messageBody":"Branch Update DG","fileTypesAndContributionMap":{}},{"hash":"597739ec6ecf8eea1dd8f33d142dd40e27c19917","isMergeCommit":false,"messageTitle":"Update Readme","messageBody":"Readme currently is not up to date.\n\nReadme needs to be updated.\n\nLet\u0027s update Readme manually.\n\nCan only be done manually.\n","fileTypesAndContributionMap":{"docs":{"insertions":5,"deletions":4}}},{"hash":"b7ab94f6f53b8a3bc987a502a00136b003093e72","isMergeCommit":false,"messageTitle":"Update UG","messageBody":"UG is currently not up to date. Traces of Addressbook to be found.\n\nRequired to update the UG.\n\nLet\u0027s manually change and update the UG.\n\nManual update is the only way.\n","fileTypesAndContributionMap":{"docs":{"insertions":5,"deletions":5}}},{"hash":"28b16dd2d65448ae21e8ce7a8ae56967f89b7d3d","isMergeCommit":false,"messageTitle":"Update DG","messageBody":"Current DG Target user not up to date.\n\nDG needs to be up to date and consistent.\n\nLet\u0027s manually update the DG target user.\n\nManual update is the only way.\n","fileTypesAndContributionMap":{"docs":{"insertions":5,"deletions":2}}},{"hash":"1bbc887263b541b6023bbcc241c86f688259aa40","isMergeCommit":true,"messageTitle":"Merge pull request #66 from dfordarius/branch-RefactorClassNames","messageBody":"Refactor names of classes","fileTypesAndContributionMap":{}}]},{"date":"2023-02-28","commitResults":[{"hash":"0b742bdc0f2e39e6cb9c186782bc1b9c7296046b","isMergeCommit":true,"messageTitle":"Merge master into branch and fix conflicts","messageBody":"Current program has AB3 traces of file and classes.\n\nRequired to change classes and file to follow coding standard and OOP.\n\nLet\u0027s fix these conflicts and merge the branches.\n\nConflicts are best handled manually and commit it again.\n","fileTypesAndContributionMap":{}},{"hash":"1458f68d6930b866c900be6c5260d1a64ce64306","isMergeCommit":false,"messageTitle":"Update some md files and UG","messageBody":"Current md files have some issues and UG FitBook name needs changes.\n\nRequired to update documentation.\n\nLet\u0027s update them manually.\n\nManual update is the only way.\n","fileTypesAndContributionMap":{"docs":{"insertions":10,"deletions":56}}},{"hash":"b84e16cb13d0ea4889c835c1b9be3c4808eb87e0","isMergeCommit":false,"messageTitle":"Change Fitbook to FitBook","messageBody":"Fitbook is use in Readme which is not consistent to the\nactual FitBook name.\n\nChange name to avoid bugs.\n\nLet\u0027s change Fitbook to FitBook.\n\nManual changing of documentation is the only way.\n","fileTypesAndContributionMap":{"docs":{"insertions":1,"deletions":1}}},{"hash":"55c76bf25b72088d50be27b2ece27ad94b1a08bf","isMergeCommit":true,"messageTitle":"Merge master to branch and fix conflicts","messageBody":"Current program has conflicts.\n\nRequired to fix the conflicts.\n\nLet\u0027s fix the conflicts.\n\nOnly way to fix conflicts is to make changes manually.\n","fileTypesAndContributionMap":{}},{"hash":"758b280d7f06492b9e5122c8f625f78b6034f32d","isMergeCommit":true,"messageTitle":"Merge master to branch, fix some conflicts and fix some errors","messageBody":"Currently, there are merge conflicts and some issues with documentation.\n\nRequired to fix all the conflicts to merge and fix some bugs in documentation.\n\nLet\u0027s fix the bugs and conflicts.\n\nOnly way is to fix it manually.\n","fileTypesAndContributionMap":{}},{"hash":"c91e1103eeb398f5de3cf3f85d470a0540fd23bb","isMergeCommit":true,"messageTitle":"Update DG further to fix conflicts","messageBody":"There is conflict for DG.\n\nResolve conflict to merge.\n\nLet\u0027s resovle the conflicts.\n\nManually resolving conflicts is the best way.\n","fileTypesAndContributionMap":{}},{"hash":"7843b705e50f10f2390f18f42f02e4fa59cb401e","isMergeCommit":true,"messageTitle":"Resolve conflicts","messageBody":"Current branch has conflicts for PR.\n\nConflicts need to be resolved.\n\nLet\u0027s resolve the conflicts.\n\nManual way is the best way to resolve the conflicts.\n","fileTypesAndContributionMap":{}},{"hash":"90395c57b6b66f54632f1b1e2614a94ed8d7b1fe","isMergeCommit":false,"messageTitle":"Update Readme","messageBody":"Readme currently has issues.\n\nRequired to fix Readme conflicts accordingly.\n\nLet\u0027s fix the conflict correctly.\n\nManual way is the only way to fix it.\n","fileTypesAndContributionMap":{"docs":{"insertions":1,"deletions":1}}},{"hash":"855ab4cf4631b007c18ad34794dd46c578f25e87","isMergeCommit":false,"messageTitle":"Fix conflicts","messageBody":"There are still conflicts in the md files for UG.\n\nRequired to fix the conflcits.\n\nLet\u0027s fix the conflicts.\n\nManual way is the best way to fix the conflicts.\n","fileTypesAndContributionMap":{"docs":{"insertions":1,"deletions":5}}},{"hash":"6d25d712b29a39489983f9fe21acfe100021a1a9","isMergeCommit":false,"messageTitle":"Fix conflicts","messageBody":"There are conflicts.\n\nRequired to fix the conflicts.\n\nLet\u0027s fix the conflicts.\n\nManual way is the only way to fix conflicts.\n","fileTypesAndContributionMap":{"docs":{"insertions":0,"deletions":4}}},{"hash":"001b294a36a0acda2ea0fa9ce204ba3c1ff99dd4","isMergeCommit":true,"messageTitle":"Merge pull request #68 from OliviaJHL/branch-UpdateAboutUs-JH","messageBody":"Update AboutUs.md","fileTypesAndContributionMap":{}},{"hash":"220a1499426a5c54b7e64325ccf33c8acd034ba6","isMergeCommit":true,"messageTitle":"Merge master to branch and resolve conflicts","messageBody":"Current merge has many conflicts.\n\nConflicts need to be resolved in order to merge.\n\nLet\u0027s resolve the conflicts and merge them.\n\nManual checking of conflicts and fixing them is the best way.\n","fileTypesAndContributionMap":{}},{"hash":"d129d1f5cf2d06c4d0f877e1810c0a51863a37d4","isMergeCommit":true,"messageTitle":"Merge pull request #69 from dfordarius/branch-UpdateUG","messageBody":"Update UserGuide and AboutUs","fileTypesAndContributionMap":{}},{"hash":"9de92e5cd498810367073de0fa69d0359946cdc7","isMergeCommit":false,"messageTitle":"Resolve all test failures in the program","messageBody":"Current program has test failures that require fixing.\n\nRequired to pass all tests to ensure that the program has more\ncoverage and automated tests are all working for the new attribute.\n\nLet\u0027s resolve all the test failures to ensure 100% pass for all tests.\n\nDebugging and finding errors are the best way to fix the issues.\n","fileTypesAndContributionMap":{"functional-code":{"insertions":15,"deletions":11},"test-code":{"insertions":1,"deletions":1}}}]},{"date":"2023-03-01","commitResults":[{"hash":"9440d636d0468ac9d1b6e1eb9b1dee86a6b7bba8","isMergeCommit":true,"messageTitle":"Merge pull request #72 from OliviaJHL/branch-UpdateUserGuide-JH","messageBody":"Update UserGuide.md and Ui.png.","fileTypesAndContributionMap":{}},{"hash":"d1761312bea1473deb2203a622e242e8a89984c8","isMergeCommit":false,"messageTitle":"Update User Guide","messageBody":"Current User Guide has traces of AB3.\n\nRequired to remove traces of AB3.\n\nLet\u0027s change AB3 to FitBook.\n\nManual change is the only way.\n","fileTypesAndContributionMap":{"docs":{"insertions":2,"deletions":2}}},{"hash":"2f92961af239be5f3c63beb69167bfe58ac23c1d","isMergeCommit":true,"messageTitle":"Merge branch \u0027master\u0027 into branch-Update-UG","messageBody":"","fileTypesAndContributionMap":{}},{"hash":"7e11ff448f547ce64a7b92575f05061da2eac1ac","isMergeCommit":true,"messageTitle":"Merge pull request #75 from OliviaJHL/branch-UpdateDG-JH","messageBody":"Update Developer.md.","fileTypesAndContributionMap":{}},{"hash":"e1ac06a192a329f829c552020fec3ae3f9292451","isMergeCommit":false,"messageTitle":"Update UG","messageBody":"Current UG has traces of addressbook.\n\nRequired to update UG to remove all traces of addressbook.\n\nLet\u0027s remove all traces of addressbook.\n\nManual removal is the only way.\n","fileTypesAndContributionMap":{"docs":{"insertions":2,"deletions":2}}}]},{"date":"2023-03-03","commitResults":[{"hash":"db01b3c51a9d1944e716ec248843aea0b60df953","isMergeCommit":true,"messageTitle":"Merge pull request #79 from dfordarius/branch-UpdateDG","messageBody":"Branch update DG","fileTypesAndContributionMap":{}},{"hash":"f0ee559a722f3da0c922aa11afac2c60b62d759b","isMergeCommit":true,"messageTitle":"Merge pull request #81 from dfordarius/branch-UpdateGradleProperties","messageBody":"Branch update gradle properties","fileTypesAndContributionMap":{}},{"hash":"b0bc345305c38c48cb1fd5daf76024a37e5fe0d1","isMergeCommit":false,"messageTitle":"Update jundatan.md and DG","messageBody":"Current jundatan.md and DG not up to date.\n\nRequire to update more use cases.\n\nLet\u0027s add more use cases and update jundatan.md.\n\nManual update is the only way to do it.\n","fileTypesAndContributionMap":{"docs":{"insertions":56,"deletions":24}}},{"hash":"a0697a963d4ff6e6f624b8ee38f19e8e91b2c217","isMergeCommit":false,"messageTitle":"Update Developer Guide and jundatan.md","messageBody":"Current markdown files are not up to date.\n\nRequired to update these md files.\n\nLet\u0027s add more use cases and informations.\n\nManual way is the only way to update it.\n","fileTypesAndContributionMap":{"docs":{"insertions":25,"deletions":14}}},{"hash":"2fdf28715e2e78524f00fec995461d77cc0529e0","isMergeCommit":false,"messageTitle":"Add extra extension to use case clear","messageBody":"Current DG has missing extension when use case clear.\n\nBetter to add the missing extension for consistency.\n\nLet\u0027s add the extension.\n\nManually add the extension to DG is the only way.\n","fileTypesAndContributionMap":{"docs":{"insertions":6,"deletions":0}}},{"hash":"86c567ae585e9c24d51244f9cb28014b9f6a5334","isMergeCommit":false,"messageTitle":"Update more on extensions and use cases in DG","messageBody":"Current extension and use case has some issues to resolve in DG.\n\nRequired to do to remove bugs.\n\nLet\u0027s make the changes to the DG.\n\nManual change is the only way to do it.\n","fileTypesAndContributionMap":{"docs":{"insertions":9,"deletions":4}}}]},{"date":"2023-03-04","commitResults":[{"hash":"d89846ead04624c2112da0d638aa817f4e33f8ef","isMergeCommit":false,"messageTitle":"Push current Exercise and Routine class","messageBody":"Routine and Exercise class are not in current program.\n\nPushing Routine and Exercise class for UI purposes.\n\nLet\u0027s push these classes first.\n\nPushing is the only way.\n","fileTypesAndContributionMap":{"functional-code":{"insertions":66,"deletions":0}}}]},{"date":"2023-03-05","commitResults":[{"hash":"1b9446595e853d30f13594de577fd53aad4154b8","isMergeCommit":false,"messageTitle":"Add SampleUtilData tests and update on tests","messageBody":"Current tests have some missing coverage for tests.\n\nAdding more tests makes automation test easier and less buggy code.\n\nLet\u0027s add more tests and a test class SampleUtilData.\n\nAdding SampleUtilData test class with checking of null client returns and check if the sample data is the same, adding new assert method for arrays in Assert class.\n","fileTypesAndContributionMap":{"test-code":{"insertions":64,"deletions":0}}},{"hash":"d94d7c0090caed933bfdfc1122564443d0dd218a","isMergeCommit":false,"messageTitle":"Fix checkstyle error","messageBody":"Current program has checkstyle error.\n\nJava CI will fail if there is checkstyle error.\n\nLet\u0027s fix the checkstyle error by removing certain whitespaces.\n\nManual way is the only way to fix it.\n","fileTypesAndContributionMap":{"test-code":{"insertions":20,"deletions":18}}},{"hash":"61ccd3d4af23450a390f1528911858b235bde9b4","isMergeCommit":false,"messageTitle":"Add more tests for calorie class","messageBody":"Current calorie class has less coverage on tests.\n\nCoverage of automated tests need to increase.\n\nLet\u0027s cover more tests for the program for calorie.\n\nAdd more parserutil tests, calorie related tests in edit and add command parser.\n","fileTypesAndContributionMap":{"test-code":{"insertions":52,"deletions":8}}},{"hash":"cba1e395d47213740c08a18855b6f83a5674700a","isMergeCommit":false,"messageTitle":"Add more tests for ParserUtilTest","messageBody":"Current program has missing appointment tests.\n\nAdding more tests will have more coverage for automation testing.\n\nLet\u0027s add more appointment tests for ParserUtilTest.\n\nAdd a few more tests for ParserUtilTest is the best way to cover\nmore coverage for automation tests.\n","fileTypesAndContributionMap":{"test-code":{"insertions":55,"deletions":0}}},{"hash":"920ad17c819ec4461e61c6080aca3c2200fe4888","isMergeCommit":false,"messageTitle":"Update one test due to error","messageBody":"Current program appointment test in ClientTest class has error.\n\nRequire to fix the error.\n\nLet\u0027s fix the error.\n\nUpdating it is the best way to fix the error.\n","fileTypesAndContributionMap":{"test-code":{"insertions":1,"deletions":1}}},{"hash":"bd7df7043e1fd385828a620dcf6c37bff4f439ba","isMergeCommit":false,"messageTitle":"Update GUI css for appointment","messageBody":"Current program needs GUI css update.\n\nGUI css for appointment is out of place.\n\nLet\u0027s update the appointment GUI css.\n\nUpdate the CSS part of the appointment GUI.\n","fileTypesAndContributionMap":{"functional-code":{"insertions":14,"deletions":0}}},{"hash":"8e8d49fc8ed2c91333544f3db552a3518990fa01","isMergeCommit":true,"messageTitle":"Merge pull request #85 from kalarisng/branch-UpdateDG-Kalaris","messageBody":"Update DG -Kalaris","fileTypesAndContributionMap":{}}]},{"date":"2023-03-06","commitResults":[{"hash":"85929a697d01f280d3ecb20cc8498cc3a5aadaa3","isMergeCommit":true,"messageTitle":"Merge pull request #57 from dfordarius/branch-Add-GenderClass","messageBody":"Branch add Gender and Weight class (Can merge)","fileTypesAndContributionMap":{}}]},{"date":"2023-03-07","commitResults":[{"hash":"8da70b9926ae970b11a1898404bf27974dbf99d5","isMergeCommit":false,"messageTitle":"Add function to hide label when not in use","messageBody":"Current calorie label will create an empty space.\n\nRemoving the empty space when it is not in used will be good\nfor the UI.\n\nLet\u0027s create a condition for the calorie display and\nuse setManaged method to determine if it should be displayed.\n\nsetManaged method allows the fxml file to stop managing\nthe label which is the only way to hide the label if needed.\n","fileTypesAndContributionMap":{"functional-code":{"insertions":7,"deletions":3}}},{"hash":"0b45f567969f8b4ed2bbc3d60475fefcab0ce319","isMergeCommit":true,"messageTitle":"Merge origin into branch and update some testcases","messageBody":"Current program has conflicts with origin. Some testcases are missing.\n\nRequired to fix the conflicts and provide more coverage for automation\ntesting to prevent bugs.\n\nLet\u0027s fix the conflicts and add extra tests for some classes.\n\nManual fixing of conflicts and adding more tests are the only way.\n","fileTypesAndContributionMap":{}},{"hash":"9eac333b3d64a65022d411e11bfcc032e271933f","isMergeCommit":false,"messageTitle":"Update on minor issues","messageBody":"Current program has code quality issues.\n\nFixing of the code quality issues to mitigate any bugs.\n\nLet\u0027s fix these issues.\n\nChanges made to the naming conventions is the only way.\n","fileTypesAndContributionMap":{"functional-code":{"insertions":5,"deletions":5},"test-code":{"insertions":1,"deletions":1}}},{"hash":"74605f126513165d8a717906012109112f564eaf","isMergeCommit":true,"messageTitle":"Merge branch \u0027master\u0027 into branch-Add-Routines","messageBody":"Branch not up to date with master.\n\nUpdate branch with master to work on it.\n\nLet\u0027s merge the master into the branch.\n\nMerging is the only way.\n","fileTypesAndContributionMap":{}}]},{"date":"2023-03-08","commitResults":[{"hash":"088924c82fd6844525c85986fcf1336cb0be3614","isMergeCommit":true,"messageTitle":"Merge pull request #91 from OliviaJHL/branch_UpdateUI_JH","messageBody":"Branch update UI jh","fileTypesAndContributionMap":{}},{"hash":"63a8f7c876cb6059652e3605563b379b6f8de50b","isMergeCommit":false,"messageTitle":"Add Routine and Exercise class with their storage system.","messageBody":"Current program has no Routine and Exercise class.\n\nRequired to create storage system for Routine and Exercise class as it is\na different entity.\n\nLet\u0027s add storage for Exercise and Routine. Additional Commands for Routine:\nAddRoutineCommand and EditRoutineCommand added. Storage with sample data included.\n\nAdding a storage system is better for Exercise and Routine to not mix it with\nthe clients storage. Routine and exercise should be its own entity. However, for\nfuture uses, there should be a link between them.\n\nCurrent Todo/Issue:\n- Testings need to be included.\n- Delete Routine, Find Routine\n- Marking / Unmarking of exercises in routine when tagged to clients.\n","fileTypesAndContributionMap":{"functional-code":{"insertions":1536,"deletions":107},"test-code":{"insertions":16,"deletions":6}}}]},{"date":"2023-03-10","commitResults":[{"hash":"cafd955e89eb5690bec8eb9f24087c9d2f1d2033","isMergeCommit":true,"messageTitle":"Merge pull request #95 from dfordarius/branch-AddUIEnhancement","messageBody":"Fix UI","fileTypesAndContributionMap":{}},{"hash":"8ba537e0b32d2feb50d1a9c949d9e4247bc08646","isMergeCommit":true,"messageTitle":"Merge pull request #94 from dfordarius/branch-RefactorAddress","messageBody":"Branch refactor address","fileTypesAndContributionMap":{}},{"hash":"f102cb019aee43f2372a13e4f0f11a03dccd9fbb","isMergeCommit":false,"messageTitle":"Change editRoutine command","messageBody":"Current editRoutine command functions like edit command.\n\nRequired to change so that user can select which routine to change the\nname or select which routine and the exercise number to change which\nexercise within the routine. This is important because we do not want\nthe users to retype every exercises to change one exercise or routine\nname.\n\nLet\u0027s change the Set for exercises to an ArrayList and change up the\neditCommand format to handle any errors and also compare the\neditedDescriptor with the current routine selected.\n\nUsage of Arraylist is better than Set as Set is unordered and this\nprogram requires an ordered list to do adding and deleting of certain\nexercises. The rationale behind this is to prevent users from clearing\nthe entire list of exercises in a routine when making edits.\n\nCurrent Issues to be handled (Coming soon):\n- Testings\n","fileTypesAndContributionMap":{"functional-code":{"insertions":143,"deletions":91},"test-code":{"insertions":80,"deletions":539}}},{"hash":"7e49eed087abca520b20ed3826ef9336fb673c50","isMergeCommit":false,"messageTitle":"Update checkstyle and builders for routine test","messageBody":"Current program has checkstyle error and missing builders.\n\nRequire to fix these checkstyle errors and add missing builders for\ntests to pass.\n\nLet\u0027s make these changes.\n\nAdding builders and fixing checkstyle errors will fix the issue.\n","fileTypesAndContributionMap":{"functional-code":{"insertions":78,"deletions":76},"test-code":{"insertions":808,"deletions":2}}},{"hash":"78ad419fb61ca5d222840dff949fe1c223fa5d77","isMergeCommit":true,"messageTitle":"Merge branch \u0027master\u0027 into branch-Add-Routines","messageBody":"# Conflicts:\n#\tsrc/main/java/seedu/address/model/FitBookModel.java\n","fileTypesAndContributionMap":{}},{"hash":"9bb600d356e755a39059deaa10dfff68f90cd442","isMergeCommit":false,"messageTitle":"Update to refactor code","messageBody":"Current folders still has traces of addressbook.\n\nRequired to change to fitbook for consistent code quality.\n\nLet\u0027s refactor the name of the folder.\n\nOnly way to refactor.\n","fileTypesAndContributionMap":{"other":{"insertions":1013,"deletions":1035},"docs":{"insertions":13,"deletions":13},"test-code":{"insertions":3,"deletions":3}}},{"hash":"b939083ad8ebe94d990f220be962a34a8caa7ef7","isMergeCommit":true,"messageTitle":"Merge branch \u0027master\u0027 into branch-Add-Routines","messageBody":"# Conflicts:\n#\tsrc/main/java/seedu/fitbook/MainApp.java\n#\tsrc/main/java/seedu/fitbook/logic/parser/FitBookParser.java\n#\tsrc/main/java/seedu/fitbook/logic/parser/ParserUtil.java\n#\tsrc/main/java/seedu/fitbook/model/FitBookModel.java\n#\tsrc/main/java/seedu/fitbook/model/FitBookModelManager.java\n#\tsrc/main/java/seedu/fitbook/storage/Storage.java\n#\tsrc/main/java/seedu/fitbook/storage/StorageManager.java\n#\tsrc/test/java/seedu/address/testutil/ClientBuilder.java\n#\tsrc/test/java/seedu/address/testutil/ClientUtil.java\n#\tsrc/test/java/seedu/address/testutil\n/EditClientDescriptorBuilder.java\n#\tsrc/test/java/seedu/address/testutil/FitBookBuilder.java\n#\tsrc/test/java/seedu/address/testutil/TypicalClients.java\n#\tsrc/test/java/seedu/fitbook/logic/LogicManagerTest.java\n#\tsrc/test/java/seedu/fitbook/logic/commands\n/AddCommandIntegrationTest.java\n#\tsrc/test/java/seedu/fitbook/logic/commands/AddCommandTest.java\n#\tsrc/test/java/seedu/fitbook/logic/commands/ClearCommandTest.java\n#\tsrc/test/java/seedu/fitbook/logic/commands/CommandTestUtil.java\n#\tsrc/test/java/seedu/fitbook/logic/commands/DeleteCommandTest.java\n#\tsrc/test/java/seedu/fitbook/logic/commands\n/EditClientDescriptorTest.java\n#\tsrc/test/java/seedu/fitbook/logic/commands/EditCommandTest.java\n#\tsrc/test/java/seedu/fitbook/logic/commands/FindCommandTest.java\n#\tsrc/test/java/seedu/fitbook/logic/commands\n/ListClientsCommandTest.java\n#\tsrc/test/java/seedu/fitbook/logic/parser\n/AddCommandParserTest.java\n#\tsrc/test/java/seedu/fitbook/logic/parser\n/EditCommandParserTest.java\n#\tsrc/test/java/seedu/fitbook/logic/parser/FitBookParserTest.java\n#\tsrc/test/java/seedu/fitbook/model/FitBookModelManagerTest.java\n#\tsrc/test/java/seedu/fitbook/model/FitBookTest.java\n#\tsrc/test/java/seedu/fitbook/model/client/ClientTest.java\n#\tsrc/test/java/seedu/fitbook/model/client\n/NameContainsKeywordsPredicateTest.java\n#\tsrc/test/java/seedu/fitbook/model/client\n/UniqueClientListTest.java\n#\tsrc/test/java/seedu/fitbook/storage/JsonAdaptedClientTest.java\n#\tsrc/test/java/seedu/fitbook/storage/JsonFitBookStorageTest.java\n#\tsrc/test/java/seedu/fitbook/storage\n/JsonSerializableFitBookTest.java\n#\tsrc/test/java/seedu/fitbook/storage/StorageManagerTest.java\n#\tsrc/test/java/seedu/fitbook/testutil/ClientBuilder.java\n#\tsrc/test/java/seedu/fitbook/testutil/ClientUtil.java\n#\tsrc/test/java/seedu/fitbook/testutil\n/EditClientDescriptorBuilder.java\n#\tsrc/test/java/seedu/fitbook/testutil/FitBookBuilder.java\n#\tsrc/test/java/seedu/fitbook/testutil/TypicalClients.java\n#\tsrc/test/java/seedu/fitbook/testutil/client/ClientBuilder.java\n#\tsrc/test/java/seedu/fitbook/testutil/client/ClientUtil.java\n#\tsrc/test/java/seedu/fitbook/testutil/client\n/EditClientDescriptorBuilder.java\n#\tsrc/test/java/seedu/fitbook/testutil/client/FitBookBuilder.java\n#\tsrc/test/java/seedu/fitbook/testutil/client/TypicalClients.java\n","fileTypesAndContributionMap":{}},{"hash":"900d185d673ca8000bdecb1157836dba6a3b9c0b","isMergeCommit":true,"messageTitle":"Merge pull request #96 from dfordarius/branch-RoutineStorage","messageBody":"Branch routine storage","fileTypesAndContributionMap":{}},{"hash":"411f273e2cadfebaaa003a0f11fbc201a3f25718","isMergeCommit":true,"messageTitle":"Merge pull request #1 from AY2223S2-CS2103T-T15-2/pr/84","messageBody":"Pr/84","fileTypesAndContributionMap":{}},{"hash":"ddcacf05b6d40a2e4afbf9a678894a10e1f768c8","isMergeCommit":true,"messageTitle":"Merge branch \u0027branch-Add-Routines\u0027 into branch-non-master","messageBody":"# Conflicts:\n#\tsrc/main/java/seedu/fitbook/logic/commands/AddRoutineCommand.java\n#\tsrc/main/java/seedu/fitbook/logic/commands\n/EditRoutineCommand.java\n#\tsrc/main/java/seedu/fitbook/logic/parser\n/AddRoutineCommandParser.java\n#\tsrc/main/java/seedu/fitbook/logic/parser\n/EditRoutineCommandParser.java\n#\tsrc/main/java/seedu/fitbook/model/FitBookExerciseRoutine.java\n#\tsrc/main/java/seedu/fitbook/model/FitBookModel.java\n#\tsrc/main/java/seedu/fitbook/model/routines/Routine.java\n#\tsrc/main/java/seedu/fitbook/model/routines/UniqueRoutineList.java\n#\tsrc/main/java/seedu/fitbook/model/util\n/SampleExerciseRoutineDataUtil.java\n#\tsrc/main/java/seedu/fitbook/storage/routine\n/FitBookExerciseRoutineStorage.java\n#\tsrc/main/java/seedu/fitbook/storage/routine\n/JsonAdaptedExercise.java\n#\tsrc/main/java/seedu/fitbook/storage/routine\n/JsonAdaptedRoutine.java\n#\tsrc/main/java/seedu/fitbook/storage/routine\n/JsonFitBookExerciseRoutineStorage.java\n#\tsrc/main/java/seedu/fitbook/storage/routine\n/JsonSerializableFitBookExerciseRoutine.java\n#\tsrc/test/java/seedu/fitbook/logic/LogicManagerTest.java\n#\tsrc/test/java/seedu/fitbook/storage/StorageManagerTest.java\n","fileTypesAndContributionMap":{}}]},{"date":"2023-03-11","commitResults":[{"hash":"34e6354554ee81b48def03e186cddaa12e88fe6d","isMergeCommit":false,"messageTitle":"Fix gradle issues","messageBody":"Current program cannot run on gradle due to refactoring error and UI\nimage has issues as filepath is incorrect.\n\nRequired to fix to remove any errors.\n\nLet\u0027s change the filepath and refactor the naming of the main.\n\nOnly way to fix the error is by changing filepath and refactoring.\n","fileTypesAndContributionMap":{"functional-code":{"insertions":11,"deletions":1},"other":{"insertions":1,"deletions":1}}}]},{"date":"2023-03-14","commitResults":[{"hash":"fde1cdf4e57c049a2a347c57d7a6e7cd8717f413","isMergeCommit":false,"messageTitle":"Update tests for new Routine and Exercise classes","messageBody":"There are no tests for the current Routine and Exercise classes.\n\nRequired automation tests for Routine and Exercise classes.\n\nLet\u0027s add more tests for Routine and Exercise.\n\nAdding more tests related to the classes are one of the best ways.\n","fileTypesAndContributionMap":{"functional-code":{"insertions":46,"deletions":17},"other":{"insertions":124,"deletions":46},"test-code":{"insertions":1607,"deletions":145}}},{"hash":"61e3988acf836419b18871cd147657751c5098d3","isMergeCommit":false,"messageTitle":"Update tests","messageBody":"Some tests causing issues.\n\nUpdate Tests to remove any errors.\n\nLet\u0027s fix these tests.\n\nTests update is the only way.\n","fileTypesAndContributionMap":{"test-code":{"insertions":4,"deletions":1}}},{"hash":"bcc0d0f5b696f9ca55911446151bb187e4bdb2cf","isMergeCommit":false,"messageTitle":"Fix Checkstyle","messageBody":"Error in Checkstyle\n\nRequired to fix it.\n\nLet\u0027s fix the checkstyle errors.\n\nManual fix is the only way.\n","fileTypesAndContributionMap":{"test-code":{"insertions":0,"deletions":3}}},{"hash":"bc5447df0c134c31169b4cd908f4c4946e4df0cc","isMergeCommit":false,"messageTitle":"Fix tests issues and update some refactoring","messageBody":"Current tests have some issues due to list being immutable.\n\nRequired to fix the tests and some refactoring needs to be done.\n\nLet\u0027s fix the tests by setting back to the defaults typical routines\nand do some refactoring.\n\nSetting back to the defaults allow the typical routines checks to be\ndone properly.\n","fileTypesAndContributionMap":{"functional-code":{"insertions":15,"deletions":3},"test-code":{"insertions":15,"deletions":9}}}]},{"date":"2023-03-15","commitResults":[{"hash":"c2482ac41b8b48afde14f3a8efeb10f71883c393","isMergeCommit":true,"messageTitle":"Merge pull request #99 from dfordarius/branch-RoutineStorage","messageBody":"Branch routine storage- Add FindRoutine,ListRoutine,ClearRoutine,DeleteRoutine","fileTypesAndContributionMap":{}},{"hash":"5702decfa598df5cc481e60b3313ad04ca310c34","isMergeCommit":true,"messageTitle":"Merge pull request #106 from kalarisng/branch-UpdateFindUG-Kalaris","messageBody":"Update UG for enhanced Find","fileTypesAndContributionMap":{}}]},{"date":"2023-03-16","commitResults":[{"hash":"59ae9e9418a5aba6217c6f9fcc781bc929dd0368","isMergeCommit":true,"messageTitle":"Merge pull request #107 from OliviaJHL/branch-UpdateSchedule-JH","messageBody":"Branch update schedule jh","fileTypesAndContributionMap":{}},{"hash":"174c49d0fe0410237e729114d8a2b9ab3f1e909d","isMergeCommit":false,"messageTitle":"Update tests for Routine","messageBody":"Current tests for EditRoutineCommandTest is incomplete.\n\nRequired to add tests to reduce any chances of bugs.\n\nLet\u0027s add more tests for the class.\n\nAdding more tests and settling some parts of the tests is the best way.\n","fileTypesAndContributionMap":{"functional-code":{"insertions":1,"deletions":1},"test-code":{"insertions":52,"deletions":45}}},{"hash":"fbba2bbaf8024f7070a250cc987aa8503235f06b","isMergeCommit":true,"messageTitle":"Merge branch \u0027master\u0027 into branch-Add-Routines","messageBody":"","fileTypesAndContributionMap":{}}]},{"date":"2023-03-17","commitResults":[{"hash":"4c96f31249835b3d3c834a463d95445fa8c4140a","isMergeCommit":true,"messageTitle":"Merge pull request #108 from OliviaJHL/branch-UpdateUiV2-JH","messageBody":"Branch update UI v2 jh","fileTypesAndContributionMap":{}},{"hash":"243b571ce0e793e2090ca114afafa94540331998","isMergeCommit":false,"messageTitle":"Update minor code quality issue","messageBody":"EditCommand in the comment.\n\nRequired to change to EditRoutineCommand.\n\nLet\u0027s change it.\n\nManual change is the only way.\n","fileTypesAndContributionMap":{"test-code":{"insertions":1,"deletions":1}}},{"hash":"b9aee1bd186f54d5e2d31d2c03d5698076a60cf5","isMergeCommit":true,"messageTitle":"Merge pull request #89 from dfordarius/branch-Add-GoalClass","messageBody":"Branch add goal class","fileTypesAndContributionMap":{}}]},{"date":"2023-03-20","commitResults":[{"hash":"06202a7701557cd74cb58d8cf1534e463572480a","isMergeCommit":true,"messageTitle":"Merge pull request #112 from kalarisng/branch-UpdateArgMultimapFind-Kalaris","messageBody":"More exception handling","fileTypesAndContributionMap":{}}]},{"date":"2023-03-21","commitResults":[{"hash":"ca32be536408200b52cff89aea183678b99b0eab","isMergeCommit":true,"messageTitle":"Merge pull request #113 from dfordarius/branch-EnableAssertion","messageBody":"Enable assertion","fileTypesAndContributionMap":{}}]},{"date":"2023-03-22","commitResults":[{"hash":"6b963b9320e6b4c42f3bc8df15b0887408f43f03","isMergeCommit":true,"messageTitle":"Merge pull request #114 from OliviaJHL/branch-UpdateUiV1.3-JH","messageBody":"Update the latest version of Ui","fileTypesAndContributionMap":{}},{"hash":"e554891788aa027244c10ff18918d6a736726da8","isMergeCommit":true,"messageTitle":"Merge pull request #115 from dfordarius/branch-DG-Draft","messageBody":"Branch dg draft - Darius","fileTypesAndContributionMap":{}},{"hash":"343d4f455d0708331c825c630826f3c418730ad4","isMergeCommit":false,"messageTitle":"Update DG","messageBody":"Current DG has some visual error.\n\nRequired to fix it.\n\nLet\u0027s make the visual changes for DG.\n\nBest way to do it is manually.\n","fileTypesAndContributionMap":{"docs":{"insertions":2,"deletions":3}}},{"hash":"7057bcf56066355e05ee4c6537f831d7788c0af1","isMergeCommit":true,"messageTitle":"Merge branch \u0027master\u0027 into branch-Update-DG and update DG","messageBody":"Current DG is not up to date.\n\nRequired to update the DG.\n\nLet\u0027s add some use cases for the DG.\n\nAdding DG manually is the only way to update it.\n\n# Conflicts:\n#\tdocs/DeveloperGuide.md\n","fileTypesAndContributionMap":{}},{"hash":"7afeecbfe14a788042d86dbae95684ee4c0e3ef4","isMergeCommit":false,"messageTitle":"Update DG whitespace","messageBody":"Current program has some issues with whitespace.\n\nBetter to remove these whitespaces to make the md more readable.\n\nLet\u0027s check through the DG and remove all these whitespaces.\n\nManual removal is currently the only way.\n","fileTypesAndContributionMap":{"docs":{"insertions":2,"deletions":7}}}]},{"date":"2023-03-23","commitResults":[{"hash":"6f3fff4c2a269a704d11df8a31d3f48d737dc10f","isMergeCommit":true,"messageTitle":"Merge pull request #124 from dfordarius/branch-Add-GoalClass","messageBody":"Fix issue in goal class","fileTypesAndContributionMap":{}}]}],"dfordarius":[{"date":"2023-02-17","commitResults":[{"hash":"2268783014043faa4f50d6d54544da83eb8fd0a1","isMergeCommit":false,"messageTitle":"Update README.md","messageBody":"","fileTypesAndContributionMap":{"docs":{"insertions":1,"deletions":1}}},{"hash":"6ccd584927195efa7817e2f02580aa870c761c4f","isMergeCommit":false,"messageTitle":"Update README.md","messageBody":"","fileTypesAndContributionMap":{"docs":{"insertions":1,"deletions":1}}},{"hash":"7ca7edac57271cf43724511132c35744321b7df6","isMergeCommit":false,"messageTitle":"Update README.md","messageBody":"","fileTypesAndContributionMap":{"docs":{"insertions":1,"deletions":1}}}]},{"date":"2023-02-19","commitResults":[{"hash":"4803f507ff9d4eba5dfb4eda002ebc33ffb49aee","isMergeCommit":false,"messageTitle":"Update AboutUs.md","messageBody":"","fileTypesAndContributionMap":{"docs":{"insertions":1,"deletions":1}}},{"hash":"c97529b72c70c2b8be7cdd305c9f7325d59dd53d","isMergeCommit":true,"messageTitle":"Merge pull request #28 from dfordarius/master","messageBody":"Update AboutUs.md - Darius picture","fileTypesAndContributionMap":{}},{"hash":"143da7477642a5b10d7b3c8fa64334787f05b261","isMergeCommit":false,"messageTitle":"Update Skeletal PPP","messageBody":"","fileTypesAndContributionMap":{"docs":{"insertions":1,"deletions":1}}},{"hash":"3be4022133bbd63710d5e4ed8d321f283dc89df3","isMergeCommit":true,"messageTitle":"Merge pull request #29 from dfordarius/branch-Skeletal-PPP-Darius","messageBody":"Add Skeletal PPP Darius ","fileTypesAndContributionMap":{}}]},{"date":"2023-02-20","commitResults":[{"hash":"c47fe5c8d68fe2be972e18c7a0a9fd56b3a976c3","isMergeCommit":false,"messageTitle":"Update ReadMe.md","messageBody":"","fileTypesAndContributionMap":{"docs":{"insertions":4,"deletions":7}}},{"hash":"0d67363dd391065d2e202613f08ab973068301ec","isMergeCommit":true,"messageTitle":"Merge pull request #37 from dfordarius/master","messageBody":"Update ReadMe.md","fileTypesAndContributionMap":{}},{"hash":"aab656a5663ee73862b3c076a1ad8556148143ca","isMergeCommit":false,"messageTitle":"Change ReadMe.md","messageBody":"","fileTypesAndContributionMap":{"docs":{"insertions":1,"deletions":0}}},{"hash":"0c937b019ef387f3339e20c54f39a60b0ee3262f","isMergeCommit":true,"messageTitle":"Merge pull request #38 from dfordarius/master","messageBody":"Change ReadMe.md","fileTypesAndContributionMap":{}},{"hash":"460224bfb2c138a2b310d4d8e1f0eafa4b81cafc","isMergeCommit":false,"messageTitle":"Update index.md","messageBody":"","fileTypesAndContributionMap":{"docs":{"insertions":5,"deletions":5}}},{"hash":"f4882351cf50dafdb60813a3f89df3d7d4455d2e","isMergeCommit":true,"messageTitle":"Merge pull request #39 from dfordarius/master","messageBody":"Update index.md","fileTypesAndContributionMap":{}}]},{"date":"2023-02-21","commitResults":[{"hash":"6a3448e043d3b3f801f09a6401d4ad451d340f22","isMergeCommit":false,"messageTitle":"test branch","messageBody":"","fileTypesAndContributionMap":{"functional-code":{"insertions":8,"deletions":0}}},{"hash":"2faa84aacd8de8ccf10bb9ab07559868466f7e55","isMergeCommit":false,"messageTitle":"Add Weight Class","messageBody":"Currently FitBook does not have a weight property for its clients.\n\nThe weight of each person entity is crucial for Users to understand more\nabout their clients.\n\nLets add the ability to store weight data in person.\n","fileTypesAndContributionMap":{"functional-code":{"insertions":111,"deletions":25},"test-code":{"insertions":32,"deletions":15}}},{"hash":"bcfcd0f98cf5990259fd34182c386a60c58f3c64","isMergeCommit":false,"messageTitle":"Delete extra java files","messageBody":"Found files not supposed to be in this branch.\n\nRemove Goal.java\n","fileTypesAndContributionMap":{"functional-code":{"insertions":0,"deletions":4}}}]},{"date":"2023-02-22","commitResults":[{"hash":"c4788008663639b54a6530e30ad358e59b513d57","isMergeCommit":false,"messageTitle":"Add Gender Class","messageBody":"FitBook does not have a gender property for its class person.\n\nThe gender of a person in FitBook can be useful for users.\n\nLets add the ability to add a gender in FitBook.\n","fileTypesAndContributionMap":{"functional-code":{"insertions":131,"deletions":20},"test-code":{"insertions":22,"deletions":11}}},{"hash":"bee1480377534da38f12902b9bf1fc601ce8a149","isMergeCommit":false,"messageTitle":"Fix CheckStyle","messageBody":"Current checkystyle does not pass.\n\nLets edit the code so that it is in line with the java coding standard.\n\nFix checkstyle in current code.\n","fileTypesAndContributionMap":{"functional-code":{"insertions":30,"deletions":7},"test-code":{"insertions":43,"deletions":5}}},{"hash":"4985a296b7b7d1677ecc71f3da13aff48eb9790a","isMergeCommit":false,"messageTitle":"fix #1","messageBody":"","fileTypesAndContributionMap":{"functional-code":{"insertions":2,"deletions":0},"test-code":{"insertions":9,"deletions":1}}}]},{"date":"2023-02-25","commitResults":[{"hash":"d4ab5ff4ff1421596cd3a32b41b2052d25fe206c","isMergeCommit":false,"messageTitle":"Minor changes to Logic","messageBody":"Current state of logic does not work well with new gender class.\n\nLets update logic so it runs properly.\n","fileTypesAndContributionMap":{"functional-code":{"insertions":1,"deletions":3},"test-code":{"insertions":15,"deletions":12}}},{"hash":"523774961eebd54f88f5da272d72f8a30a35a604","isMergeCommit":false,"messageTitle":"Update Skeletal PPP","messageBody":"Current skeletal does not have repo-sense link.\n\nAdd repo-sense link\n","fileTypesAndContributionMap":{"docs":{"insertions":23,"deletions":23}}},{"hash":"4e9797d8ec6b555abcd767cb4bd919cdc3dd9993","isMergeCommit":true,"messageTitle":"Merge branch \u0027master\u0027 into branch-Add-GenderClass","messageBody":"","fileTypesAndContributionMap":{}}]},{"date":"2023-02-26","commitResults":[{"hash":"edc94cfde1eddc58056800592e378d62251b3ca2","isMergeCommit":false,"messageTitle":"Add both gender and weight class","messageBody":"FitBook did not have gender and weight information for its person.\n\nGender and weight are useful information for users to know more about\ntheir clients.\n\nLets add Gender and Weight Classes.\n","fileTypesAndContributionMap":{"functional-code":{"insertions":24,"deletions":10},"test-code":{"insertions":60,"deletions":34}}}]},{"date":"2023-02-27","commitResults":[{"hash":"f97e8066dc9fae4aa2bf8397be6f747ae4953b76","isMergeCommit":false,"messageTitle":"test","messageBody":"","fileTypesAndContributionMap":{"other":{"insertions":1,"deletions":1}}},{"hash":"9d72bba5d9083c713645b5439d4c5c31aefcf508","isMergeCommit":true,"messageTitle":"Merge pull request #61 from jundatan/branch-Update-DG","messageBody":"Update DG","fileTypesAndContributionMap":{}},{"hash":"412a4deeee70d6df9986dd674d5c627ced5dad64","isMergeCommit":false,"messageTitle":"Update Developer guide","messageBody":"FitBook\u0027s current developer guide does not state our target user\nprofile, FitBook\u0027s value proposition as well as user stories\n\nLets update the developer guide by adding the above mentioned.\n","fileTypesAndContributionMap":{"other":{"insertions":1,"deletions":1},"docs":{"insertions":33,"deletions":10}}},{"hash":"fa338924a7d1e8951d33aeb14439b601d5c8c41e","isMergeCommit":false,"messageTitle":"Fix checkstyle","messageBody":"Current dfordarius.md and kalaris.md has trailing whtiespaces.\n\nLets remove them to follow the checkstyle.\n","fileTypesAndContributionMap":{"other":{"insertions":1,"deletions":1},"docs":{"insertions":22,"deletions":22}}},{"hash":"342a8bf9b5771823ba623fc5b4fc312c6d64ab67","isMergeCommit":false,"messageTitle":"Refactor names of classes","messageBody":"Currently there are still traces of AB3.\n\nLets update the codebase so that it is in line with our docs as well as\nclass names which are in line with FitBook.\n","fileTypesAndContributionMap":{"functional-code":{"insertions":760,"deletions":760},"other":{"insertions":307,"deletions":307},"docs":{"insertions":318,"deletions":318},"test-code":{"insertions":994,"deletions":994}}},{"hash":"9885e72cd4a7224a0fd6e66b1743f618bb20f0b8","isMergeCommit":true,"messageTitle":"Merge branch \u0027master\u0027 into branch-RefactorClassNames","messageBody":"","fileTypesAndContributionMap":{}}]},{"date":"2023-02-28","commitResults":[{"hash":"fa1e118c97721f97c72362548458309ec644fe1c","isMergeCommit":true,"messageTitle":"Merge branch \u0027master\u0027 into branch-Add-GenderClass","messageBody":"Resolve conflicts\n","fileTypesAndContributionMap":{}},{"hash":"090976ea22d9102d3dd24380518ca58b85c97c33","isMergeCommit":true,"messageTitle":"Merge pull request #67 from jundatan/branch-Update-DG","messageBody":"Update DG (Merge first)","fileTypesAndContributionMap":{}},{"hash":"5dd26fdbd149d39b241dec59550665e33c8a53ac","isMergeCommit":true,"messageTitle":"Merge pull request #65 from jundatan/branch-Update-ReadMe","messageBody":"Update Readme (Merge second)","fileTypesAndContributionMap":{}},{"hash":"277eb47d6bf888f29314ea7f3dd2f590a93aa053","isMergeCommit":true,"messageTitle":"Merge pull request #62 from jundatan/branch-Update-UG","messageBody":"Update Add in UG (Merge Third)","fileTypesAndContributionMap":{}},{"hash":"09a8144f97f93777e2aa3a96f27e054dcaab8962","isMergeCommit":false,"messageTitle":"Update UserGuide and AboutUs","messageBody":"Currently missing information about FitBook in UserGuide.\n\nLets update the neccessary information in the AboutUs and UserGuide\nfiles.\n","fileTypesAndContributionMap":{"docs":{"insertions":5,"deletions":2}}},{"hash":"64bacfda0ed66b89c018199d734d42084324281d","isMergeCommit":true,"messageTitle":"Merge branch \u0027master\u0027 into branch-UpdateUG-Kalaris","messageBody":"","fileTypesAndContributionMap":{}},{"hash":"47ad660ac27038d7bc994ac7bdf4337bc3faa3d8","isMergeCommit":true,"messageTitle":"Merge pull request #70 from kalarisng/branch-UpdateUG-Kalaris","messageBody":"Update UG for find","fileTypesAndContributionMap":{}}]},{"date":"2023-03-01","commitResults":[{"hash":"62ea20d0964b47284cf262d213c070c3055e7038","isMergeCommit":false,"messageTitle":"Fix checkstyle","messageBody":"There were a few lines of code with trailing whitespaces.\n\nLets do a quick fix to remove these whitespaces.\n","fileTypesAndContributionMap":{"docs":{"insertions":8,"deletions":9}}},{"hash":"90c01f2961e933aba6221867be53f860ce48719b","isMergeCommit":true,"messageTitle":"Merge branch \u0027master\u0027 into branch-Add-GenderClass","messageBody":"","fileTypesAndContributionMap":{}},{"hash":"cd39c1363e340521456e7fb2e984c44fed9d7c37","isMergeCommit":false,"messageTitle":"Fix EOF error","messageBody":"Missing new line at the end of file in \u0027build.gradle\u0027.\n\nLets add a new end of line to fix the error.\n","fileTypesAndContributionMap":{"other":{"insertions":1,"deletions":1}}},{"hash":"36a6abce2ba299b75a3aba9866710753d4c21f27","isMergeCommit":true,"messageTitle":"Merge pull request #76 from jundatan/branch-Update-UG","messageBody":"Update UG","fileTypesAndContributionMap":{}}]},{"date":"2023-03-02","commitResults":[{"hash":"77283780fc5859b3e8d57341171bae663b8cd63f","isMergeCommit":false,"messageTitle":"add fix to deprecated gradle support","messageBody":"Currently there functions that will be deprecated by gradle.\n\nLets add a suppression to hide these messages.\n","fileTypesAndContributionMap":{"other":{"insertions":1,"deletions":0}}},{"hash":"2183730375ff87dbffe3403829c6d106d66f1206","isMergeCommit":true,"messageTitle":"Merge branch \u0027master\u0027 into branch-Add-GenderClass","messageBody":"","fileTypesAndContributionMap":{}},{"hash":"669a750d438c697e4f534e68d9cbc87e3b55ad5a","isMergeCommit":false,"messageTitle":"Add testing for Gender and Weight Class","messageBody":"Currently FitBook\u0027s code coverage is not that good as testing has not\nbeen added for the new classes Gender and Weight.\n\nLets improve code coverage by adding testing for both Gender and Weight\nClass.\n","fileTypesAndContributionMap":{"functional-code":{"insertions":1,"deletions":1},"test-code":{"insertions":164,"deletions":0}}},{"hash":"85f5285b62f44d9c7cc3f6c2740fb0df6fa00d89","isMergeCommit":false,"messageTitle":"fix checkstyle","messageBody":"Missing EOF line in gradle.properties.\n\nLets fix this error by adding an extra line at the end.\n","fileTypesAndContributionMap":{"other":{"insertions":1,"deletions":1}}},{"hash":"b96cb592be095f96a3e4fee9d8d56be4df965dd3","isMergeCommit":false,"messageTitle":"fix checkstyle","messageBody":"Missing EOF line in gradle.properties.\n\nLets fix this error by adding an extra line at the end.\n","fileTypesAndContributionMap":{"other":{"insertions":1,"deletions":1}}},{"hash":"bb96647b5830d971bcf27b5422c8cc79d0f1dd5e","isMergeCommit":true,"messageTitle":"Merge branch \u0027AY2223S2-CS2103T-T15-2:master\u0027 into master","messageBody":"","fileTypesAndContributionMap":{}},{"hash":"329d0cc24ce0c14cdb13b2a02efa703d88330935","isMergeCommit":true,"messageTitle":"Merge branch \u0027master\u0027 into branch-Add-GenderClass","messageBody":"","fileTypesAndContributionMap":{}},{"hash":"4a4a02227fd4fff936db20874d4b8a7900aa2659","isMergeCommit":false,"messageTitle":"Update DG","messageBody":"Currently FitBook\u0027s developer guide does not have a use case for the editing\ncommand.\n\nLets add the use case for the editing command.\n","fileTypesAndContributionMap":{"docs":{"insertions":27,"deletions":4}}},{"hash":"354168dd1f7f7cd94f632bfc53c38440ba4454ce","isMergeCommit":false,"messageTitle":"Update gradle properties","messageBody":"Currently there are some functions that has been deprecated by gradle.\n\nLets add a suppresion to hide these messages.\n","fileTypesAndContributionMap":{"other":{"insertions":1,"deletions":0}}}]},{"date":"2023-03-03","commitResults":[{"hash":"352acd83b112f5ea22bcb4a2664aef6d7f87486f","isMergeCommit":false,"messageTitle":"Add testing for EditClientDesciptionTest","messageBody":"Currently, Fitbook does not have coverage of EditClientDescriptionTest\ndue to changes in the code.\n\nLets add testing to ensure coverage.\n","fileTypesAndContributionMap":{"test-code":{"insertions":10,"deletions":0}}},{"hash":"fa190855ce1b50833b5af3843297502cdd334bd3","isMergeCommit":true,"messageTitle":"Merge branch \u0027master\u0027 into branch-Add-GenderClass","messageBody":"","fileTypesAndContributionMap":{}},{"hash":"f4e934f3648825dfb8e3da13436a804850a943e7","isMergeCommit":true,"messageTitle":"Merge pull request #82 from jundatan/branch-Update-DG","messageBody":"Update DG and own md","fileTypesAndContributionMap":{}}]},{"date":"2023-03-05","commitResults":[{"hash":"2776e03268423e18b696d1ab0f6f4f1635949f57","isMergeCommit":true,"messageTitle":"Merge branch \u0027master\u0027 into branch-Add-GenderClass","messageBody":"","fileTypesAndContributionMap":{}},{"hash":"f2c52f454296757e4ba136df0ba7c567fb4ad4e2","isMergeCommit":false,"messageTitle":"Add testing for symmetric property","messageBody":"Currently there are no test to check whether hashcodes returns the same\nvalues.\n\nLets add tests to check the hashcode values.\n","fileTypesAndContributionMap":{"test-code":{"insertions":15,"deletions":0}}},{"hash":"7aa0f2c211271d02c888931a803d0bc5f4d3745d","isMergeCommit":true,"messageTitle":"Merge pull request #78 from jundatan/branch-Add-Appointment","messageBody":"Branch add appointment (Can merge)","fileTypesAndContributionMap":{}},{"hash":"5697ca72e57affcd1ec04f9422751b269ef3f49f","isMergeCommit":true,"messageTitle":"Merge branch \u0027master\u0027 into branch-Add-GenderClass","messageBody":"","fileTypesAndContributionMap":{}},{"hash":"efd2a96c5bc941597944322048cb6ef6d0c4ae0e","isMergeCommit":false,"messageTitle":"fix checkstyle","messageBody":"Prior merges resulted in checkstyle issues.\n\nLets fix these checkstyle issues.\n","fileTypesAndContributionMap":{"functional-code":{"insertions":12,"deletions":12},"test-code":{"insertions":20,"deletions":21}}}]},{"date":"2023-03-06","commitResults":[{"hash":"2056fc1cfca0252ef930bef02a1c416fcadbe463","isMergeCommit":false,"messageTitle":"Fix checkstyle and changes","messageBody":"There were a few merge conflicts that resulted in errors in code.\n\nLets make these changes to resolve the error.\n","fileTypesAndContributionMap":{"functional-code":{"insertions":27,"deletions":29},"test-code":{"insertions":28,"deletions":14}}},{"hash":"06fce9ace4afdeeff3dd0c8a9cc93dab8816397c","isMergeCommit":false,"messageTitle":"update clienttest testing","messageBody":"Currently missing an assert line.\n\nLets add the assert line to ensure code is working.\n","fileTypesAndContributionMap":{"test-code":{"insertions":1,"deletions":0}}}]},{"date":"2023-03-07","commitResults":[{"hash":"6b57cc00489fc1afd9756248a8dad7660bd926fd","isMergeCommit":false,"messageTitle":"Add goal class and integrate it into Client","messageBody":"Currently FitBook does not have a goal class and Client\u0027s are unable to\nsave their goals.\n\nLets add the goal class and integrate it into FitBook so that the user\ncan set Client goals.\n","fileTypesAndContributionMap":{"functional-code":{"insertions":118,"deletions":20},"test-code":{"insertions":85,"deletions":44}}},{"hash":"a5e90d7a1fe4c6e0782ae164e6b0d6df81d37a58","isMergeCommit":true,"messageTitle":"Merge branch \u0027master\u0027 into branch-Add-GoalClass","messageBody":"","fileTypesAndContributionMap":{}},{"hash":"81f4e49748ae54cfccb0ce75be431fe92b687fcd","isMergeCommit":false,"messageTitle":"Fix checkstyle","messageBody":"Merging caused issues in checkstyle.\n\nLets fix this checkstyle issues.\n","fileTypesAndContributionMap":{"functional-code":{"insertions":3,"deletions":2},"test-code":{"insertions":1,"deletions":3}}}]},{"date":"2023-03-08","commitResults":[{"hash":"0c51dd87df22caed35fa7ea69950961ec0931eec","isMergeCommit":false,"messageTitle":"Add testing for goal class and Appointment class","messageBody":"Currently lack of testing for goal class.\n\nLets add testing for the newly added goal class so that we have good\ncode coverage.\n","fileTypesAndContributionMap":{"functional-code":{"insertions":9,"deletions":2},"test-code":{"insertions":89,"deletions":0}}},{"hash":"b30edd40bcf825e4f337d6954e49c1fe5365de42","isMergeCommit":false,"messageTitle":"Add more testing for goal class","messageBody":"Currently coverage is not up to satisfaction.\n\nLets add more testing to improve code coverage\n","fileTypesAndContributionMap":{"functional-code":{"insertions":12,"deletions":4},"test-code":{"insertions":44,"deletions":16}}},{"hash":"516132bb4e25b2b3a94fc8750cdfe71113a7ac7d","isMergeCommit":true,"messageTitle":"Merge pull request #88 from OliviaJHL/branch_UpdateUI_JH","messageBody":"Branch update UI jh","fileTypesAndContributionMap":{}},{"hash":"1a1fcc380418420a5481880a5e90642ca5ef0a48","isMergeCommit":false,"messageTitle":"testing export function","messageBody":"Currently there is no functionality to support exporting data.\n\nLets add the ability to export data into a CSV file.\n","fileTypesAndContributionMap":{"functional-code":{"insertions":56,"deletions":6}}},{"hash":"801c466aa4fc9a2bfa05d6bf0399b99cd5a005ea","isMergeCommit":true,"messageTitle":"Merge branch \u0027master\u0027 into branch-AddExportFunction","messageBody":"","fileTypesAndContributionMap":{}},{"hash":"a4939e8b39ae37474dcf646a337577d7f2d0b854","isMergeCommit":false,"messageTitle":"Fix checkstyle for export","messageBody":"Currently there are checkstyle issues in the ExportCommand.\n\nLets fix these checkstyle issues.\n\nLets fix these checkstyle issues.\n","fileTypesAndContributionMap":{"functional-code":{"insertions":34,"deletions":16},"docs":{"insertions":12,"deletions":12}}}]},{"date":"2023-03-09","commitResults":[{"hash":"6e8d5907a79e86f0d4473d4d269bc5664cf070af","isMergeCommit":false,"messageTitle":"Fix checkstyle","messageBody":"There are checkstyle issues in FitBook.\n\nLets fix these checkstyle issues.\n","fileTypesAndContributionMap":{"functional-code":{"insertions":39,"deletions":39}}},{"hash":"549688eb8b5b2373535cfa8cccffee55578da5a7","isMergeCommit":true,"messageTitle":"Merge branch \u0027master\u0027 into branch-Add-GoalClass","messageBody":"","fileTypesAndContributionMap":{}},{"hash":"b7c9f1873eb3f88276c2296151c86b5ae12260ce","isMergeCommit":false,"messageTitle":"Add shadows to UI and fix a minor issue","messageBody":"Currently UI looks very 1 dimensional.\n\nLets enhance the UI by making adding shadows borders.\n","fileTypesAndContributionMap":{"functional-code":{"insertions":27,"deletions":19}}},{"hash":"f07cc35bd7c0f10661c6026e526148db05780432","isMergeCommit":false,"messageTitle":"Fix checkstyle in DG and jundatan.md","messageBody":"Currently there are trailing white spaces in DG and jundatan.md.\n\nLets fix these minor issues.\n","fileTypesAndContributionMap":{"functional-code":{"insertions":1,"deletions":1},"docs":{"insertions":9,"deletions":9}}},{"hash":"2e8b3d57cd3e0a71f1ba45b70975e9b1543dbb16","isMergeCommit":false,"messageTitle":"Refactor address to fitbook","messageBody":"Currently the package is still named \"address\".\n\nLets refactor address to fitbook for consistency and clarity.\n","fileTypesAndContributionMap":{"other":{"insertions":872,"deletions":872},"docs":{"insertions":26,"deletions":26},"test-code":{"insertions":3,"deletions":3}}},{"hash":"7c256b563afe5f9290cd3e9e606fb66579f8fd1e","isMergeCommit":false,"messageTitle":"Fix links in developer guide","messageBody":"","fileTypesAndContributionMap":{"functional-code":{"insertions":1,"deletions":1}}},{"hash":"94f2c5f0c16d6f868b5bdfee10b0d7cdfb5197cf","isMergeCommit":true,"messageTitle":"Merge branch \u0027branch-RoutineStorage\u0027 into pr/84","messageBody":"","fileTypesAndContributionMap":{}},{"hash":"312d22a64a7690cf9d21d85377fc33567b0b3917","isMergeCommit":true,"messageTitle":"Merge pull request #1 from AY2223S2-CS2103T-T15-2/pr/84","messageBody":"Pr/84","fileTypesAndContributionMap":{}},{"hash":"341d6ca990cb4e80850f88348101fa88d29f03bf","isMergeCommit":false,"messageTitle":"Fix UI","messageBody":"Currently FitBook has duplicated code.\n\nLets remove the duplicated codes.\n","fileTypesAndContributionMap":{"functional-code":{"insertions":0,"deletions":10}}},{"hash":"326744ba4fe274578b3b4390935ed4f6064ac2b2","isMergeCommit":false,"messageTitle":"refactor","messageBody":"","fileTypesAndContributionMap":{"other":{"insertions":872,"deletions":872},"docs":{"insertions":13,"deletions":13},"test-code":{"insertions":2,"deletions":2}}},{"hash":"513597174b33641bc184a0866726457b1cb5db59","isMergeCommit":false,"messageTitle":"refactor","messageBody":"","fileTypesAndContributionMap":{"other":{"insertions":872,"deletions":872},"docs":{"insertions":22,"deletions":22},"test-code":{"insertions":2,"deletions":2}}},{"hash":"ef22dc827aeb2b644b08018f8beccae265931f48","isMergeCommit":true,"messageTitle":"Merge branch \u0027master\u0027 into branch-RefactorAddress","messageBody":"","fileTypesAndContributionMap":{}},{"hash":"274b94f97bfb35215d5ae7d527007492318dbacd","isMergeCommit":false,"messageTitle":"refactor","messageBody":"Currently package is still named address.\n\nLets change it to fitbook.\n","fileTypesAndContributionMap":{"other":{"insertions":872,"deletions":872},"docs":{"insertions":14,"deletions":14},"test-code":{"insertions":2,"deletions":2}}}]},{"date":"2023-03-10","commitResults":[{"hash":"bfa3179fa9c27331010bcfd7fd642930a1836034","isMergeCommit":false,"messageTitle":"refactored address to fitbook","messageBody":"Currently package still has the name address.\n\nLets refactor address to fitbook\n","fileTypesAndContributionMap":{"other":{"insertions":978,"deletions":997},"docs":{"insertions":13,"deletions":13},"test-code":{"insertions":3,"deletions":3}}},{"hash":"a09769e3d4284d0419b460c5a119e12e90ff5d6b","isMergeCommit":true,"messageTitle":"Merge branch \u0027master\u0027 into branch-RoutineStorage","messageBody":"","fileTypesAndContributionMap":{}},{"hash":"057ac231f5acda43bf31c52ed8d6929b46448dc4","isMergeCommit":true,"messageTitle":"Merge pull request #98 from jundatan/branch-non-master","messageBody":"Update Test Branch with new Exercise Routine (Test Branch)","fileTypesAndContributionMap":{}},{"hash":"8588dfe769d85efbadb0fc00efec2eb1c2b6e77e","isMergeCommit":true,"messageTitle":"Merge pull request #2 from AY2223S2-CS2103T-T15-2/pr/84","messageBody":"Pr/84","fileTypesAndContributionMap":{}},{"hash":"082db38f1b1b7df7322fb2d35b40f872cd103aaf","isMergeCommit":false,"messageTitle":"Add findroutinecommand","messageBody":"Currently fitbook does not have the functionality to find routines.\n\nLets add the ability to find routine by name.\n","fileTypesAndContributionMap":{"functional-code":{"insertions":76,"deletions":0}}},{"hash":"67ed7d4b96a9db6982f6766751501370185bb6f3","isMergeCommit":false,"messageTitle":"Add FindRoutine, ListRoutine, ClearRoutine","messageBody":"Currently FitBook does not have the ability to support finding routines,\nlisting routines and clearing routines.\n\nLets add these functionalities in.\n\nTestings for the above additions have not been added.\n","fileTypesAndContributionMap":{"functional-code":{"insertions":107,"deletions":7}}},{"hash":"07df8c6459c0a7da9963d3f7c6c4fcaa2c9e4415","isMergeCommit":false,"messageTitle":"minor fix","messageBody":"Currently there are checkstyle issues in Export Command.\n\nLets fix checkstyle issues.\n","fileTypesAndContributionMap":{"functional-code":{"insertions":1,"deletions":1}}}]},{"date":"2023-03-11","commitResults":[{"hash":"e3032fe90bd87321836875d562bbf1cd58c9fc22","isMergeCommit":false,"messageTitle":"fix UI css","messageBody":"","fileTypesAndContributionMap":{"functional-code":{"insertions":1,"deletions":1}}}]},{"date":"2023-03-12","commitResults":[{"hash":"bddd64890df675b032d44a822ae7671fa5eb457b","isMergeCommit":false,"messageTitle":"Add testing for findRoutine and ListRoutine","messageBody":"Currently there are no test integrations for findRoutine and\nlistRoutine.\n\nTesting is essential to ensure code coverage.\n\nLets add testing for findRoutine and listRoutine.\n","fileTypesAndContributionMap":{"functional-code":{"insertions":3,"deletions":3},"other":{"insertions":1,"deletions":2},"test-code":{"insertions":492,"deletions":73}}},{"hash":"c7c8364a9a0af0928e5246f8b395027e8a493e6f","isMergeCommit":false,"messageTitle":"Add missing javadocs","messageBody":"Currently exportcommand has no javadocs.\n\nJavadocs is important to increase reader\u0027s understandability.\n\nLets add javadocs to ExportCommand.\n","fileTypesAndContributionMap":{"functional-code":{"insertions":19,"deletions":5}}},{"hash":"a79cef64e8889b3d0c41220510d9ea73a841dde6","isMergeCommit":false,"messageTitle":"refactor address","messageBody":"","fileTypesAndContributionMap":{"other":{"insertions":877,"deletions":877},"docs":{"insertions":13,"deletions":13},"test-code":{"insertions":3,"deletions":3}}},{"hash":"11794f4879cae90930026a03a8eefaf86cd03ca4","isMergeCommit":true,"messageTitle":"Merge branch \u0027master\u0027 into branch-AddExportFunction","messageBody":"","fileTypesAndContributionMap":{}},{"hash":"b371d27aa259a58a33a4b7cb0e3990732e4bba91","isMergeCommit":false,"messageTitle":"refactor address","messageBody":"","fileTypesAndContributionMap":{"other":{"insertions":903,"deletions":903},"docs":{"insertions":13,"deletions":13},"test-code":{"insertions":3,"deletions":3}}},{"hash":"e1cbc42f9399bba6296f48259557f77afab77da5","isMergeCommit":false,"messageTitle":"refactor","messageBody":"","fileTypesAndContributionMap":{"other":{"insertions":901,"deletions":901},"docs":{"insertions":13,"deletions":13},"test-code":{"insertions":2,"deletions":2}}},{"hash":"9485b2f6d9faac34fb3e45ca02ad3ba370728fec","isMergeCommit":true,"messageTitle":"Merge branch \u0027master\u0027 into branch-Add-GoalClass","messageBody":"","fileTypesAndContributionMap":{}}]},{"date":"2023-03-13","commitResults":[{"hash":"ea62f6fc67a7e717429ac619a0cca54a57ad06a4","isMergeCommit":false,"messageTitle":"Fix checkstyle","messageBody":"Currently ExportFunction has checkstyle issues.\n\nLets fix these checkstyle issues.\n","fileTypesAndContributionMap":{"functional-code":{"insertions":3,"deletions":2}}},{"hash":"ced56ce4f35c68b1747042609bdebe75121d2784","isMergeCommit":false,"messageTitle":"Add DeleteRoutine","messageBody":"Currently FitBook does not have a function to delete routines.\n\nDeleting a routine is essential in case the user inputs a wrong routine\nor wants to remove a routine.\n\nLets add a delete routine command.\n","fileTypesAndContributionMap":{"functional-code":{"insertions":95,"deletions":17},"test-code":{"insertions":117,"deletions":0}}}]},{"date":"2023-03-14","commitResults":[{"hash":"ee2fe0139c465eb72144006f39508a2d7422a1ce","isMergeCommit":false,"messageTitle":"Add testing for Routine classes","messageBody":"Currently FitBooks routine classes do not have testing.\n\nTesting is important to ensure good code coverage and to catch potential\nbugs.\n\nLets add testings to FindRoutine, ListRoutine, EditRoutine,\nDeleteRoutine classes.\n","fileTypesAndContributionMap":{"functional-code":{"insertions":1,"deletions":1},"test-code":{"insertions":149,"deletions":75}}},{"hash":"202f336017849c7e31f7fa0a9d745a0da35778aa","isMergeCommit":true,"messageTitle":"Merge pull request #84 from jundatan/branch-Add-Routines","messageBody":"Add Exercise and Routine Class","fileTypesAndContributionMap":{}},{"hash":"25490beececed592f75ff7b6c2f21c0eff23507e","isMergeCommit":true,"messageTitle":"Merge branch \u0027master\u0027 into branch-RoutineStorage","messageBody":"","fileTypesAndContributionMap":{}}]},{"date":"2023-03-15","commitResults":[{"hash":"16fa521c33ee1c215bd18cb85efb4a9b950e92b6","isMergeCommit":false,"messageTitle":"fix javadocs","messageBody":"","fileTypesAndContributionMap":{"functional-code":{"insertions":6,"deletions":6},"test-code":{"insertions":71,"deletions":8}}},{"hash":"a90159c980c127fea1b318b7b74588350deafb04","isMergeCommit":false,"messageTitle":"remove duplicate file","messageBody":"","fileTypesAndContributionMap":{"test-code":{"insertions":0,"deletions":236}}},{"hash":"0c5f843cc6980503c521455270c454f6e21d80a3","isMergeCommit":false,"messageTitle":"Fix changes","messageBody":"","fileTypesAndContributionMap":{"functional-code":{"insertions":2,"deletions":7},"test-code":{"insertions":3,"deletions":2}}},{"hash":"b2223e61713d95e0059fd7ea13cd654d60e02ded","isMergeCommit":false,"messageTitle":"Fix typo","messageBody":"","fileTypesAndContributionMap":{"test-code":{"insertions":4,"deletions":4}}},{"hash":"1a22eca2c5daeae16a312f1169568b36af1851ff","isMergeCommit":false,"messageTitle":"update css","messageBody":"","fileTypesAndContributionMap":{"functional-code":{"insertions":7,"deletions":7}}},{"hash":"e51a3c2df121097e2f12d4ea3bb693c6ebd52a14","isMergeCommit":false,"messageTitle":"fix type in css","messageBody":"","fileTypesAndContributionMap":{"functional-code":{"insertions":6,"deletions":6}}},{"hash":"ec974e39d67cc3c37c85e63c35d732d26be03944","isMergeCommit":true,"messageTitle":"Merge pull request #105 from kalarisng/branch-FindFeature-Kalaris","messageBody":"Branch find feature","fileTypesAndContributionMap":{}},{"hash":"21056d0ed35c1d2c35076baed123957c7d538a8e","isMergeCommit":true,"messageTitle":"Merge branch \u0027master\u0027 into branch-Add-GoalClass","messageBody":"","fileTypesAndContributionMap":{}},{"hash":"ad3de833d2d98d771c1aaf1b88d0e21e3bd85be9","isMergeCommit":false,"messageTitle":"add level of abstraction for find","messageBody":"Currently we are using switch case to match prefix.\n\nLets add another level of abstraction for the matching of prefix.\n","fileTypesAndContributionMap":{"functional-code":{"insertions":56,"deletions":11},"test-code":{"insertions":64,"deletions":0}}},{"hash":"d0038f3d9a72b5c3b3f0629514429ea261354d3b","isMergeCommit":false,"messageTitle":"Add goal testing","messageBody":"Currently client classes do not have symmetric testing for hashcode.\n\nLets add these test.\n","fileTypesAndContributionMap":{"test-code":{"insertions":75,"deletions":1}}},{"hash":"c67c1c76f21f3f5c43498ddac25c2d96d5e3f9f8","isMergeCommit":false,"messageTitle":"Add testing for goalclass","messageBody":"","fileTypesAndContributionMap":{"test-code":{"insertions":5,"deletions":0}}},{"hash":"ec2b4be8e5967723834ce71d55b6aa5c993d0b1a","isMergeCommit":false,"messageTitle":"Add exportcommand into fitbookparsertest","messageBody":"Currently the exportcommand is not added to the testing in\nfitbookparsetest.\n\nLets add the exportcommand into fitbookparsertest.\n","fileTypesAndContributionMap":{"test-code":{"insertions":7,"deletions":0}}},{"hash":"4abfc7ebaf9e7da7575553fe2c59414e049544d0","isMergeCommit":true,"messageTitle":"Merge branch \u0027master\u0027 into branch-AddExportFunction","messageBody":"","fileTypesAndContributionMap":{}},{"hash":"bbd7fddaf2250dcf667fc373cccecc874e07f313","isMergeCommit":false,"messageTitle":"Add testing for export","messageBody":"Currently there are no testing for export function.\n\ntesting is ensure to discover potential bugs with the function.\n\nLets add testing to exportCommand.\n","fileTypesAndContributionMap":{"functional-code":{"insertions":4,"deletions":3},"test-code":{"insertions":26,"deletions":0}}},{"hash":"850c7825ad3727f299d8b7003961e9d7627702f5","isMergeCommit":false,"messageTitle":"Add exportRoutine functionality","messageBody":"Currently fitbook does not have the ability to exportRoutines into a csv\nfile.\n\nExporting the routine and exercise details can be useful to the user.\n\nLets add an exportRoutine functionality.\n","fileTypesAndContributionMap":{"functional-code":{"insertions":102,"deletions":5},"other":{"insertions":4,"deletions":1},"test-code":{"insertions":31,"deletions":0}}},{"hash":"635412b54ccd663cf53632d67763fefca2950835","isMergeCommit":false,"messageTitle":"Fix checkstyle and merge conflicts","messageBody":"","fileTypesAndContributionMap":{"functional-code":{"insertions":2,"deletions":2},"docs":{"insertions":1,"deletions":6}}},{"hash":"e1326a39517345c7b9c24024a5624e8571282ccc","isMergeCommit":false,"messageTitle":"fix naming","messageBody":"","fileTypesAndContributionMap":{"functional-code":{"insertions":1,"deletions":1},"docs":{"insertions":1,"deletions":1},"test-code":{"insertions":1,"deletions":1}}},{"hash":"75864f9a28fa9328721feb4239de4659317f1787","isMergeCommit":false,"messageTitle":"add javadocs","messageBody":"","fileTypesAndContributionMap":{"functional-code":{"insertions":6,"deletions":3}}},{"hash":"61d746392e531836058a043f1e172bbe3ba5d6e9","isMergeCommit":false,"messageTitle":"Add testing","messageBody":"","fileTypesAndContributionMap":{"test-code":{"insertions":7,"deletions":2}}},{"hash":"bbbfaaffbd19ce0f885a3e3cb34755fd7a9b32fc","isMergeCommit":false,"messageTitle":"fix checkstyle","messageBody":"","fileTypesAndContributionMap":{"functional-code":{"insertions":26,"deletions":26},"docs":{"insertions":1,"deletions":1},"test-code":{"insertions":2,"deletions":2}}},{"hash":"6dae5e524c93d4b2292d73d68b1fea8914de3d86","isMergeCommit":false,"messageTitle":"Add config testing","messageBody":"","fileTypesAndContributionMap":{"test-code":{"insertions":18,"deletions":0}}}]},{"date":"2023-03-16","commitResults":[{"hash":"1d90dfdd5d0ce27a90fc2492e8257718f8631b26","isMergeCommit":true,"messageTitle":"Merge pull request #109 from kalarisng/branch-UpdateArgMultimapFind-Kalaris","messageBody":"Enhanced Find feature to accept multiple prefix","fileTypesAndContributionMap":{}},{"hash":"eae1bc5bb973c332f674baa76019888095f0c60f","isMergeCommit":false,"messageTitle":"add testing","messageBody":"","fileTypesAndContributionMap":{"functional-code":{"insertions":1,"deletions":1},"other":{"insertions":8,"deletions":4},"test-code":{"insertions":64,"deletions":23}}},{"hash":"9b6080bc120c93a5ee05a4d1445d5e42c3c81332","isMergeCommit":true,"messageTitle":"Merge branch \u0027master\u0027 into branch-Add-GoalClass","messageBody":"","fileTypesAndContributionMap":{}},{"hash":"0deec6ca2e389415c86bcb1d4afa7ef9240122b1","isMergeCommit":false,"messageTitle":"Fix checkstyle","messageBody":"","fileTypesAndContributionMap":{"test-code":{"insertions":2,"deletions":2}}},{"hash":"c2f5da5141c3441a198e3275795da278b8901941","isMergeCommit":false,"messageTitle":"fix checkstyle","messageBody":"","fileTypesAndContributionMap":{"functional-code":{"insertions":0,"deletions":1}}}]},{"date":"2023-03-17","commitResults":[{"hash":"e73f3cc785ff4848749f2bdac477215769822d6f","isMergeCommit":false,"messageTitle":"fix checkstyle and EOF error","messageBody":"","fileTypesAndContributionMap":{"test-code":{"insertions":1,"deletions":4}}},{"hash":"a6cfb352fd281e80db6abcfb16c2a24a12f33198","isMergeCommit":false,"messageTitle":"Remove uneccessary lines","messageBody":"","fileTypesAndContributionMap":{"functional-code":{"insertions":13,"deletions":11}}},{"hash":"5c024b35262e8c3e19e9184caba3608de85fb373","isMergeCommit":true,"messageTitle":"Merge branch \u0027master\u0027 into branch-Add-GoalClass","messageBody":"","fileTypesAndContributionMap":{}},{"hash":"d16fe3955142297b7388a74fd4eaa0d836fc444b","isMergeCommit":true,"messageTitle":"Merge pull request #110 from jundatan/branch-Add-Routines","messageBody":"Add routines test","fileTypesAndContributionMap":{}},{"hash":"6ba7ad54eae08bf14cd6a5e2916e2012fc268053","isMergeCommit":true,"messageTitle":"Merge branch \u0027master\u0027 into branch-Add-GoalClass","messageBody":"","fileTypesAndContributionMap":{}},{"hash":"974d490840bf418fa908f80a7348dc36c03f63f8","isMergeCommit":false,"messageTitle":"fix appointment testing","messageBody":"","fileTypesAndContributionMap":{"test-code":{"insertions":5,"deletions":9}}}]},{"date":"2023-03-20","commitResults":[{"hash":"d0f6d4c3a3d6ee703c7f54ef6cb701302e5fd82e","isMergeCommit":false,"messageTitle":"Enable assertion","messageBody":"Currently FitBook does not have assertions enabled in the build.gradle\nfile.\n\nAssertions are good to maintain defensiveness in our code.\n\nLets enable assertions in our build.gradle file.\n","fileTypesAndContributionMap":{"other":{"insertions":4,"deletions":0}}},{"hash":"ad3c4514d7be59b62be937fc636dff54c95a2ac4","isMergeCommit":false,"messageTitle":"Update DG","messageBody":"Currently DG is not updated with new features.\n\nLets update the DG with the use case of new features.\n","fileTypesAndContributionMap":{"docs":{"insertions":140,"deletions":2}}}]},{"date":"2023-03-21","commitResults":[{"hash":"b1e2ee1fc31fdfce7b1794055735fc70a00173b0","isMergeCommit":false,"messageTitle":"update DG","messageBody":"Currently our developer guide is not updated with use cases.\n\nLets update the DG so that it is up to date.\n","fileTypesAndContributionMap":{"docs":{"insertions":2,"deletions":2}}}]},{"date":"2023-03-22","commitResults":[{"hash":"cc03697644c5f122153bdca11b2eec6df42ddcee","isMergeCommit":false,"messageTitle":"change goal class to be optional","messageBody":"Currently goal is not an optional detail for clients in fitbook.\n\nGoal is not a compulsory detail when adding a client into fitbook.\n\nLets change goal to be optional and fix the issues it has with the UI.\n","fileTypesAndContributionMap":{"functional-code":{"insertions":12,"deletions":2}}},{"hash":"3c618355826c6dd2aab5bc5de8ad2282f991ec22","isMergeCommit":false,"messageTitle":"make goal optional","messageBody":"","fileTypesAndContributionMap":{"functional-code":{"insertions":9,"deletions":2}}},{"hash":"49bf8ec93593f1ef67a37eedeb6e6948ea90b334","isMergeCommit":true,"messageTitle":"Merge pull request #117 from jundatan/branch-Update-DG","messageBody":"Update dg","fileTypesAndContributionMap":{}}]}]},"authorFileTypeContributionMap":{"kalarisng":{"docs":94,"functional-code":438,"test-code":707},"OliviaJHL":{"docs":75,"functional-code":1122,"test-code":23},"jundatan":{"docs":225,"functional-code":2003,"test-code":2432,"other":2},"dfordarius":{"docs":549,"functional-code":1982,"test-code":2347,"other":5}},"authorContributionVariance":{"kalarisng":76448.016,"OliviaJHL":14561.028,"jundatan":586563.4,"dfordarius":2955046.5},"authorDisplayNameMap":{"kalarisng":"CS2103T-T15-2 KALA..SHAN","OliviaJHL":"CS2103T-T15-2 JIAH..LIAO","jundatan":"CS2103T-T15-2 TAN ..N DA","dfordarius":"CS2103T-T15-2 DARI.. WEE"}}
