{"authorDailyContributionsMap":{"zhengsterz":[{"date":"2023-02-25","commitResults":[{"hash":"a53f2fc4486a3332b0d8a831b08677e35d652f1a","isMergeCommit":false,"messageTitle":"Add personal info","messageBody":"","fileTypesAndContributionMap":{"docs":{"insertions":5,"deletions":5}}},{"hash":"61fc8121343034b54cb88c582a1be43413798b29","isMergeCommit":true,"messageTitle":"Merge pull request #7 from zhengsterz/master","messageBody":"Add personal info","fileTypesAndContributionMap":{}}]},{"date":"2023-03-01","commitResults":[{"hash":"2561c6d85018109e86cd7e0aa8d2d6fcd076ba80","isMergeCommit":false,"messageTitle":"Add PPP for xuanzheng","messageBody":"","fileTypesAndContributionMap":{"docs":{"insertions":0,"deletions":0}}},{"hash":"3569c763d655ea63d24e9c313c7cc590a3c4c7ad","isMergeCommit":false,"messageTitle":"Add PPP for xuanzheng","messageBody":"","fileTypesAndContributionMap":{"docs":{"insertions":5,"deletions":5}}},{"hash":"54fdc68fe01a702308874c8e03bbb9a9e19f8459","isMergeCommit":true,"messageTitle":"Merge pull request #13 from zhengsterz/master","messageBody":"Add PPP for xuanzheng","fileTypesAndContributionMap":{}}]},{"date":"2023-03-02","commitResults":[{"hash":"3679f06fb36399952ca626b5fa306d02e8bf226b","isMergeCommit":false,"messageTitle":"Add Task classes","messageBody":"","fileTypesAndContributionMap":{"functional-code":{"insertions":155,"deletions":0}}},{"hash":"ecde9d15bf8f236ed43d5e87ce3bd1a8d5e54f35","isMergeCommit":false,"messageTitle":"update to conform to checkstyle","messageBody":"","fileTypesAndContributionMap":{"functional-code":{"insertions":3,"deletions":3}}},{"hash":"5d823bf222de6bbd874adab3dda037dd245fccbc","isMergeCommit":true,"messageTitle":"Merge pull request #17 from zhengsterz/master","messageBody":"Add Task classes","fileTypesAndContributionMap":{}}]},{"date":"2023-03-07","commitResults":[{"hash":"663a2a86a410e4eb5f6a64cae1677d48226d0c0f","isMergeCommit":false,"messageTitle":"DG update","messageBody":"","fileTypesAndContributionMap":{"docs":{"insertions":40,"deletions":6}}},{"hash":"efa1e4f91db887e067108236d57dd69a9e508273","isMergeCommit":true,"messageTitle":"Merge branch \u0027DG-update\u0027","messageBody":"","fileTypesAndContributionMap":{}},{"hash":"2f6664915958c20c9dc63ae73aaab62c6a9befe7","isMergeCommit":true,"messageTitle":"Merge pull request #33 from zhengsterz/master","messageBody":"DG-update","fileTypesAndContributionMap":{}},{"hash":"672d6bd1a139c0376079697e9a49004dedbe9d8a","isMergeCommit":false,"messageTitle":"Dg update","messageBody":"","fileTypesAndContributionMap":{"docs":{"insertions":9,"deletions":22}}},{"hash":"36da6292382ed68c44d2381b018c947b1507727e","isMergeCommit":true,"messageTitle":"Merge branch \u0027DG-update\u0027","messageBody":"","fileTypesAndContributionMap":{}},{"hash":"394e11149337a4881fabd539fae9e48cba3e0cee","isMergeCommit":true,"messageTitle":"Merge branch \u0027AY2223S2-CS2103T-W15-3:master\u0027 into master","messageBody":"","fileTypesAndContributionMap":{}},{"hash":"bad2157e4575c02e89fbf1727e7f33db8f18b756","isMergeCommit":true,"messageTitle":"Merge pull request #34 from zhengsterz/master","messageBody":"dg update","fileTypesAndContributionMap":{}},{"hash":"bb6e3f4cd400b7b518f1f73ef52a015f0a33c18d","isMergeCommit":false,"messageTitle":"dg update","messageBody":"","fileTypesAndContributionMap":{"docs":{"insertions":6,"deletions":1}}},{"hash":"92d1ad190198776d211444be4eee966e5d1a4fa0","isMergeCommit":true,"messageTitle":"Merge branch \u0027DG-update\u0027","messageBody":"","fileTypesAndContributionMap":{}},{"hash":"eff8383d3d1f729915a17015ba74ec87316ec323","isMergeCommit":true,"messageTitle":"Merge branch \u0027master\u0027 of https://github.com/zhengsterz/tp","messageBody":"","fileTypesAndContributionMap":{}},{"hash":"d40ce37cec5643fe7295d3e3658dc41df925d868","isMergeCommit":true,"messageTitle":"Merge branch \u0027AY2223S2-CS2103T-W15-3:master\u0027 into master","messageBody":"","fileTypesAndContributionMap":{}},{"hash":"e063bfafa014370c147db6e68167301c250933b0","isMergeCommit":true,"messageTitle":"Merge pull request #35 from zhengsterz/master","messageBody":"dg update","fileTypesAndContributionMap":{}},{"hash":"893d742f5ad8226927d27f214735f0cd5da4976d","isMergeCommit":false,"messageTitle":"updates to enable creation of tasks","messageBody":"","fileTypesAndContributionMap":{"functional-code":{"insertions":322,"deletions":0}}},{"hash":"853704ddc275bab6a1f2b9fcfc7dc6d4ce0e6d0f","isMergeCommit":true,"messageTitle":"Merge branch \u0027deadlinecommand\u0027","messageBody":"","fileTypesAndContributionMap":{}},{"hash":"c9707958756ac48eb86514a368fd31dd091b86da","isMergeCommit":false,"messageTitle":"checkstyle updates","messageBody":"","fileTypesAndContributionMap":{"functional-code":{"insertions":16,"deletions":15}}},{"hash":"2946ea63908ca314d6f961440a582c22e033e69c","isMergeCommit":false,"messageTitle":"checkstyle updates","messageBody":"","fileTypesAndContributionMap":{"functional-code":{"insertions":10,"deletions":3}}},{"hash":"964d95f5d747531b801fa9d6a21cc8a6300e106d","isMergeCommit":false,"messageTitle":"update stub","messageBody":"","fileTypesAndContributionMap":{"test-code":{"insertions":10,"deletions":0}}},{"hash":"f90cdcd3aea26521a9da7b247f87aaa5953c8cd1","isMergeCommit":true,"messageTitle":"Merge pull request #37 from zhengsterz/master","messageBody":"deadline task creation","fileTypesAndContributionMap":{}},{"hash":"ca763e4945d33abaf87a6f287399a94dfdd1bfa2","isMergeCommit":false,"messageTitle":"minor changes","messageBody":"","fileTypesAndContributionMap":{"functional-code":{"insertions":4,"deletions":4}}},{"hash":"c3806ea4ed184ab68140fe3f76e4600bb92b18c0","isMergeCommit":true,"messageTitle":"Merge pull request #38 from zhengsterz/master","messageBody":"minor changes","fileTypesAndContributionMap":{}}]},{"date":"2023-03-08","commitResults":[{"hash":"23a47b5dd51f3a40443d4281ffb14db0ceb4c5eb","isMergeCommit":false,"messageTitle":"Add Date and TaskDescription classes to Task package for better OOP","messageBody":"","fileTypesAndContributionMap":{"functional-code":{"insertions":173,"deletions":29}}},{"hash":"71265d71580a535dacaea62cb51cba1c6c4f3ba2","isMergeCommit":false,"messageTitle":"Minor changes","messageBody":"","fileTypesAndContributionMap":{"functional-code":{"insertions":0,"deletions":1}}},{"hash":"8a04f243f46958a50456409951f5012127c5444f","isMergeCommit":false,"messageTitle":"Minor changes","messageBody":"","fileTypesAndContributionMap":{"functional-code":{"insertions":2,"deletions":1}}},{"hash":"1bdb778a47b8f8481cbfb8e358057fd9023a2152","isMergeCommit":false,"messageTitle":"Minor Changes","messageBody":"","fileTypesAndContributionMap":{"functional-code":{"insertions":3,"deletions":2}}},{"hash":"0fc6f2d2786c44e1407dbf0716b4a51033d38bac","isMergeCommit":true,"messageTitle":"Merge pull request #42 from zhengsterz/deadlinecommandtest","messageBody":"Add Date and TaskDescription classes to Task package for better","fileTypesAndContributionMap":{}}]},{"date":"2023-03-09","commitResults":[{"hash":"329d12a94c92e0ae5648a578b2a9f568084c50ea","isMergeCommit":false,"messageTitle":"Add test classes for deadline test","messageBody":"","fileTypesAndContributionMap":{"test-code":{"insertions":263,"deletions":0}}},{"hash":"1e77fe6fb568475fe7ef7d68037b80ff0da80bc2","isMergeCommit":false,"messageTitle":"Minor changes","messageBody":"","fileTypesAndContributionMap":{"test-code":{"insertions":3,"deletions":3}}},{"hash":"7dc5c922599092019f81859d7ef0d9a070fbd75d","isMergeCommit":true,"messageTitle":"Merge pull request #43 from zhengsterz/deadlinecommandtest","messageBody":"Add test classes for deadline test","fileTypesAndContributionMap":{}},{"hash":"b117028f2dcb56c606ac895685fb7ba90dd1d701","isMergeCommit":false,"messageTitle":"Add test classes for all classes in the task package","messageBody":"","fileTypesAndContributionMap":{"functional-code":{"insertions":7,"deletions":3},"test-code":{"insertions":481,"deletions":0}}},{"hash":"5277945a9ad25b1e8565b673fdc0cb7427543de7","isMergeCommit":false,"messageTitle":"Minor changes","messageBody":"","fileTypesAndContributionMap":{"test-code":{"insertions":1,"deletions":1}}},{"hash":"e5acfe247ac93473054a6dee7bf7848c96b6b2e8","isMergeCommit":false,"messageTitle":"Minor changes","messageBody":"","fileTypesAndContributionMap":{"test-code":{"insertions":0,"deletions":1}}},{"hash":"8d919b11eb18b61c08b6766a8a10817a46396e9e","isMergeCommit":false,"messageTitle":"Minor changes","messageBody":"","fileTypesAndContributionMap":{"functional-code":{"insertions":0,"deletions":1}}},{"hash":"eed820611174329ab08ed31e9e96efa7be587fe1","isMergeCommit":false,"messageTitle":"Minor changes","messageBody":"","fileTypesAndContributionMap":{"test-code":{"insertions":9,"deletions":7}}},{"hash":"d23391c0d741113164cd82f5d19d2e814cf3ac78","isMergeCommit":false,"messageTitle":"Minor changes","messageBody":"","fileTypesAndContributionMap":{"test-code":{"insertions":5,"deletions":5}}},{"hash":"91ccaeb4caa90e6cf474f31d7ca3ed7822368f06","isMergeCommit":true,"messageTitle":"Merge pull request #44 from zhengsterz/taskpackagetests","messageBody":"Add test classes for all classes in the task package","fileTypesAndContributionMap":{}}]},{"date":"2023-03-17","commitResults":[{"hash":"dcb35686addf6991af86c424bd47894156d56026","isMergeCommit":false,"messageTitle":"Add ability to create tasks without deadlines and event tasks","messageBody":"Also updated user guide\n","fileTypesAndContributionMap":{"functional-code":{"insertions":309,"deletions":9},"docs":{"insertions":22,"deletions":2},"test-code":{"insertions":5,"deletions":5}}},{"hash":"41ba7e2d78869ace921c447081e90f5f2c97c703","isMergeCommit":false,"messageTitle":"Update to conform to checkstyle","messageBody":"","fileTypesAndContributionMap":{"functional-code":{"insertions":2,"deletions":2}}},{"hash":"22ff8876438853cd023cd51a02ec953779924f83","isMergeCommit":false,"messageTitle":"Update to conform to checkstyle","messageBody":"","fileTypesAndContributionMap":{"test-code":{"insertions":0,"deletions":1}}},{"hash":"97b98287b2180caed7cf1cb1816ee1f7bd3229c6","isMergeCommit":true,"messageTitle":"Merge pull request #71 from zhengsterz/eventandtodotaskbranch","messageBody":"Add ability to create tasks without deadlines and event tasks","fileTypesAndContributionMap":{}},{"hash":"b16d831921c2cf62393ec392a5099bf5a2a887b0","isMergeCommit":true,"messageTitle":"Merge pull request #70 from Yaladah/branch-deadlineTask-bugfix","messageBody":"Chore: Fix deadline task usage message","fileTypesAndContributionMap":{}},{"hash":"3a9e241592a411c7489c4b7c3de8ebba80d1f2c8","isMergeCommit":true,"messageTitle":"Merge pull request #69 from Yaladah/branch-deleteTaskCommandTest","messageBody":"Chore: Add test cases for delete task command","fileTypesAndContributionMap":{}},{"hash":"c6eff19f60025295929bab03f66a2835d6b88285","isMergeCommit":false,"messageTitle":"Add functionality to comment on individual tasks","messageBody":"","fileTypesAndContributionMap":{"functional-code":{"insertions":242,"deletions":0},"docs":{"insertions":10,"deletions":0},"test-code":{"insertions":12,"deletions":0}}},{"hash":"ca26c1db473afe4af21f2845b4077f2bb7ca55c0","isMergeCommit":false,"messageTitle":"Update to conform to checkstyle","messageBody":"","fileTypesAndContributionMap":{"functional-code":{"insertions":4,"deletions":4}}},{"hash":"fc41b16fbce75d4a55bf2812031fc96387e5a688","isMergeCommit":true,"messageTitle":"Merge pull request #72 from zhengsterz/commentbranch","messageBody":"Add functionality to comment on individual tasks","fileTypesAndContributionMap":{}}]},{"date":"2023-03-18","commitResults":[{"hash":"f3f8430deeddc45e65842e46050549752910294b","isMergeCommit":false,"messageTitle":"Added tests for adding event tasks, todo tasks and commenting on tasks.","messageBody":"","fileTypesAndContributionMap":{"functional-code":{"insertions":2,"deletions":2},"test-code":{"insertions":799,"deletions":2}}},{"hash":"269928246fd9af6e691e853f3741e8486877bb3f","isMergeCommit":false,"messageTitle":"Update to conform to checkstyle","messageBody":"","fileTypesAndContributionMap":{"test-code":{"insertions":4,"deletions":5}}}]},{"date":"2023-03-19","commitResults":[{"hash":"3dc712b4d7050255fe2777ecff2220845a992054","isMergeCommit":true,"messageTitle":"Merge pull request #73 from zhengsterz/testcasebranch","messageBody":"Added tests for adding event tasks, todo tasks and commenting on","fileTypesAndContributionMap":{}},{"hash":"1aab6ba88b0f2d33dcfdfec22ece3b578ef28827","isMergeCommit":false,"messageTitle":"Add some user stories to DG","messageBody":"","fileTypesAndContributionMap":{"docs":{"insertions":13,"deletions":7}}},{"hash":"e7dc507034da28dcc200b70257dccfa072d2b387","isMergeCommit":true,"messageTitle":"Merge pull request #75 from zhengsterz/master","messageBody":"Add some user stories to DG","fileTypesAndContributionMap":{}}]},{"date":"2023-04-04","commitResults":[{"hash":"9f1ec274a4aaa1d5b4f4c04365f2f3541c4d11c2","isMergeCommit":false,"messageTitle":"Fix bugs that were to do with invalid dates and chronologically invalid event dates and a minor spacing error in event","messageBody":"","fileTypesAndContributionMap":{"functional-code":{"insertions":59,"deletions":7}}},{"hash":"e40cda4a8bdc620652363138c1541106ee2ac149","isMergeCommit":false,"messageTitle":"Change to conform to checkstyle","messageBody":"","fileTypesAndContributionMap":{"functional-code":{"insertions":13,"deletions":11}}},{"hash":"dfeb57d08565fa7dd613fadc7be905d5d96800b2","isMergeCommit":false,"messageTitle":"Change test parameter to conform to standards dd/mm/yyyy instead of d/mm/yyyy","messageBody":"","fileTypesAndContributionMap":{"test-code":{"insertions":1,"deletions":1}}},{"hash":"4522cd61675b6f8508c83d0a97792866b7dd93a1","isMergeCommit":true,"messageTitle":"Merge pull request #164 from zhengsterz/master","messageBody":"Fix bugs that were to do with invalid dates and chronologically","fileTypesAndContributionMap":{}},{"hash":"ba9da28f27266d1a229559a8c573f111d79184cd","isMergeCommit":false,"messageTitle":"Fix todo command error","messageBody":"","fileTypesAndContributionMap":{"functional-code":{"insertions":1,"deletions":1}}},{"hash":"f9c0541d41ced22130cbb577650b69c25a539a41","isMergeCommit":true,"messageTitle":"Merge branch \u0027AY2223S2-CS2103T-W15-3:master\u0027 into master","messageBody":"","fileTypesAndContributionMap":{}},{"hash":"d5cfcad4ba8972853845fae32abaf1e599d5b524","isMergeCommit":false,"messageTitle":"Change to conform to checkstyle","messageBody":"","fileTypesAndContributionMap":{"functional-code":{"insertions":0,"deletions":1}}},{"hash":"e412684a9820d20ae596db3b0b6da9cff14c6a4e","isMergeCommit":true,"messageTitle":"Merge branch \u0027master\u0027 of https://github.com/zhengsterz/tp","messageBody":"","fileTypesAndContributionMap":{}},{"hash":"32b7f33da565fc7f6264aa511f6a99424070c908","isMergeCommit":true,"messageTitle":"Merge pull request #166 from zhengsterz/master","messageBody":"Fix todo command error message","fileTypesAndContributionMap":{}},{"hash":"68ecfc9e14f6975e21dec226d96858eabe9a4e10","isMergeCommit":false,"messageTitle":"Fix minor comment error message","messageBody":"","fileTypesAndContributionMap":{"functional-code":{"insertions":1,"deletions":1}}},{"hash":"feb91f9b89f13afa795ab62cfdea9c30ffac5dec","isMergeCommit":true,"messageTitle":"Merge branch \u0027master\u0027 of https://github.com/zhengsterz/tp","messageBody":"","fileTypesAndContributionMap":{}},{"hash":"4e16b7f1dab2d5f94d15285422d9d01da061ec23","isMergeCommit":true,"messageTitle":"Merge pull request #167 from zhengsterz/master","messageBody":"Fix minor comment command error message","fileTypesAndContributionMap":{}},{"hash":"72654b872aa799aa516502661bba36ab18d8ebb0","isMergeCommit":false,"messageTitle":"Fix minor error in deadline error message","messageBody":"","fileTypesAndContributionMap":{"functional-code":{"insertions":1,"deletions":1}}},{"hash":"52a7caf5cf22082dd87c3768aec4c644b8c0f32a","isMergeCommit":true,"messageTitle":"Merge pull request #168 from zhengsterz/master","messageBody":"Fix minor error in deadline error message","fileTypesAndContributionMap":{}},{"hash":"8dd19fbedd3d11565af1579cde2e340b9fce1cb6","isMergeCommit":false,"messageTitle":"Remove error message as not allowed due in this iteration","messageBody":"","fileTypesAndContributionMap":{"functional-code":{"insertions":1,"deletions":3}}},{"hash":"ea731f6faa29f3016db0be698fcf716459bd6438","isMergeCommit":true,"messageTitle":"Merge branch \u0027AY2223S2-CS2103T-W15-3:master\u0027 into master","messageBody":"","fileTypesAndContributionMap":{}},{"hash":"b5fcdd6f7bd6500a8da7e823785ab3c8656eaf49","isMergeCommit":true,"messageTitle":"Merge pull request #169 from zhengsterz/master","messageBody":"Remove added error message as not allowed in this iteration","fileTypesAndContributionMap":{}},{"hash":"680df0799e15eb08793f4ae877bf344901453ca3","isMergeCommit":false,"messageTitle":"Update individual PPP","messageBody":"","fileTypesAndContributionMap":{"docs":{"insertions":16,"deletions":19}}},{"hash":"630360d86672c05a068642adbb73bcfb47ce231c","isMergeCommit":true,"messageTitle":"Merge pull request #170 from zhengsterz/PPPBranch","messageBody":"Update individual PPP","fileTypesAndContributionMap":{}}]},{"date":"2023-04-05","commitResults":[{"hash":"c03025b29004031c8cfec4006345783a11042820","isMergeCommit":false,"messageTitle":"Add implementation details for todo command","messageBody":"","fileTypesAndContributionMap":{"functional-code":{"insertions":1,"deletions":1},"docs":{"insertions":90,"deletions":49}}},{"hash":"1bf71bf12e67bc01aca10c89438c0a202121a4b4","isMergeCommit":true,"messageTitle":"Merge pull request #173 from zhengsterz/PPPBranch","messageBody":"Add implementation details for todo command","fileTypesAndContributionMap":{}}]},{"date":"2023-04-06","commitResults":[{"hash":"f27366625749fb884d5ab7b0a2e02ee6687f15e0","isMergeCommit":false,"messageTitle":"Alter UML diagram","messageBody":"","fileTypesAndContributionMap":{"docs":{"insertions":1,"deletions":0}}},{"hash":"512388023ff5624a0602b3c66f860186c0312cc7","isMergeCommit":true,"messageTitle":"Merge pull request #176 from zhengsterz/master","messageBody":"Alter UML diagram","fileTypesAndContributionMap":{}},{"hash":"b938a779970f1d596c3cfab53cad31e0bbffabe2","isMergeCommit":false,"messageTitle":"update xuan zheng ppp and developer guide","messageBody":"","fileTypesAndContributionMap":{"docs":{"insertions":40,"deletions":39}}},{"hash":"295ae80b513428f1f26bc91a214c21a516d24866","isMergeCommit":true,"messageTitle":"Merge pull request #178 from zhengsterz/master","messageBody":"update xuan zheng ppp and developer guide","fileTypesAndContributionMap":{}}]}],"Yaladah":[{"date":"2023-02-27","commitResults":[{"hash":"2b1622d9511425ff6cadb1dd0ac8fd5cd918be37","isMergeCommit":false,"messageTitle":"Add personal info","messageBody":"","fileTypesAndContributionMap":{"docs":{"insertions":12,"deletions":5}}}]},{"date":"2023-02-28","commitResults":[{"hash":"717a563a8e15806e10f18a18d564c21bc741f924","isMergeCommit":true,"messageTitle":"Merge pull request #8 from Yaladah/add-jeromeSeet-info","messageBody":"Add personal info","fileTypesAndContributionMap":{}},{"hash":"aa28dd15778eac8f10374d6d274acebdd50ab83e","isMergeCommit":false,"messageTitle":"Revert \"Add personal info\"","messageBody":"","fileTypesAndContributionMap":{"docs":{"insertions":5,"deletions":12}}},{"hash":"39c55dd865e4b09550bf76e890e487cac882a42d","isMergeCommit":true,"messageTitle":"Merge pull request #9 from AY2223S2-CS2103T-W15-3/revert-8-add-jeromeSeet-info","messageBody":"Revert \"Add personal info\"","fileTypesAndContributionMap":{}}]},{"date":"2023-03-02","commitResults":[{"hash":"579beb68fa2e003aee24f0b38c8b5ea160d0dfc6","isMergeCommit":false,"messageTitle":"Add personal info","messageBody":"","fileTypesAndContributionMap":{"docs":{"insertions":5,"deletions":5}}},{"hash":"f628244ebe3a2b8f5f4304e50c22515159c20086","isMergeCommit":true,"messageTitle":"Merge pull request #18 from Yaladah/add-jeromeSeet-info","messageBody":"Add personal info","fileTypesAndContributionMap":{}},{"hash":"c9f3a69133b67bf751ee724e7be3328ed37b834e","isMergeCommit":false,"messageTitle":"Add yaladah.md","messageBody":"","fileTypesAndContributionMap":{"docs":{"insertions":5,"deletions":0}}},{"hash":"de321c428f4bb1ce51faa9977e0a7fe3463b44c0","isMergeCommit":false,"messageTitle":"Add yaladah.md","messageBody":"","fileTypesAndContributionMap":{"docs":{"insertions":1,"deletions":1}}},{"hash":"f32abdf8ea232cc124d9d2105aca5046f7d7b767","isMergeCommit":false,"messageTitle":"Add yaladah.md","messageBody":"","fileTypesAndContributionMap":{"docs":{"insertions":1,"deletions":1}}},{"hash":"b254cd749fb0a5d2a3d4a9c08601195e216048e1","isMergeCommit":true,"messageTitle":"Merge pull request #20 from Yaladah/add-jeromeSeet-info","messageBody":"Add jerome seet info","fileTypesAndContributionMap":{}}]},{"date":"2023-03-07","commitResults":[{"hash":"968a5ab42401a983fe23e66ec3d02696e65e7d59","isMergeCommit":true,"messageTitle":"Merge pull request #31 from Cyrus-Krispin/Update-UG","messageBody":"Update user guide","fileTypesAndContributionMap":{}},{"hash":"a413b0f68013b37b8cd4bf5b46bfd658edbaaea9","isMergeCommit":false,"messageTitle":"UG update: Use case for \u0027delete task\u0027","messageBody":"","fileTypesAndContributionMap":{"docs":{"insertions":21,"deletions":2}}},{"hash":"ca3a8c5e90e7cb495ea770836f094656150174f6","isMergeCommit":true,"messageTitle":"Merge pull request #36 from Yaladah/DG-update","messageBody":"UG update: Use case for \u0027delete task\u0027","fileTypesAndContributionMap":{}}]},{"date":"2023-03-09","commitResults":[{"hash":"5fff78987af298bb1066f391961bef14acbb1107","isMergeCommit":false,"messageTitle":"Add delete task function","messageBody":"","fileTypesAndContributionMap":{"functional-code":{"insertions":59,"deletions":6}}},{"hash":"e1072d4548afe10da48a77657b5e533c41437af8","isMergeCommit":false,"messageTitle":"Update styling","messageBody":"","fileTypesAndContributionMap":{"functional-code":{"insertions":4,"deletions":19}}},{"hash":"dd6753024c76aa5a78a431a639ce8c7805bcb3f6","isMergeCommit":false,"messageTitle":"Update styling","messageBody":"","fileTypesAndContributionMap":{"functional-code":{"insertions":4,"deletions":4}}},{"hash":"99dd73de1f23d0c30c42ae8052829c150812ac50","isMergeCommit":false,"messageTitle":"Fix test files","messageBody":"","fileTypesAndContributionMap":{"test-code":{"insertions":29,"deletions":0}}},{"hash":"333baf425ca150cc1934278a07b374c005f96406","isMergeCommit":false,"messageTitle":"Minor changes","messageBody":"","fileTypesAndContributionMap":{"test-code":{"insertions":8,"deletions":7}}},{"hash":"5bee70c02aea40c0a3a3364004b4f0aad0a98bd1","isMergeCommit":false,"messageTitle":"Minor changes","messageBody":"","fileTypesAndContributionMap":{"test-code":{"insertions":8,"deletions":3}}},{"hash":"9f498756add983a76e859f386533a5f4f6a82755","isMergeCommit":false,"messageTitle":"Minor changes","messageBody":"","fileTypesAndContributionMap":{"test-code":{"insertions":4,"deletions":0}}},{"hash":"8a976bb6c4e619c9dcae74287f08b7a465400cbe","isMergeCommit":false,"messageTitle":"Update styling","messageBody":"","fileTypesAndContributionMap":{"test-code":{"insertions":0,"deletions":4}}}]},{"date":"2023-03-10","commitResults":[{"hash":"daf2ebb64f66fe9e4c8c9c393cf52183a4a32029","isMergeCommit":false,"messageTitle":"Add delete task functionality - Create new classes \u0027DeleteTaskCommand\u0027 and \u0027DeleteTaskCommandParser\u0027","messageBody":"","fileTypesAndContributionMap":{"functional-code":{"insertions":113,"deletions":12},"docs":{"insertions":16,"deletions":6}}},{"hash":"7ad51a54f3a43080c8dc7481cdfb207fb94c859d","isMergeCommit":false,"messageTitle":"Update styling","messageBody":"","fileTypesAndContributionMap":{"functional-code":{"insertions":5,"deletions":21}}},{"hash":"9b602f57848134f900955318decdef90e4b830bf","isMergeCommit":false,"messageTitle":"Update styling","messageBody":"","fileTypesAndContributionMap":{"functional-code":{"insertions":11,"deletions":23}}},{"hash":"93b7cfdf6591be136981e96cc2ce77ca2874c5b8","isMergeCommit":true,"messageTitle":"Merge branch \u0027delete-task\u0027 of https://github.com/Yaladah/tp into delete-task","messageBody":"# Conflicts:\n#\tsrc/main/java/seedu/address/logic/commands/DeleteCommand.java\n#\tsrc/main/java/seedu/address/logic/commands/DeleteTaskCommand.java\n#\tsrc/main/java/seedu/address/logic/parser/DeleteCommandParser.java\n","fileTypesAndContributionMap":{}},{"hash":"9ea6f318f91456ba09251b428916a65bef035d6e","isMergeCommit":false,"messageTitle":"Update styling","messageBody":"","fileTypesAndContributionMap":{"functional-code":{"insertions":0,"deletions":18}}},{"hash":"b8d8995e002892302ae61ac98327f9c03aaf302b","isMergeCommit":false,"messageTitle":"Update styling","messageBody":"","fileTypesAndContributionMap":{"functional-code":{"insertions":7,"deletions":6}}},{"hash":"cb27922d17825cfeff28372fb09a2065cd9c5fa2","isMergeCommit":false,"messageTitle":"Minor changes","messageBody":"","fileTypesAndContributionMap":{"test-code":{"insertions":8,"deletions":10}}},{"hash":"85b750bdf599c49c326798606c7502e331e96ce2","isMergeCommit":false,"messageTitle":"Update styling","messageBody":"","fileTypesAndContributionMap":{"test-code":{"insertions":3,"deletions":2}}},{"hash":"ae3786cc4be98c4a8c227cb3de7b6a032eac9dac","isMergeCommit":false,"messageTitle":"Minor changes","messageBody":"","fileTypesAndContributionMap":{"functional-code":{"insertions":1,"deletions":2},"test-code":{"insertions":2,"deletions":2}}}]},{"date":"2023-03-12","commitResults":[{"hash":"c1601a9e4a3106d3b80c6929fc11b20d32862282","isMergeCommit":false,"messageTitle":"Fix a typo","messageBody":"","fileTypesAndContributionMap":{"functional-code":{"insertions":1,"deletions":1}}},{"hash":"bdee880b7c4b4e5a80e13733aa7ace74ffacb068","isMergeCommit":true,"messageTitle":"Merge pull request #46 from Yaladah/delete-task","messageBody":"Delete task","fileTypesAndContributionMap":{}}]},{"date":"2023-03-16","commitResults":[{"hash":"5d50aa44cc5de0eff785353b55696e86a60080a0","isMergeCommit":false,"messageTitle":"Chore: Add test cases for deletetask command","messageBody":"","fileTypesAndContributionMap":{"functional-code":{"insertions":39,"deletions":4},"test-code":{"insertions":124,"deletions":0}}},{"hash":"37f5e80996a129e6b07fdd760fcefa434a964160","isMergeCommit":false,"messageTitle":"Chore: Fix styling issues","messageBody":"","fileTypesAndContributionMap":{"functional-code":{"insertions":5,"deletions":3}}},{"hash":"676d1df630204532dcdad4d7988a707d87905ef2","isMergeCommit":false,"messageTitle":"Chore: Fix styling issues","messageBody":"","fileTypesAndContributionMap":{"test-code":{"insertions":3,"deletions":2}}},{"hash":"45a9d31346740af7522c0021c57f2c1c513f8510","isMergeCommit":false,"messageTitle":"Chore: Fix deadline task bug - Show the correct message when deadline task is incorrectly input","messageBody":"","fileTypesAndContributionMap":{"functional-code":{"insertions":1,"deletions":1}}},{"hash":"34c265d07e707775ac975605cb49be937465f982","isMergeCommit":false,"messageTitle":"Chore: Fix styling issues","messageBody":"","fileTypesAndContributionMap":{"functional-code":{"insertions":0,"deletions":1}}}]},{"date":"2023-03-21","commitResults":[{"hash":"c826166409707a8193d3132f3d48abbc977c5f1b","isMergeCommit":true,"messageTitle":"Merge pull request #74 from PawanPatil19/branch-score","messageBody":"Update mark command to accept score","fileTypesAndContributionMap":{}}]},{"date":"2023-03-23","commitResults":[{"hash":"a05df2e13f6601db37c9bf98c4ea7e628b932d23","isMergeCommit":false,"messageTitle":"Chore: Update developer guide","messageBody":"","fileTypesAndContributionMap":{"functional-code":{"insertions":44,"deletions":0},"docs":{"insertions":32,"deletions":0}}},{"hash":"1bec0f5e3e542f35a2d7fc46d3d06e8718bf2429","isMergeCommit":false,"messageTitle":"Chore: Checkstyle update","messageBody":"","fileTypesAndContributionMap":{"functional-code":{"insertions":1,"deletions":1},"docs":{"insertions":1,"deletions":1}}}]},{"date":"2023-03-24","commitResults":[{"hash":"0068111688e2a924d28a33863e4558f2f1f619e6","isMergeCommit":true,"messageTitle":"Merge pull request #79 from Cyrus-Krispin/Update-DG","messageBody":"Update DG","fileTypesAndContributionMap":{}}]},{"date":"2023-03-28","commitResults":[{"hash":"25c6aa868af20a88aa93a5d8ef14bf4baf47f078","isMergeCommit":true,"messageTitle":"Merge pull request #85 from AY2223S2-CS2103T-W15-3/branch-storage","messageBody":"Adding storage functionality for tasks","fileTypesAndContributionMap":{}}]},{"date":"2023-03-29","commitResults":[{"hash":"18dd5c704193f9abecf8798f5b2fdda171eed919","isMergeCommit":false,"messageTitle":"Feat: Add edittask command","messageBody":"","fileTypesAndContributionMap":{"functional-code":{"insertions":403,"deletions":3},"docs":{"insertions":22,"deletions":0},"test-code":{"insertions":24,"deletions":0}}},{"hash":"49e6cc0b5ccfcc4c175fdabf0b6c0c62e25bbcbd","isMergeCommit":false,"messageTitle":"Update UI","messageBody":"","fileTypesAndContributionMap":{"functional-code":{"insertions":142,"deletions":31}}},{"hash":"f3e11e09598dda1509c3d25b8760c592dee84088","isMergeCommit":false,"messageTitle":"Revert \"Feat: Add edittask command\"","messageBody":"This reverts commit 18dd5c704193f9abecf8798f5b2fdda171eed919.\n","fileTypesAndContributionMap":{"functional-code":{"insertions":3,"deletions":403},"docs":{"insertions":0,"deletions":22},"test-code":{"insertions":0,"deletions":24}}},{"hash":"90896b8c31872eeb8ef5b73c79450310b839968a","isMergeCommit":false,"messageTitle":"Revert \"Revert \"Feat: Add edittask command\"\"","messageBody":"This reverts commit f3e11e09598dda1509c3d25b8760c592dee84088.\n","fileTypesAndContributionMap":{"functional-code":{"insertions":403,"deletions":3},"docs":{"insertions":22,"deletions":0},"test-code":{"insertions":24,"deletions":0}}},{"hash":"b3ccfb400dbc60aed9b909624acbbb2fb8552c85","isMergeCommit":false,"messageTitle":"Revert \"Feat: Add edittask command\"","messageBody":"This reverts commit 18dd5c704193f9abecf8798f5b2fdda171eed919.\n","fileTypesAndContributionMap":{"functional-code":{"insertions":3,"deletions":403},"docs":{"insertions":0,"deletions":22},"test-code":{"insertions":0,"deletions":24}}},{"hash":"2e0ec2441e8a34a8aed3322a0b8517697954b98b","isMergeCommit":false,"messageTitle":"Revert \"Revert \"Feat: Add edittask command\"\"","messageBody":"This reverts commit b3ccfb400dbc60aed9b909624acbbb2fb8552c85.\n","fileTypesAndContributionMap":{"functional-code":{"insertions":403,"deletions":3},"docs":{"insertions":22,"deletions":0},"test-code":{"insertions":24,"deletions":0}}},{"hash":"c0b621e127a90ab9b67aaf4d1a00185ab9ad19eb","isMergeCommit":false,"messageTitle":"Revert \"Update UI\"","messageBody":"This reverts commit 49e6cc0b5ccfcc4c175fdabf0b6c0c62e25bbcbd.\n","fileTypesAndContributionMap":{"functional-code":{"insertions":31,"deletions":142}}},{"hash":"b3c1ec11fec89fc1258b1efa9612ecc26206979d","isMergeCommit":true,"messageTitle":"Merge pull request #88 from Cyrus-Krispin/ui-update","messageBody":"UI update","fileTypesAndContributionMap":{}},{"hash":"d5e69d7a38153a9535ef7dc471ae0ef58a4987d0","isMergeCommit":true,"messageTitle":"Merge branch \u0027master\u0027 into feat/average-score","messageBody":"","fileTypesAndContributionMap":{}},{"hash":"5be89d0f8083f54a4765598a8762e2077fa49fdd","isMergeCommit":true,"messageTitle":"Merge pull request #90 from jereldlimjy/feat/average-score","messageBody":"Add Review command","fileTypesAndContributionMap":{}}]},{"date":"2023-04-05","commitResults":[{"hash":"04b1bfba5752c169e8b1fc7768907c13b828cae8","isMergeCommit":true,"messageTitle":"Merge pull request #171 from jereldlimjy/fix/ped-bugs","messageBody":"Fix PE-D bugs","fileTypesAndContributionMap":{}},{"hash":"fccd325c420de68097782b3602ec706279bd11d0","isMergeCommit":false,"messageTitle":"Chore: Fix bugs in user guide, edit task command Fixes issues #149, #148, #146","messageBody":"","fileTypesAndContributionMap":{"functional-code":{"insertions":11,"deletions":9},"docs":{"insertions":39,"deletions":22}}},{"hash":"127103d7222ffe019ef3e9cfac05aabb2c7feed6","isMergeCommit":false,"messageTitle":"Chore: Fix mark and unmark task bugs - Fix issue #143","messageBody":"","fileTypesAndContributionMap":{"functional-code":{"insertions":3,"deletions":3}}},{"hash":"ddd26228d5aa9c4b92d1b78edda3f86fb5ef17ba","isMergeCommit":false,"messageTitle":"Chore: Add example use for edit task command in user guide","messageBody":"","fileTypesAndContributionMap":{"docs":{"insertions":6,"deletions":0}}},{"hash":"0f9fe735fbb0f9e417aa9798d7bc19d2bbeae4de","isMergeCommit":false,"messageTitle":"Chore: Fix bug in error message of edit task","messageBody":"","fileTypesAndContributionMap":{"functional-code":{"insertions":1,"deletions":1}}},{"hash":"bfc0b2c7e9a23db26fd855cde92cf666aec31558","isMergeCommit":false,"messageTitle":"Chore: Fix user guide to match input parameters of edit task command - Fix issue #135","messageBody":"","fileTypesAndContributionMap":{"docs":{"insertions":3,"deletions":2}}},{"hash":"18aeed34aadb2c09acf2d1c8c495c5f5e754d488","isMergeCommit":false,"messageTitle":"Chore: Update user guide - Explain one task can be assigned to one person - Fix issue #132","messageBody":"","fileTypesAndContributionMap":{"docs":{"insertions":3,"deletions":0}}},{"hash":"86f8c1555ce16100036bf6a0f9d8b91572a6f6a3","isMergeCommit":false,"messageTitle":"Chore: Update product introduction in user guide - Fix issue #118","messageBody":"","fileTypesAndContributionMap":{"docs":{"insertions":9,"deletions":3}}},{"hash":"29f35ad7b96fd97f0e789803c98a6acd4a528964","isMergeCommit":false,"messageTitle":"Chore: Checkstyle fix","messageBody":"","fileTypesAndContributionMap":{"functional-code":{"insertions":5,"deletions":1}}},{"hash":"69c07c0c6426e798f23e2e2afc3a780b7b4d32d5","isMergeCommit":false,"messageTitle":"Chore: Fix test classes","messageBody":"","fileTypesAndContributionMap":{"test-code":{"insertions":4,"deletions":2}}},{"hash":"927eef5518ad49ec1e514051a932d4414cce51b3","isMergeCommit":false,"messageTitle":"Chore: Add test cases for edit task command","messageBody":"","fileTypesAndContributionMap":{"test-code":{"insertions":283,"deletions":5}}},{"hash":"78eda7fe456778bb06950b7a5a52437799bfb403","isMergeCommit":false,"messageTitle":"Chore: Update Jerome PPP","messageBody":"","fileTypesAndContributionMap":{"docs":{"insertions":33,"deletions":2}}},{"hash":"cf7e69d11c4562b4d72813908c216a3997020553","isMergeCommit":true,"messageTitle":"Merge pull request #175 from Yaladah/branch-jerome-pppDraft","messageBody":"Chore: Update Jerome PPP","fileTypesAndContributionMap":{}}]},{"date":"2023-04-06","commitResults":[{"hash":"8b0fb820fd2b754bc79dc9f879b8ded2cc851121","isMergeCommit":true,"messageTitle":"Merge pull request #172 from Yaladah/branch-PED-Bugs","messageBody":"Fix ped bugs","fileTypesAndContributionMap":{}},{"hash":"84d2b69d59c70f81742d666f89183d93220e7d31","isMergeCommit":false,"messageTitle":"Chore: Update UG","messageBody":"","fileTypesAndContributionMap":{"docs":{"insertions":289,"deletions":108}}},{"hash":"0e8d68f77fe4b52a80f1a3ed80ae87b5d93f4c49","isMergeCommit":false,"messageTitle":"Chore: UG formatting","messageBody":"","fileTypesAndContributionMap":{"docs":{"insertions":26,"deletions":14}}},{"hash":"5037e8f327dca57db5b27d0b09c79dba90651711","isMergeCommit":false,"messageTitle":"Chore: Include terminal navigation tutorial link in UG","messageBody":"","fileTypesAndContributionMap":{"docs":{"insertions":3,"deletions":1}}},{"hash":"9cabcfe2e8ebb2f0e404b802ec4b80c064252e4b","isMergeCommit":false,"messageTitle":"Update DeveloperGuide.md","messageBody":"","fileTypesAndContributionMap":{"docs":{"insertions":0,"deletions":4}}},{"hash":"9012ae667f6c1f1c0162078add4d5c6251c21852","isMergeCommit":true,"messageTitle":"Merge branch \u0027master\u0027 into branch-UG","messageBody":"","fileTypesAndContributionMap":{}}]},{"date":"2023-04-08","commitResults":[{"hash":"d907411784c35d8865adc55570a446fe5290e143","isMergeCommit":true,"messageTitle":"Merge pull request #177 from Yaladah/branch-UG","messageBody":"Chore: Update UG","fileTypesAndContributionMap":{}},{"hash":"c23b46957dad943d98b2480aa57dfc067d17f51a","isMergeCommit":true,"messageTitle":"Merge pull request #174 from Yaladah/branch-editTaskCommand-test","messageBody":"Chore: Add test cases for edit task command","fileTypesAndContributionMap":{}}]}],"jereldlimjy":[{"date":"2023-03-05","commitResults":[{"hash":"f5d647090b9f25212d6985529c48ff22acf000e3","isMergeCommit":false,"messageTitle":"Add Jereld info","messageBody":"","fileTypesAndContributionMap":{"docs":{"insertions":41,"deletions":7}}},{"hash":"63e419b5521163b1645f76bc88777baaee0ccfca","isMergeCommit":false,"messageTitle":"Fix trailing whitespace","messageBody":"","fileTypesAndContributionMap":{"docs":{"insertions":1,"deletions":1}}},{"hash":"8299bbc7892a579f08873879a04ebc47711c178d","isMergeCommit":true,"messageTitle":"Merge pull request #22 from jereldlimjy/master","messageBody":"Add Jereld info","fileTypesAndContributionMap":{}}]},{"date":"2023-03-13","commitResults":[{"hash":"e73ec32a1dfcc8f4bf1233be852f87a221abcd8a","isMergeCommit":false,"messageTitle":"Add mark and unmark commands","messageBody":"","fileTypesAndContributionMap":{"functional-code":{"insertions":197,"deletions":2}}},{"hash":"42436afdc2a6a70b31fcef13de5acde0ce859f2a","isMergeCommit":false,"messageTitle":"Add missing methods to stub","messageBody":"","fileTypesAndContributionMap":{"test-code":{"insertions":20,"deletions":0}}},{"hash":"c66be26ac59a1e64da504d9e9f0e37ee80815a8b","isMergeCommit":false,"messageTitle":"Add test cases for mark and unmark commands","messageBody":"","fileTypesAndContributionMap":{"functional-code":{"insertions":17,"deletions":0},"test-code":{"insertions":87,"deletions":0}}},{"hash":"48f8976cb71189bf3fdbdb420c2b9a49d40c03cb","isMergeCommit":false,"messageTitle":"Fix trailing whitespaces","messageBody":"","fileTypesAndContributionMap":{"functional-code":{"insertions":7,"deletions":7},"docs":{"insertions":4,"deletions":4},"test-code":{"insertions":2,"deletions":2}}},{"hash":"6503c0b5dd9b2cbdf9d1d2efe265ebbed9eab681","isMergeCommit":false,"messageTitle":"Fix trailing whitespace","messageBody":"","fileTypesAndContributionMap":{"functional-code":{"insertions":1,"deletions":1}}},{"hash":"9c157a70813cd6cd61152e73c9936eac7fc568b2","isMergeCommit":false,"messageTitle":"Fix import ordering","messageBody":"","fileTypesAndContributionMap":{"test-code":{"insertions":2,"deletions":2}}}]},{"date":"2023-03-14","commitResults":[{"hash":"734cd6cf7ef7c20806fc0320655eee590cd0ae3b","isMergeCommit":false,"messageTitle":"Add label","messageBody":"","fileTypesAndContributionMap":{"functional-code":{"insertions":3,"deletions":1}}},{"hash":"b934f9641ba055dccedbc6aea2fa871566bd367d","isMergeCommit":false,"messageTitle":"Add view command","messageBody":"","fileTypesAndContributionMap":{"functional-code":{"insertions":68,"deletions":24}}},{"hash":"29aac4b2f5ebd7dfc00703a341125e7583fa7edd","isMergeCommit":true,"messageTitle":"Merge branch \u0027master\u0027 into feat/toggle-view","messageBody":"","fileTypesAndContributionMap":{}},{"hash":"2c344b9d5e9aee414ef7e3fd85f09925bb9d5de6","isMergeCommit":false,"messageTitle":"Remove extra Task methods","messageBody":"","fileTypesAndContributionMap":{"functional-code":{"insertions":2,"deletions":15}}},{"hash":"2c7a984d061c7c1586eca38b2aeda30ce92c0ecc","isMergeCommit":false,"messageTitle":"Remove deadline from Task","messageBody":"","fileTypesAndContributionMap":{"functional-code":{"insertions":17,"deletions":9},"test-code":{"insertions":1,"deletions":3}}},{"hash":"e28084fda2f69dd7517edc2a0fd94ccabb694557","isMergeCommit":false,"messageTitle":"Update indentation","messageBody":"","fileTypesAndContributionMap":{"functional-code":{"insertions":1,"deletions":2}}},{"hash":"2830bd5489d067c24ae2bc037912cf956531ac1e","isMergeCommit":false,"messageTitle":"Add missing methods to stub","messageBody":"","fileTypesAndContributionMap":{"test-code":{"insertions":11,"deletions":0}}},{"hash":"050ffa916ff6b82f43d5c9e78cc3d1bee564c8c3","isMergeCommit":false,"messageTitle":"Remove empty line","messageBody":"","fileTypesAndContributionMap":{"test-code":{"insertions":0,"deletions":1}}},{"hash":"f93a3a425622ba7ad587574205c81d642616d689","isMergeCommit":false,"messageTitle":"Remove unused import","messageBody":"","fileTypesAndContributionMap":{"test-code":{"insertions":0,"deletions":1}}},{"hash":"3d94d3dbeac55bb3384ea2f152b3508d05fd83a1","isMergeCommit":true,"messageTitle":"Fix merge conflict","messageBody":"","fileTypesAndContributionMap":{}},{"hash":"553c71dce1e9d79d631b6956bc23aaa078816ce6","isMergeCommit":false,"messageTitle":"Update UG","messageBody":"","fileTypesAndContributionMap":{"docs":{"insertions":20,"deletions":0}}},{"hash":"67563a03e31f18f093dfde05b402e08f05799daa","isMergeCommit":false,"messageTitle":"Add person name to Task","messageBody":"","fileTypesAndContributionMap":{"functional-code":{"insertions":12,"deletions":10}}},{"hash":"c35bbbfe86ecc3478365f0452b11e7384ffdcd6a","isMergeCommit":true,"messageTitle":"Fix merge conflict","messageBody":"","fileTypesAndContributionMap":{}},{"hash":"ddb3d50e8dc7a6e57405284233a9cb8dc5a51d30","isMergeCommit":false,"messageTitle":"Fix Task","messageBody":"","fileTypesAndContributionMap":{"functional-code":{"insertions":0,"deletions":3}}},{"hash":"43709587689d12198fd8b982504c59a689a1e72c","isMergeCommit":false,"messageTitle":"Add updateTaskList to update ui","messageBody":"","fileTypesAndContributionMap":{"functional-code":{"insertions":2,"deletions":0}}},{"hash":"55c5d58341d4e3167ab18d4cd805dba2e78f9716","isMergeCommit":true,"messageTitle":"Merge pull request #60 from jereldlimjy/feat/toggle-view","messageBody":"Feat/toggle view","fileTypesAndContributionMap":{}}]},{"date":"2023-03-29","commitResults":[{"hash":"93425ce4d7bdfddd731a7ee0b628498443afccb8","isMergeCommit":false,"messageTitle":"Add ReviewCommand","messageBody":"","fileTypesAndContributionMap":{"functional-code":{"insertions":282,"deletions":10}}},{"hash":"bac4e2bfb7e3aeb165d3f13ecdfe842746492949","isMergeCommit":false,"messageTitle":"Add listener to update ui after assign and delete task","messageBody":"","fileTypesAndContributionMap":{"functional-code":{"insertions":19,"deletions":3}}},{"hash":"0f7bdeae49e9d0095fce1454ce38ac7dec785e32","isMergeCommit":false,"messageTitle":"Fix trailing whitespace","messageBody":"","fileTypesAndContributionMap":{"functional-code":{"insertions":5,"deletions":5}}},{"hash":"edb8c691c8d913ca181a50a6a4bd042f2975a2c8","isMergeCommit":false,"messageTitle":"Fix checkstyle","messageBody":"","fileTypesAndContributionMap":{"functional-code":{"insertions":9,"deletions":4}}},{"hash":"53811672cac568b1139fbca5fd6543dcf3ad85aa","isMergeCommit":false,"messageTitle":"Fix checkstyle","messageBody":"","fileTypesAndContributionMap":{"functional-code":{"insertions":3,"deletions":3}}},{"hash":"00802996a13bec7125e70f032f61036e15d1d3e1","isMergeCommit":false,"messageTitle":"Fix checkstyle","messageBody":"","fileTypesAndContributionMap":{"functional-code":{"insertions":11,"deletions":3}}},{"hash":"23de6124533268801012c6a7ac3a87483b149701","isMergeCommit":false,"messageTitle":"Fix trailing whitespace","messageBody":"","fileTypesAndContributionMap":{"functional-code":{"insertions":1,"deletions":1}}},{"hash":"f1b0f892df400475cadd143c6e3f6a3fb79d4566","isMergeCommit":false,"messageTitle":"Add task assigned check to MarkCommand","messageBody":"","fileTypesAndContributionMap":{"functional-code":{"insertions":17,"deletions":2}}},{"hash":"4a2447075dd409db21baafc09d83266d35500e74","isMergeCommit":false,"messageTitle":"Fix MarkCommandTest","messageBody":"","fileTypesAndContributionMap":{"test-code":{"insertions":2,"deletions":0}}},{"hash":"d7d3a5f20c95311ce272e24e4a49e34cb6e43bde","isMergeCommit":false,"messageTitle":"Remove unused import","messageBody":"","fileTypesAndContributionMap":{"test-code":{"insertions":0,"deletions":1}}}]},{"date":"2023-03-30","commitResults":[{"hash":"db0226652f77b4ff9e4a9953063097b87dc2e2ca","isMergeCommit":false,"messageTitle":"Clean up UG","messageBody":"","fileTypesAndContributionMap":{"docs":{"insertions":29,"deletions":20}}},{"hash":"c16a3f06f2b27cf86ff0afbfe6d3a456c6b4ed57","isMergeCommit":false,"messageTitle":"Update User Guide","messageBody":"","fileTypesAndContributionMap":{"docs":{"insertions":17,"deletions":9}}},{"hash":"52b6ab6e3c3ba12bf2ca54da826c784b2e9fbd4f","isMergeCommit":false,"messageTitle":"Edit index.md","messageBody":"","fileTypesAndContributionMap":{"docs":{"insertions":2,"deletions":2}}}]},{"date":"2023-04-04","commitResults":[{"hash":"9d9b92959edb74119125a94e412f8f4e7bca41dd","isMergeCommit":false,"messageTitle":"Remove Role command from UG summary","messageBody":"","fileTypesAndContributionMap":{"functional-code":{"insertions":1,"deletions":1},"docs":{"insertions":0,"deletions":1}}},{"hash":"5e59ea8fc167952953a84f268310a68c71e90587","isMergeCommit":false,"messageTitle":"Fix documentation bugs","messageBody":"","fileTypesAndContributionMap":{"functional-code":{"insertions":3,"deletions":1},"docs":{"insertions":25,"deletions":3}}}]}],"PawanPatil19":[{"date":"2023-02-28","commitResults":[{"hash":"40eea95ea5ae6cdd42f9c195d699bef73ed5998d","isMergeCommit":false,"messageTitle":"Update AboutUs.md","messageBody":"","fileTypesAndContributionMap":{"docs":{"insertions":5,"deletions":5}}},{"hash":"6cea1cc9f7ee157d2c0869cbb3c52a8fc5355e9e","isMergeCommit":false,"messageTitle":"Create pawan.md","messageBody":"","fileTypesAndContributionMap":{"docs":{"insertions":6,"deletions":0}}},{"hash":"1a31f6130abf622ab7ece626ef34465ea3bf23c5","isMergeCommit":true,"messageTitle":"Merge pull request #10 from PawanPatil19/master","messageBody":"Update AboutUs for Pawan","fileTypesAndContributionMap":{}},{"hash":"800990c240bee640c82d01194a8f824af5410075","isMergeCommit":false,"messageTitle":"Revert \"Update AboutUs for Pawan\"","messageBody":"","fileTypesAndContributionMap":{"docs":{"insertions":5,"deletions":11}}}]},{"date":"2023-03-01","commitResults":[{"hash":"4862fa5ba352ee0f3c203845d009fc6c1484cfed","isMergeCommit":true,"messageTitle":"Merge pull request #11 from AY2223S2-CS2103T-W15-3/revert-10-master","messageBody":"Revert \"Update AboutUs for Pawan\"","fileTypesAndContributionMap":{}},{"hash":"cce797230ac0320c63e29099637f74f99d6786c5","isMergeCommit":true,"messageTitle":"Merge pull request #1 from AY2223S2-CS2103T-W15-3/master","messageBody":"Pull from upstream","fileTypesAndContributionMap":{}},{"hash":"9ece8152842911f56e91450b9c141e50f66dde3f","isMergeCommit":false,"messageTitle":"Update About Us","messageBody":"","fileTypesAndContributionMap":{"docs":{"insertions":7,"deletions":5}}},{"hash":"df0064e7051e227fd6036fd03ff9b66f68261437","isMergeCommit":false,"messageTitle":"Create pawan.md","messageBody":"","fileTypesAndContributionMap":{"docs":{"insertions":6,"deletions":0}}},{"hash":"44d5cc2005ee0391e28865b8145dde47f936f789","isMergeCommit":true,"messageTitle":"Merge pull request #16 from PawanPatil19/master","messageBody":"Update About Us for Pawan","fileTypesAndContributionMap":{}}]},{"date":"2023-03-06","commitResults":[{"hash":"435187223b4a6c7953868efe0e985a07307c9d5e","isMergeCommit":false,"messageTitle":"Rename pawan.md to PawanPatil19.md","messageBody":"","fileTypesAndContributionMap":{"docs":{"insertions":0,"deletions":0}}},{"hash":"c912f8a135f7bfd0ca4ecc1ce41a0b20f7e58d0d","isMergeCommit":false,"messageTitle":"Update PawanPatil19.md","messageBody":"","fileTypesAndContributionMap":{"docs":{"insertions":1,"deletions":1}}},{"hash":"59bd7e43ec437bb69292242e9cc129609aeea0c1","isMergeCommit":false,"messageTitle":"Rename PawanPatil19.md to pawanpatil19.md","messageBody":"","fileTypesAndContributionMap":{"docs":{"insertions":0,"deletions":0}}},{"hash":"64bf1aa7ecbe19b5edad611bb2c535da55b1fb7b","isMergeCommit":false,"messageTitle":"Update pawanpatil19.md","messageBody":"","fileTypesAndContributionMap":{"docs":{"insertions":1,"deletions":1}}},{"hash":"59d8fa22fbe0908f17f72eed5835062beb0a803f","isMergeCommit":false,"messageTitle":"Update README.md","messageBody":"","fileTypesAndContributionMap":{"docs":{"insertions":7,"deletions":1}}},{"hash":"227fb5b08accc28e8374252861a3e8103fa3fc90","isMergeCommit":false,"messageTitle":"Update README.md","messageBody":"","fileTypesAndContributionMap":{"docs":{"insertions":1,"deletions":1}}},{"hash":"ceefb8b24c48abcaeb45572ce8bd23db6df36123","isMergeCommit":true,"messageTitle":"Merge pull request #29 from PawanPatil19/master","messageBody":"Update README.md","fileTypesAndContributionMap":{}},{"hash":"353abb5a9b19c37307d59b92f556ecc6348cf7f8","isMergeCommit":false,"messageTitle":"Update README.md","messageBody":"","fileTypesAndContributionMap":{"docs":{"insertions":3,"deletions":0}}},{"hash":"635848533e36a6b1182bf02fac123383370679e6","isMergeCommit":false,"messageTitle":"Update AboutUs.md","messageBody":"","fileTypesAndContributionMap":{"docs":{"insertions":2,"deletions":2}}}]},{"date":"2023-03-07","commitResults":[{"hash":"0fc06bf8af8400541227abfa13a180cade7c0b44","isMergeCommit":true,"messageTitle":"Merge pull request #39 from Cyrus-Krispin/Update-UG","messageBody":"Update user guide","fileTypesAndContributionMap":{}},{"hash":"9c9a03cddd2236bbf2992a951dc0b891804d0a52","isMergeCommit":true,"messageTitle":"Merge pull request #40 from Cyrus-Krispin/Update-DG","messageBody":"Add use case","fileTypesAndContributionMap":{}},{"hash":"4d8f5bd71f33294143057206afcbfc4c6cd05e40","isMergeCommit":false,"messageTitle":"Add NFRs","messageBody":"","fileTypesAndContributionMap":{"docs":{"insertions":3,"deletions":0}}}]},{"date":"2023-03-12","commitResults":[{"hash":"6dfb6c28eaa8fae9989b4fc13beb95fc05309440","isMergeCommit":false,"messageTitle":"Add assign task function","messageBody":"","fileTypesAndContributionMap":{"functional-code":{"insertions":269,"deletions":2},"test-code":{"insertions":32,"deletions":0}}},{"hash":"0a4ab1ff509445441f34e8061f224ae0a77753d1","isMergeCommit":true,"messageTitle":"Merge branch \u0027master\u0027 into branch-assign-command","messageBody":"","fileTypesAndContributionMap":{}}]},{"date":"2023-03-13","commitResults":[{"hash":"628df157f91baba3155b7b1a75d38f700b5e5be2","isMergeCommit":false,"messageTitle":"Add tests for assign command","messageBody":"","fileTypesAndContributionMap":{"functional-code":{"insertions":15,"deletions":12},"test-code":{"insertions":96,"deletions":0}}},{"hash":"dc87a157368471a0c5baccc6162501e80e8fb271","isMergeCommit":false,"messageTitle":"Update result message for assign","messageBody":"","fileTypesAndContributionMap":{"functional-code":{"insertions":7,"deletions":8}}},{"hash":"21393f67007a63e9bedc6663b0f7e0b06b3455b7","isMergeCommit":false,"messageTitle":"Update UG for assign command","messageBody":"","fileTypesAndContributionMap":{"docs":{"insertions":2,"deletions":2}}},{"hash":"d20d6e4f47af7e6e2fcd895454a6e1518a77dcb0","isMergeCommit":false,"messageTitle":"Fix checkstyle errors","messageBody":"","fileTypesAndContributionMap":{"functional-code":{"insertions":14,"deletions":17}}},{"hash":"b84d02e0575db24620f63974774eee7e734496a4","isMergeCommit":false,"messageTitle":"Fix checkstyle errors","messageBody":"","fileTypesAndContributionMap":{"functional-code":{"insertions":1,"deletions":4}}},{"hash":"2db6b46b00cfc949e7d40ba5b02f4722d447a56e","isMergeCommit":false,"messageTitle":"Fix checkstyle errors","messageBody":"","fileTypesAndContributionMap":{"test-code":{"insertions":2,"deletions":2}}},{"hash":"34828021909bd6cb4ab69e552ac4e2382d365e55","isMergeCommit":false,"messageTitle":"Fix bug in assign command tests","messageBody":"","fileTypesAndContributionMap":{"functional-code":{"insertions":14,"deletions":3},"test-code":{"insertions":19,"deletions":5}}},{"hash":"226f348392fb7ff7922236d759122c3fedb105b3","isMergeCommit":false,"messageTitle":"Update UI for task list","messageBody":"","fileTypesAndContributionMap":{"functional-code":{"insertions":246,"deletions":11},"test-code":{"insertions":6,"deletions":3}}},{"hash":"1bfe0256098e61da060046a9bc595f55a2e8dd2f","isMergeCommit":true,"messageTitle":"Merge pull request #52 from PawanPatil19/update-ui","messageBody":"Update UI","fileTypesAndContributionMap":{}},{"hash":"c256b025a8fcfdac223f129931996795608d2880","isMergeCommit":false,"messageTitle":"Fix checkstyle errors","messageBody":"","fileTypesAndContributionMap":{"functional-code":{"insertions":4,"deletions":18},"test-code":{"insertions":0,"deletions":2}}}]},{"date":"2023-03-14","commitResults":[{"hash":"4abd83116b7575fbd254dcb4777df07cadd826ea","isMergeCommit":false,"messageTitle":"Fix UI bugs","messageBody":"","fileTypesAndContributionMap":{"functional-code":{"insertions":6,"deletions":4}}},{"hash":"ea7554cf3968c1ce1ebb6aa9c9bc4440bd14cfaf","isMergeCommit":false,"messageTitle":"Update variable naming","messageBody":"","fileTypesAndContributionMap":{"functional-code":{"insertions":5,"deletions":5}}},{"hash":"113be8fa1999a1b8cb71f4377ed45c93f8df1f4f","isMergeCommit":true,"messageTitle":"Merge pull request #48 from PawanPatil19/branch-assign-command","messageBody":"Add assign command","fileTypesAndContributionMap":{}},{"hash":"0007693516c82798945a585bde6b6b48de4e930f","isMergeCommit":true,"messageTitle":"Merge pull request #53 from PawanPatil19/update-ui","messageBody":"UI Update for Tasks","fileTypesAndContributionMap":{}},{"hash":"34a1c7a0c26274300f9767e4f9718f76420b7253","isMergeCommit":true,"messageTitle":"Merge pull request #49 from Cyrus-Krispin/role-for-person","messageBody":"Add role feature","fileTypesAndContributionMap":{}},{"hash":"a7de97ba5ce2f92451c4417c985bfa733b579d0d","isMergeCommit":true,"messageTitle":"Merge pull request #56 from jereldlimjy/feat/mark-command","messageBody":"Add mark and unmark commands","fileTypesAndContributionMap":{}}]},{"date":"2023-03-15","commitResults":[{"hash":"9f35e332ff0e94bb0fd497fde84060240cd52a15","isMergeCommit":false,"messageTitle":"Update UI","messageBody":"","fileTypesAndContributionMap":{"functional-code":{"insertions":21,"deletions":11}}},{"hash":"cf00b344478ceaa1a57659e18791ae841d5160cf","isMergeCommit":true,"messageTitle":"Fix errors","messageBody":"","fileTypesAndContributionMap":{}},{"hash":"baa19aeb6bc6e4ba7a9372e026eefcdfeb4ba5df","isMergeCommit":true,"messageTitle":"Merge branch \u0027update-ui\u0027 of https://github.com/PawanPatil19/tp into update-ui","messageBody":"","fileTypesAndContributionMap":{}},{"hash":"a481cccf16a6379f5617fe35b3c88823b39d403d","isMergeCommit":false,"messageTitle":"Fix UI for assigning tasks","messageBody":"","fileTypesAndContributionMap":{"functional-code":{"insertions":66,"deletions":38},"test-code":{"insertions":13,"deletions":4}}},{"hash":"a865bead354c7d8e0e7ecf13c80189afd9ef9569","isMergeCommit":false,"messageTitle":"Fix checkstyle errors","messageBody":"","fileTypesAndContributionMap":{"functional-code":{"insertions":2,"deletions":3}}},{"hash":"d0ed74565604558521ff5e2c673ea03cd6c12960","isMergeCommit":true,"messageTitle":"Merge pull request #2 from PawanPatil19/update-ui","messageBody":"Update UI","fileTypesAndContributionMap":{}},{"hash":"94519645b968c0a9ec52b61cf3d65968384b8961","isMergeCommit":false,"messageTitle":"Add role in UI","messageBody":"","fileTypesAndContributionMap":{"functional-code":{"insertions":37,"deletions":14},"test-code":{"insertions":3,"deletions":3}}},{"hash":"59734276aa059e1cbad8fcd158da5cdf426c7562","isMergeCommit":false,"messageTitle":"Fix checkstyle errors","messageBody":"","fileTypesAndContributionMap":{"functional-code":{"insertions":1,"deletions":1}}},{"hash":"1a74b2a66bc5c4fad31b4b1de640ff6bb78d88dc","isMergeCommit":true,"messageTitle":"Merge pull request #63 from Cyrus-Krispin/change-app-name","messageBody":"Change app name","fileTypesAndContributionMap":{}}]},{"date":"2023-03-19","commitResults":[{"hash":"398c245f2fd43016ba47a095ff87b42a13726ca9","isMergeCommit":false,"messageTitle":"Update mark command to accept score","messageBody":"","fileTypesAndContributionMap":{"functional-code":{"insertions":166,"deletions":32},"test-code":{"insertions":13,"deletions":5}}},{"hash":"edff0d872b2338e7440bf8e861cc58db1a594fed","isMergeCommit":false,"messageTitle":"Fix checkstyle errors","messageBody":"","fileTypesAndContributionMap":{"functional-code":{"insertions":31,"deletions":27}}},{"hash":"b9e1067940b77cdda1bcd77b4ceb3812116d54e1","isMergeCommit":true,"messageTitle":"Merge branch \u0027master\u0027 into branch-score","messageBody":"","fileTypesAndContributionMap":{}},{"hash":"9345642ae3400b745916747352374ab4a9d89159","isMergeCommit":false,"messageTitle":"Fix checkstyle errors","messageBody":"","fileTypesAndContributionMap":{"functional-code":{"insertions":1,"deletions":1}}},{"hash":"2a9a87de87f81d8a61ad40e571d1fba9d883a936","isMergeCommit":false,"messageTitle":"Update UG","messageBody":"","fileTypesAndContributionMap":{"docs":{"insertions":5,"deletions":5}}},{"hash":"8ca85a90c212e46e8123a04893fa8c1f154c6889","isMergeCommit":false,"messageTitle":"Add test cases for mark command","messageBody":"","fileTypesAndContributionMap":{"functional-code":{"insertions":2,"deletions":3},"test-code":{"insertions":8,"deletions":1}}},{"hash":"b3b51c481fcec1ceceec8be1518f32b3d45feef6","isMergeCommit":false,"messageTitle":"Fix mark/unmark score handling","messageBody":"","fileTypesAndContributionMap":{"functional-code":{"insertions":4,"deletions":3}}},{"hash":"28af1cfa50ab0b426f5770d0a2b9a3fb8af35b77","isMergeCommit":true,"messageTitle":"Merge branch \u0027master\u0027 into branch-score","messageBody":"","fileTypesAndContributionMap":{}},{"hash":"5b41adeedbe30ad7e4ffe1c3698efa7da4c60c2c","isMergeCommit":false,"messageTitle":"Add merged tests","messageBody":"","fileTypesAndContributionMap":{"test-code":{"insertions":4,"deletions":2}}}]},{"date":"2023-03-21","commitResults":[{"hash":"19202a54bbc78a24701b809bbea02ffd561f0d5f","isMergeCommit":false,"messageTitle":"Fix javadoc errors","messageBody":"","fileTypesAndContributionMap":{"functional-code":{"insertions":19,"deletions":1}}}]},{"date":"2023-03-24","commitResults":[{"hash":"53bf4241bc51fa3dda714fb14a4d370da758b9a6","isMergeCommit":false,"messageTitle":"Update DG","messageBody":"","fileTypesAndContributionMap":{"docs":{"insertions":25,"deletions":3}}},{"hash":"ef09069edc9cf97b36ff9d4ae899b5202a8971b8","isMergeCommit":true,"messageTitle":"Merge pull request #81 from Cyrus-Krispin/update-version-number","messageBody":"Update version number","fileTypesAndContributionMap":{}}]},{"date":"2023-03-27","commitResults":[{"hash":"e8faec28819dca7a22771e22396c0a5e8e7d130e","isMergeCommit":false,"messageTitle":"Added storage functionality for tasks","messageBody":"","fileTypesAndContributionMap":{"functional-code":{"insertions":1047,"deletions":219},"test-code":{"insertions":587,"deletions":241}}},{"hash":"8c9c81712537e18ceb25184316b01a3f5c14e263","isMergeCommit":false,"messageTitle":"Fix tests","messageBody":"","fileTypesAndContributionMap":{"functional-code":{"insertions":18,"deletions":6},"test-code":{"insertions":22,"deletions":1}}},{"hash":"cd5da04938c9239ad50a7c6062f6858871f63b78","isMergeCommit":true,"messageTitle":"Merge pull request #84 from PawanPatil19/branch-storage","messageBody":"Added storage functionality for tasks","fileTypesAndContributionMap":{}}]},{"date":"2023-03-29","commitResults":[{"hash":"f91e0e75bf740c4be366accc43104b311b8b1202","isMergeCommit":true,"messageTitle":"Merge pull request #91 from Yaladah/branch-editTask","messageBody":"Feat: Add edittask command","fileTypesAndContributionMap":{}}]},{"date":"2023-03-30","commitResults":[{"hash":"0b433745abff02e35f6ff1b989eee035d41f9fa5","isMergeCommit":false,"messageTitle":"Fix UI","messageBody":"","fileTypesAndContributionMap":{"functional-code":{"insertions":178,"deletions":86},"test-code":{"insertions":14,"deletions":22}}},{"hash":"1c83f05e22fb3a47d2eb7f5bd3e9b2618a3bc00b","isMergeCommit":false,"messageTitle":"Fix checkstyle errors","messageBody":"","fileTypesAndContributionMap":{"functional-code":{"insertions":15,"deletions":12}}},{"hash":"f55cfd2d43e4c1b29272c5bbd20136d910248a80","isMergeCommit":false,"messageTitle":"Fix tests for mark command","messageBody":"","fileTypesAndContributionMap":{"test-code":{"insertions":9,"deletions":8}}},{"hash":"12197fb48848cee689636b90451ebbb8f524095f","isMergeCommit":true,"messageTitle":"Merge pull request #92 from PawanPatil19/branch-ui-fix","messageBody":"Fix UI","fileTypesAndContributionMap":{}},{"hash":"38e485a57fb74243f9574bb6592d20763fa42c9a","isMergeCommit":true,"messageTitle":"Merge pull request #100 from Cyrus-Krispin/light-dark","messageBody":"Add light mode","fileTypesAndContributionMap":{}},{"hash":"18742ab71a760aecf7cd9e4fb71cb44e3f13c4a6","isMergeCommit":true,"messageTitle":"Merge pull request #99 from jereldlimjy/update/docs","messageBody":"Update User Guide","fileTypesAndContributionMap":{}}]}],"Cyrus-Krispin":[{"date":"2023-03-01","commitResults":[{"hash":"b83c34f4c662bcc3a28c2aebba7f59ae0fd45fc8","isMergeCommit":false,"messageTitle":"Update cyrus\u0027s info","messageBody":"","fileTypesAndContributionMap":{"docs":{"insertions":32,"deletions":4}}},{"hash":"9ee3300fd2ef196da413cdc8308d5a501fd69f86","isMergeCommit":false,"messageTitle":"Update cyrus-info","messageBody":"","fileTypesAndContributionMap":{"docs":{"insertions":1,"deletions":1}}},{"hash":"66c9fa25b60d7907cddc85c1edfba3c306e6ecac","isMergeCommit":true,"messageTitle":"Merge pull request #15 from Cyrus-Krispin/cyrus-info","messageBody":"Update cyrus-info","fileTypesAndContributionMap":{}}]},{"date":"2023-03-07","commitResults":[{"hash":"1518d88a38fcf148c1b9342263ae0e7ec53a3169","isMergeCommit":false,"messageTitle":"Update user guide","messageBody":"","fileTypesAndContributionMap":{"docs":{"insertions":35,"deletions":120}}},{"hash":"5239dfe93f5d8e1542a8d5f6292e7d986dfc1134","isMergeCommit":false,"messageTitle":"Update user guide","messageBody":"","fileTypesAndContributionMap":{"docs":{"insertions":17,"deletions":17}}},{"hash":"135a7787bfee8e70de4876224d487ad570c150b5","isMergeCommit":false,"messageTitle":"Add use case","messageBody":"","fileTypesAndContributionMap":{"docs":{"insertions":15,"deletions":0}}}]},{"date":"2023-03-08","commitResults":[{"hash":"bff78c8b7731302fd3da64d4226bfb180f404ede","isMergeCommit":true,"messageTitle":"Merge pull request #41 from PawanPatil19/branch-update-dg","messageBody":"Add NFRs","fileTypesAndContributionMap":{}}]},{"date":"2023-03-13","commitResults":[{"hash":"59e400ae75540cd0efd0320084dffd640e639866","isMergeCommit":false,"messageTitle":"Add role for person","messageBody":"","fileTypesAndContributionMap":{"functional-code":{"insertions":104,"deletions":391},"test-code":{"insertions":185,"deletions":208}}},{"hash":"2dbcc7426c5a2cae350c0a382786c530ff2f892e","isMergeCommit":false,"messageTitle":"Update tests","messageBody":"","fileTypesAndContributionMap":{"functional-code":{"insertions":28,"deletions":14},"test-code":{"insertions":361,"deletions":532}}},{"hash":"06d624b1152fcb843222f1d831c092349a615a42","isMergeCommit":false,"messageTitle":"Revert \"Update tests\"","messageBody":"This reverts commit 2dbcc7426c5a2cae350c0a382786c530ff2f892e.\n","fileTypesAndContributionMap":{"functional-code":{"insertions":14,"deletions":28},"test-code":{"insertions":532,"deletions":361}}},{"hash":"7ca1db5ece4ad5a058db59c50215128b565357a5","isMergeCommit":false,"messageTitle":"Revert \"Add role for person\"","messageBody":"This reverts commit 59e400ae75540cd0efd0320084dffd640e639866.\n","fileTypesAndContributionMap":{"functional-code":{"insertions":391,"deletions":104},"test-code":{"insertions":208,"deletions":185}}},{"hash":"3a2d09d1e3d86a697e424436158fe3778ba9e318","isMergeCommit":false,"messageTitle":"Add role feature to person","messageBody":"","fileTypesAndContributionMap":{"functional-code":{"insertions":200,"deletions":200},"test-code":{"insertions":174,"deletions":173}}},{"hash":"af5a3ae5c21e3011190af3d4ce4ce6529f524f7b","isMergeCommit":false,"messageTitle":"Update UG","messageBody":"","fileTypesAndContributionMap":{"docs":{"insertions":0,"deletions":9}}}]},{"date":"2023-03-14","commitResults":[{"hash":"20f28e38ddc1b3625ea8feac4107e94caf007e76","isMergeCommit":true,"messageTitle":"Merge branch \u0027master\u0027 into role-for-person","messageBody":"","fileTypesAndContributionMap":{}}]},{"date":"2023-03-15","commitResults":[{"hash":"1a400c921e67b3cd2a8bacc08196251c6ac941bc","isMergeCommit":true,"messageTitle":"Merge pull request #62 from PawanPatil19/branch-UI","messageBody":"Fix UI elements","fileTypesAndContributionMap":{}},{"hash":"dba4518821f2ef4054b9f0eee579dc231e33361e","isMergeCommit":false,"messageTitle":"Change app name","messageBody":"","fileTypesAndContributionMap":{"functional-code":{"insertions":1,"deletions":1}}}]},{"date":"2023-03-24","commitResults":[{"hash":"feab3e514acd8108e141509454f17f3eae538968","isMergeCommit":false,"messageTitle":"Enable assertions","messageBody":"","fileTypesAndContributionMap":{"other":{"insertions":4,"deletions":0}}},{"hash":"4ef23a6f04f214dd455cf96182404d2cd8c03434","isMergeCommit":false,"messageTitle":"Update dg","messageBody":"","fileTypesAndContributionMap":{"docs":{"insertions":19,"deletions":0}}},{"hash":"c7a22b1b0ecef62942021dd2e0ba3877329728c6","isMergeCommit":false,"messageTitle":"Change jar filename","messageBody":"","fileTypesAndContributionMap":{"other":{"insertions":1,"deletions":1}}},{"hash":"05a2afc1f4a10f74854d26ded3a221d0af5c0978","isMergeCommit":true,"messageTitle":"Merge pull request #78 from Yaladah/branch-DG-Update","messageBody":"Chore: Update developer guide","tags":["v1.2.1"],"fileTypesAndContributionMap":{}},{"hash":"3ffb5ab648ccae3d4ddac04ba1df1ba8c739dd23","isMergeCommit":true,"messageTitle":"Merge pull request #80 from PawanPatil19/update-DG","messageBody":"Update DG","fileTypesAndContributionMap":{}},{"hash":"0c8515d47e16d0fd45a89be236e67a86e804a74b","isMergeCommit":false,"messageTitle":"Update version number","messageBody":"","fileTypesAndContributionMap":{"functional-code":{"insertions":1,"deletions":1}}}]},{"date":"2023-03-29","commitResults":[{"hash":"14978db115be51e92a8437b1b754c3ed894a7523","isMergeCommit":false,"messageTitle":"Add feature to switch views","messageBody":"","fileTypesAndContributionMap":{"functional-code":{"insertions":29,"deletions":12}}},{"hash":"c10747ce394c8bcfef332fdfe1b5c04ceba53f24","isMergeCommit":false,"messageTitle":"Update fxml files to use javafx version 11","messageBody":"","fileTypesAndContributionMap":{"functional-code":{"insertions":8,"deletions":8}}},{"hash":"27374297b088feee2f4525e930f858e8759582d4","isMergeCommit":false,"messageTitle":"Add visible score to tasks","messageBody":"","fileTypesAndContributionMap":{"functional-code":{"insertions":101,"deletions":14}}},{"hash":"7824fdf3a21c45641ec2f0558db1d081c5b63437","isMergeCommit":false,"messageTitle":"Fix score when task is unmarked","messageBody":"","fileTypesAndContributionMap":{"functional-code":{"insertions":10,"deletions":0}}},{"hash":"66add214584bccf460d1305a4d2e532af2c15345","isMergeCommit":false,"messageTitle":"Fix checkstyle","messageBody":"","fileTypesAndContributionMap":{"functional-code":{"insertions":0,"deletions":3}}}]},{"date":"2023-03-30","commitResults":[{"hash":"0454084ccc959c142cc0b2a3ed36b99993ad6be6","isMergeCommit":false,"messageTitle":"Fix taskcard formatting","messageBody":"","fileTypesAndContributionMap":{"functional-code":{"insertions":62,"deletions":60}}},{"hash":"99d0d98a02dd2d03d88ab0371f601c8d31184c4f","isMergeCommit":false,"messageTitle":"Add status colours for tasks","messageBody":"","fileTypesAndContributionMap":{"functional-code":{"insertions":100,"deletions":9}}},{"hash":"ff430dd3b09838898e8a15662b45114a01110bd8","isMergeCommit":false,"messageTitle":"Fix checkstyle","messageBody":"","fileTypesAndContributionMap":{"functional-code":{"insertions":15,"deletions":10}}},{"hash":"296e2da69640d542fa8873a3540ba72e7e674861","isMergeCommit":true,"messageTitle":"Merge pull request #95 from Cyrus-Krispin/task-status","messageBody":"Add Task Status","fileTypesAndContributionMap":{}},{"hash":"7a778955ae5e25fe123170f09835d86a91c54717","isMergeCommit":false,"messageTitle":"Add light mode","messageBody":"","fileTypesAndContributionMap":{"functional-code":{"insertions":440,"deletions":62}}},{"hash":"5c3755d8b8bb89fe03afcd9463a1e4eedb65fbf9","isMergeCommit":false,"messageTitle":"Fix checkstyle","messageBody":"","fileTypesAndContributionMap":{"functional-code":{"insertions":15,"deletions":2}}},{"hash":"50aa49a56bc59a0463bab1f57dfd974eecd4bd11","isMergeCommit":false,"messageTitle":"Revert \"Add light mode\"","messageBody":"","fileTypesAndContributionMap":{"functional-code":{"insertions":62,"deletions":453}}},{"hash":"f8d8a2f3e82b1b60b9e735e82a49ef8dbe8275e1","isMergeCommit":true,"messageTitle":"Merge pull request #101 from AY2223S2-CS2103T-W15-3/revert-100-light-dark","messageBody":"Revert \"Add light mode\"","fileTypesAndContributionMap":{}},{"hash":"e7e7db77096c7ef4718b2d7327b620f0b7cecaf0","isMergeCommit":false,"messageTitle":"Revert \"Revert \"Add light mode\"\"","messageBody":"","fileTypesAndContributionMap":{"functional-code":{"insertions":453,"deletions":62}}},{"hash":"411e530e2790dee07176d11ec90f4bfce2900cf4","isMergeCommit":true,"messageTitle":"Merge pull request #104 from AY2223S2-CS2103T-W15-3/revert-101-revert-100-light-dark","messageBody":"Revert \"Revert \"Add light mode\"\"","fileTypesAndContributionMap":{}},{"hash":"df8b517f55c97829396db1fd94d0ca6545c4a467","isMergeCommit":false,"messageTitle":"Add dark mode","messageBody":"","fileTypesAndContributionMap":{"functional-code":{"insertions":6,"deletions":6}}},{"hash":"d70d930d48a2e58f0daf7ad83cbeb92215bf31ff","isMergeCommit":true,"messageTitle":"Merge pull request #105 from Cyrus-Krispin/add-dark-mode","messageBody":"Add dark mode","fileTypesAndContributionMap":{}},{"hash":"fab8437c652a4bb17b3ff91e5b94027372af126f","isMergeCommit":false,"messageTitle":"Fix stylesheet syntax","messageBody":"","fileTypesAndContributionMap":{"functional-code":{"insertions":1,"deletions":1}}},{"hash":"ce302a3c204ead43872ff2e5932d5242803e8b30","isMergeCommit":false,"messageTitle":"Fix issues for jar file","messageBody":"","fileTypesAndContributionMap":{"functional-code":{"insertions":13,"deletions":11}}},{"hash":"da7c677defc213477db434226f50d3cf95794be2","isMergeCommit":false,"messageTitle":"Fix stylesheet syntas","messageBody":"","fileTypesAndContributionMap":{"functional-code":{"insertions":1,"deletions":1}}}]},{"date":"2023-03-31","commitResults":[{"hash":"e116634b75d5c58dcb42c073d72895870385ac53","isMergeCommit":true,"messageTitle":"Merge pull request #106 from Cyrus-Krispin/fix-issues","messageBody":"Fix jar file issues","fileTypesAndContributionMap":{}},{"hash":"f5ef0704d0c8258b4a66853437650a86267b6e37","isMergeCommit":true,"messageTitle":"Merge branch \u0027master\u0027 of https://github.com/AY2223S2-CS2103T-W15-3/tp","messageBody":"","fileTypesAndContributionMap":{}},{"hash":"969c865f8b0a3f1f4a5e80426e8fdd44d5184603","isMergeCommit":false,"messageTitle":"Update version","messageBody":"","fileTypesAndContributionMap":{"functional-code":{"insertions":1,"deletions":1}}},{"hash":"524cb84248d64e65a37b4b0c5532bf89bd440db0","isMergeCommit":true,"messageTitle":"Merge pull request #107 from Cyrus-Krispin/update-version","messageBody":"Update version","tags":["v1.3"],"fileTypesAndContributionMap":{}}]},{"date":"2023-04-07","commitResults":[{"hash":"4a338c2b049c015de53c974bca66fd9e8e92037f","isMergeCommit":false,"messageTitle":"update cyrus ppp","messageBody":"","fileTypesAndContributionMap":{"docs":{"insertions":14,"deletions":3}}},{"hash":"f26b16c5f5b513f5db267b1b560ba4fe7a08573a","isMergeCommit":true,"messageTitle":"Merge pull request #179 from Cyrus-Krispin/update-cyrus-ppp","messageBody":"update cyrus ppp","fileTypesAndContributionMap":{}}]}]},"authorFileTypeContributionMap":{"zhengsterz":{"docs":173,"functional-code":1140,"test-code":1433},"Yaladah":{"docs":405,"functional-code":608,"test-code":432},"jereldlimjy":{"docs":61,"functional-code":534,"test-code":80},"PawanPatil19":{"docs":48,"functional-code":1810,"test-code":761,"other":1},"Cyrus-Krispin":{"docs":81,"functional-code":865,"test-code":174,"other":3}},"authorContributionVariance":{"zhengsterz":34928.605,"Yaladah":136723.25,"jereldlimjy":5874.567,"PawanPatil19":96002.52,"Cyrus-Krispin":430861.8},"authorDisplayNameMap":{"zhengsterz":"CS2103T-W15-3 LIM ..HENG","Yaladah":"CS2103T-W15-3 JERO..W EE","jereldlimjy":"CS2103T-W15-3 JERE.. YOU","PawanPatil19":"CS2103T-W15-3 PAWA..ATIL","Cyrus-Krispin":"CS2103T-W15-3 CYRU..UMAR"}}
