{"authorDailyContributionsMap":{"zhengsterz":[{"date":"2023-02-25","commitResults":[{"hash":"a53f2fc4486a3332b0d8a831b08677e35d652f1a","messageTitle":"Add personal info","messageBody":"","fileTypesAndContributionMap":{"docs":{"insertions":5,"deletions":5}}}]},{"date":"2023-03-01","commitResults":[{"hash":"2561c6d85018109e86cd7e0aa8d2d6fcd076ba80","messageTitle":"Add PPP for xuanzheng","messageBody":"","fileTypesAndContributionMap":{"docs":{"insertions":0,"deletions":0}}},{"hash":"3569c763d655ea63d24e9c313c7cc590a3c4c7ad","messageTitle":"Add PPP for xuanzheng","messageBody":"","fileTypesAndContributionMap":{"docs":{"insertions":5,"deletions":5}}}]}],"Yaladah":[{"date":"2023-02-27","commitResults":[{"hash":"2b1622d9511425ff6cadb1dd0ac8fd5cd918be37","messageTitle":"Add personal info","messageBody":"","fileTypesAndContributionMap":{"docs":{"insertions":12,"deletions":5}}}]},{"date":"2023-02-28","commitResults":[{"hash":"aa28dd15778eac8f10374d6d274acebdd50ab83e","messageTitle":"Revert \"Add personal info\"","messageBody":"","fileTypesAndContributionMap":{"docs":{"insertions":5,"deletions":12}}}]}],"jereldlimjy":[],"PawanPatil19":[{"date":"2023-02-28","commitResults":[{"hash":"40eea95ea5ae6cdd42f9c195d699bef73ed5998d","messageTitle":"Update AboutUs.md","messageBody":"","fileTypesAndContributionMap":{"docs":{"insertions":5,"deletions":5}}},{"hash":"6cea1cc9f7ee157d2c0869cbb3c52a8fc5355e9e","messageTitle":"Create pawan.md","messageBody":"","fileTypesAndContributionMap":{"docs":{"insertions":6,"deletions":0}}},{"hash":"800990c240bee640c82d01194a8f824af5410075","messageTitle":"Revert \"Update AboutUs for Pawan\"","messageBody":"","fileTypesAndContributionMap":{"docs":{"insertions":5,"deletions":11}}}]},{"date":"2023-03-01","commitResults":[{"hash":"9ece8152842911f56e91450b9c141e50f66dde3f","messageTitle":"Update About Us","messageBody":"","fileTypesAndContributionMap":{"docs":{"insertions":7,"deletions":5}}},{"hash":"df0064e7051e227fd6036fd03ff9b66f68261437","messageTitle":"Create pawan.md","messageBody":"","fileTypesAndContributionMap":{"docs":{"insertions":6,"deletions":0}}}]}],"Cyrus-Krispin":[{"date":"2023-03-01","commitResults":[{"hash":"b83c34f4c662bcc3a28c2aebba7f59ae0fd45fc8","messageTitle":"Update cyrus\u0027s info","messageBody":"","fileTypesAndContributionMap":{"docs":{"insertions":32,"deletions":4}}},{"hash":"9ee3300fd2ef196da413cdc8308d5a501fd69f86","messageTitle":"Update cyrus-info","messageBody":"","fileTypesAndContributionMap":{"docs":{"insertions":1,"deletions":1}}}]}]},"authorFileTypeContributionMap":{"zhengsterz":{"docs":9,"functional-code":0,"test-code":0},"Yaladah":{"docs":0,"functional-code":0,"test-code":0},"jereldlimjy":{"docs":0,"functional-code":0,"test-code":0},"PawanPatil19":{"docs":13,"functional-code":0,"test-code":0},"Cyrus-Krispin":{"docs":32,"functional-code":0,"test-code":0}},"authorContributionVariance":{"zhengsterz":13.017752,"Yaladah":37.6213,"jereldlimjy":0.0,"PawanPatil19":88.899414,"Cyrus-Krispin":102.53255},"authorDisplayNameMap":{"zhengsterz":"CS2103T-W15-3 LIM ..HENG","Yaladah":"CS2103T-W15-3 JERO..W EE","jereldlimjy":"CS2103T-W15-3 JERE.. YOU","PawanPatil19":"CS2103T-W15-3 PAWA..ATIL","Cyrus-Krispin":"CS2103T-W15-3 CYRU..UMAR"}}
