{"authorDailyContributionsMap":{"Enigmatrix":[{"date":"2023-02-21","commitResults":[{"hash":"b9a6c8dca213cb4eea898e827553ba89c863af36","isMergeCommit":false,"messageTitle":"add ug","messageBody":"","fileTypesAndContributionMap":{"docs":{"insertions":78,"deletions":122}}},{"hash":"3605d38d88cf7140b49f18984a80c9217cea22dc","isMergeCommit":false,"messageTitle":"put cmd defs outside div","messageBody":"","fileTypesAndContributionMap":{"docs":{"insertions":1,"deletions":1}}}]},{"date":"2023-03-05","commitResults":[{"hash":"98b8aa01555d427e9c0d731bbd853340a613e128","isMergeCommit":true,"messageTitle":"Merge pull request #30 from Flash161203/branch-initial-model-setup","messageBody":"Update build.gradle","tags":["v1.1"],"fileTypesAndContributionMap":{}}]},{"date":"2023-03-13","commitResults":[{"hash":"1a1ee3f53cdc7e1d4840aa1d374094c40cba946d","isMergeCommit":false,"messageTitle":"add ical4j as storage","messageBody":"","fileTypesAndContributionMap":{"functional-code":{"insertions":154,"deletions":1},"other":{"insertions":1,"deletions":0},"test-code":{"insertions":48,"deletions":0}}}]},{"date":"2023-03-14","commitResults":[{"hash":"b4a0bd90a6e70810c93d5aa63f8376c023dd1118","isMergeCommit":false,"messageTitle":"Revert \"`ical4j` Storage\"","messageBody":"","fileTypesAndContributionMap":{"functional-code":{"insertions":1,"deletions":154},"other":{"insertions":0,"deletions":1},"test-code":{"insertions":0,"deletions":48}}},{"hash":"cb37475d32b9cd812b8c5277aa52486587f8d050","isMergeCommit":true,"messageTitle":"Merge pull request #42 from AY2223S2-CS2103T-W10-2/revert-40-storage","messageBody":"Revert \"`ical4j` Storage\"","fileTypesAndContributionMap":{}},{"hash":"b02a62ee7cde54d14af233c5d7cf9e5886d3e1e0","isMergeCommit":true,"messageTitle":"Merge pull request #48 from Flash161203/branch-new-command-add-event","messageBody":"New Command - Adding Event","fileTypesAndContributionMap":{}}]}],"Nafeij":[{"date":"2023-02-25","commitResults":[{"hash":"4fb8cb880a11699c7a1b1ea6f553bfb34ddb8d2f","isMergeCommit":false,"messageTitle":"Update DeveloperGuide.md","messageBody":"DG update","fileTypesAndContributionMap":{"docs":{"insertions":59,"deletions":347}}}]},{"date":"2023-02-27","commitResults":[{"hash":"58576b426e51839adbb1891cee90464a86385bc1","isMergeCommit":false,"messageTitle":"Add PPP (nafeij); reformat UG table","messageBody":"","fileTypesAndContributionMap":{"docs":{"insertions":46,"deletions":0}}},{"hash":"19b33f2eec90b6a2790efb77f85249e2f5a35604","isMergeCommit":false,"messageTitle":"Add PPP (nafeij); reformat UG table","messageBody":"","fileTypesAndContributionMap":{"docs":{"insertions":8,"deletions":9}}}]},{"date":"2023-03-01","commitResults":[{"hash":"11fe8cc790dbf79927a04938c23a2726faa66e98","isMergeCommit":false,"messageTitle":"Add Test command, and minor changes to configuration string parsing","messageBody":"","fileTypesAndContributionMap":{"functional-code":{"insertions":19,"deletions":0},"other":{"insertions":0,"deletions":4}}},{"hash":"b7a43174f5072a2bef9db462b6ce3674e703f40b","isMergeCommit":false,"messageTitle":"Checkstyle","messageBody":"","fileTypesAndContributionMap":{"functional-code":{"insertions":4,"deletions":1}}},{"hash":"f0f530cb6f21ccaf8a65bae840f00a385eecc83b","isMergeCommit":true,"messageTitle":"Merge pull request #28 from Nafeij/tutorial-adding-command","messageBody":"Tutorial adding command","fileTypesAndContributionMap":{}}]},{"date":"2023-03-05","commitResults":[{"hash":"f1eb697d0ea5a8d52d5715d35d40f23bbf08128b","isMergeCommit":true,"messageTitle":"Merge pull request #29 from Flash161203/branch-initial-model-setup","messageBody":"Branch - Initial Model Setup","fileTypesAndContributionMap":{}},{"hash":"fb279e483861cbe21c93c8f81bdc8f6a3b4caef3","isMergeCommit":false,"messageTitle":"Add GUI Framework, Integrate CalendarFX","messageBody":"","fileTypesAndContributionMap":{"functional-code":{"insertions":238,"deletions":6},"other":{"insertions":59,"deletions":54},"test-code":{"insertions":129,"deletions":15}}},{"hash":"57c6f0331cbe7aac28fd4af29a50e0ae4394e3b2","isMergeCommit":false,"messageTitle":"Add GUI Framework, Integrate CalendarFX","messageBody":"","fileTypesAndContributionMap":{"functional-code":{"insertions":2278,"deletions":28},"other":{"insertions":2,"deletions":0},"test-code":{"insertions":4,"deletions":2}}},{"hash":"41ed42afb7998a4ce9076144676c9cde032455ec","isMergeCommit":false,"messageTitle":"Revert \"Add GUI Framework, Integrate CalendarFX\"","messageBody":"This reverts commit fb279e483861cbe21c93c8f81bdc8f6a3b4caef3.\n","fileTypesAndContributionMap":{"functional-code":{"insertions":6,"deletions":238},"other":{"insertions":54,"deletions":59},"test-code":{"insertions":15,"deletions":129}}},{"hash":"a28cbf7baadbe1884d2f500270a1946d3455866b","isMergeCommit":true,"messageTitle":"Merge remote-tracking branch \u0027upstream/master\u0027 into branch-GUI","messageBody":"# Conflicts:\n#\tsrc/main/java/seedu/calidr/task/Event.java\n#\tsrc/main/java/seedu/calidr/tasklist/TaskList.java\n#\tsrc/test/java/seedu/calidr/commons/util/TaskEntryUtilTest.java\n#\tsrc/test/java/seedu/calidr/model/TaskEntryTest.java\n#\tsrc/test/java/seedu/calidr/testutil/TypicalTasks.java\n","fileTypesAndContributionMap":{}},{"hash":"b68234d20f2e6c4123a43900276eed7dc8380030","isMergeCommit":false,"messageTitle":"Merge resolve","messageBody":"","fileTypesAndContributionMap":{"functional-code":{"insertions":235,"deletions":6},"other":{"insertions":42,"deletions":24}}},{"hash":"f74713deffb75506e916cbe2f4c70e1408363513","isMergeCommit":false,"messageTitle":"Checkstyle","messageBody":"","fileTypesAndContributionMap":{"functional-code":{"insertions":1,"deletions":49},"test-code":{"insertions":14,"deletions":6}}},{"hash":"1417a16ce544eadf4a40c9e6da15e171ec42aedb","isMergeCommit":false,"messageTitle":"Checkstyle 2","messageBody":"","fileTypesAndContributionMap":{"functional-code":{"insertions":23,"deletions":23}}},{"hash":"bdff0b2329af541eb1156dad08ba58f3541656eb","isMergeCommit":false,"messageTitle":"Checkstyle 3","messageBody":"","fileTypesAndContributionMap":{"functional-code":{"insertions":3,"deletions":0},"test-code":{"insertions":4,"deletions":7}}},{"hash":"8b318d186c90498d1d46fe54e042d8a002aa8182","isMergeCommit":false,"messageTitle":"Checkstyle 4","messageBody":"","fileTypesAndContributionMap":{"functional-code":{"insertions":3,"deletions":8},"test-code":{"insertions":7,"deletions":6}}},{"hash":"6f377b15d6e3469b95a4a3a122ee2aaa1a90a917","isMergeCommit":false,"messageTitle":"Checkstyle 4","messageBody":"","fileTypesAndContributionMap":{"functional-code":{"insertions":66,"deletions":109},"test-code":{"insertions":7,"deletions":6}}},{"hash":"d4d3068f401eda69a2cd5214365056ebea0d8cc5","isMergeCommit":true,"messageTitle":"Merge remote-tracking branch \u0027origin/branch-GUI\u0027 into branch-GUI","messageBody":"# Conflicts:\n#\tsrc/main/java/seedu/calidr/model/tasklist/TaskList.java\n#\tsrc/main/java/seedu/calidr/ui/MainWindow.java\n","fileTypesAndContributionMap":{}}]},{"date":"2023-03-06","commitResults":[{"hash":"3bc9293290758d87012ab96604065bb36744b5b0","isMergeCommit":true,"messageTitle":"Merge pull request #32 from Flash161203/tutorial-adding-command","messageBody":"Tutorial - Adding Command","fileTypesAndContributionMap":{}},{"hash":"4cfa60349fd893d933c288a43dd59fb85236345d","isMergeCommit":true,"messageTitle":"Merge pull request #31 from Nafeij/branch-GUI","messageBody":"Add GUI Framework, Integrate CalendarFX","fileTypesAndContributionMap":{}}]},{"date":"2023-03-12","commitResults":[{"hash":"0046fbc12d1e0cbade611ca334739a1d1c9fa412","isMergeCommit":false,"messageTitle":"Add color differentiation between Event and Deadline. Added Priority and Status visuals.","messageBody":"","fileTypesAndContributionMap":{"functional-code":{"insertions":79,"deletions":34}}}]},{"date":"2023-03-13","commitResults":[{"hash":"a2cf5e53100279fc4c379d2baedacd08cdfd6fcc","isMergeCommit":true,"messageTitle":"Merge pull request #38 from Flash161203/branch-update-model","messageBody":"Update the initial model","fileTypesAndContributionMap":{}},{"hash":"3ac2e94adf99b92d6233235877c04f883cc44d4c","isMergeCommit":true,"messageTitle":"Merge remote-tracking branch \u0027upstream/master\u0027 into branch-GUI","messageBody":"# Conflicts:\n#\tsrc/main/java/seedu/calidr/model/ModelManager.java\n","fileTypesAndContributionMap":{}},{"hash":"a2e701b572c7e0d8efffd5622e483ad7e815f9b3","isMergeCommit":false,"messageTitle":"Minor","messageBody":"","fileTypesAndContributionMap":{"functional-code":{"insertions":5,"deletions":2},"test-code":{"insertions":52,"deletions":16}}},{"hash":"270c162b8a36a755d0b405005bbc9718c77b4193","isMergeCommit":false,"messageTitle":"Resolve Test Cases: - Set Default Remark in PersonBuilder to empty string. - Updated remarks in typicalPersonsAddressBook.json","messageBody":"","fileTypesAndContributionMap":{"functional-code":{"insertions":20,"deletions":4},"test-code":{"insertions":13,"deletions":4}}},{"hash":"4b4b079c4983f95128a299043c4f5d08d855e574","isMergeCommit":true,"messageTitle":"Merge remote-tracking branch \u0027upstream/master\u0027 into branch-GUI","messageBody":"# Conflicts:\n#\tsrc/main/java/seedu/calidr/logic/commands/EditCommand.java\n#\tsrc/test/data/JsonSerializableAddressBookTest/typicalPersonsAddressBook.json\n#\tsrc/test/java/seedu/calidr/testutil/PersonUtil.java\n","fileTypesAndContributionMap":{}},{"hash":"0f525da77917783854c7bddcc4b63d2c97dbdbee","isMergeCommit":false,"messageTitle":"Merged with Test Cases Patch","messageBody":"","fileTypesAndContributionMap":{"test-code":{"insertions":0,"deletions":5}}},{"hash":"5b5f3c5716e0972aab05b706eae774ed78691d9b","isMergeCommit":true,"messageTitle":"Merge pull request #37 from Nafeij/branch-GUI","messageBody":"Minor GUI changes","fileTypesAndContributionMap":{}},{"hash":"6010e8c02c2b0f8362dc670177ac1d9f548a4f23","isMergeCommit":true,"messageTitle":"Merge pull request #41 from Flash161203/branch-update-model","messageBody":"Update Model","fileTypesAndContributionMap":{}},{"hash":"533abe5a563b1bdb61bff18f261da65cdf817a56","isMergeCommit":true,"messageTitle":"Merge pull request #40 from Enigmatrix/storage","messageBody":"`ical4j` Storage","fileTypesAndContributionMap":{}}]},{"date":"2023-03-14","commitResults":[{"hash":"faef3d30c5ec291c24b82a860f3e2879ed64278b","isMergeCommit":false,"messageTitle":"gui detail pane","messageBody":"","fileTypesAndContributionMap":{"functional-code":{"insertions":61,"deletions":5}}},{"hash":"4e5197a9cbfc4c5f8a80894c1c609b1883cd4448","isMergeCommit":false,"messageTitle":"Basic Information Dialog. Accessible by right-clicking tasks.","messageBody":"","fileTypesAndContributionMap":{"functional-code":{"insertions":24,"deletions":29}}},{"hash":"f89aaa8e19069c6043aabddf828b079b6ec31df3","isMergeCommit":true,"messageTitle":"Merge pull request #45 from Flash161203/branch-update-model","messageBody":"Branch update model","fileTypesAndContributionMap":{}},{"hash":"895d66977dc18e9b48b7ec72291b3a8a494bb520","isMergeCommit":true,"messageTitle":"Merge remote-tracking branch \u0027upstream/master\u0027 into branch-GUI","messageBody":"# Conflicts:\n#\tsrc/main/java/seedu/calidr/model/task/params/TodoDateTime.java\n","fileTypesAndContributionMap":{}},{"hash":"16fe7d02858cb0189aee6c77d19f850cb824ff24","isMergeCommit":false,"messageTitle":"Merge with new param impl.","messageBody":"","fileTypesAndContributionMap":{"test-code":{"insertions":0,"deletions":13}}},{"hash":"97e3d2b109cc115695a43b6276950ee11f35fabc","isMergeCommit":true,"messageTitle":"Merge pull request #46 from Nafeij/branch-GUI","messageBody":"New Information Dialog for Tasks","fileTypesAndContributionMap":{}},{"hash":"403c84947a5b287733bf9fc74e54f56ec935934e","isMergeCommit":false,"messageTitle":"Update Model Stubs","messageBody":"","fileTypesAndContributionMap":{"functional-code":{"insertions":1,"deletions":0},"test-code":{"insertions":38,"deletions":3}}},{"hash":"a31f9f4d282aa72e1f1f7c8ec6d6282c63fef248","isMergeCommit":true,"messageTitle":"Merge pull request #49 from Flash161203/branch-new-command-delete-task","messageBody":"New Command - Deleting Task","fileTypesAndContributionMap":{}}]}],"Flash161203":[{"date":"2023-02-25","commitResults":[{"hash":"0b549535c2bb70bb01bd6aa97c7a4ad0a4b4989b","isMergeCommit":false,"messageTitle":"Update AboutUs.md","messageBody":"Update names, pictures, GitHub links, portfolio links","fileTypesAndContributionMap":{"docs":{"insertions":27,"deletions":30}}}]},{"date":"2023-02-27","commitResults":[{"hash":"c4993eca039a7a21ec7e66eba61253617eaeb131","isMergeCommit":false,"messageTitle":"Update AboutUs.md","messageBody":"Remove email id","fileTypesAndContributionMap":{"docs":{"insertions":0,"deletions":2}}},{"hash":"81ae672d3fb7617caa34fda4fac77f60e25ddf3a","isMergeCommit":false,"messageTitle":"Add Aarnav\u0027s PPP","messageBody":"","fileTypesAndContributionMap":{"docs":{"insertions":38,"deletions":0}}}]},{"date":"2023-03-03","commitResults":[{"hash":"1cca2c2d47cf0ad13c84e9051cc4be23392efdc3","isMergeCommit":false,"messageTitle":"Rename main package to seedu.calidr","messageBody":"","fileTypesAndContributionMap":{"other":{"insertions":738,"deletions":738},"docs":{"insertions":13,"deletions":13},"test-code":{"insertions":3,"deletions":3}}},{"hash":"ca51471e4a3b10424e248c1b55cb804c71c93286","isMergeCommit":false,"messageTitle":"Set up basic model","messageBody":"","fileTypesAndContributionMap":{"functional-code":{"insertions":585,"deletions":266}}},{"hash":"64ac9d48a1459954d0fba20da11b7d58bb29f57f","isMergeCommit":true,"messageTitle":"Merge branch \u0027master\u0027 of https://github.com/Flash161203/tp","messageBody":"","fileTypesAndContributionMap":{}},{"hash":"2b4c6229c701940fc6c7bdabe0e05a47ec2b8b5d","isMergeCommit":true,"messageTitle":"Merge branch \u0027master\u0027 into branch-initial-model-setup","messageBody":"# Conflicts:\n#\tsrc/main/java/seedu/calidr/logic/commands/TestCommand.java\n#\tsrc/main/java/seedu/calidr/logic/parser/AddressBookParser.java\n","fileTypesAndContributionMap":{}}]},{"date":"2023-03-05","commitResults":[{"hash":"730d6da17915a321a5713727d24fcb9125c89f94","isMergeCommit":false,"messageTitle":"Fix checkstyle errors","messageBody":"","fileTypesAndContributionMap":{"functional-code":{"insertions":41,"deletions":90}}},{"hash":"0cb9a1df3bfbaba877d3775956d2442ca94714de","isMergeCommit":false,"messageTitle":"Update build.gradle with new package and jar name","messageBody":"","fileTypesAndContributionMap":{"other":{"insertions":2,"deletions":2}}}]},{"date":"2023-03-06","commitResults":[{"hash":"1656ea948bf85cebc00dd20c8618303ff120e008","isMergeCommit":false,"messageTitle":"Add Remark command according to tutorial","messageBody":"","fileTypesAndContributionMap":{"functional-code":{"insertions":6,"deletions":0},"test-code":{"insertions":4,"deletions":0}}},{"hash":"171386a882b4dba108de00c66f5f99adde655da9","isMergeCommit":false,"messageTitle":"Modify related files to include the Remark command","messageBody":"","fileTypesAndContributionMap":{"functional-code":{"insertions":223,"deletions":17},"test-code":{"insertions":138,"deletions":15}}}]},{"date":"2023-03-12","commitResults":[{"hash":"d62d62269c80638277a5e89b89eae2dd9c4ba4f7","isMergeCommit":false,"messageTitle":"Remove old ToDo and rename Deadline as ToDo","messageBody":"","fileTypesAndContributionMap":{"functional-code":{"insertions":42,"deletions":83},"test-code":{"insertions":8,"deletions":14}}}]},{"date":"2023-03-13","commitResults":[{"hash":"0e10016b7fdcb70a2f6a1dac7f7c5edb4da77194","isMergeCommit":false,"messageTitle":"Update testutil to include Remark","messageBody":"","fileTypesAndContributionMap":{"test-code":{"insertions":1,"deletions":1}}},{"hash":"373957b3cfd147e2c73ad50bb930cea4e5b212a1","isMergeCommit":false,"messageTitle":"Update Edit Command testutil to include Remark","messageBody":"","fileTypesAndContributionMap":{"functional-code":{"insertions":13,"deletions":1},"test-code":{"insertions":7,"deletions":0}}},{"hash":"8b53df9e8c9fce196f0e6fe53e9fdbb2d5d91ce0","isMergeCommit":false,"messageTitle":"Fix checkstyle error","messageBody":"","fileTypesAndContributionMap":{"test-code":{"insertions":3,"deletions":0}}},{"hash":"c96a523feaefa63014e6429f9badfbdded8be9da","isMergeCommit":false,"messageTitle":"Fix error in parseCommand_edit test","messageBody":"","fileTypesAndContributionMap":{"functional-code":{"insertions":18,"deletions":1},"test-code":{"insertions":3,"deletions":0}}},{"hash":"90c5f350ce845c99df3f0760ff3eb1df33fc358c","isMergeCommit":false,"messageTitle":"Fix parseCommand_add test error","messageBody":"","fileTypesAndContributionMap":{"functional-code":{"insertions":8,"deletions":3}}},{"hash":"7b601125cdbd2ffa3304cdf7dab285e23c5c8e6c","isMergeCommit":false,"messageTitle":"Fix AddCommandParserTest and LogicManagerTest errors","messageBody":"","fileTypesAndContributionMap":{"test-code":{"insertions":36,"deletions":47}}},{"hash":"eecc551d5416aff33ceb79210475b555d2b14b82","isMergeCommit":false,"messageTitle":"Fix checkstye errors","messageBody":"","fileTypesAndContributionMap":{"test-code":{"insertions":29,"deletions":4}}},{"hash":"33c4d4249ff3f0ad8cec3eff2d2cde532cc781aa","isMergeCommit":true,"messageTitle":"Merge pull request #39 from Flash161203/branch-update-model","messageBody":"Update AB3 code to include Remark","fileTypesAndContributionMap":{}},{"hash":"abd84f2d754971a45bf04da4faa43881597de969","isMergeCommit":false,"messageTitle":"Change String representation of ToDo","messageBody":"","fileTypesAndContributionMap":{"functional-code":{"insertions":2,"deletions":2}}},{"hash":"6268e2e0ebe227e8a2cf4ed745f8a77bf8e6601b","isMergeCommit":false,"messageTitle":"Add wrapper class for the Title of a Task","messageBody":"","fileTypesAndContributionMap":{"functional-code":{"insertions":58,"deletions":0}}},{"hash":"cc87a590d990385e4f29ccd19f6f8cc68a8c5ce9","isMergeCommit":false,"messageTitle":"Add wrapper class for the Description of the Task","messageBody":"","fileTypesAndContributionMap":{"functional-code":{"insertions":56,"deletions":0}}},{"hash":"416375f3670616a41404983bfdf09f4d3a32b4db","isMergeCommit":false,"messageTitle":"Add wrapper class for the Location associated with a Task","messageBody":"","fileTypesAndContributionMap":{"functional-code":{"insertions":56,"deletions":0}}},{"hash":"af4d0131733e83d1de264582b50f39f4344ae588","isMergeCommit":false,"messageTitle":"Add wrapper class for the Comment given to a Task","messageBody":"","fileTypesAndContributionMap":{"functional-code":{"insertions":56,"deletions":0}}},{"hash":"2c147b4a89bfd2d9966dcf6de5bb962e737e9c9d","isMergeCommit":false,"messageTitle":"Move Priority into subpackage","messageBody":"","fileTypesAndContributionMap":{"functional-code":{"insertions":8,"deletions":2},"other":{"insertions":1,"deletions":1},"test-code":{"insertions":2,"deletions":2}}},{"hash":"6e1b3262f10cb5ec0f1c9ec6fa0fe920349a1eb7","isMergeCommit":false,"messageTitle":"Add wrapper class for date-time associated with ToDo and fix minor bugs","messageBody":"","fileTypesAndContributionMap":{"functional-code":{"insertions":75,"deletions":22}}},{"hash":"fe8cc0881ae3338790bed56999daec42832f9474","isMergeCommit":false,"messageTitle":"Add wrapper class for date-time\u0027s associated with an Event, and fix minor bugs","messageBody":"","fileTypesAndContributionMap":{"functional-code":{"insertions":76,"deletions":11}}},{"hash":"b4775b4ecf11653e6a06d4eab12950603fe80be8","isMergeCommit":false,"messageTitle":"Modify Task classes to use newly added wrapper classes","messageBody":"","fileTypesAndContributionMap":{"functional-code":{"insertions":64,"deletions":105}}},{"hash":"a883b2ee178fdd33e31a7111c3a92ab3c13727e9","isMergeCommit":false,"messageTitle":"Fix errors pertaining to new classes added","messageBody":"","fileTypesAndContributionMap":{"functional-code":{"insertions":28,"deletions":22},"test-code":{"insertions":17,"deletions":9}}},{"hash":"ea3f56202a1fecde7caeb97d372a584ce63b8a31","isMergeCommit":true,"messageTitle":"Merge branch \u0027master\u0027 into branch-update-model","messageBody":"# Conflicts:\n#\tsrc/main/java/seedu/calidr/commons/util/TaskEntryUtil.java\n#\tsrc/main/java/seedu/calidr/model/ModelManager.java\n#\tsrc/test/java/seedu/calidr/commons/util/TaskEntryUtilTest.java\n#\tsrc/test/java/seedu/calidr/testutil/TypicalTasks.java\n","fileTypesAndContributionMap":{}}]},{"date":"2023-03-14","commitResults":[{"hash":"338e0e112a6800ce1281eed89aa7d83a1b192b89","isMergeCommit":false,"messageTitle":"Update validity checking for TodoDateTime and EventDateTimes","messageBody":"","fileTypesAndContributionMap":{"functional-code":{"insertions":2,"deletions":19}}},{"hash":"a3731e670323325ce7faa53e3ace0f6b0aeb21cb","isMergeCommit":false,"messageTitle":"Change Task classes to return newly added params classes","messageBody":"","fileTypesAndContributionMap":{"functional-code":{"insertions":22,"deletions":31},"test-code":{"insertions":3,"deletions":3}}},{"hash":"62746a6e47fef06dd89793c3bfe10ad0473a4160","isMergeCommit":true,"messageTitle":"Merge pull request #44 from vaidyanaath/branch-update-model-tasklist","messageBody":"Update model: tasklist","fileTypesAndContributionMap":{}},{"hash":"1a74582c471f981493c0e4daab0c2408251ae9f0","isMergeCommit":false,"messageTitle":"Update CliSyntax to include compulsory command prefixes for Calidr","messageBody":"","fileTypesAndContributionMap":{"functional-code":{"insertions":6,"deletions":0}}},{"hash":"d5b5025ce5d25415d5f8e0852695926f77062d06","isMergeCommit":false,"messageTitle":"Add equals method for Task classes","messageBody":"","fileTypesAndContributionMap":{"functional-code":{"insertions":20,"deletions":0}}},{"hash":"0636c89ec5a2f2c06cfef6748b455058bfb492e4","isMergeCommit":false,"messageTitle":"Add AddTodoCommand","messageBody":"","fileTypesAndContributionMap":{"functional-code":{"insertions":55,"deletions":0}}},{"hash":"56c70df25806036982e61aeaa19357eb1d87885d","isMergeCommit":false,"messageTitle":"Add ParserUtil functions for Calidr commands","messageBody":"","fileTypesAndContributionMap":{"functional-code":{"insertions":59,"deletions":0}}},{"hash":"7657af178b7e6071a294fe003fa920f7e5d18757","isMergeCommit":false,"messageTitle":"Add AddTodoCommandParser","messageBody":"","fileTypesAndContributionMap":{"functional-code":{"insertions":45,"deletions":0}}},{"hash":"6aee5d35a1b7ad9a4ce09ec99b23fa25e2739c14","isMergeCommit":false,"messageTitle":"Add AddEventCommand","messageBody":"","fileTypesAndContributionMap":{"functional-code":{"insertions":61,"deletions":0}}},{"hash":"0a967deaf68401d9da24332a5c1926558578fbd3","isMergeCommit":false,"messageTitle":"Add AddEventCommandParser","messageBody":"","fileTypesAndContributionMap":{"functional-code":{"insertions":52,"deletions":0}}},{"hash":"dcffa8d1e0047c8043a391cf586f9923ec1aedd0","isMergeCommit":false,"messageTitle":"Fix checkstyle errors","messageBody":"","fileTypesAndContributionMap":{"functional-code":{"insertions":29,"deletions":4}}},{"hash":"91681e253799d7a68c764263ab61f988566ed31d","isMergeCommit":false,"messageTitle":"Add Calidr-specific messages under `Messages`","messageBody":"","fileTypesAndContributionMap":{"functional-code":{"insertions":4,"deletions":0}}},{"hash":"78e07647a34f74a7e3d70d99a8c98f77c07d3085","isMergeCommit":false,"messageTitle":"Add DeleteTaskCommand","messageBody":"","fileTypesAndContributionMap":{"functional-code":{"insertions":56,"deletions":0}}},{"hash":"1db5b3991ad60843e6c2895b0b3fdbea32a184ee","isMergeCommit":false,"messageTitle":"Add DeleteTaskCommandParser","messageBody":"","fileTypesAndContributionMap":{"functional-code":{"insertions":28,"deletions":0}}}]}],"vaidyanaath":[{"date":"2023-02-27","commitResults":[{"hash":"7392eebb264b413a7abaf8f54a500b5f2266b33c","isMergeCommit":false,"messageTitle":"Update README.md","messageBody":"","fileTypesAndContributionMap":{"docs":{"insertions":29,"deletions":11}}}]},{"date":"2023-03-05","commitResults":[{"hash":"482a85a7211479b9e273baad288ca36564538e7e","isMergeCommit":false,"messageTitle":"Add vaidyanaath\u0027s PPP","messageBody":"","fileTypesAndContributionMap":{"docs":{"insertions":22,"deletions":0}}}]},{"date":"2023-03-13","commitResults":[{"hash":"2ae06e515f6f442eeb047f173048855ad93f3034","isMergeCommit":false,"messageTitle":"Refactor Model and ModelManager to support TaskList integration","messageBody":"Note: Some TaskList functions used in ModelManager have not been implemented yet:\n* hasTask\n* removeTask\n* addTask (modifications needed)\n* setTask\n","fileTypesAndContributionMap":{"functional-code":{"insertions":138,"deletions":18}}}]},{"date":"2023-03-14","commitResults":[{"hash":"81e9c330ff251582aed066306379541e7b1284ee","isMergeCommit":false,"messageTitle":"Add stubs for remaining TaskList methods","messageBody":"Add an overloaded addTask method to be used by the Model.\nAdd stubs for:\n* hasTask\n* removeTask\n* setTask\n","fileTypesAndContributionMap":{"functional-code":{"insertions":34,"deletions":2}}},{"hash":"fd10008d877bd1b411f0e01aa72f31fb583dba7d","isMergeCommit":false,"messageTitle":"Modify getTaskList in Logic","messageBody":"","fileTypesAndContributionMap":{"functional-code":{"insertions":9,"deletions":10},"test-code":{"insertions":2,"deletions":1}}},{"hash":"cd788d8441ef68cc3df78b6b9aeb029be570a99e","isMergeCommit":true,"messageTitle":"Merge remote-tracking branch \u0027origin/master\u0027 into branch-update-model-tasklist","messageBody":"# Conflicts:\n#\tsrc/main/java/seedu/calidr/model/ModelManager.java\n#\tsrc/main/java/seedu/calidr/model/tasklist/TaskList.java\n#\tsrc/main/java/seedu/calidr/ui/CalendarPanel.java\n","fileTypesAndContributionMap":{}},{"hash":"49307744b9ef3538af29028b8a237eb75d9249f0","isMergeCommit":true,"messageTitle":"Merge branch \u0027master\u0027 into branch-update-model-tasklist","messageBody":"","fileTypesAndContributionMap":{}},{"hash":"89a9f8a12a670f60e05d7880c58ca7a7f42a12b1","isMergeCommit":true,"messageTitle":"Merge pull request #47 from Flash161203/branch-new-command-add-todo","messageBody":"New Command - Adding a ToDo","fileTypesAndContributionMap":{}}]}]},"authorFileTypeContributionMap":{"Enigmatrix":{"docs":68,"functional-code":0,"test-code":0},"Nafeij":{"docs":110,"functional-code":2604,"test-code":181,"other":1},"Flash161203":{"docs":77,"functional-code":1688,"test-code":636,"other":2},"vaidyanaath":{"docs":51,"functional-code":187,"test-code":2}},"authorContributionVariance":{"Enigmatrix":4220.173,"Nafeij":578319.7,"Flash161203":229541.67,"vaidyanaath":1032.8519},"authorDisplayNameMap":{"Enigmatrix":"CS2103T-W10-2 CHAN..KASH","Nafeij":"CS2103T-W10-2 WANG..EFAN","Flash161203":"CS2103T-W10-2 SRIN..RNAV","vaidyanaath":"CS2103T-W10-2 SURE..AATH"}}
