{"authorDailyContributionsMap":{"Bobfree546":[{"date":"2023-03-03","commitResults":[{"hash":"dc6c9507ce80ce73aea53d56e742931935390eee","isMergeCommit":false,"messageTitle":"Update PPP for Amos","messageBody":"Renamed amos.md to bobfree546.md\nChanged headings for project portfolio page","fileTypesAndContributionMap":{"docs":{"insertions":42,"deletions":46}}},{"hash":"80486f48a9b07e2cba76a7d9e1f61cd53b1fcb55","isMergeCommit":false,"messageTitle":"Update PPP for Amos","messageBody":"Renamed amos.md to bobfree546.md\nChanged headings for project portfolio page\n\nUpdated files for #5","fileTypesAndContributionMap":{"docs":{"insertions":42,"deletions":46}}},{"hash":"a28d56f1efe1fe6c5e26c901705d29d6202d12c5","isMergeCommit":false,"messageTitle":"Update Userguide.md","messageBody":"Changed body content for list-doc and find-doc commands.\n\nUpdated files for #5","fileTypesAndContributionMap":{"docs":{"insertions":19,"deletions":26}}},{"hash":"6e6f1fdab942b997f5a8bf1a770ba8ad7ee6d257","isMergeCommit":true,"messageTitle":"Merge remote-tracking branch \u0027AY2223S2-CS2103T-F12-1/master\u0027","messageBody":"","fileTypesAndContributionMap":{}}]},{"date":"2023-03-04","commitResults":[{"hash":"9668540fde1de524264ce43262d7dfa3219fc2b7","isMergeCommit":true,"messageTitle":"Merge remote-tracking branch \u0027AY2223S2-CS2103T-F12-1/master\u0027","messageBody":"","fileTypesAndContributionMap":{}},{"hash":"fde66cc4f25f28e835498a0db32b5fb90b9c297b","isMergeCommit":false,"messageTitle":"Update AboutUs.md","messageBody":"Replace file path for image","fileTypesAndContributionMap":{"docs":{"insertions":1,"deletions":1}}},{"hash":"b63af3ae018fa9fd13098e68faf1578d8edd92a5","isMergeCommit":true,"messageTitle":"Merge pull request #21 from vigonometry/master","messageBody":"Update DeveloperGuide.md","fileTypesAndContributionMap":{}},{"hash":"189a18c6ee23b9127a73a5146bf6f463a1754fec","isMergeCommit":true,"messageTitle":"Merge remote-tracking branch \u0027AY2223S2-CS2103T-F12-1/master\u0027","messageBody":"","fileTypesAndContributionMap":{}},{"hash":"7a68ce04bef5984db75e4944d1d7cb9f4d6f34ca","isMergeCommit":true,"messageTitle":"Merge pull request #19 from Bobfree546/documentation/user-guide","messageBody":"Update UserGuide.md","fileTypesAndContributionMap":{}},{"hash":"c1cc5d8ea80f1f2ebdb4c113fd79518fc92c7dfe","isMergeCommit":true,"messageTitle":"Merge remote-tracking branch \u0027AY2223S2-CS2103T-F12-1/master\u0027","messageBody":"","fileTypesAndContributionMap":{}},{"hash":"3672a2cf3bb6c29cec73dd20aa2065750faeea49","isMergeCommit":true,"messageTitle":"Merge remote-tracking branch \u0027AY2223S2-CS2103T-F12-1/master\u0027","messageBody":"","fileTypesAndContributionMap":{}},{"hash":"acd95c49317b05167ee1a84bde3180fdcd834e3d","isMergeCommit":false,"messageTitle":"Update links to files for AboutUs.md","messageBody":"PPP link for Amos\nImage link for Praveen and Vignesh","fileTypesAndContributionMap":{"docs":{"insertions":2,"deletions":2}}},{"hash":"034ad3cb01fe8cbf7ea9f81b7c7084ff1d148d7c","isMergeCommit":true,"messageTitle":"Merge pull request #23 from owen-yap/master","messageBody":"Update Project Website, UI Image and PPP","fileTypesAndContributionMap":{}},{"hash":"f57dbd13909eb91a044b9d84356367eaa9a0cdae","isMergeCommit":true,"messageTitle":"Merge pull request #24 from owen-yap/user-guide","messageBody":"Update UG with edit feature","fileTypesAndContributionMap":{}}]},{"date":"2023-03-09","commitResults":[{"hash":"5b9d858ccf14d8b0449e567800c7531f156d8a29","isMergeCommit":true,"messageTitle":"Merge pull request #50 from praveenkrishna0512/feat/storage","messageBody":"Feat/storage","fileTypesAndContributionMap":{}}]}],"owen-yap":[{"date":"2023-03-02","commitResults":[{"hash":"377403e3b86f39755a3e3c8c38bbb889a42a00fe","isMergeCommit":true,"messageTitle":"Merge pull request #2 from praveenkrishna0512/feat/user-guide","messageBody":"Update UserGuide.md","fileTypesAndContributionMap":{}}]},{"date":"2023-03-04","commitResults":[{"hash":"574df969779a8be992f812d749f7d339bc877485","isMergeCommit":true,"messageTitle":"Merge pull request #18 from Bobfree546/documentation/amos-ppp","messageBody":"Update PPP and renamed image file","fileTypesAndContributionMap":{}},{"hash":"0c93bb02e429425863ffd63dc1b86806a433baab","isMergeCommit":true,"messageTitle":"Merge pull request #22 from Bobfree546/master","messageBody":"Update links in AboutUs.md","fileTypesAndContributionMap":{}},{"hash":"1fb59d330fcadb15e4be4cbcb3385ef1df718d9e","isMergeCommit":false,"messageTitle":"Update profile pic and Ui image","messageBody":"","fileTypesAndContributionMap":{"docs":{"insertions":10,"deletions":9}}},{"hash":"3397e04f328fc61072ea36bbc18f53019a1b7e3d","isMergeCommit":false,"messageTitle":"Add Skeletal PPP","messageBody":"","fileTypesAndContributionMap":{"docs":{"insertions":47,"deletions":48}}},{"hash":"580ea4784cc3f22fb7116d10300e77988e7dc89f","isMergeCommit":false,"messageTitle":"Update UG for edit command","messageBody":"","fileTypesAndContributionMap":{"docs":{"insertions":6,"deletions":6}}},{"hash":"0c842f8990d624fc5bc4b1c9de610d69ae4adf70","isMergeCommit":true,"messageTitle":"Merge pull request #43 from vigonometry/master","messageBody":"Feat/UserGuide.md","fileTypesAndContributionMap":{}}]},{"date":"2023-03-07","commitResults":[{"hash":"f537d691ca22b0cbd6fc6a0dc2acb7be8caea0c2","isMergeCommit":false,"messageTitle":"Remove address field and add Doctor model","messageBody":"","fileTypesAndContributionMap":{"functional-code":{"insertions":34,"deletions":143},"test-code":{"insertions":0,"deletions":6}}},{"hash":"8075ac1c2cb0446cdeea2cfa59f8d7b93efb6f9d","isMergeCommit":false,"messageTitle":"Add Specialty and Yoe attributes","messageBody":"","fileTypesAndContributionMap":{"functional-code":{"insertions":118,"deletions":3}}},{"hash":"d9316c5b7c5f65e3ff1dc5026fde40910e3bf368","isMergeCommit":false,"messageTitle":"Remove address related tests","messageBody":"","fileTypesAndContributionMap":{"functional-code":{"insertions":6,"deletions":2},"test-code":{"insertions":57,"deletions":216}}},{"hash":"479b100e8b521388f4cbc9bd701013d4c76c89a8","isMergeCommit":true,"messageTitle":"Merge pull request #46 from owen-yap/doctor-model","messageBody":"Doctor model","fileTypesAndContributionMap":{}}]}],"vigonometry":[{"date":"2023-03-03","commitResults":[{"hash":"d2489d16a22518b8f77527bc9796b98fdd29b087","isMergeCommit":true,"messageTitle":"Merge pull request #12 from praveenkrishna0512/feat/developer-guide","messageBody":"Update DG with template info","fileTypesAndContributionMap":{}},{"hash":"a20d7a044aed2da0898b887618a5a654175ebc6e","isMergeCommit":false,"messageTitle":"Add skeletal PPP, refactor filenames.","messageBody":"","fileTypesAndContributionMap":{"docs":{"insertions":47,"deletions":47}}},{"hash":"697359fdbd23210d876324362a1d02dfea6ab918","isMergeCommit":true,"messageTitle":"Merge branch \u0027master\u0027 of github.com:vigonometry/tp","messageBody":"Update fork\n","fileTypesAndContributionMap":{}},{"hash":"e55e2e732d546e0755fd91376664a5f82409a910","isMergeCommit":false,"messageTitle":"Update AboutUs.md","messageBody":"","fileTypesAndContributionMap":{"docs":{"insertions":1,"deletions":1}}},{"hash":"05cb4aa19fd670ebb899606ef13cb216f6376754","isMergeCommit":false,"messageTitle":"Update docs/team/vigonometry.md","messageBody":"Co-authored-by: Praveen Krishna \u003c84656853+praveenkrishna0512@users.noreply.github.com\u003e","fileTypesAndContributionMap":{"docs":{"insertions":1,"deletions":1}}},{"hash":"a0550f754903f3d1911124774e96c1d2d5401071","isMergeCommit":true,"messageTitle":"Merge pull request #15 from praveenkrishna0512/fix/about-us-v0.1","messageBody":"Fix/About Us v0.1","fileTypesAndContributionMap":{}},{"hash":"c3d0e39aca62d85503a4b2384919a736608f08a9","isMergeCommit":true,"messageTitle":"Merge pull request #14 from praveenkrishna0512/feat/developer-guide-v0.2","messageBody":"Feat/developer guide v0.2","fileTypesAndContributionMap":{}},{"hash":"3c0a9effd39682fb54543874c5dfd1d029e6286d","isMergeCommit":true,"messageTitle":"Merge branch \u0027master\u0027 of github.com:vigonometry/tp Update UserGuide and DeveloperGuide.","messageBody":"","fileTypesAndContributionMap":{}}]},{"date":"2023-03-04","commitResults":[{"hash":"3cf258878ef1cc55e340c185931d507caadabfe9","isMergeCommit":true,"messageTitle":"Merge branch \u0027master\u0027 of github.com:vigonometry/tp","messageBody":"","fileTypesAndContributionMap":{}},{"hash":"09e2cdcd1efae8118bd850e4c538da9af89c452f","isMergeCommit":false,"messageTitle":"Add user stories and use cases.","messageBody":"","fileTypesAndContributionMap":{"docs":{"insertions":60,"deletions":27}}},{"hash":"fe2ff652c353a981d1ec5494d7bc8321dd944d1f","isMergeCommit":true,"messageTitle":"Merge branch \u0027master\u0027 of github.com:vigonometry/tp Complete v1.1","messageBody":"","fileTypesAndContributionMap":{}},{"hash":"b041db1f77ae34319a3b12236051ec4e83ec8829","isMergeCommit":false,"messageTitle":"Update UserGuide.md","messageBody":"","fileTypesAndContributionMap":{"docs":{"insertions":5,"deletions":5}}}]},{"date":"2023-03-08","commitResults":[{"hash":"569f11d8717f6c7942c9a0a734e4a5ac5b3d08fd","isMergeCommit":true,"messageTitle":"Merge branch \u0027master\u0027 of github.com:vigonometry/tp Add Doctor Model.","messageBody":"","fileTypesAndContributionMap":{}},{"hash":"9d12064cedbd6103ea98085d9d7bf198b7107830","isMergeCommit":false,"messageTitle":"Add AddDoctorCommand class","messageBody":"","fileTypesAndContributionMap":{"functional-code":{"insertions":196,"deletions":3},"docs":{"insertions":3,"deletions":4}}},{"hash":"acd8ac5524fd065f254712d1fa2e97a3c52ffdaa","isMergeCommit":false,"messageTitle":"Fix imports","messageBody":"","fileTypesAndContributionMap":{"functional-code":{"insertions":39,"deletions":14},"test-code":{"insertions":11,"deletions":0}}},{"hash":"aa3f5ee02a40d9568a59101778f060d88859865a","isMergeCommit":false,"messageTitle":"Update UserGuide.md","messageBody":"","fileTypesAndContributionMap":{"docs":{"insertions":9,"deletions":10}}},{"hash":"e8c950eed843002129fbfea0ad8db7e9ce00479f","isMergeCommit":false,"messageTitle":"Fix ParserUtils for Yoe.","messageBody":"","fileTypesAndContributionMap":{"functional-code":{"insertions":2,"deletions":1}}}]},{"date":"2023-03-09","commitResults":[{"hash":"94566a7bd718c8a811a7016718cd9f2d7cd09c24","isMergeCommit":true,"messageTitle":"Merge branch \u0027master\u0027 into user-guide","messageBody":"","fileTypesAndContributionMap":{}}]}],"praveenkrishna0512":[{"date":"2023-03-01","commitResults":[{"hash":"386d6033c2fd3770761e300202f105361ce96344","isMergeCommit":false,"messageTitle":"Update README.md","messageBody":"","fileTypesAndContributionMap":{"docs":{"insertions":20,"deletions":11}}},{"hash":"576fa70d34ba3138625286a4d865679a8734f3a0","isMergeCommit":false,"messageTitle":"Change CI Status link to reference project repo in README.md","messageBody":"","fileTypesAndContributionMap":{"docs":{"insertions":2,"deletions":2}}},{"hash":"ca3264d73959faecca52612263ff84c5db416d9f","isMergeCommit":false,"messageTitle":"Update front page with correct title","messageBody":"","fileTypesAndContributionMap":{"docs":{"insertions":4,"deletions":2}}},{"hash":"3a1018e2b3c421eedca884038b2509ef43a6250e","isMergeCommit":false,"messageTitle":"Update UserGuide.md with skeleton template","messageBody":"","fileTypesAndContributionMap":{"docs":{"insertions":26,"deletions":36}}}]},{"date":"2023-03-02","commitResults":[{"hash":"090c9337b326609941aafa786fdbac7e1f9dde1f","isMergeCommit":false,"messageTitle":"Update Command summary in UserGuide.md","messageBody":"","fileTypesAndContributionMap":{"docs":{"insertions":6,"deletions":6}}},{"hash":"31b557f2c029f557880378dbf0a7efdf49d17891","isMergeCommit":false,"messageTitle":"Update skeletal version of PPP","messageBody":"","fileTypesAndContributionMap":{"docs":{"insertions":31,"deletions":30}}},{"hash":"e33afcdb15d8e1eafd7a48d6de96a164bc1de57b","isMergeCommit":false,"messageTitle":"Add newline at EOF to pass Java CI","messageBody":"","fileTypesAndContributionMap":{"docs":{"insertions":1,"deletions":1}}}]},{"date":"2023-03-03","commitResults":[{"hash":"60c73a0adb5ff6ed6b7054cfaf3eb9068363383d","isMergeCommit":false,"messageTitle":"Update DG with template info","messageBody":"","fileTypesAndContributionMap":{"docs":{"insertions":26,"deletions":303}}},{"hash":"d4ec404d75d1e8bff418890cfb35ae5c73a70168","isMergeCommit":false,"messageTitle":"Update docs/DeveloperGuide.md","messageBody":"Co-authored-by: Vigneshwar Hariharan \u003c88077703+vigonometry@users.noreply.github.com\u003e","fileTypesAndContributionMap":{"docs":{"insertions":1,"deletions":1}}},{"hash":"0fbccf2e0b31371a891b034fa155b9e9cb63f027","isMergeCommit":false,"messageTitle":"Update NFR and Glossary","messageBody":"","fileTypesAndContributionMap":{"docs":{"insertions":13,"deletions":7}}},{"hash":"051049fac28cb10377274fca800f0054b6f492a1","isMergeCommit":true,"messageTitle":"Merge branch \u0027feat/developer-guide\u0027","messageBody":"","fileTypesAndContributionMap":{}},{"hash":"44c3f4babf5b013faf6ffae1114ea53d1492dbad","isMergeCommit":true,"messageTitle":"Fix merge conflict","messageBody":"","fileTypesAndContributionMap":{}},{"hash":"9c62b6339547970c64569d0e42f71a471cc7f328","isMergeCommit":true,"messageTitle":"Merge pull request #3 from praveenkrishna0512/feat/praveen-ppp","messageBody":"Update skeletal version of PPP","fileTypesAndContributionMap":{}},{"hash":"fcbfd30d8360fd26d9fc312c0a52704c62fbd998","isMergeCommit":false,"messageTitle":"Update delete-doc use case in DG","messageBody":"","fileTypesAndContributionMap":{"docs":{"insertions":11,"deletions":18}}},{"hash":"5cdbb170e4672ab01dfd0faaef5780a9135d0563","isMergeCommit":false,"messageTitle":"Update user stories in DG","messageBody":"","fileTypesAndContributionMap":{"docs":{"insertions":27,"deletions":10}}},{"hash":"f405c1c604aa909af12e88221d113245185d7641","isMergeCommit":true,"messageTitle":"Merge branch \u0027master\u0027 of https://github.com/AY2223S2-CS2103T-F12-1/tp","messageBody":"","fileTypesAndContributionMap":{}},{"hash":"429f88bd09261bfebcc0b81f7a989d43e96debb5","isMergeCommit":false,"messageTitle":"Remove placeholder text in AboutUs.md","messageBody":"","fileTypesAndContributionMap":{"docs":{"insertions":2,"deletions":12}}},{"hash":"883bc430ade01370dfe58e8770c6420ef9e3cce2","isMergeCommit":true,"messageTitle":"Merge pull request #17 from vigonometry/master","messageBody":"Add skeletal PPP, refactor filenames and update AboutUs.md","fileTypesAndContributionMap":{}}]},{"date":"2023-03-06","commitResults":[{"hash":"fb312a441f802e401741424966f51d703571e7a2","isMergeCommit":true,"messageTitle":"Merge branch \u0027master\u0027 of https://github.com/AY2223S2-CS2103T-F12-1/tp","messageBody":"","fileTypesAndContributionMap":{}}]},{"date":"2023-03-08","commitResults":[{"hash":"6162362be0b5f850c3fcb219db14d670190aa015","isMergeCommit":true,"messageTitle":"Merge branch \u0027master\u0027 of https://github.com/praveenkrishna0512/tp","messageBody":"","fileTypesAndContributionMap":{}},{"hash":"d007fac7722bed0db4ad7c1ac8dd244e740d810e","isMergeCommit":false,"messageTitle":"Add JsonAdaptedDoctor.java","messageBody":"","fileTypesAndContributionMap":{"functional-code":{"insertions":125,"deletions":0}}},{"hash":"6454915d6b45fd30190d17f30fb0397f9d284844","isMergeCommit":false,"messageTitle":"Amend JsonAdaptedDoctor to extend JsonAdaptedPerson","messageBody":"","fileTypesAndContributionMap":{"functional-code":{"insertions":7,"deletions":50}}},{"hash":"a969058ba06adcafa045618d83e8ece186f0d56d","isMergeCommit":false,"messageTitle":"Allow storage on JsonAdaptedDoctor","messageBody":"","fileTypesAndContributionMap":{"functional-code":{"insertions":17,"deletions":1}}},{"hash":"19176aa8ee58724406933740e76295380ed5aaf6","isMergeCommit":false,"messageTitle":"Remove unused imports","messageBody":"","fileTypesAndContributionMap":{"functional-code":{"insertions":0,"deletions":8}}},{"hash":"f99738481128f4745a91c351e04bf470d5e1ba3d","isMergeCommit":false,"messageTitle":"Amend line length to stay within 120 characters","messageBody":"","fileTypesAndContributionMap":{"functional-code":{"insertions":2,"deletions":1}}}]},{"date":"2023-03-09","commitResults":[{"hash":"d50c054a155163b04ca3f4098bca86dc45994c0d","isMergeCommit":true,"messageTitle":"Merge pull request #48 from vigonometry/add-command","messageBody":"Add AddDoctorCommand","fileTypesAndContributionMap":{}},{"hash":"56e995b3b74f8eba9869fbd954d0667e8f70c41a","isMergeCommit":false,"messageTitle":"Switch order of JsonCreator params","messageBody":"","fileTypesAndContributionMap":{"functional-code":{"insertions":3,"deletions":3}}},{"hash":"c8f274018a5291472dcceb0068e40f57606cf13a","isMergeCommit":true,"messageTitle":"Merge pull request #49 from vigonometry/user-guide","messageBody":"Update UserGuide.md","fileTypesAndContributionMap":{}}]}]},"authorFileTypeContributionMap":{"Bobfree546":{"docs":58,"functional-code":0,"test-code":0},"owen-yap":{"docs":63,"functional-code":153,"test-code":57},"vigonometry":{"docs":96,"functional-code":219,"test-code":11},"praveenkrishna0512":{"docs":126,"functional-code":92,"test-code":0,"other":1}},"authorContributionVariance":{"Bobfree546":2210.6309,"owen-yap":15906.125,"vigonometry":4427.773,"praveenkrishna0512":10193.46},"authorDisplayNameMap":{"Bobfree546":"CS2103T-F12-1 AMOS.. TAO","owen-yap":"CS2103T-F12-1 OWEN..UHAN","vigonometry":"CS2103T-F12-1 VIGN..ARAN","praveenkrishna0512":"CS2103T-F12-1 KRIS..VEEN"}}
