{"authorDailyContributionsMap":{"Bobfree546":[{"date":"2023-03-03","commitResults":[{"hash":"80486f48a9b07e2cba76a7d9e1f61cd53b1fcb55","messageTitle":"Update PPP for Amos","messageBody":"Renamed amos.md to bobfree546.md\nChanged headings for project portfolio page\n\nUpdated files for #5","fileTypesAndContributionMap":{"docs":{"insertions":42,"deletions":46}}},{"hash":"a28d56f1efe1fe6c5e26c901705d29d6202d12c5","messageTitle":"Update Userguide.md","messageBody":"Changed body content for list-doc and find-doc commands.\n\nUpdated files for #5","fileTypesAndContributionMap":{"docs":{"insertions":19,"deletions":26}}}]},{"date":"2023-03-04","commitResults":[{"hash":"fde66cc4f25f28e835498a0db32b5fb90b9c297b","messageTitle":"Update AboutUs.md","messageBody":"Replace file path for image","fileTypesAndContributionMap":{"docs":{"insertions":1,"deletions":1}}},{"hash":"acd95c49317b05167ee1a84bde3180fdcd834e3d","messageTitle":"Update links to files for AboutUs.md","messageBody":"PPP link for Amos\nImage link for Praveen and Vignesh","fileTypesAndContributionMap":{"docs":{"insertions":2,"deletions":2}}}]}],"owen-yap":[{"date":"2023-03-04","commitResults":[{"hash":"1fb59d330fcadb15e4be4cbcb3385ef1df718d9e","messageTitle":"Update profile pic and Ui image","messageBody":"","fileTypesAndContributionMap":{"docs":{"insertions":10,"deletions":9}}},{"hash":"3397e04f328fc61072ea36bbc18f53019a1b7e3d","messageTitle":"Add Skeletal PPP","messageBody":"","fileTypesAndContributionMap":{"docs":{"insertions":47,"deletions":48}}},{"hash":"580ea4784cc3f22fb7116d10300e77988e7dc89f","messageTitle":"Update UG for edit command","messageBody":"","fileTypesAndContributionMap":{"docs":{"insertions":6,"deletions":6}}}]}],"vigonometry":[{"date":"2023-03-03","commitResults":[{"hash":"a20d7a044aed2da0898b887618a5a654175ebc6e","messageTitle":"Add skeletal PPP, refactor filenames.","messageBody":"","fileTypesAndContributionMap":{"docs":{"insertions":47,"deletions":47}}},{"hash":"e55e2e732d546e0755fd91376664a5f82409a910","messageTitle":"Update AboutUs.md","messageBody":"","fileTypesAndContributionMap":{"docs":{"insertions":1,"deletions":1}}},{"hash":"05cb4aa19fd670ebb899606ef13cb216f6376754","messageTitle":"Update docs/team/vigonometry.md","messageBody":"Co-authored-by: Praveen Krishna \u003c84656853+praveenkrishna0512@users.noreply.github.com\u003e","fileTypesAndContributionMap":{"docs":{"insertions":1,"deletions":1}}}]},{"date":"2023-03-04","commitResults":[{"hash":"09e2cdcd1efae8118bd850e4c538da9af89c452f","messageTitle":"Add user stories and use cases.","messageBody":"","fileTypesAndContributionMap":{"docs":{"insertions":60,"deletions":27}}},{"hash":"b041db1f77ae34319a3b12236051ec4e83ec8829","messageTitle":"Update UserGuide.md","messageBody":"","fileTypesAndContributionMap":{"docs":{"insertions":5,"deletions":5}}}]}],"praveenkrishna0512":[{"date":"2023-03-01","commitResults":[{"hash":"386d6033c2fd3770761e300202f105361ce96344","messageTitle":"Update README.md","messageBody":"","fileTypesAndContributionMap":{"docs":{"insertions":20,"deletions":11}}},{"hash":"576fa70d34ba3138625286a4d865679a8734f3a0","messageTitle":"Change CI Status link to reference project repo in README.md","messageBody":"","fileTypesAndContributionMap":{"docs":{"insertions":2,"deletions":2}}},{"hash":"ca3264d73959faecca52612263ff84c5db416d9f","messageTitle":"Update front page with correct title","messageBody":"","fileTypesAndContributionMap":{"docs":{"insertions":4,"deletions":2}}},{"hash":"3a1018e2b3c421eedca884038b2509ef43a6250e","messageTitle":"Update UserGuide.md with skeleton template","messageBody":"","fileTypesAndContributionMap":{"docs":{"insertions":26,"deletions":36}}}]},{"date":"2023-03-02","commitResults":[{"hash":"090c9337b326609941aafa786fdbac7e1f9dde1f","messageTitle":"Update Command summary in UserGuide.md","messageBody":"","fileTypesAndContributionMap":{"docs":{"insertions":6,"deletions":6}}},{"hash":"31b557f2c029f557880378dbf0a7efdf49d17891","messageTitle":"Update skeletal version of PPP","messageBody":"","fileTypesAndContributionMap":{"docs":{"insertions":31,"deletions":30}}},{"hash":"e33afcdb15d8e1eafd7a48d6de96a164bc1de57b","messageTitle":"Add newline at EOF to pass Java CI","messageBody":"","fileTypesAndContributionMap":{"docs":{"insertions":1,"deletions":1}}}]},{"date":"2023-03-03","commitResults":[{"hash":"60c73a0adb5ff6ed6b7054cfaf3eb9068363383d","messageTitle":"Update DG with template info","messageBody":"","fileTypesAndContributionMap":{"docs":{"insertions":26,"deletions":303}}},{"hash":"d4ec404d75d1e8bff418890cfb35ae5c73a70168","messageTitle":"Update docs/DeveloperGuide.md","messageBody":"Co-authored-by: Vigneshwar Hariharan \u003c88077703+vigonometry@users.noreply.github.com\u003e","fileTypesAndContributionMap":{"docs":{"insertions":1,"deletions":1}}},{"hash":"0fbccf2e0b31371a891b034fa155b9e9cb63f027","messageTitle":"Update NFR and Glossary","messageBody":"","fileTypesAndContributionMap":{"docs":{"insertions":13,"deletions":7}}},{"hash":"fcbfd30d8360fd26d9fc312c0a52704c62fbd998","messageTitle":"Update delete-doc use case in DG","messageBody":"","fileTypesAndContributionMap":{"docs":{"insertions":11,"deletions":18}}},{"hash":"5cdbb170e4672ab01dfd0faaef5780a9135d0563","messageTitle":"Update user stories in DG","messageBody":"","fileTypesAndContributionMap":{"docs":{"insertions":27,"deletions":10}}},{"hash":"429f88bd09261bfebcc0b81f7a989d43e96debb5","messageTitle":"Remove placeholder text in AboutUs.md","messageBody":"","fileTypesAndContributionMap":{"docs":{"insertions":2,"deletions":12}}}]}]},"authorFileTypeContributionMap":{"Bobfree546":{"docs":58,"functional-code":0,"test-code":0},"owen-yap":{"docs":63,"functional-code":0,"test-code":0},"vigonometry":{"docs":91,"functional-code":0,"test-code":0},"praveenkrishna0512":{"docs":126,"functional-code":0,"test-code":0,"other":1}},"authorContributionVariance":{"Bobfree546":1032.3398,"owen-yap":930.2344,"vigonometry":1039.7773,"praveenkrishna0512":11175.934},"authorDisplayNameMap":{"Bobfree546":"CS2103T-F12-1 AMOS.. TAO","owen-yap":"CS2103T-F12-1 OWEN..UHAN","vigonometry":"CS2103T-F12-1 VIGN..ARAN","praveenkrishna0512":"CS2103T-F12-1 KRIS..VEEN"}}
