{"authorDailyContributionsMap":{"Junyi00":[{"date":"2023-02-17","commitResults":[{"hash":"825a55a07aa767f4f965e5e9c4d6e683a1ab6b66","isMergeCommit":false,"messageTitle":"chore: Changed theme from dark mode to light mode","messageBody":"* Changed overall app theme from dark mode to light mode\n* Updated UI for user command textbox and result display\n","fileTypesAndContributionMap":{"functional-code":{"insertions":214,"deletions":49},"other":{"insertions":0,"deletions":0}}},{"hash":"a6a2804315cfa97a164578b276e5101d4f20638a","isMergeCommit":false,"messageTitle":"fix: Fix blurry text in result display area","messageBody":"","fileTypesAndContributionMap":{"functional-code":{"insertions":13,"deletions":0}}},{"hash":"125a734a56093820fbceb84057122a6970d3d77e","isMergeCommit":false,"messageTitle":"chore: Update GUI for list view","messageBody":"","fileTypesAndContributionMap":{"functional-code":{"insertions":28,"deletions":1}}},{"hash":"9c12fbbbb9d80c6c6b04f4e2cba98f5ba1bba47c","isMergeCommit":false,"messageTitle":"fix: Fix disappearing status bar when window height is reduced","messageBody":"This occurred due to the minimum height of split pane being set to its preferred height.\n","fileTypesAndContributionMap":{"functional-code":{"insertions":24,"deletions":11}}},{"hash":"e6a8ee4f938a1a2d2657bfb2994b6518f8adaad4","isMergeCommit":false,"messageTitle":"feat: Improve UI/UX for left pane","messageBody":"","fileTypesAndContributionMap":{"functional-code":{"insertions":42,"deletions":13}}},{"hash":"f29ed8791244d2ecd14c6154002566f38011a612","isMergeCommit":false,"messageTitle":"chore: Remove unused css file","messageBody":"","fileTypesAndContributionMap":{"functional-code":{"insertions":0,"deletions":352}}},{"hash":"614a9305731b86106851b12a2c0461947448c791","isMergeCommit":false,"messageTitle":"chore: Readjust size of command and result display box","messageBody":"","fileTypesAndContributionMap":{"functional-code":{"insertions":3,"deletions":3}}},{"hash":"64e68947dec5f71dd9346961f917986f3b3bbacf","isMergeCommit":false,"messageTitle":"fix: Remove empty list cells showing borders","messageBody":"","fileTypesAndContributionMap":{"functional-code":{"insertions":5,"deletions":0}}},{"hash":"e7bf582937d1e5ee213512da756f64a265a75f94","isMergeCommit":false,"messageTitle":"fix: Fix file format issues","messageBody":"","fileTypesAndContributionMap":{"functional-code":{"insertions":6,"deletions":10}}},{"hash":"4b899d44a631d2e4400eb2278b637de72173ed48","isMergeCommit":false,"messageTitle":"fix: Fix checkstyles","messageBody":"","fileTypesAndContributionMap":{"functional-code":{"insertions":4,"deletions":1}}},{"hash":"4eae64982db5c4016a09871061d9d6a9539e58a9","isMergeCommit":false,"messageTitle":"chore: Change package name to seedu.loyaltylift","messageBody":"","fileTypesAndContributionMap":{"functional-code":{"insertions":1,"deletions":0},"other":{"insertions":740,"deletions":740},"docs":{"insertions":13,"deletions":13},"test-code":{"insertions":3,"deletions":3}}},{"hash":"755ce747acd9dd8c217f2eb916b2d012dacef5bf","isMergeCommit":true,"messageTitle":"Merge pull request #1 from Junyi00/junyi/gui-revamp","messageBody":"feat: Revamp GUI ","fileTypesAndContributionMap":{}}]},{"date":"2023-02-20","commitResults":[{"hash":"19e5beadeda9329de4ae774c5b4ac828fceb062e","isMergeCommit":false,"messageTitle":"chore: Update README.md","messageBody":"* Updated UI.png for current UI Mockup\n* Updated information on README.md\n","fileTypesAndContributionMap":{"docs":{"insertions":19,"deletions":15}}},{"hash":"b20670a88319c8cfebe16757d75e22a15d559233","isMergeCommit":false,"messageTitle":"fix: Fix style checks violations for README.md","messageBody":"","fileTypesAndContributionMap":{"docs":{"insertions":3,"deletions":3}}},{"hash":"d277b4f4c0a21c75647d73d63d906cc5643f17de","isMergeCommit":false,"messageTitle":"chore: Remove placeholder project portfolio page","messageBody":"","fileTypesAndContributionMap":{"docs":{"insertions":0,"deletions":46}}},{"hash":"9f8e67c257a01d418fa901684d7d5f04f96cf4d7","isMergeCommit":false,"messageTitle":"chore: Add skeletal PPP for junyi00","messageBody":"","fileTypesAndContributionMap":{"docs":{"insertions":38,"deletions":0}}},{"hash":"35dc734a2d07217703993590d15a2f7ea33bf531","isMergeCommit":false,"messageTitle":"chore: Fix style violations","messageBody":"","fileTypesAndContributionMap":{"docs":{"insertions":1,"deletions":1}}}]},{"date":"2023-02-28","commitResults":[{"hash":"05e36bae8a304af50978d05386f646f511410b46","isMergeCommit":false,"messageTitle":"chore: Update user guide viewing customers and rewards","messageBody":"","fileTypesAndContributionMap":{"docs":{"insertions":24,"deletions":9}}}]},{"date":"2023-03-06","commitResults":[{"hash":"ad23ea0a7bfc2f17b824cf4f15b26f532534a9b1","isMergeCommit":true,"messageTitle":"Merge pull request #21 from jednghk/skeletal-ppp-jednghk","messageBody":"jednghk: Add skeletal PPP ","fileTypesAndContributionMap":{}},{"hash":"d784265343831e7ea917effcd2fa96d3cca07b91","isMergeCommit":true,"messageTitle":"Merge pull request #24 from jednghk/update-aboutus","messageBody":"Update About Us","fileTypesAndContributionMap":{}}]}],"JavonTeo":[{"date":"2023-03-06","commitResults":[{"hash":"790de55c9f892d0f82b99993b268eb85172a102b","isMergeCommit":false,"messageTitle":"Created PPP","messageBody":"","fileTypesAndContributionMap":{"docs":{"insertions":38,"deletions":0}}},{"hash":"0a7989837b519dc3bac6cb7dbb2cf87f34202ea4","isMergeCommit":true,"messageTitle":"Merge pull request #16 from CloudHill/skeletal-ppp-ryo","messageBody":"chore: Add skeletal PPP for CloudHill","fileTypesAndContributionMap":{}}]},{"date":"2023-03-07","commitResults":[{"hash":"476b8ad0217e8be66d90bfd981bc9076d804f030","isMergeCommit":true,"messageTitle":"Merge pull request #15 from CloudHill/dg-use-cases","messageBody":"chore: Add use cases to developer guide","fileTypesAndContributionMap":{}}]}],"CloudHill":[{"date":"2023-03-02","commitResults":[{"hash":"d217d6b2ec2f3196f72ec30bf4991e370f90aaee","isMergeCommit":false,"messageTitle":"chore: Add skeletal PPP for CloudHill","messageBody":"","fileTypesAndContributionMap":{"docs":{"insertions":38,"deletions":0}}}]},{"date":"2023-03-06","commitResults":[{"hash":"4b6665707d32c333e384f70b5a7231fa0d606ee2","isMergeCommit":true,"messageTitle":"Merge pull request #10 from Infrix/branch-DG","messageBody":"Add target user profile, value proposition, user stories and glossary","fileTypesAndContributionMap":{}},{"hash":"11093b33f2adc8ed8f89566cce2202a567e7a661","isMergeCommit":false,"messageTitle":"chore: Add use cases to developer guide","messageBody":"","fileTypesAndContributionMap":{"docs":{"insertions":370,"deletions":11}}},{"hash":"97d6caa0232418781d72574e31471c42e82e3094","isMergeCommit":false,"messageTitle":"chore: Update use cases","messageBody":"+ UC C8\n+ UC O2\n- UC O6\n+ UC R5\n","fileTypesAndContributionMap":{"docs":{"insertions":79,"deletions":31}}}]},{"date":"2023-03-07","commitResults":[{"hash":"b4c84bbde90839489b5b7ab6fedf48f31eedf9eb","isMergeCommit":true,"messageTitle":"Merge pull request #17 from Infrix/skeletal-ppp-Infrix","messageBody":"Add skeletal PPP for Infrix","fileTypesAndContributionMap":{}}]}],"jednghk":[{"date":"2023-03-06","commitResults":[{"hash":"b9e2861852ebb27bbcb9779f441e7bc24304f0fb","isMergeCommit":false,"messageTitle":"Add skeletal PPP for jednghk","messageBody":"","fileTypesAndContributionMap":{"docs":{"insertions":38,"deletions":0}}},{"hash":"6955e9f21faba82a41a955d66ef9ec160c375d52","isMergeCommit":false,"messageTitle":"Edit skeletal PPP","messageBody":"","fileTypesAndContributionMap":{"docs":{"insertions":1,"deletions":1}}},{"hash":"3a45edfb418d287c7c23049d0a8fd7150c70bb59","isMergeCommit":false,"messageTitle":"Update jednghk\u0027s entry in About Us page","messageBody":"","fileTypesAndContributionMap":{"docs":{"insertions":4,"deletions":7}}},{"hash":"0bbce20761949e3e2abc56f0aa369e36ab99e088","isMergeCommit":false,"messageTitle":"Add project members\u0027 photos to doc/images folder","messageBody":"","fileTypesAndContributionMap":{"docs":{"insertions":28,"deletions":30}}}]},{"date":"2023-03-07","commitResults":[{"hash":"d88230876f2497f9698781d01bc77663ae2a7c21","isMergeCommit":true,"messageTitle":"Merge pull request #25 from JavonTeo/master","messageBody":"Add skeletal PPP for JavonTeo","fileTypesAndContributionMap":{}}]}],"Infrix":[{"date":"2023-02-25","commitResults":[{"hash":"f7caae3cb59d96932f4d66909f24b716d5ac2569","isMergeCommit":false,"messageTitle":"Obsolete developer guide","messageBody":"Need to update developer guide for LoyaltyLift\n\nAdd target user profile, value proposition, user stories and glossary to DeveloperGuide.md\n","fileTypesAndContributionMap":{"docs":{"insertions":41,"deletions":14}}}]},{"date":"2023-03-05","commitResults":[{"hash":"a3fa542e6b7271501db62c881dc08c6de15aec10","isMergeCommit":false,"messageTitle":"Add skeletal PPP for Infrix","messageBody":"","fileTypesAndContributionMap":{"docs":{"insertions":38,"deletions":46}}}]},{"date":"2023-03-06","commitResults":[{"hash":"b792e4cab47811ebc0ab6c806cf785c5f419bac2","isMergeCommit":true,"messageTitle":"Merge pull request #3 from Junyi00/update-readme","messageBody":"Update README.md","fileTypesAndContributionMap":{}},{"hash":"ddbda3b5a51ad537b0698b24d6d1999a68209b6f","isMergeCommit":true,"messageTitle":"Merge pull request #4 from Junyi00/skeletal-ppp-junyi","messageBody":"Add skeletal PPP for junyi00","fileTypesAndContributionMap":{}},{"hash":"2ce287dd79aab0c83cf085c82d074e39bd9a1c3d","isMergeCommit":true,"messageTitle":"Merge pull request #6 from Junyi00/update-site-wide-settings","messageBody":"Update site-wide settings","fileTypesAndContributionMap":{}},{"hash":"d74dc2237cc137af9e429ae9bba5f2e646d8f63b","isMergeCommit":true,"messageTitle":"Merge pull request #12 from Junyi00/update-ug","messageBody":"chore: Update user guide for viewing customers and rewards","fileTypesAndContributionMap":{}}]},{"date":"2023-03-07","commitResults":[{"hash":"b03d9689fb4b82da05441dfaa33bab63fde22e9e","isMergeCommit":false,"messageTitle":"Rename skeletal PPP to correct format","messageBody":"","fileTypesAndContributionMap":{"docs":{"insertions":0,"deletions":0}}}]}]},"authorFileTypeContributionMap":{"Junyi00":{"docs":94,"functional-code":605,"test-code":425,"other":3},"JavonTeo":{"docs":38,"functional-code":0,"test-code":0},"CloudHill":{"docs":456,"functional-code":0,"test-code":0},"jednghk":{"docs":70,"functional-code":0,"test-code":0},"Infrix":{"docs":78,"functional-code":0,"test-code":0}},"authorContributionVariance":{"Junyi00":260739.47,"JavonTeo":72.0,"CloudHill":11989.291,"jednghk":592.4045,"Infrix":477.05814},"authorDisplayNameMap":{"Junyi00":"CS2103T-T09-3 GOH ..N YI","JavonTeo":"CS2103T-T09-3 JAVO.. KAI","CloudHill":"CS2103T-T09-3 RYO ..AWAN","jednghk":"CS2103T-T09-3 JED ..KIAT","Infrix":"CS2103T-T09-3 DAWS..N YI"}}
