{"authorDailyContributionsMap":{"Junyi00":[{"date":"2023-02-17","commitResults":[{"hash":"825a55a07aa767f4f965e5e9c4d6e683a1ab6b66","isMergeCommit":false,"messageTitle":"chore: Changed theme from dark mode to light mode","messageBody":"* Changed overall app theme from dark mode to light mode\n* Updated UI for user command textbox and result display\n","fileTypesAndContributionMap":{"functional-code":{"insertions":214,"deletions":49},"other":{"insertions":0,"deletions":0}}},{"hash":"a6a2804315cfa97a164578b276e5101d4f20638a","isMergeCommit":false,"messageTitle":"fix: Fix blurry text in result display area","messageBody":"","fileTypesAndContributionMap":{"functional-code":{"insertions":13,"deletions":0}}},{"hash":"125a734a56093820fbceb84057122a6970d3d77e","isMergeCommit":false,"messageTitle":"chore: Update GUI for list view","messageBody":"","fileTypesAndContributionMap":{"functional-code":{"insertions":28,"deletions":1}}},{"hash":"9c12fbbbb9d80c6c6b04f4e2cba98f5ba1bba47c","isMergeCommit":false,"messageTitle":"fix: Fix disappearing status bar when window height is reduced","messageBody":"This occurred due to the minimum height of split pane being set to its preferred height.\n","fileTypesAndContributionMap":{"functional-code":{"insertions":24,"deletions":11}}},{"hash":"e6a8ee4f938a1a2d2657bfb2994b6518f8adaad4","isMergeCommit":false,"messageTitle":"feat: Improve UI/UX for left pane","messageBody":"","fileTypesAndContributionMap":{"functional-code":{"insertions":42,"deletions":13}}},{"hash":"f29ed8791244d2ecd14c6154002566f38011a612","isMergeCommit":false,"messageTitle":"chore: Remove unused css file","messageBody":"","fileTypesAndContributionMap":{"functional-code":{"insertions":0,"deletions":352}}},{"hash":"614a9305731b86106851b12a2c0461947448c791","isMergeCommit":false,"messageTitle":"chore: Readjust size of command and result display box","messageBody":"","fileTypesAndContributionMap":{"functional-code":{"insertions":3,"deletions":3}}},{"hash":"64e68947dec5f71dd9346961f917986f3b3bbacf","isMergeCommit":false,"messageTitle":"fix: Remove empty list cells showing borders","messageBody":"","fileTypesAndContributionMap":{"functional-code":{"insertions":5,"deletions":0}}},{"hash":"e7bf582937d1e5ee213512da756f64a265a75f94","isMergeCommit":false,"messageTitle":"fix: Fix file format issues","messageBody":"","fileTypesAndContributionMap":{"functional-code":{"insertions":6,"deletions":10}}},{"hash":"4b899d44a631d2e4400eb2278b637de72173ed48","isMergeCommit":false,"messageTitle":"fix: Fix checkstyles","messageBody":"","fileTypesAndContributionMap":{"functional-code":{"insertions":4,"deletions":1}}},{"hash":"4eae64982db5c4016a09871061d9d6a9539e58a9","isMergeCommit":false,"messageTitle":"chore: Change package name to seedu.loyaltylift","messageBody":"","fileTypesAndContributionMap":{"functional-code":{"insertions":1,"deletions":0},"other":{"insertions":740,"deletions":740},"docs":{"insertions":13,"deletions":13},"test-code":{"insertions":3,"deletions":3}}},{"hash":"755ce747acd9dd8c217f2eb916b2d012dacef5bf","isMergeCommit":true,"messageTitle":"Merge pull request #1 from Junyi00/junyi/gui-revamp","messageBody":"feat: Revamp GUI ","fileTypesAndContributionMap":{}}]},{"date":"2023-02-20","commitResults":[{"hash":"19e5beadeda9329de4ae774c5b4ac828fceb062e","isMergeCommit":false,"messageTitle":"chore: Update README.md","messageBody":"* Updated UI.png for current UI Mockup\n* Updated information on README.md\n","fileTypesAndContributionMap":{"docs":{"insertions":19,"deletions":15}}},{"hash":"b20670a88319c8cfebe16757d75e22a15d559233","isMergeCommit":false,"messageTitle":"fix: Fix style checks violations for README.md","messageBody":"","fileTypesAndContributionMap":{"docs":{"insertions":3,"deletions":3}}},{"hash":"d277b4f4c0a21c75647d73d63d906cc5643f17de","isMergeCommit":false,"messageTitle":"chore: Remove placeholder project portfolio page","messageBody":"","fileTypesAndContributionMap":{"docs":{"insertions":0,"deletions":46}}},{"hash":"9f8e67c257a01d418fa901684d7d5f04f96cf4d7","isMergeCommit":false,"messageTitle":"chore: Add skeletal PPP for junyi00","messageBody":"","fileTypesAndContributionMap":{"docs":{"insertions":38,"deletions":0}}},{"hash":"35dc734a2d07217703993590d15a2f7ea33bf531","isMergeCommit":false,"messageTitle":"chore: Fix style violations","messageBody":"","fileTypesAndContributionMap":{"docs":{"insertions":1,"deletions":1}}}]},{"date":"2023-02-28","commitResults":[{"hash":"05e36bae8a304af50978d05386f646f511410b46","isMergeCommit":false,"messageTitle":"chore: Update user guide viewing customers and rewards","messageBody":"","fileTypesAndContributionMap":{"docs":{"insertions":24,"deletions":9}}}]},{"date":"2023-03-06","commitResults":[{"hash":"ad23ea0a7bfc2f17b824cf4f15b26f532534a9b1","isMergeCommit":true,"messageTitle":"Merge pull request #21 from jednghk/skeletal-ppp-jednghk","messageBody":"jednghk: Add skeletal PPP ","fileTypesAndContributionMap":{}},{"hash":"d784265343831e7ea917effcd2fa96d3cca07b91","isMergeCommit":true,"messageTitle":"Merge pull request #24 from jednghk/update-aboutus","messageBody":"Update About Us","fileTypesAndContributionMap":{}},{"hash":"ef5a40203337e170642d58a2b53007031f30e9a6","isMergeCommit":false,"messageTitle":"chore: Refactor all occurences of Person to Customer","messageBody":"","fileTypesAndContributionMap":{"functional-code":{"insertions":224,"deletions":221},"other":{"insertions":70,"deletions":70},"docs":{"insertions":4,"deletions":4},"test-code":{"insertions":375,"deletions":371}}},{"hash":"d8e67f95228f8f5e6daacb51936f9ed836b9596e","isMergeCommit":false,"messageTitle":"chore: Refactor occurences of Person to Customer in GUI","messageBody":"","fileTypesAndContributionMap":{"functional-code":{"insertions":8,"deletions":8},"other":{"insertions":21,"deletions":21},"docs":{"insertions":1,"deletions":1}}},{"hash":"efe7aebf75a8713d74ce41b17c10d6a4092c30d7","isMergeCommit":false,"messageTitle":"feat: Add Tag UI component \u0026 add customer type to CustomerCard","messageBody":"","fileTypesAndContributionMap":{"functional-code":{"insertions":89,"deletions":16}}},{"hash":"cdd81a833f8774d0f8baa61c92bec1eee32d2a8b","isMergeCommit":false,"messageTitle":"chore: Update padding and insets of CustomerCard and Tag UI","messageBody":"","fileTypesAndContributionMap":{"functional-code":{"insertions":16,"deletions":6}}},{"hash":"0ee24235b57d0d0ce85e615a13772231d358a69d","isMergeCommit":false,"messageTitle":"chore: Add template GUI for viewing customer info","messageBody":"","fileTypesAndContributionMap":{"functional-code":{"insertions":76,"deletions":1}}},{"hash":"0596642b1470e6a0839affd63d6accc7a9086fd4","isMergeCommit":false,"messageTitle":"feat: Display customer info on CustomerCard click","messageBody":"","fileTypesAndContributionMap":{"functional-code":{"insertions":118,"deletions":14}}},{"hash":"9e4d7d02d208ca07d9ee714cd0b546af87c65a80","isMergeCommit":false,"messageTitle":"fix: Fix blurry contents in scrollpane","messageBody":"Adding scrollpanes to view causes its contents to be blurred. This is due\nto `ScrollPaneSkin` setting cache to true on intialisation, hence\nignoring the cache property set in the FXML file.\n\nThis fix aggressively attempts to reset this property in the\nscrollpane. However, the skin in the scrollpane must first be initialised, hence the need to\nrepeatedly attempt to check for its existence.\n","fileTypesAndContributionMap":{"functional-code":{"insertions":14,"deletions":0}}},{"hash":"60343fcdc7ce25501ae0ce1187f0e0deb44211a2","isMergeCommit":false,"messageTitle":"chore: Resolve styling violations","messageBody":"","fileTypesAndContributionMap":{"functional-code":{"insertions":53,"deletions":41}}},{"hash":"17f6d204e4babf60fa21fb604d2c366a54b5c790","isMergeCommit":false,"messageTitle":"feat: Add icons to CustomerCard and CustomerInfo","messageBody":"","fileTypesAndContributionMap":{"functional-code":{"insertions":61,"deletions":6}}},{"hash":"9b9afdd3f39cb8756c3661101c3d063ae7111494","isMergeCommit":false,"messageTitle":"feat: Add on hover and selection styling for CustomerCard","messageBody":"","fileTypesAndContributionMap":{"functional-code":{"insertions":25,"deletions":0}}},{"hash":"1b895b486f9e9958abed348806dc01cfda4c0d56","isMergeCommit":false,"messageTitle":"chore: Resolve style violations","messageBody":"","fileTypesAndContributionMap":{"functional-code":{"insertions":4,"deletions":6}}},{"hash":"ac7434d91ae0a1311ad824980b582d53a67da69d","isMergeCommit":false,"messageTitle":"fix: Fix deletion and update of customers do not update info pane","messageBody":"","fileTypesAndContributionMap":{"functional-code":{"insertions":1,"deletions":1}}},{"hash":"87df7e482b169b8f5def27894bcdcd2fbf165c7f","isMergeCommit":false,"messageTitle":"chore: Remove unused methods","messageBody":"","fileTypesAndContributionMap":{"functional-code":{"insertions":0,"deletions":10}}},{"hash":"5f37313652f6764448a13ff38921e1e2ad179ed3","isMergeCommit":false,"messageTitle":"fix: Fix customer type tag squashed due to long customer name","messageBody":"","fileTypesAndContributionMap":{"functional-code":{"insertions":7,"deletions":4}}},{"hash":"dff5a8db742b3e39eb2ed4fb2849c1a700683bd0","isMergeCommit":false,"messageTitle":"chore: Renamed all other occurences of Person to Customer","messageBody":"","fileTypesAndContributionMap":{"functional-code":{"insertions":84,"deletions":83},"other":{"insertions":139,"deletions":135},"test-code":{"insertions":315,"deletions":313}}},{"hash":"e4292da67376d6e6a8ef6df86b4eb61d25994c54","isMergeCommit":false,"messageTitle":"chore: Rename Tag GUI component to Badge for clarity","messageBody":"","fileTypesAndContributionMap":{"functional-code":{"insertions":5,"deletions":5},"other":{"insertions":4,"deletions":4}}},{"hash":"7deaa3866511b2399d939d962d0041905c91fdf2","isMergeCommit":false,"messageTitle":"chore: Rename commands to be customer specific","messageBody":"Current commands for CRUD of customers will have an extra \u0027c\u0027 suffix.\nThis is to prepare for CRUD commands for orders which will use an \u0027o\u0027\nsuffix instead.\n","fileTypesAndContributionMap":{"functional-code":{"insertions":46,"deletions":45},"other":{"insertions":152,"deletions":138},"test-code":{"insertions":37,"deletions":37}}},{"hash":"7e837d2224cead73c3831cf92e9ecfe662fdf9d5","isMergeCommit":false,"messageTitle":"chore: Remove trailing whitepsaces","messageBody":"","fileTypesAndContributionMap":{"docs":{"insertions":5,"deletions":5}}},{"hash":"2cb7d4cb7d8caadf81e8c7b16b8fec574251267b","isMergeCommit":false,"messageTitle":"chore: Add viewc command for customer","messageBody":"`viewc` command displays the customer\u0027s information on the right panel /\ninfo panel.\n","fileTypesAndContributionMap":{"functional-code":{"insertions":116,"deletions":5},"test-code":{"insertions":7,"deletions":7}}}]},{"date":"2023-03-07","commitResults":[{"hash":"d54854ba99a2bccda19d622ad28d788e9bfacd09","isMergeCommit":false,"messageTitle":"feat: Add tests for viewc command","messageBody":"","fileTypesAndContributionMap":{"test-code":{"insertions":81,"deletions":0}}},{"hash":"43124f47b8e8cfcc8d227c797446648cd79aa0dc","isMergeCommit":false,"messageTitle":"feat: Add tests for viewc command parser","messageBody":"","fileTypesAndContributionMap":{"test-code":{"insertions":27,"deletions":0}}},{"hash":"342034e1a2129490e6c6c6d61bcbbd49443a1d08","isMergeCommit":false,"messageTitle":"chore: Add tests for CommandResult on displaying customer information","messageBody":"","fileTypesAndContributionMap":{"test-code":{"insertions":25,"deletions":0}}},{"hash":"129210a1921613775a96bb4fbdce8f2433bdf8af","isMergeCommit":false,"messageTitle":"chore: Resolve style violations","messageBody":"","fileTypesAndContributionMap":{"test-code":{"insertions":2,"deletions":2}}},{"hash":"5eb84c2d3126881ac7857688615e1d90c6c1d387","isMergeCommit":false,"messageTitle":"chore: Rename tests method names for consistency with new command names","messageBody":"","fileTypesAndContributionMap":{"test-code":{"insertions":5,"deletions":5}}},{"hash":"572a6ed817fbe41df41e581fb020db83c6f48c87","isMergeCommit":false,"messageTitle":"feat: Add test for viewc command in AddressBookParser","messageBody":"","fileTypesAndContributionMap":{"test-code":{"insertions":8,"deletions":0}}},{"hash":"a7a199f90772c1ad3caf1ec9a1be71bd7fc41a99","isMergeCommit":false,"messageTitle":"chore: Add tests for CommandResult","messageBody":"","fileTypesAndContributionMap":{"test-code":{"insertions":18,"deletions":0}}},{"hash":"28075480af847bb3853de55a13eb4e79f0f5c01e","isMergeCommit":false,"messageTitle":"chore: Add tests for Badge helper method","messageBody":"","fileTypesAndContributionMap":{"functional-code":{"insertions":1,"deletions":1},"test-code":{"insertions":17,"deletions":0}}},{"hash":"109e3e63037a7993aa3550c0504dc52a47c19410","isMergeCommit":false,"messageTitle":"fix: Fix style violations","messageBody":"","fileTypesAndContributionMap":{"test-code":{"insertions":1,"deletions":2}}},{"hash":"2564780d0db43cf1d91e90b56b714cc8520dd670","isMergeCommit":false,"messageTitle":"chore: Rename parsers to fit the new naming convention of commands","messageBody":"","fileTypesAndContributionMap":{"functional-code":{"insertions":4,"deletions":4},"other":{"insertions":4,"deletions":4}}},{"hash":"c0354b25a40e1d4512ce60229dd4e263bff92a48","isMergeCommit":false,"messageTitle":"chore: Rename tests for parsers to fit the new naming convention of commands","messageBody":"","fileTypesAndContributionMap":{"test-code":{"insertions":4,"deletions":4}}}]},{"date":"2023-03-09","commitResults":[{"hash":"bf4f3094f723f34f55b05d5fd6cdac3be21f1617","isMergeCommit":false,"messageTitle":"feat: Add CustomerType to Customer model","messageBody":"","fileTypesAndContributionMap":{"functional-code":{"insertions":42,"deletions":12},"test-code":{"insertions":2,"deletions":1}}},{"hash":"e67887e0f8d64b05c258f1049c1efdc152f4ad80","isMergeCommit":false,"messageTitle":"feat: Enable storage of individual and enterprise customer types","messageBody":"","fileTypesAndContributionMap":{"functional-code":{"insertions":11,"deletions":2}}},{"hash":"6ed1715e037d6f71a7a01d9cb6f82462bc807af6","isMergeCommit":false,"messageTitle":"feat: Add customer type argument to add customer command","messageBody":"","fileTypesAndContributionMap":{"functional-code":{"insertions":43,"deletions":7}}},{"hash":"7748fc8643b8c4265f9e03408b6caebd2a0b1179","isMergeCommit":false,"messageTitle":"chore: Add tests for CustomerType","messageBody":"","fileTypesAndContributionMap":{"test-code":{"insertions":27,"deletions":0}}},{"hash":"be8ff2f2da6b531ee108b7f6ffbaead3131b3f7a","isMergeCommit":false,"messageTitle":"feat: Add logic for editing customer type for customers","messageBody":"","fileTypesAndContributionMap":{"functional-code":{"insertions":27,"deletions":9}}},{"hash":"46dcae516d28fec17c6e04dcf9fcd69202338887","isMergeCommit":false,"messageTitle":"fix: Fix style violations","messageBody":"","fileTypesAndContributionMap":{"functional-code":{"insertions":41,"deletions":21},"test-code":{"insertions":18,"deletions":18}}},{"hash":"c760047139c7ecac1630afe195c0c5bca7e329d4","isMergeCommit":false,"messageTitle":"fix: Fix edit customer command not recognising customer type","messageBody":"","fileTypesAndContributionMap":{"functional-code":{"insertions":18,"deletions":13}}},{"hash":"c70ce800406a8f34a84b64b0427e901c2409d2c3","isMergeCommit":false,"messageTitle":"chore: Add tests for CustomerType in commands, parsers and storage","messageBody":"","fileTypesAndContributionMap":{"test-code":{"insertions":96,"deletions":12}}},{"hash":"826814295cdde87e5aad2a0915facec29dac7e10","isMergeCommit":false,"messageTitle":"chore: Refactor JsonAdaptedCustomer for consistency","messageBody":"","fileTypesAndContributionMap":{"functional-code":{"insertions":10,"deletions":4}}},{"hash":"644f33338b67b1c660c676d08ddf169d321bea11","isMergeCommit":false,"messageTitle":"chore: Add tests for JsonAdaptedCustoemr","messageBody":"","fileTypesAndContributionMap":{"test-code":{"insertions":25,"deletions":9}}},{"hash":"adf66c37b6f371118961e72958aa4a80ec5a2141","isMergeCommit":false,"messageTitle":"chore: Update parsing of CustomerType and add tests","messageBody":"","fileTypesAndContributionMap":{"functional-code":{"insertions":10,"deletions":9},"test-code":{"insertions":22,"deletions":1}}},{"hash":"68c8ffc48276124a416a13b00dddc21ecce2ed4d","isMergeCommit":false,"messageTitle":"chore: Refactor Badge to use factory methods","messageBody":"","fileTypesAndContributionMap":{"functional-code":{"insertions":41,"deletions":28}}},{"hash":"ed3a11e009f306f3ac59af4ae1b6c2e01e7f2b73","isMergeCommit":false,"messageTitle":"chore: Add test for factory method of Badge using CustomerType","messageBody":"","fileTypesAndContributionMap":{"test-code":{"insertions":6,"deletions":0}}}]},{"date":"2023-03-11","commitResults":[{"hash":"f182c0416abb28b96591cdf9ce4ac7458a23a4e3","isMergeCommit":false,"messageTitle":"chore: Update add customer command usage message and docs","messageBody":"","fileTypesAndContributionMap":{"functional-code":{"insertions":1,"deletions":1},"docs":{"insertions":8,"deletions":11}}}]},{"date":"2023-03-12","commitResults":[{"hash":"b14482c88f838867fe116e233d386a4ed8d81e35","isMergeCommit":true,"messageTitle":"Merge pull request #31 from jednghk/update-userguide","messageBody":"Update possible commands associated with orders","fileTypesAndContributionMap":{}}]},{"date":"2023-03-16","commitResults":[{"hash":"b128dcb6e152e74ceda44f7fc8ef043bee861898","isMergeCommit":true,"messageTitle":"Merge pull request #45 from jednghk/create-attribute-package","messageBody":"Create attribute package","fileTypesAndContributionMap":{}},{"hash":"6c278fedfeb81784a71b041df964523a3fed478c","isMergeCommit":false,"messageTitle":"fix: Fix bad imports in SetPointsCommand","messageBody":"","fileTypesAndContributionMap":{"functional-code":{"insertions":2,"deletions":2}}}]},{"date":"2023-03-17","commitResults":[{"hash":"73a56d648d9d2c0fff0d613162516d39afa7bf66","isMergeCommit":false,"messageTitle":"feat: Add storage logic for orders","messageBody":"","fileTypesAndContributionMap":{"functional-code":{"insertions":122,"deletions":1}}},{"hash":"41dcf34ec67ef150b3560d2eaf084ea399f0a701","isMergeCommit":false,"messageTitle":"chore: Add tests for Order storage","messageBody":"","fileTypesAndContributionMap":{"functional-code":{"insertions":20,"deletions":19},"test-code":{"insertions":164,"deletions":30}}},{"hash":"30efe1a8ad5971498f87b747f08752c25b8b6f03","isMergeCommit":false,"messageTitle":"chore: Remove unused method for testing","messageBody":"* TypicalAddressBook now contains both TypicalOrders and TypicalCustomers\n","fileTypesAndContributionMap":{"test-code":{"insertions":0,"deletions":12}}},{"hash":"ea1439d3b32b72a5bb88867cb94b9ccaa7bae9af","isMergeCommit":false,"messageTitle":"chore: Add tests for Order storage","messageBody":"","fileTypesAndContributionMap":{"functional-code":{"insertions":2,"deletions":2}}},{"hash":"35cf1aa0bb4bca458ec256896bcd5ba4506b6e18","isMergeCommit":false,"messageTitle":"fix: Fix wrong message displayed for orders","messageBody":"","fileTypesAndContributionMap":{"functional-code":{"insertions":2,"deletions":1}}}]},{"date":"2023-03-19","commitResults":[{"hash":"6b95c4eca8dd9bb84d589b29cb9e1d463f6e2131","isMergeCommit":false,"messageTitle":"feat: Add associations between Customer and Order","messageBody":"","fileTypesAndContributionMap":{"functional-code":{"insertions":28,"deletions":7}}},{"hash":"aad57e078836f1335aafd703c0abcce06bfe2000","isMergeCommit":false,"messageTitle":"feat: Add UI to display orders belong to a customer","messageBody":"","fileTypesAndContributionMap":{"functional-code":{"insertions":168,"deletions":10},"other":{"insertions":0,"deletions":0}}},{"hash":"b7f14854a3600949190b6acc03d062f7af9790d1","isMergeCommit":false,"messageTitle":"chore: Add test for Badge factory method with order status","messageBody":"","fileTypesAndContributionMap":{"test-code":{"insertions":5,"deletions":0}}},{"hash":"783d499d0a98fff71251b3a1decfca391bda070a","isMergeCommit":false,"messageTitle":"chore: Remove print statements","messageBody":"","fileTypesAndContributionMap":{"test-code":{"insertions":0,"deletions":2}}},{"hash":"200c8a3474f431894779a1ee2d11d1279b466332","isMergeCommit":false,"messageTitle":"feat: Update GUI and logic for displaying customer\u0027s orders","messageBody":"","fileTypesAndContributionMap":{"functional-code":{"insertions":43,"deletions":17}}},{"hash":"a5138b6fd10991f38d7b3348b9f61fdb0ed1ea20","isMergeCommit":false,"messageTitle":"chore: Update model test stub","messageBody":"","fileTypesAndContributionMap":{"test-code":{"insertions":10,"deletions":0}}},{"hash":"7ebe4ecc2c266c948b5c15d11a34b0d5f06a9a57","isMergeCommit":false,"messageTitle":"feat: Update Storage logic for customer to order association","messageBody":"","fileTypesAndContributionMap":{"functional-code":{"insertions":49,"deletions":8}}},{"hash":"26c7a5eb77bc3810353613c1a06d2abe48411136","isMergeCommit":false,"messageTitle":"chore: Define a customer UID for identification","messageBody":"","fileTypesAndContributionMap":{"functional-code":{"insertions":16,"deletions":8}}},{"hash":"0e8981c779e40dfa08a57c142c0541aba760d8c3","isMergeCommit":false,"messageTitle":"feat: Clear all orders associated to customers on delete","messageBody":"","fileTypesAndContributionMap":{"functional-code":{"insertions":10,"deletions":0}}},{"hash":"effe7e145fef1fbb7fbf9e8dd08d7d79fd6495be","isMergeCommit":false,"messageTitle":"chore: Update Tests for storage for orders","messageBody":"","fileTypesAndContributionMap":{"functional-code":{"insertions":12,"deletions":9},"test-code":{"insertions":85,"deletions":23}}},{"hash":"abae0aca44e9c40fd5240ef2b4ba89235bb082b0","isMergeCommit":false,"messageTitle":"chore: Add storage test for missing customer for order","messageBody":"","fileTypesAndContributionMap":{"test-code":{"insertions":9,"deletions":0}}},{"hash":"ad3b86446fb2b95e7b3df2c56468e6d41bb4735c","isMergeCommit":false,"messageTitle":"fix: Fix style violations","messageBody":"","fileTypesAndContributionMap":{"functional-code":{"insertions":13,"deletions":21},"test-code":{"insertions":21,"deletions":21}}},{"hash":"1b7fcfcdea9dc0daa1941e130e616043164aade9","isMergeCommit":false,"messageTitle":"chore: Add tests for LogicManager and ModelManager","messageBody":"","fileTypesAndContributionMap":{"test-code":{"insertions":16,"deletions":0}}},{"hash":"a20eed3f2e58e292ce4119ef200fed31a063f563","isMergeCommit":false,"messageTitle":"feat: Update order customer associations on edit","messageBody":"","fileTypesAndContributionMap":{"functional-code":{"insertions":18,"deletions":0}}},{"hash":"2532c6db723e04da5782a6188ed9b0b54459f0fe","isMergeCommit":false,"messageTitle":"chore: Add tests to ensure orders are updated on customer modification","messageBody":"","fileTypesAndContributionMap":{"test-code":{"insertions":22,"deletions":0}}},{"hash":"4ec7b16ea65c7f193a28a823187d4ac972e1f003","isMergeCommit":false,"messageTitle":"fix: Fix style violations","messageBody":"","fileTypesAndContributionMap":{"test-code":{"insertions":2,"deletions":2}}}]},{"date":"2023-03-21","commitResults":[{"hash":"a61b1b9877a39b8e3a392da4e8bd1d10efcbb9fc","isMergeCommit":false,"messageTitle":"feat: Add UI to view all orders in customer panel","messageBody":"","fileTypesAndContributionMap":{"functional-code":{"insertions":112,"deletions":0}}}]},{"date":"2023-03-23","commitResults":[{"hash":"2881d06dae35f99ca31ae381f8b53af0ea431e93","isMergeCommit":true,"messageTitle":"Merge pull request #51 from jednghk/create-commands-and-parser","messageBody":"Create addo, deleteo and edito commands and parsers","fileTypesAndContributionMap":{}}]},{"date":"2023-03-27","commitResults":[{"hash":"f684cbe0ecb61f2f7c05f141cf5c2810cc1b2c6c","isMergeCommit":false,"messageTitle":"feat: Refactor Status attribute to for tracking order status history","messageBody":"","fileTypesAndContributionMap":{"functional-code":{"insertions":178,"deletions":45}}},{"hash":"ac22ae80573b8d40a0fd839e25f9be44b93c1194","isMergeCommit":false,"messageTitle":"feat: Ensure order status history is always sorted correctly","messageBody":"","fileTypesAndContributionMap":{"functional-code":{"insertions":20,"deletions":2}}},{"hash":"8ed6addbe6b37bdb7434f9bf8e9f2f0f578bba08","isMergeCommit":false,"messageTitle":"chore: Update tests for Status attribute","messageBody":"","fileTypesAndContributionMap":{"functional-code":{"insertions":59,"deletions":6},"test-code":{"insertions":183,"deletions":70}}},{"hash":"002603a38db1f31e09eb022a94ee26b8ee9f35c3","isMergeCommit":false,"messageTitle":"chore: Resolve style violations","messageBody":"","fileTypesAndContributionMap":{"functional-code":{"insertions":81,"deletions":20},"test-code":{"insertions":7,"deletions":7}}},{"hash":"98efac20b3b8780f7fbcc5a3bf4de632267430b7","isMergeCommit":false,"messageTitle":"feat: Add UI to view order status history","messageBody":"","fileTypesAndContributionMap":{"functional-code":{"insertions":246,"deletions":2}}},{"hash":"48e7a82efd0ade1eb0e617f475f0f2ecced4c93f","isMergeCommit":false,"messageTitle":"fix: Fix more conflicts after rebase","messageBody":"","fileTypesAndContributionMap":{"functional-code":{"insertions":1,"deletions":4},"test-code":{"insertions":10,"deletions":10}}},{"hash":"973e01f35816c5b315dddec696f571c69c3b90e0","isMergeCommit":false,"messageTitle":"fix: Fix alignments and user interactions of GUI","messageBody":"","fileTypesAndContributionMap":{"functional-code":{"insertions":17,"deletions":30}}},{"hash":"35499f7d3a33ce176d696915ed46635e589ce7df","isMergeCommit":false,"messageTitle":"chore: Update and organised UG","messageBody":"chore: Update and organise user guide\n","fileTypesAndContributionMap":{"docs":{"insertions":86,"deletions":51}}}]},{"date":"2023-03-28","commitResults":[{"hash":"3c79a7d398e734ce4603c1979e6538af2da1c6ef","isMergeCommit":false,"messageTitle":"chore: Update status attribute details in developer guide","messageBody":"","fileTypesAndContributionMap":{"docs":{"insertions":50,"deletions":0}}}]},{"date":"2023-03-29","commitResults":[{"hash":"828a8a2fb3923c95086d5737e8cd9846c174d1b9","isMergeCommit":false,"messageTitle":"feat: Add viewo command and tests","messageBody":"","fileTypesAndContributionMap":{"functional-code":{"insertions":128,"deletions":12},"test-code":{"insertions":155,"deletions":16}}},{"hash":"6ba908fc7c2dfdb494d3f0723e3e328b74ac1783","isMergeCommit":false,"messageTitle":"fix: Fix cells are still selected despite going out of view from information panel","messageBody":"","fileTypesAndContributionMap":{"functional-code":{"insertions":38,"deletions":21}}}]},{"date":"2023-03-30","commitResults":[{"hash":"1872afc8b2a370fecd608545d7769722949a391b","isMergeCommit":false,"messageTitle":"chore: Display customer name in order\u0027s general info","messageBody":"","fileTypesAndContributionMap":{"functional-code":{"insertions":14,"deletions":1}}},{"hash":"d181cfaef8220252e33bf5898eb437564b23008f","isMergeCommit":false,"messageTitle":"chore: Improve alignment in GUI","messageBody":"","fileTypesAndContributionMap":{"functional-code":{"insertions":18,"deletions":22}}},{"hash":"5f823be8ec2481c930b917558002396d2b676acc","isMergeCommit":false,"messageTitle":"chore: Update HelpWindow design and  user guide link","messageBody":"","fileTypesAndContributionMap":{"functional-code":{"insertions":7,"deletions":3}}},{"hash":"bac76a07f04099733adca77a71959769bc146376","isMergeCommit":false,"messageTitle":"chore: Refactor name of ui placeholder for clarity","messageBody":"","fileTypesAndContributionMap":{"functional-code":{"insertions":11,"deletions":18}}},{"hash":"977e051aa5e35fcc9ea853716bf50616de145439","isMergeCommit":false,"messageTitle":"fix: Fix broken user guide link","messageBody":"","fileTypesAndContributionMap":{"functional-code":{"insertions":1,"deletions":1}}},{"hash":"449680d884ff757b961f9eed38e0d9385cc3646b","isMergeCommit":true,"messageTitle":"Merge pull request #93 from Junyi00/EnhanceGUI","messageBody":"Improve GUI for orders and table cells","fileTypesAndContributionMap":{}},{"hash":"36ba64c27f9a09a46729994c90fffaa6f150d4d8","isMergeCommit":false,"messageTitle":"chore: Fix user guide table formatting","messageBody":"","fileTypesAndContributionMap":{"docs":{"insertions":4,"deletions":0}}},{"hash":"8fc746d73faaa93f9f61b6322b29522241a76e0d","isMergeCommit":false,"messageTitle":"chore: Fix user guide formatting and images","messageBody":"* Fix formatting for certain commands\n* Update images to current UI\n","fileTypesAndContributionMap":{"docs":{"insertions":12,"deletions":13}}},{"hash":"ec01060659ce7ac0a17ef685f6b55381070f7c47","isMergeCommit":false,"messageTitle":"Chore: Update introduction to LoyaltyLift in user guide","messageBody":"","fileTypesAndContributionMap":{"docs":{"insertions":7,"deletions":1}}},{"hash":"19805e067ea8713e7e761da236b06167a4c5385f","isMergeCommit":false,"messageTitle":"chore: Reorganise command features in user guide for clarity","messageBody":"","fileTypesAndContributionMap":{"docs":{"insertions":147,"deletions":126}}},{"hash":"64f15a6fc5e32fc8e53becfbf6d3fd40939efb1a","isMergeCommit":false,"messageTitle":"chore: Fix whitespaces in user guide","messageBody":"","fileTypesAndContributionMap":{"docs":{"insertions":6,"deletions":4}}},{"hash":"647eb0ed29425218130de4df1172163ffb790210","isMergeCommit":false,"messageTitle":"chore: Update QnA for user guide","messageBody":"","fileTypesAndContributionMap":{"docs":{"insertions":7,"deletions":0}}},{"hash":"a0cc91b402592a121d0b3b4b78dc53fd8e3e30d0","isMergeCommit":false,"messageTitle":"chore: Update word choices in user guide","messageBody":"","fileTypesAndContributionMap":{"docs":{"insertions":16,"deletions":16}}},{"hash":"fd951e7fd365707f43c87f53eccf1f35f2da3f2f","isMergeCommit":false,"messageTitle":"chore: Update index page of github pages","messageBody":"","fileTypesAndContributionMap":{"docs":{"insertions":6,"deletions":6}}},{"hash":"3e2690f2b594d7c035b0282707685f822c9a652e","isMergeCommit":false,"messageTitle":"chore: Add purpose of user guide","messageBody":"","fileTypesAndContributionMap":{"docs":{"insertions":6,"deletions":3}}},{"hash":"6e8120bdf9779fcc6a07af97bcf65d92a8c1602e","isMergeCommit":false,"messageTitle":"feat: Adding a quick introduction tutorial in user guide","messageBody":"","fileTypesAndContributionMap":{"docs":{"insertions":74,"deletions":0}}},{"hash":"5171e8b1aa0d8e8394f7cf9d83ebedb5561d1725","isMergeCommit":false,"messageTitle":"chore: Add information about layout of app to user guide","messageBody":"","fileTypesAndContributionMap":{"docs":{"insertions":46,"deletions":1}}},{"hash":"b2f09ee6dbcd4da842952b48f9de2559a7ae0a53","isMergeCommit":false,"messageTitle":"fix: Fix pipes in backticks in tables are rendered wrongly","messageBody":"","fileTypesAndContributionMap":{"docs":{"insertions":12,"deletions":12}}},{"hash":"fadd5699a2eee396b16c924ea08b93fc22e0ac3e","isMergeCommit":false,"messageTitle":"chore: Add tutorial for manipulating order status","messageBody":"","fileTypesAndContributionMap":{"docs":{"insertions":59,"deletions":0}}},{"hash":"26bd08e777c3554e92265d93242c15bf185366b7","isMergeCommit":false,"messageTitle":"chore: Add exit command to summary","messageBody":"","fileTypesAndContributionMap":{"docs":{"insertions":5,"deletions":4}}},{"hash":"4023c5e4a161c2e53b0c40b1640828c08aa61346","isMergeCommit":false,"messageTitle":"chore: Improve wording in user guide","messageBody":"","fileTypesAndContributionMap":{"docs":{"insertions":39,"deletions":30}}},{"hash":"1b26dac8f131e0a775210deb4bb155989aa27cff","isMergeCommit":false,"messageTitle":"chore: Format user guide","messageBody":"","fileTypesAndContributionMap":{"docs":{"insertions":6,"deletions":1}}},{"hash":"2173e3364c3f2ccde6d03b430333e253b2f299b1","isMergeCommit":true,"messageTitle":"Merge branch \u0027master\u0027 into v1.3-StatusChangeFeature","messageBody":"","fileTypesAndContributionMap":{}}]},{"date":"2023-03-31","commitResults":[{"hash":"2eed3b96f4a605948262eafca005b28e6679432b","isMergeCommit":true,"messageTitle":"Merge pull request #89 from jednghk/v1.3-StatusChangeFeature","messageBody":"As a user, I can advance, revert, and cancel an order","fileTypesAndContributionMap":{}},{"hash":"0eacc6d56054d1581b70da9673d7a5581dc575e2","isMergeCommit":false,"messageTitle":"fix: Fix formatting issues in user guide","messageBody":"","fileTypesAndContributionMap":{"docs":{"insertions":10,"deletions":7}}},{"hash":"71e9d76177dbd395bff357f970279dccedd60160","isMergeCommit":true,"messageTitle":"Merge pull request #102 from Junyi00/update-ugdg","messageBody":"chore: Improve User Guide","fileTypesAndContributionMap":{}},{"hash":"e11325abbb69b4b16fa72d766b20a53c01318ee4","isMergeCommit":true,"messageTitle":"Merge pull request #103 from Infrix/branch-tier","messageBody":"feat: view tier of customers based on their cumulative points","tags":["v1.3"],"fileTypesAndContributionMap":{}},{"hash":"8fd1ceff65def78c7c00b84a8e993b83ab6a1cf9","isMergeCommit":true,"messageTitle":"Merge pull request #105 from jednghk/v1.3-UpdateUserGuide","messageBody":"Update user guide","fileTypesAndContributionMap":{}}]},{"date":"2023-04-05","commitResults":[{"hash":"beedabc403f711a834b3a949a6f0cc4437fbd893","isMergeCommit":false,"messageTitle":"fix: Fix editing order quantity or adding duplicate order lead to crashes","messageBody":"","fileTypesAndContributionMap":{"functional-code":{"insertions":20,"deletions":3},"docs":{"insertions":4,"deletions":0}}},{"hash":"6b497791baae2ea809a0f7a0bd6938f1940e6335","isMergeCommit":false,"messageTitle":"chore: Add tests for Order::isSameOrder","messageBody":"","fileTypesAndContributionMap":{"functional-code":{"insertions":0,"deletions":1},"test-code":{"insertions":14,"deletions":15}}},{"hash":"3fafb24048fd9d6f963c996e99b0a40666b4c50e","isMergeCommit":false,"messageTitle":"chore: Add CreatedDate to order weak equality","messageBody":"","fileTypesAndContributionMap":{"functional-code":{"insertions":4,"deletions":2},"docs":{"insertions":1,"deletions":1},"test-code":{"insertions":2,"deletions":2}}}]}],"JavonTeo":[{"date":"2023-03-06","commitResults":[{"hash":"790de55c9f892d0f82b99993b268eb85172a102b","isMergeCommit":false,"messageTitle":"Created PPP","messageBody":"","fileTypesAndContributionMap":{"docs":{"insertions":38,"deletions":0}}},{"hash":"0a7989837b519dc3bac6cb7dbb2cf87f34202ea4","isMergeCommit":true,"messageTitle":"Merge pull request #16 from CloudHill/skeletal-ppp-ryo","messageBody":"chore: Add skeletal PPP for CloudHill","fileTypesAndContributionMap":{}}]},{"date":"2023-03-07","commitResults":[{"hash":"476b8ad0217e8be66d90bfd981bc9076d804f030","isMergeCommit":true,"messageTitle":"Merge pull request #15 from CloudHill/dg-use-cases","messageBody":"chore: Add use cases to developer guide","fileTypesAndContributionMap":{}}]},{"date":"2023-03-08","commitResults":[{"hash":"744653b6363ef2def667c8cacd9041bf8a78e940","isMergeCommit":true,"messageTitle":"Merge pull request #30 from CloudHill/order-model","messageBody":"Create Model and UI for Orders","fileTypesAndContributionMap":{}}]},{"date":"2023-03-10","commitResults":[{"hash":"106ba131e32f7ae64e549a3b40f39086d30d4a3c","isMergeCommit":false,"messageTitle":"- Added description for MarkCustomerCommand in UserGuide - Added conditional case for MarkCustomerCommand in AddressBookParser - Created MarkCustomerCommand class","messageBody":"Yet to implement code implementations in MarkCustomerCommand class\n","fileTypesAndContributionMap":{"functional-code":{"insertions":19,"deletions":0},"docs":{"insertions":28,"deletions":1}}}]},{"date":"2023-03-11","commitResults":[{"hash":"c729cc0168805af3ed8ae22bfd2382697373ca28","isMergeCommit":false,"messageTitle":"- added MarkCustomerCommand.java for MarkCustomerCommand. - added MarkCustomerCommandParser.java for parsing to MarkCustomerCommand. - added UnmarkCustomerCommand.java for UnmarkCustomerCommand. - added UnmarkCustomerCommandParser.java for parsing to UnmarkCustomerCommand. - Customer.java:  added new marked boolean attribute.  added new constructor to cater to marked boolean attribute.  edited toString() to show whether a customer is bookmarked or not. - edited AddressBookParser.java to cater to the new `markc` and `unmarkc` commmands.","messageBody":"yet to complete filtering of marked customers under the `listc` command\n","fileTypesAndContributionMap":{"functional-code":{"insertions":206,"deletions":2},"docs":{"insertions":1,"deletions":1}}},{"hash":"e88e009f9b6ad0de0bd4fdef6fbeab10a8fd874c","isMergeCommit":false,"messageTitle":"- Bug fixes for `MarkCustomerCommand` and `UnmarkCustomerCommand`. - Added tests `MarkCustomerCommandTest` and `UnmarkCustomerCommandTest`.","messageBody":"","fileTypesAndContributionMap":{"functional-code":{"insertions":20,"deletions":2},"test-code":{"insertions":234,"deletions":0}}}]},{"date":"2023-03-14","commitResults":[{"hash":"7347417b2388a36000a42dacb9c3ecd3999e3be0","isMergeCommit":false,"messageTitle":"Changed marked attribute in Customer.java from boolean to Marked.java","messageBody":"","fileTypesAndContributionMap":{"functional-code":{"insertions":33,"deletions":4}}}]},{"date":"2023-03-15","commitResults":[{"hash":"a33c9955a03669d708a75791f30094954e51cad1","isMergeCommit":false,"messageTitle":"- Added marked-icon.png and unmarked-icon.png for customer bookmark","messageBody":"","fileTypesAndContributionMap":{"functional-code":{"insertions":2,"deletions":0}}},{"hash":"9a2d1dfde18160350b5d570ee7a241bca4cb4c78","isMergeCommit":false,"messageTitle":"Fixed Checkstyle errors","messageBody":"","fileTypesAndContributionMap":{"functional-code":{"insertions":0,"deletions":2}}}]},{"date":"2023-03-16","commitResults":[{"hash":"36748bac076b3ad467eee7122b3778bb5b639ab7","isMergeCommit":true,"messageTitle":"Merge pull request #36 from CloudHill/order-model","messageBody":"chore: Changes to Order","fileTypesAndContributionMap":{}},{"hash":"d4ee0f61f09d90c5b6894212dadfc9b432aba73b","isMergeCommit":true,"messageTitle":"Merge pull request #44 from CloudHill/order-test","messageBody":"Add tests for Order","fileTypesAndContributionMap":{}}]},{"date":"2023-03-20","commitResults":[{"hash":"8f1c082da7f4ae181f574eb049d5ff827b7beb69","isMergeCommit":true,"messageTitle":"Merge branch \u0027master\u0027 of https://github.com/JavonTeo/tp","messageBody":"# Conflicts:\n#\tsrc/main/java/seedu/loyaltylift/logic/parser/AddressBookParser.java\n#\tsrc/main/java/seedu/loyaltylift/model/customer/Customer.java\n","fileTypesAndContributionMap":{}}]},{"date":"2023-03-21","commitResults":[{"hash":"de6737b566b6f1ff000d48006440eff56c122f02","isMergeCommit":false,"messageTitle":"Added unfinished UI for bookmark","messageBody":"","fileTypesAndContributionMap":{"functional-code":{"insertions":77,"deletions":1}}}]},{"date":"2023-03-23","commitResults":[{"hash":"b5f0175d210e9c6058285d450881178ce3687d23","isMergeCommit":false,"messageTitle":"Unfinished Bookmark UI - added more logic for UI TODO: refer to `CustomerCard` lines 40-41, and lines 58-59","messageBody":"","fileTypesAndContributionMap":{"functional-code":{"insertions":11,"deletions":32},"other":{"insertions":4,"deletions":0}}},{"hash":"ab91f864062b4b1722810ead4805a9c92eca9e22","isMergeCommit":true,"messageTitle":"Merge pull request #59 from CloudHill/customer-order-notes","messageBody":"Add commands to add/append notes to customers and orders","tags":["v1.2"],"fileTypesAndContributionMap":{}}]},{"date":"2023-03-24","commitResults":[{"hash":"a7297251409ec111424bdc4895da3b1623c67211","isMergeCommit":false,"messageTitle":"Created UI and its functionalities for Bookmark. Have yet to create Test.","messageBody":"","fileTypesAndContributionMap":{"functional-code":{"insertions":10,"deletions":8},"test-code":{"insertions":13,"deletions":0}}},{"hash":"9a0a3212aa9e8ad83a2f9d57707ce5cb3920598b","isMergeCommit":false,"messageTitle":"Added test for Bookmark.","messageBody":"","fileTypesAndContributionMap":{"functional-code":{"insertions":17,"deletions":2}}},{"hash":"b999024ed6561714f41ce18c39f2cd59313440ec","isMergeCommit":false,"messageTitle":"Fixed style errors.","messageBody":"","fileTypesAndContributionMap":{"functional-code":{"insertions":1,"deletions":5}}}]},{"date":"2023-03-26","commitResults":[{"hash":"f248cb9bace09977b10959f9ed0477ec01562943","isMergeCommit":true,"messageTitle":"Merge pull request #68 from CloudHill/order-optional-status","messageBody":"Make Status an optional field ","fileTypesAndContributionMap":{}},{"hash":"d70f39c5e0d7319898778ab1d12ee35f12f4b7af","isMergeCommit":true,"messageTitle":"Merge pull request #69 from CloudHill/filter-order","messageBody":"Add command to filter orders by name","fileTypesAndContributionMap":{}},{"hash":"9a686d444d9c424697f44235b4db4ef204a8bbdc","isMergeCommit":true,"messageTitle":"Merge pull request #74 from CloudHill/customer-order-notes","messageBody":"Update DG and UG for notes","fileTypesAndContributionMap":{}}]},{"date":"2023-03-28","commitResults":[{"hash":"756ad25c68a162b46dd0d2b7f21aae0e9f346d6d","isMergeCommit":true,"messageTitle":"Merge pull request #77 from CloudHill/sort-customer-points","messageBody":"Sort customer points","fileTypesAndContributionMap":{}},{"hash":"461e2ec3a870e65bebd1d25cb9e64e22c54e4c2a","isMergeCommit":true,"messageTitle":"Merge pull request #81 from CloudHill/sort-order-status","messageBody":"Sort order status","fileTypesAndContributionMap":{}},{"hash":"9448385a4c40ee7144b0690e94b840973794ffc9","isMergeCommit":true,"messageTitle":"Merge pull request #86 from CloudHill/filter-order-status","messageBody":"Filter Orders by Status","fileTypesAndContributionMap":{}},{"hash":"e6664710760030b59406c38393a75d737fa449f5","isMergeCommit":false,"messageTitle":"Edited ListCustomerCommand to allow for filter option. Also edited UserGuide to reflect this change.","messageBody":"","fileTypesAndContributionMap":{"functional-code":{"insertions":42,"deletions":8},"docs":{"insertions":4,"deletions":2},"test-code":{"insertions":32,"deletions":7}}}]},{"date":"2023-03-30","commitResults":[{"hash":"4a7e94c216180844c8e2ec37a1bb6ed09bc21335","isMergeCommit":true,"messageTitle":"Merge pull request #97 from CloudHill/filter-customer-type","messageBody":"Filter customers by customer type","fileTypesAndContributionMap":{}},{"hash":"c7bf334fd4c4fa13cbae9869c1c0041e33b6f553","isMergeCommit":true,"messageTitle":"Merge pull request #98 from CloudHill/javafx-version","messageBody":"fix: Set FXML JavaFX version to 11","fileTypesAndContributionMap":{}},{"hash":"674d3fca997634590136f00451620ae96611d32c","isMergeCommit":true,"messageTitle":"Merge pull request #99 from CloudHill/list-tabs","messageBody":"Fix list commands not switching tabs","fileTypesAndContributionMap":{}}]},{"date":"2023-04-04","commitResults":[{"hash":"775ba6e0fc704c2543a6e9b9a4369e1714465f95","isMergeCommit":false,"messageTitle":"Fixed bug where an inconsistency in storage json causes LoyaltyLift to fail to start up.","messageBody":"","fileTypesAndContributionMap":{"functional-code":{"insertions":9,"deletions":5},"test-code":{"insertions":16,"deletions":5}}},{"hash":"8cac39533a35f7d6f4d731b55bcd9637858d2f3e","isMergeCommit":false,"messageTitle":"Fixed checkstyle errors.","messageBody":"","fileTypesAndContributionMap":{"functional-code":{"insertions":0,"deletions":1}}},{"hash":"a1712fc359bc5d7442322f1b05eaea7ff58fb36e","isMergeCommit":false,"messageTitle":"Fixed a mistake to throw IllegalValueException","messageBody":"","fileTypesAndContributionMap":{"functional-code":{"insertions":1,"deletions":8},"test-code":{"insertions":7,"deletions":7}}}]},{"date":"2023-04-05","commitResults":[{"hash":"3da3f8ae4c5a1c53bf792579d045161259ebd07c","isMergeCommit":true,"messageTitle":"Merge pull request #148 from CloudHill/order-reverse-sort","messageBody":"fix: Fix reversed created date sort","fileTypesAndContributionMap":{}}]},{"date":"2023-04-08","commitResults":[{"hash":"6aee2d0904851a4dceae667ea95ac8bbb6e00aa3","isMergeCommit":true,"messageTitle":"Merge pull request #161 from CloudHill/ug-commands","messageBody":"chore: Update User Guide Command Formats ","fileTypesAndContributionMap":{}},{"hash":"2c529ed176757a9ed1b87ce17960269e5df95f6d","isMergeCommit":true,"messageTitle":"Merge pull request #162 from CloudHill/fix-sort-case-sensitivity","messageBody":"fix: Fix case-sensitive Name sorting","fileTypesAndContributionMap":{}},{"hash":"cae5d05f84e533810edf020e514a47baf12832b5","isMergeCommit":true,"messageTitle":"Merge pull request #163 from CloudHill/fix-note-overflow","messageBody":"fix: Prevent notes from overflowing","fileTypesAndContributionMap":{}},{"hash":"1929fe232cb6ffba5b14fc6e00fec847b5c65114","isMergeCommit":true,"messageTitle":"Merge pull request #165 from CloudHill/update-test-cases","messageBody":"chore: Update test cases","fileTypesAndContributionMap":{}}]}],"CloudHill":[{"date":"2023-03-02","commitResults":[{"hash":"d217d6b2ec2f3196f72ec30bf4991e370f90aaee","isMergeCommit":false,"messageTitle":"chore: Add skeletal PPP for CloudHill","messageBody":"","fileTypesAndContributionMap":{"docs":{"insertions":38,"deletions":0}}}]},{"date":"2023-03-06","commitResults":[{"hash":"4b6665707d32c333e384f70b5a7231fa0d606ee2","isMergeCommit":true,"messageTitle":"Merge pull request #10 from Infrix/branch-DG","messageBody":"Add target user profile, value proposition, user stories and glossary","fileTypesAndContributionMap":{}},{"hash":"11093b33f2adc8ed8f89566cce2202a567e7a661","isMergeCommit":false,"messageTitle":"chore: Add use cases to developer guide","messageBody":"","fileTypesAndContributionMap":{"docs":{"insertions":370,"deletions":11}}},{"hash":"97d6caa0232418781d72574e31471c42e82e3094","isMergeCommit":false,"messageTitle":"chore: Update use cases","messageBody":"+ UC C8\n+ UC O2\n- UC O6\n+ UC R5\n","fileTypesAndContributionMap":{"docs":{"insertions":79,"deletions":31}}}]},{"date":"2023-03-07","commitResults":[{"hash":"dca4a40742a9524a0076b3512c7d66565db386f9","isMergeCommit":false,"messageTitle":"feat: Add Order model","messageBody":"","fileTypesAndContributionMap":{"functional-code":{"insertions":572,"deletions":0}}},{"hash":"e704e65f45b9dd9be0f675e60781ddc91ed1cace","isMergeCommit":false,"messageTitle":"feat: Integrate Order into AddressBook","messageBody":"","fileTypesAndContributionMap":{"functional-code":{"insertions":425,"deletions":4},"test-code":{"insertions":38,"deletions":0}}},{"hash":"7d0237f0a017bb473cbae69a9ee0be75eab83110","isMergeCommit":false,"messageTitle":"feat: Add Order UI","messageBody":"","fileTypesAndContributionMap":{"functional-code":{"insertions":243,"deletions":1}}},{"hash":"b4c84bbde90839489b5b7ab6fedf48f31eedf9eb","isMergeCommit":true,"messageTitle":"Merge pull request #17 from Infrix/skeletal-ppp-Infrix","messageBody":"Add skeletal PPP for Infrix","fileTypesAndContributionMap":{}},{"hash":"572a8379d9d6878a6b39a342c61cf161b9328f1e","isMergeCommit":false,"messageTitle":"chore: Fix style issues","messageBody":"","fileTypesAndContributionMap":{"functional-code":{"insertions":204,"deletions":202},"test-code":{"insertions":1,"deletions":1}}}]},{"date":"2023-03-09","commitResults":[{"hash":"d196db88d983e85efb4a0edb9e525377811a2749","isMergeCommit":true,"messageTitle":"Merge pull request #35 from Infrix/branch-update-userguide-reward-commands","messageBody":"Update UserGuide for Rewards commands","fileTypesAndContributionMap":{}}]},{"date":"2023-03-16","commitResults":[{"hash":"56740a9b8bd2abc9b4f4955bf64a1c0c2b68bf5e","isMergeCommit":true,"messageTitle":"Merge pull request #43 from Infrix/branch-set-points-command","messageBody":"feat: Add reward points to Customers","fileTypesAndContributionMap":{}},{"hash":"4ae3951f7fcbca35adb55fbf63e901d159306113","isMergeCommit":false,"messageTitle":"chore: Combine Status and StatusValue","messageBody":"","fileTypesAndContributionMap":{"functional-code":{"insertions":10,"deletions":66}}},{"hash":"a3b6ebdc5ebc3497fc3e5047a62541b009cbfd30","isMergeCommit":false,"messageTitle":"chore: Change Date to LocalDate in CreatedDate","messageBody":"","fileTypesAndContributionMap":{"functional-code":{"insertions":11,"deletions":12}}},{"hash":"3b5faa9c035331384103e8c0e7811a8db717643f","isMergeCommit":false,"messageTitle":"chore: Add unit tests for Order","messageBody":"","fileTypesAndContributionMap":{"functional-code":{"insertions":30,"deletions":6},"test-code":{"insertions":597,"deletions":3}}}]},{"date":"2023-03-19","commitResults":[{"hash":"8f881a9c744f10833e3e606d3dbdb3b601d7d5d9","isMergeCommit":true,"messageTitle":"Merge pull request #53 from Infrix/branch-add-points-command","messageBody":"feat: add command for adding and deducting points from customers, also added cumulative points","fileTypesAndContributionMap":{}}]},{"date":"2023-03-23","commitResults":[{"hash":"a943b77cd50e13f348fd2fae876578f7a2fa466a","isMergeCommit":false,"messageTitle":"feat: Add setnotec command","messageBody":"","fileTypesAndContributionMap":{"functional-code":{"insertions":311,"deletions":24},"test-code":{"insertions":44,"deletions":21}}},{"hash":"8a6789ef08d73e730a8c5ceeaed4fb4ea3515c79","isMergeCommit":false,"messageTitle":"feat: Add appendnotec command","messageBody":"","fileTypesAndContributionMap":{"functional-code":{"insertions":159,"deletions":0}}},{"hash":"aaff053713a72e4365f52a00822ba9fd4c98adfd","isMergeCommit":false,"messageTitle":"chore: Add tests for customer notes","messageBody":"","fileTypesAndContributionMap":{"test-code":{"insertions":428,"deletions":16}}},{"hash":"da093120393969d00f39da8df9744a5a6b24e676","isMergeCommit":false,"messageTitle":"chore: Move Note to the attribute package","messageBody":"","fileTypesAndContributionMap":{"functional-code":{"insertions":53,"deletions":40},"other":{"insertions":4,"deletions":4},"test-code":{"insertions":7,"deletions":7}}},{"hash":"f058706f895c5fa41d0a787770bdbea430491a15","isMergeCommit":false,"messageTitle":"feat: Add setnoteo command","messageBody":"","fileTypesAndContributionMap":{"functional-code":{"insertions":205,"deletions":20},"test-code":{"insertions":38,"deletions":13}}},{"hash":"c2b3d67c155cafc60084eec4cad6951a9732301b","isMergeCommit":false,"messageTitle":"feat: Add appendnoteo command","messageBody":"","fileTypesAndContributionMap":{"functional-code":{"insertions":152,"deletions":0}}},{"hash":"0b40443f537f4f00eeffedf56c47755874faf093","isMergeCommit":false,"messageTitle":"chore: rename typical indexes for use with Order","messageBody":"","fileTypesAndContributionMap":{"functional-code":{"insertions":3,"deletions":1},"test-code":{"insertions":150,"deletions":150}}},{"hash":"a4ae62e7c13f3c0678a155e0456f527849194c5d","isMergeCommit":false,"messageTitle":"chore: Add tests for order notes","messageBody":"","fileTypesAndContributionMap":{"functional-code":{"insertions":1,"deletions":1},"test-code":{"insertions":320,"deletions":0}}},{"hash":"c4e5ff511d442cf222610f9b52bdcbe24d0960bd","isMergeCommit":false,"messageTitle":"chore: Add set/append notes to user guide","messageBody":"","fileTypesAndContributionMap":{"docs":{"insertions":64,"deletions":0}}},{"hash":"9543ad2db961d1e20c7dbb262cbe4c786082014a","isMergeCommit":false,"messageTitle":"chore: Make Status an optional field","messageBody":"","fileTypesAndContributionMap":{"functional-code":{"insertions":41,"deletions":38},"test-code":{"insertions":52,"deletions":52}}}]},{"date":"2023-03-25","commitResults":[{"hash":"72796c969df9742c9ff64fc38d68439b488796a6","isMergeCommit":false,"messageTitle":"chore: Update DG and UG for notes","messageBody":"","fileTypesAndContributionMap":{"docs":{"insertions":39,"deletions":0}}},{"hash":"83fac67b59632efa3802e5f29fa6088d53ae8fea","isMergeCommit":false,"messageTitle":"chore: Rename CustomerNameContainsKeywordPredicate","messageBody":"","fileTypesAndContributionMap":{"functional-code":{"insertions":5,"deletions":5},"other":{"insertions":21,"deletions":15},"test-code":{"insertions":17,"deletions":17}}},{"hash":"b0be03f566b35a2d4ba12f47cd3d9c78834d30f9","isMergeCommit":false,"messageTitle":"feat: Add findo command","messageBody":"","fileTypesAndContributionMap":{"functional-code":{"insertions":111,"deletions":0},"test-code":{"insertions":210,"deletions":0}}},{"hash":"cf8fd6b49f747495127369e0593734c382fd6386","isMergeCommit":false,"messageTitle":"chore: Update user guide for findo","messageBody":"","fileTypesAndContributionMap":{"docs":{"insertions":2,"deletions":2}}}]},{"date":"2023-03-26","commitResults":[{"hash":"cf4ee5a46db2d20442b73f6731820362b6e091c1","isMergeCommit":false,"messageTitle":"chore: Use SortedList for Customer list","messageBody":"","fileTypesAndContributionMap":{"functional-code":{"insertions":17,"deletions":1}}},{"hash":"2c3876b80e104290977f9185c8d5b842328ac26f","isMergeCommit":false,"messageTitle":"chore: Sort customer list by name","messageBody":"","fileTypesAndContributionMap":{"functional-code":{"insertions":5,"deletions":1}}},{"hash":"12e73ceeb2654690b8483c6337549ff1f29d4ebc","isMergeCommit":false,"messageTitle":"feat: Add sort by points option to listc","messageBody":"","fileTypesAndContributionMap":{"functional-code":{"insertions":91,"deletions":2},"test-code":{"insertions":82,"deletions":2}}},{"hash":"1d12788c2188b26da4c9d265c2a06728ebb73c59","isMergeCommit":false,"messageTitle":"fix: Sort customers by name on find command","messageBody":"","fileTypesAndContributionMap":{"functional-code":{"insertions":2,"deletions":0}}},{"hash":"019967c2a3f8c11100cd431868b4749a7a2ba6db","isMergeCommit":false,"messageTitle":"chore: Add customer sorting to user guide","messageBody":"","fileTypesAndContributionMap":{"docs":{"insertions":8,"deletions":1}}},{"hash":"9d1681e471976d90aa9266f09ecb3051167f58fc","isMergeCommit":false,"messageTitle":"chore: Let Name and Points implement Comparable","messageBody":"","fileTypesAndContributionMap":{"functional-code":{"insertions":15,"deletions":4}}},{"hash":"bfd09dca0485fb7af30485fc13e98419738ae2c3","isMergeCommit":false,"messageTitle":"chore: Add sorting implementation to the DG","messageBody":"","fileTypesAndContributionMap":{"docs":{"insertions":12,"deletions":1}}}]},{"date":"2023-03-27","commitResults":[{"hash":"079f208bdf9a110bbce46059f04a0422311d424f","isMergeCommit":false,"messageTitle":"chore: Minor changes to listc parser","messageBody":"","fileTypesAndContributionMap":{"functional-code":{"insertions":3,"deletions":5}}}]},{"date":"2023-03-28","commitResults":[{"hash":"4c175c7dedd9e55e9a6cea495605303e23c3bf65","isMergeCommit":false,"messageTitle":"chore: Sort order list by created date","messageBody":"","fileTypesAndContributionMap":{"functional-code":{"insertions":28,"deletions":3},"test-code":{"insertions":5,"deletions":0}}},{"hash":"410a246682ad7eddafb504e399ac4d048868f4c2","isMergeCommit":false,"messageTitle":"feat: Add sort options to listo","messageBody":"","fileTypesAndContributionMap":{"functional-code":{"insertions":99,"deletions":3},"test-code":{"insertions":162,"deletions":10}}},{"hash":"30c1f36f91ada97a1325a633661ea651db356529","isMergeCommit":false,"messageTitle":"fix: Let Status implement Comparable","messageBody":"","fileTypesAndContributionMap":{"functional-code":{"insertions":7,"deletions":1}}},{"hash":"6e6f4aaa6a0302065b6352129a277a758074a5d5","isMergeCommit":false,"messageTitle":"chore: Update sorting options in UG and DG","messageBody":"","fileTypesAndContributionMap":{"docs":{"insertions":11,"deletions":10}}},{"hash":"9a4f8767b9d3108ea5f98f4b584b34c316a32b7c","isMergeCommit":false,"messageTitle":"chore: Fix typo in comment","messageBody":"","fileTypesAndContributionMap":{"functional-code":{"insertions":1,"deletions":1}}},{"hash":"27adfcd46f3eecd6c3de3bf5c73b8ef387be8d3c","isMergeCommit":false,"messageTitle":"chore: Add constructor to ListCustomerCommand","messageBody":"","fileTypesAndContributionMap":{"functional-code":{"insertions":10,"deletions":0},"test-code":{"insertions":18,"deletions":11}}},{"hash":"f5758ba7da9a48dd085776be77f33a105563edb2","isMergeCommit":false,"messageTitle":"feat: Add filter option to listo","messageBody":"","fileTypesAndContributionMap":{"functional-code":{"insertions":76,"deletions":8},"test-code":{"insertions":129,"deletions":20}}},{"hash":"bd02f74978b8c1fbce76b3d900347d6f38673674","isMergeCommit":false,"messageTitle":"chore: Update user guide for filtering orders","messageBody":"","fileTypesAndContributionMap":{"docs":{"insertions":4,"deletions":3}}}]},{"date":"2023-03-29","commitResults":[{"hash":"ca69c34a81e8bfcae4729477746df879f881f1d5","isMergeCommit":true,"messageTitle":"Merge pull request #95 from Infrix/branch-UI-Points","messageBody":"feat: add UI for Points","fileTypesAndContributionMap":{}}]},{"date":"2023-03-30","commitResults":[{"hash":"d444d8130dad2623c8262dc53dfc487d4fecfe96","isMergeCommit":false,"messageTitle":"fix: Fix list sort and filter options","messageBody":"","fileTypesAndContributionMap":{"functional-code":{"insertions":39,"deletions":24}}},{"hash":"117866119a15a5954475f80acb4e21a4648ab63b","isMergeCommit":false,"messageTitle":"feat: Add filter option to listc","messageBody":"","fileTypesAndContributionMap":{"functional-code":{"insertions":39,"deletions":9},"test-code":{"insertions":20,"deletions":9}}},{"hash":"0235485ca498237b34fee9d586d2eecbbfc7d0cd","isMergeCommit":false,"messageTitle":"chore: Update user guide for listc filter","messageBody":"","fileTypesAndContributionMap":{"docs":{"insertions":2,"deletions":1}}},{"hash":"85a9837cfbbb29847290249d36657ae83fcfb168","isMergeCommit":false,"messageTitle":"fix: Set FXML JavaFX version to 11","messageBody":"","fileTypesAndContributionMap":{"functional-code":{"insertions":14,"deletions":14}}},{"hash":"15857bd9e3e7282e897bc82adab06edb39bfacdf","isMergeCommit":false,"messageTitle":"fix: Switch tabs on list commands","messageBody":"","fileTypesAndContributionMap":{"functional-code":{"insertions":80,"deletions":17},"test-code":{"insertions":61,"deletions":17}}}]},{"date":"2023-03-31","commitResults":[{"hash":"db5cdb42110f2c6e1d0edae752dde2e397a634aa","isMergeCommit":true,"messageTitle":"Merge pull request #106 from Infrix/branch-update-UG-Dryrun","messageBody":"docs: Update UG for PE dryrun, no settier command","fileTypesAndContributionMap":{}}]},{"date":"2023-04-02","commitResults":[{"hash":"dff5ebeec5896f7c71501ff8e1fcd47d71a1903f","isMergeCommit":false,"messageTitle":"fix: Fix reversed created date sort","messageBody":"","fileTypesAndContributionMap":{"functional-code":{"insertions":1,"deletions":1}}}]},{"date":"2023-04-06","commitResults":[{"hash":"9938c03362d9a7098877088f675940d9454ab5a4","isMergeCommit":true,"messageTitle":"Merge pull request #156 from Junyi00/v1.4-FixQuantityAndDuplicateOrder","messageBody":"fix: Fix editing order quantity or adding duplicate order","fileTypesAndContributionMap":{}}]},{"date":"2023-04-07","commitResults":[{"hash":"884719d460f8a6c1bc3c35048cef9b807f85a692","isMergeCommit":false,"messageTitle":"chore: Update UG command format","messageBody":"","fileTypesAndContributionMap":{"docs":{"insertions":541,"deletions":211}}},{"hash":"6f85902dc1293463e65bc7e4da5b3163bf1d89e5","isMergeCommit":false,"messageTitle":"chore: Add RepoSense author tags to UG","messageBody":"","fileTypesAndContributionMap":{"docs":{"insertions":18,"deletions":0}}},{"hash":"b389c907abcd519f7ad1bfcce18ef8bb28f7289f","isMergeCommit":false,"messageTitle":"fix: Fix case-sensitive Name sorting","messageBody":"","fileTypesAndContributionMap":{"functional-code":{"insertions":1,"deletions":1}}},{"hash":"9fc49441b0b783ddd55594b35722f854ccef3595","isMergeCommit":false,"messageTitle":"fix: Prevent notes from overflowing","messageBody":"","fileTypesAndContributionMap":{"functional-code":{"insertions":7,"deletions":2}}},{"hash":"3962c9a8e10863b977d01634772ccae10b2e7e20","isMergeCommit":false,"messageTitle":"chore: Update test cases","messageBody":"","fileTypesAndContributionMap":{"test-code":{"insertions":8,"deletions":18}}}]}],"jednghk":[{"date":"2023-03-06","commitResults":[{"hash":"b9e2861852ebb27bbcb9779f441e7bc24304f0fb","isMergeCommit":false,"messageTitle":"Add skeletal PPP for jednghk","messageBody":"","fileTypesAndContributionMap":{"docs":{"insertions":38,"deletions":0}}},{"hash":"6955e9f21faba82a41a955d66ef9ec160c375d52","isMergeCommit":false,"messageTitle":"Edit skeletal PPP","messageBody":"","fileTypesAndContributionMap":{"docs":{"insertions":1,"deletions":1}}},{"hash":"3a45edfb418d287c7c23049d0a8fd7150c70bb59","isMergeCommit":false,"messageTitle":"Update jednghk\u0027s entry in About Us page","messageBody":"","fileTypesAndContributionMap":{"docs":{"insertions":4,"deletions":7}}},{"hash":"0bbce20761949e3e2abc56f0aa369e36ab99e088","isMergeCommit":false,"messageTitle":"Add project members\u0027 photos to doc/images folder","messageBody":"","fileTypesAndContributionMap":{"docs":{"insertions":28,"deletions":30}}}]},{"date":"2023-03-07","commitResults":[{"hash":"d88230876f2497f9698781d01bc77663ae2a7c21","isMergeCommit":true,"messageTitle":"Merge pull request #25 from JavonTeo/master","messageBody":"Add skeletal PPP for JavonTeo","fileTypesAndContributionMap":{}},{"hash":"e905f4e4c0aabc6f27fe18d6d83299d0b6ca43db","isMergeCommit":false,"messageTitle":"Update possible commands associated with orders","messageBody":"","fileTypesAndContributionMap":{"docs":{"insertions":86,"deletions":7}}}]},{"date":"2023-03-12","commitResults":[{"hash":"f88109955d378c4734577a4ce0ab3bc532858392","isMergeCommit":true,"messageTitle":"Merge branch \u0027master\u0027 into update-userguide","messageBody":"","fileTypesAndContributionMap":{}},{"hash":"53ab2495c3c62926fe7676cbb4d6aedbe0dbfb43","isMergeCommit":false,"messageTitle":"Fix typo errors","messageBody":"","fileTypesAndContributionMap":{"docs":{"insertions":2,"deletions":2}}},{"hash":"568e9f4f3be5240f984a312309fbc6c6d5968054","isMergeCommit":false,"messageTitle":"Create AddOrderCommand class and add relevant prefixes","messageBody":"","fileTypesAndContributionMap":{"functional-code":{"insertions":57,"deletions":0}}},{"hash":"76fca14ce42ce2030a4e32bbad76c7592be3dd69","isMergeCommit":false,"messageTitle":"Create Delete Command class","messageBody":"","fileTypesAndContributionMap":{"functional-code":{"insertions":67,"deletions":0}}},{"hash":"7914dbeb9014c059ba658d93570fedc2e054616a","isMergeCommit":false,"messageTitle":"Add skeletal, non-working AddOrderCommandParser and DeleteOrderCommandParser","messageBody":"","fileTypesAndContributionMap":{"functional-code":{"insertions":146,"deletions":1}}}]},{"date":"2023-03-13","commitResults":[{"hash":"955b56b953e6dda25c67dafc860bf377feecb620","isMergeCommit":false,"messageTitle":"Refactored Address and Name into Attribute package","messageBody":"","fileTypesAndContributionMap":{"functional-code":{"insertions":12,"deletions":10},"other":{"insertions":2,"deletions":2},"docs":{"insertions":1,"deletions":1},"test-code":{"insertions":16,"deletions":12}}},{"hash":"bd54b2474bf8e6dc24b0d8ee76bc8f61e897c752","isMergeCommit":true,"messageTitle":"Merge branch \u0027create-attributes-package\u0027","messageBody":"","fileTypesAndContributionMap":{}},{"hash":"6dbf843360fcc69105fac7669b993006325e2555","isMergeCommit":true,"messageTitle":"Merge branch \u0027master\u0027 into create-commands-and-parser","messageBody":"","fileTypesAndContributionMap":{}},{"hash":"d2acc9d6159e4f8ff90353df293f74da8c15d3f0","isMergeCommit":false,"messageTitle":"Add DeleteOrderCommandParser, need to extract attributes from order package","messageBody":"","fileTypesAndContributionMap":{"functional-code":{"insertions":30,"deletions":2}}},{"hash":"08c5470529a5155462638bd50d03044ad96209d0","isMergeCommit":false,"messageTitle":"Refactored Address and Name in Order to Attributes class","messageBody":"","fileTypesAndContributionMap":{"functional-code":{"insertions":5,"deletions":118}}},{"hash":"73303a33e77fd638e2d5906737653debc723747c","isMergeCommit":true,"messageTitle":"Merge branch \u0027create-attributes-package\u0027","messageBody":"","fileTypesAndContributionMap":{}},{"hash":"8923935239445e6335e5ceed0b3b4cd10bdc7e51","isMergeCommit":true,"messageTitle":"Merge branch \u0027master\u0027 into create-commands-and-parser","messageBody":"","fileTypesAndContributionMap":{}},{"hash":"60e8d8bd8230fd0d0a2cce79fd2cee7e90b37775","isMergeCommit":false,"messageTitle":"Minor import bug fix","messageBody":"","fileTypesAndContributionMap":{"functional-code":{"insertions":1,"deletions":1}}},{"hash":"7bff5f74515263657a26adf680e10cd7d250ea35","isMergeCommit":false,"messageTitle":"Fix import order","messageBody":"","fileTypesAndContributionMap":{"functional-code":{"insertions":7,"deletions":18}}},{"hash":"3e5dc2fb9df5b4609b24877bee1ca2f618ad94bc","isMergeCommit":false,"messageTitle":"Fix import order","messageBody":"","fileTypesAndContributionMap":{"functional-code":{"insertions":6,"deletions":15}}},{"hash":"53182d13599c8ce85b5d43d3827f91314069bb20","isMergeCommit":false,"messageTitle":"Extract AddressTest and NameTest into model.attribute","messageBody":"","fileTypesAndContributionMap":{"other":{"insertions":2,"deletions":2}}}]},{"date":"2023-03-15","commitResults":[{"hash":"b3762f98f857514901c0d4148ff6b37b6c93e237","isMergeCommit":false,"messageTitle":"Fix import order","messageBody":"","fileTypesAndContributionMap":{"functional-code":{"insertions":12,"deletions":3},"test-code":{"insertions":6,"deletions":10}}},{"hash":"8ec07f3ee8947d5b9ef89c8104259bcb6e4fd7a3","isMergeCommit":false,"messageTitle":"Fix some checkstyle issues","messageBody":"","fileTypesAndContributionMap":{"functional-code":{"insertions":13,"deletions":13},"test-code":{"insertions":1,"deletions":1}}}]},{"date":"2023-03-16","commitResults":[{"hash":"77a36662331d35f91c31a49f0623ff235c790fc8","isMergeCommit":false,"messageTitle":"Create EditOrderCommand and EditOrderCommandParser classes","messageBody":"","fileTypesAndContributionMap":{"functional-code":{"insertions":193,"deletions":1}}},{"hash":"ed43e30094961f43b816039f7ebc30ee1470cacc","isMergeCommit":true,"messageTitle":"Merge branch \u0027master\u0027 into create-commands-and-parser","messageBody":"# Conflicts:\n#\tsrc/main/java/seedu/loyaltylift/logic/parser/ParserUtil.java\n","fileTypesAndContributionMap":{}},{"hash":"5774c332903287dd55d82328de35d877d6e2c5b3","isMergeCommit":true,"messageTitle":"Merge from master branch","messageBody":"","fileTypesAndContributionMap":{}}]},{"date":"2023-03-17","commitResults":[{"hash":"9926e65ad351a8e9e814d77d0f2257a53cf110a9","isMergeCommit":false,"messageTitle":"Implement edito command","messageBody":"","fileTypesAndContributionMap":{"functional-code":{"insertions":79,"deletions":11}}},{"hash":"197cd3476b52f53aa7ac41e113daa890719277d5","isMergeCommit":false,"messageTitle":"Resolve checkstyle violations","messageBody":"","fileTypesAndContributionMap":{"functional-code":{"insertions":12,"deletions":11},"test-code":{"insertions":1,"deletions":1}}}]},{"date":"2023-03-20","commitResults":[{"hash":"a5513d28dedf43b6c8a86d3ad9839996597f7e83","isMergeCommit":false,"messageTitle":"Remove Status attribute from EditOrderDescriptor, fix style issues","messageBody":"","fileTypesAndContributionMap":{"functional-code":{"insertions":13,"deletions":44}}},{"hash":"736a32b6008b3ba69572f60a36cf0ce52c53f891","isMergeCommit":true,"messageTitle":"Merge pull request #61 from JavonTeo/master","messageBody":"Create Logic for Bookmarking and Un-bookmarking of customers.","fileTypesAndContributionMap":{}},{"hash":"a5a172b1a3a7870fc1797ea85621fe719cc6866d","isMergeCommit":false,"messageTitle":"Add skeletal ListOrderCommand.java","messageBody":"","fileTypesAndContributionMap":{"functional-code":{"insertions":18,"deletions":1}}},{"hash":"355dd765d91ac54cfde4981e26d2fa92327fe55e","isMergeCommit":true,"messageTitle":"Merge from master branch","messageBody":"","fileTypesAndContributionMap":{}}]},{"date":"2023-03-21","commitResults":[{"hash":"d40f00489ee325ea051746ccd9bf973335089c30","isMergeCommit":false,"messageTitle":"Refactor code to accomodate new Customer parameter in Order","messageBody":"","fileTypesAndContributionMap":{"functional-code":{"insertions":131,"deletions":28}}},{"hash":"ee2a0c32abd587b962541eb747b0cc8dbc26dd4e","isMergeCommit":false,"messageTitle":"Bug fixes","messageBody":"","fileTypesAndContributionMap":{"test-code":{"insertions":1,"deletions":2}}},{"hash":"45e6a77297ca097078c44c38dfacd99be22a7fc2","isMergeCommit":false,"messageTitle":"Bug fixes","messageBody":"","fileTypesAndContributionMap":{"functional-code":{"insertions":9,"deletions":7},"test-code":{"insertions":2,"deletions":1}}}]},{"date":"2023-03-28","commitResults":[{"hash":"94590aa160a286d1a3cd79c443f1926f3b1dccb2","isMergeCommit":true,"messageTitle":"Merge pull request #73 from JavonTeo/master","messageBody":"Created Bookmark UI","fileTypesAndContributionMap":{}},{"hash":"8febdae369bac34eee8c09e52fcb75c03435d4a4","isMergeCommit":false,"messageTitle":"Add skeletal files for advancing and reverting orders","messageBody":"","fileTypesAndContributionMap":{"functional-code":{"insertions":24,"deletions":0}}},{"hash":"e01136cf2e74db0bf3905ace55dc0aa629a66166","isMergeCommit":true,"messageTitle":"Merge branch \u0027master\u0027 into v1.3-StatusChangeFeature","messageBody":"","fileTypesAndContributionMap":{}},{"hash":"db901856c3bceee5f5726c272e0345d1a25a7746","isMergeCommit":false,"messageTitle":"Implement advancing, reverting, and cancelling orders","messageBody":"","fileTypesAndContributionMap":{"functional-code":{"insertions":487,"deletions":18}}}]},{"date":"2023-03-29","commitResults":[{"hash":"121143b3929b929d867685d186d3659923489330","isMergeCommit":false,"messageTitle":"Fix style issues","messageBody":"","fileTypesAndContributionMap":{"functional-code":{"insertions":16,"deletions":10}}},{"hash":"335ff38ee168685ec22a389688a40f1c4765cde8","isMergeCommit":true,"messageTitle":"Merge pull request #88 from JavonTeo/master","messageBody":"Edited ListCustomerCommand to allow for filter option.","fileTypesAndContributionMap":{}},{"hash":"89b2ce2aca81737894e2b9a1de6cfcf1629508d4","isMergeCommit":false,"messageTitle":"Remove unused variables","messageBody":"","fileTypesAndContributionMap":{"functional-code":{"insertions":0,"deletions":5}}}]},{"date":"2023-03-30","commitResults":[{"hash":"c9ce163dffcba21cdaecbab948e7214bbd1226f6","isMergeCommit":false,"messageTitle":"Refactored methods to change status","messageBody":"","fileTypesAndContributionMap":{"functional-code":{"insertions":62,"deletions":95}}},{"hash":"fd2a4ed2bb96587b28b6071a2dec9c68f1b47a16","isMergeCommit":false,"messageTitle":"Fix style issues","messageBody":"","fileTypesAndContributionMap":{"functional-code":{"insertions":11,"deletions":59}}},{"hash":"3ea306d539707aa9c83b3e3f59ed85b99831e0c2","isMergeCommit":false,"messageTitle":"Fix style issues","messageBody":"","fileTypesAndContributionMap":{"functional-code":{"insertions":1,"deletions":1}}},{"hash":"bfe1608f4b3a5bf838c9bdb4d0eae0faf395dd2d","isMergeCommit":true,"messageTitle":"Merge branch \u0027master\u0027 into v1.3-StatusChangeFeature","messageBody":"","fileTypesAndContributionMap":{}},{"hash":"9396857d92cb0c8de9f0764841a037a5bd964ab7","isMergeCommit":true,"messageTitle":"Merge branch \u0027v1.3-StatusChangeFeature\u0027 of https://github.com/jednghk/tp into v1.3-StatusChangeFeature","messageBody":"","fileTypesAndContributionMap":{}},{"hash":"5e073becec9f8369411301a540837f7214d85c3b","isMergeCommit":false,"messageTitle":"Fix style issues","messageBody":"","fileTypesAndContributionMap":{"functional-code":{"insertions":1,"deletions":1}}}]},{"date":"2023-03-31","commitResults":[{"hash":"1719530877706c20908847d45b46ea5e5005e831","isMergeCommit":false,"messageTitle":"Add in guide to advancing, reverting, and cancelling orders","messageBody":"","fileTypesAndContributionMap":{"functional-code":{"insertions":1,"deletions":1},"docs":{"insertions":59,"deletions":18}}},{"hash":"89e87128b74df7a8438a10d89706cfbcc1b25d5d","isMergeCommit":false,"messageTitle":"Realign table","messageBody":"","fileTypesAndContributionMap":{"docs":{"insertions":13,"deletions":13}}}]},{"date":"2023-04-05","commitResults":[{"hash":"59ec1cbcd3aad044713e62b378c61647f3be7e0a","isMergeCommit":true,"messageTitle":"Merge pull request #153 from JavonTeo/master","messageBody":"Multiple fixes made","fileTypesAndContributionMap":{}}]}],"Infrix":[{"date":"2023-02-25","commitResults":[{"hash":"f7caae3cb59d96932f4d66909f24b716d5ac2569","isMergeCommit":false,"messageTitle":"Obsolete developer guide","messageBody":"Need to update developer guide for LoyaltyLift\n\nAdd target user profile, value proposition, user stories and glossary to DeveloperGuide.md\n","fileTypesAndContributionMap":{"docs":{"insertions":41,"deletions":14}}}]},{"date":"2023-03-05","commitResults":[{"hash":"a3fa542e6b7271501db62c881dc08c6de15aec10","isMergeCommit":false,"messageTitle":"Add skeletal PPP for Infrix","messageBody":"","fileTypesAndContributionMap":{"docs":{"insertions":38,"deletions":46}}}]},{"date":"2023-03-06","commitResults":[{"hash":"b792e4cab47811ebc0ab6c806cf785c5f419bac2","isMergeCommit":true,"messageTitle":"Merge pull request #3 from Junyi00/update-readme","messageBody":"Update README.md","fileTypesAndContributionMap":{}},{"hash":"ddbda3b5a51ad537b0698b24d6d1999a68209b6f","isMergeCommit":true,"messageTitle":"Merge pull request #4 from Junyi00/skeletal-ppp-junyi","messageBody":"Add skeletal PPP for junyi00","fileTypesAndContributionMap":{}},{"hash":"2ce287dd79aab0c83cf085c82d074e39bd9a1c3d","isMergeCommit":true,"messageTitle":"Merge pull request #6 from Junyi00/update-site-wide-settings","messageBody":"Update site-wide settings","fileTypesAndContributionMap":{}},{"hash":"d74dc2237cc137af9e429ae9bba5f2e646d8f63b","isMergeCommit":true,"messageTitle":"Merge pull request #12 from Junyi00/update-ug","messageBody":"chore: Update user guide for viewing customers and rewards","fileTypesAndContributionMap":{}}]},{"date":"2023-03-07","commitResults":[{"hash":"b03d9689fb4b82da05441dfaa33bab63fde22e9e","isMergeCommit":false,"messageTitle":"Rename skeletal PPP to correct format","messageBody":"","fileTypesAndContributionMap":{"docs":{"insertions":0,"deletions":0}}}]},{"date":"2023-03-08","commitResults":[{"hash":"6ff81a9cd07f8aa1c57d7c48e8c96d7d8432ae8d","isMergeCommit":false,"messageTitle":"Update UserGuide for Rewards commands","messageBody":"","fileTypesAndContributionMap":{"docs":{"insertions":53,"deletions":0}}}]},{"date":"2023-03-11","commitResults":[{"hash":"44f4c1b448018d29b01ffc89a65e5b78d82f4e1c","isMergeCommit":false,"messageTitle":"feat: Add barebones template for setpoints command","messageBody":"","fileTypesAndContributionMap":{"functional-code":{"insertions":20,"deletions":10}}},{"hash":"cfbf3342caebf04f28e1c291c6f8e02155c9b207","isMergeCommit":true,"messageTitle":"Merge pull request #33 from Junyi00/v1.2-EnterpriseCustomers","messageBody":"feat: Assign a customer as an individual or an enterprise","fileTypesAndContributionMap":{}},{"hash":"bc69a33afee5e1b178f3ac3e82a076a4ae889aa9","isMergeCommit":false,"messageTitle":"feat: Add logic for SetPointsCommand and relevant classes chore: Add tests for SetPointsCommand and relevant classes","messageBody":"","fileTypesAndContributionMap":{"functional-code":{"insertions":84,"deletions":3},"test-code":{"insertions":100,"deletions":10}}}]},{"date":"2023-03-12","commitResults":[{"hash":"16530e2145739ce0302fb32c6cf5333aa3738a85","isMergeCommit":false,"messageTitle":"feat: Add Points to model chore: Add tests for Points","messageBody":"","fileTypesAndContributionMap":{"functional-code":{"insertions":34,"deletions":3},"test-code":{"insertions":44,"deletions":8}}}]},{"date":"2023-03-13","commitResults":[{"hash":"56134c18e4937eae3cd9737f4490da5f333ab065","isMergeCommit":false,"messageTitle":"chore: change javafx version to 19 to remove warning","messageBody":"","fileTypesAndContributionMap":{"functional-code":{"insertions":2,"deletions":2},"other":{"insertions":1,"deletions":1}}},{"hash":"de7a2e704b7607a1e6845ce578942d20f3e6f4ae","isMergeCommit":false,"messageTitle":"feat: Add points to storage logic","messageBody":"","fileTypesAndContributionMap":{"functional-code":{"insertions":17,"deletions":7},"test-code":{"insertions":13,"deletions":5}}},{"hash":"90e64180dd2b240c94bd65a0ca3c7c2786444be0","isMergeCommit":false,"messageTitle":"feat: Add execution logic for SetPointsCommand","messageBody":"","fileTypesAndContributionMap":{"functional-code":{"insertions":49,"deletions":4}}},{"hash":"aa10d71351933fa7ce46a4e8df581a23f6437965","isMergeCommit":false,"messageTitle":"Overload constructor of Customer to keep Points immutable","messageBody":"","fileTypesAndContributionMap":{"functional-code":{"insertions":20,"deletions":1}}},{"hash":"3309aedda3579d33a52c4af2088843e48d546be5","isMergeCommit":false,"messageTitle":"test: Add tests for SetPointsCommand and edit JsonAdaptedCustomerTest","messageBody":"","fileTypesAndContributionMap":{"functional-code":{"insertions":1,"deletions":1},"test-code":{"insertions":36,"deletions":19}}},{"hash":"972cca9162f06bd268834e41b46f7f63f10174a3","isMergeCommit":false,"messageTitle":"docs: Update SetPointsCommand for UserGuide","messageBody":"","fileTypesAndContributionMap":{"docs":{"insertions":3,"deletions":3}}},{"hash":"a5f5f4112ee1513d1f93ac3d615a77b64933e5cd","isMergeCommit":true,"messageTitle":"fix: merge conflict Merge branch \u0027master\u0027 of https://github.com/AY2223S2-CS2103T-T09-3/tp into branch-set-points-command","messageBody":"# Conflicts:\n#\tsrc/main/java/seedu/loyaltylift/storage/JsonAdaptedCustomer.java\n#\tsrc/test/data/JsonSerializableAddressBookTest/typicalCustomersAddressBook.json\n#\tsrc/test/java/seedu/loyaltylift/logic/commands/CommandTestUtil.java\n#\tsrc/test/java/seedu/loyaltylift/storage/JsonAdaptedCustomerTest.java\n#\tsrc/test/java/seedu/loyaltylift/testutil/CustomerBuilder.java\n","fileTypesAndContributionMap":{}}]},{"date":"2023-03-14","commitResults":[{"hash":"eaac06c0a2f1a5f4bf3e95b706f3378ae54cd27c","isMergeCommit":false,"messageTitle":"chore: edit for passing .github/run-checks.sh","messageBody":"","fileTypesAndContributionMap":{"docs":{"insertions":4,"deletions":2},"test-code":{"insertions":1,"deletions":1}}},{"hash":"053619fecb30cf190393a42d51a9c0584d0a5cd4","isMergeCommit":false,"messageTitle":"chore: formatting for gradle checkstyleMain","messageBody":"","fileTypesAndContributionMap":{"functional-code":{"insertions":51,"deletions":16}}},{"hash":"10f2e80d926965ee46cdc87b48f59f83ddcb7e31","isMergeCommit":false,"messageTitle":"chore: fix gradle checkstyleTest","messageBody":"","fileTypesAndContributionMap":{"docs":{"insertions":3,"deletions":3},"test-code":{"insertions":26,"deletions":16}}},{"hash":"530a9e3b971b6224d3ebb95465e03ffabe8dc27a","isMergeCommit":false,"messageTitle":"chore: change javafx back to v11","messageBody":"","fileTypesAndContributionMap":{"functional-code":{"insertions":2,"deletions":2},"other":{"insertions":1,"deletions":1}}}]},{"date":"2023-03-15","commitResults":[{"hash":"7abe7a8b5c74693d1163d5cd3bd21ed2e1c3aa2d","isMergeCommit":false,"messageTitle":"feat: add validity range for Points  and         more constructive feedback for invalid user input during setpoints command","messageBody":"","fileTypesAndContributionMap":{"functional-code":{"insertions":55,"deletions":9}}},{"hash":"5d9d4bda9243b940655833f2e4761419148919dc","isMergeCommit":false,"messageTitle":"fix: bug at JsonAdaptedCustomer where wrong method for validity is being used","messageBody":"","fileTypesAndContributionMap":{"functional-code":{"insertions":2,"deletions":2}}},{"hash":"adf825a3d7d58d2e35b31b2683d15bf510b44b86","isMergeCommit":false,"messageTitle":"docs: update UserGuide and name in AboutUs","messageBody":"","fileTypesAndContributionMap":{"docs":{"insertions":2,"deletions":1}}}]},{"date":"2023-03-16","commitResults":[{"hash":"fe34fc928bf30310d92a538700e0b2a65aa8f768","isMergeCommit":true,"messageTitle":"Merge pull request #47 from Junyi00/fix-attribute-imports","messageBody":"fix: Fix bad imports in SetPointsCommand","fileTypesAndContributionMap":{}}]},{"date":"2023-03-17","commitResults":[{"hash":"a310d92e3452582db7f593f7c662c12841dc5fc2","isMergeCommit":true,"messageTitle":"Merge pull request #50 from Junyi00/v1.2-OrderStorage","messageBody":"Implement storage logic for Orders","fileTypesAndContributionMap":{}},{"hash":"d57e5a93b3a6fba6ca41d2eeb969db54f37cd708","isMergeCommit":false,"messageTitle":"docs: update SetPointsCommand javadocs","messageBody":"","fileTypesAndContributionMap":{"functional-code":{"insertions":0,"deletions":2}}},{"hash":"c75dc7470e82091eb891cddf4ce609cad21922cc","isMergeCommit":false,"messageTitle":"add innerclass of Points, known as AddPoints for addition or subtraction of Points","messageBody":"an alternative design could be modifier enum added to AddPointsCommand class, but there\nwere some complications\n","fileTypesAndContributionMap":{"functional-code":{"insertions":80,"deletions":0}}},{"hash":"00936af0be7dfb7947833b1446cade84a2e8252e","isMergeCommit":false,"messageTitle":"feat: add logic for AddPointsCommand, one can now edit customers point with this command","messageBody":"","fileTypesAndContributionMap":{"functional-code":{"insertions":212,"deletions":4}}},{"hash":"91876b96d357ad8442b661529fea4620cb66bb8b","isMergeCommit":false,"messageTitle":"test: add tests for AddPointsCommand, AddPointsCommandParser and AddressBookParser","messageBody":"","fileTypesAndContributionMap":{"test-code":{"insertions":123,"deletions":0}}},{"hash":"378a77b5e41257ab0aa1cb9a1c9950a0aeb0077c","isMergeCommit":false,"messageTitle":"test: add test for AddPoints","messageBody":"","fileTypesAndContributionMap":{"test-code":{"insertions":23,"deletions":1}}},{"hash":"513b48c7a6e1252326e342f12c4df847a0085f79","isMergeCommit":false,"messageTitle":"test: edit tests for SetPoints, encountering weird bug","messageBody":"","fileTypesAndContributionMap":{"test-code":{"insertions":13,"deletions":1}}},{"hash":"bc1be905462c9d71baee3a1ba47807bba266234d","isMergeCommit":false,"messageTitle":"feat: add storage for cumulative points","messageBody":"","fileTypesAndContributionMap":{"functional-code":{"insertions":29,"deletions":14}}},{"hash":"e547eae68bda4988d0db1d097f1840c8dc8a0ba4","isMergeCommit":false,"messageTitle":"test: update tests to account for cumulativePoints and new tests for cumulativePoints","messageBody":"","fileTypesAndContributionMap":{"test-code":{"insertions":64,"deletions":30}}},{"hash":"072b35ce30867545a4be0603ccebc46a6804c775","isMergeCommit":false,"messageTitle":"chore: formatting for checkstyleMain","messageBody":"","fileTypesAndContributionMap":{"functional-code":{"insertions":26,"deletions":7}}},{"hash":"268b2c08a1df392ce2c964f4bfed33f91179a903","isMergeCommit":false,"messageTitle":"chore: formatting for checkstyleTest","messageBody":"","fileTypesAndContributionMap":{"test-code":{"insertions":8,"deletions":14}}},{"hash":"169d8c96ad693b17f2802a44a0a152335b603109","isMergeCommit":false,"messageTitle":"docs: update UserGuide addpoints command","messageBody":"","fileTypesAndContributionMap":{"docs":{"insertions":7,"deletions":3}}},{"hash":"d768da552f5c4cf8d2039ba9fe1df728331db364","isMergeCommit":true,"messageTitle":"chore: resolve merge conflict Merge remote-tracking branch \u0027tp_repo/master\u0027 into branch-add-points-command","messageBody":"# Conflicts:\n#\tsrc/test/data/JsonSerializableAddressBookTest/duplicateCustomerAddressBook.json\n#\tsrc/test/data/JsonSerializableAddressBookTest/typicalCustomersAddressBook.json\n","fileTypesAndContributionMap":{}},{"hash":"2cf3b1487bd1636c7f10bf94b8b271bd2315b296","isMergeCommit":false,"messageTitle":"chore: fix merge conflict","messageBody":"","fileTypesAndContributionMap":{"test-code":{"insertions":1,"deletions":1}}}]},{"date":"2023-03-19","commitResults":[{"hash":"2c5fa2059a6c8c24fbf4b284ac8d71248698318d","isMergeCommit":false,"messageTitle":"change implementation of AddPointsCommand","messageBody":"","fileTypesAndContributionMap":{"functional-code":{"insertions":44,"deletions":98},"docs":{"insertions":1,"deletions":1},"test-code":{"insertions":11,"deletions":41}}}]},{"date":"2023-03-20","commitResults":[{"hash":"5143c195e20ad8f96cfbe15442b9c6b9d0903501","isMergeCommit":true,"messageTitle":"Merge pull request #56 from Junyi00/v1.2-OrdersToCustomers","messageBody":"feat: Assign orders to a customer","fileTypesAndContributionMap":{}}]},{"date":"2023-03-23","commitResults":[{"hash":"426222f3d1e83cd81c71356ab6a022c8da4e4847","isMergeCommit":true,"messageTitle":"Merge pull request #64 from Junyi00/v1.2-AddCustomerOrderUI","messageBody":"feat: Add UI to view all orders in customer panel","fileTypesAndContributionMap":{}}]},{"date":"2023-03-24","commitResults":[{"hash":"fd49425ae33d1036388079a3074be7138c6f677e","isMergeCommit":false,"messageTitle":"docs: update Developer Guide with design details, include design implementation of the           add/deduct reward points feature.","messageBody":"","fileTypesAndContributionMap":{"docs":{"insertions":40,"deletions":0}}}]},{"date":"2023-03-28","commitResults":[{"hash":"8363047a6925cde8dee3075c130525e03029a1a9","isMergeCommit":true,"messageTitle":"Merge pull request #75 from Junyi00/v1.3-OrderStatusHistory","messageBody":"feat: Add order status history","fileTypesAndContributionMap":{}},{"hash":"3379fc94dac5c233598468647e74304c0f26655b","isMergeCommit":false,"messageTitle":"docs: update DG with header","messageBody":"","fileTypesAndContributionMap":{"docs":{"insertions":1,"deletions":1}}},{"hash":"5de382c5487102b86a6106c4e6a4480572838a5d","isMergeCommit":true,"messageTitle":"Merge branch \u0027master\u0027 into branch-updateDG","messageBody":"","fileTypesAndContributionMap":{}},{"hash":"c0d625bd8c51c67512c76ccb22e325b13a8b21d7","isMergeCommit":true,"messageTitle":"Merge pull request #71 from Infrix/branch-updateDG","messageBody":"docs: update Developer Guide with design details","fileTypesAndContributionMap":{}},{"hash":"865073616f9e652d6d303c9fe43526cd481df5d1","isMergeCommit":true,"messageTitle":"Merge branch \u0027master\u0027 into update-ugdg","messageBody":"","fileTypesAndContributionMap":{}},{"hash":"1e1fec1ea4be1cb8415590a0613df21d6898a599","isMergeCommit":true,"messageTitle":"Merge pull request #82 from Junyi00/update-ugdg","messageBody":"chore: Update UG and DG","fileTypesAndContributionMap":{}}]},{"date":"2023-03-29","commitResults":[{"hash":"a4c4139ed8b3d1975af32361b0b356b005867270","isMergeCommit":false,"messageTitle":"feat: add UI for points on customer general info","messageBody":"","fileTypesAndContributionMap":{"functional-code":{"insertions":18,"deletions":0}}},{"hash":"01d0b779a95feb842fedeb911b75ad0eb7545570","isMergeCommit":false,"messageTitle":"feat: add UI for points on customer card","messageBody":"","fileTypesAndContributionMap":{"functional-code":{"insertions":25,"deletions":1}}},{"hash":"8e1bdd20dfc5902111aff1fc9ba7300e0a32e254","isMergeCommit":true,"messageTitle":"Merge pull request #92 from Junyi00/v1.3-AddViewoCommand","messageBody":"feat; add viewo command","fileTypesAndContributionMap":{}}]},{"date":"2023-03-30","commitResults":[{"hash":"8a43a408ba6bc226b1b25e9feb88cf2f3aa40575","isMergeCommit":false,"messageTitle":"fix: edit nonNull check for points, edit hashcode and add new method for points","messageBody":"","fileTypesAndContributionMap":{"functional-code":{"insertions":9,"deletions":3}}}]},{"date":"2023-03-31","commitResults":[{"hash":"97ea1c105de21be0ee22c3b3034bd04a8281dbae","isMergeCommit":false,"messageTitle":"feat: add tier system to points","messageBody":"","fileTypesAndContributionMap":{"functional-code":{"insertions":32,"deletions":0}}},{"hash":"01e1ffc021230199cc3196e75fde67141dfa590e","isMergeCommit":false,"messageTitle":"feat: add UI for customers based on points, which places them in tiers","messageBody":"","fileTypesAndContributionMap":{"functional-code":{"insertions":25,"deletions":1}}},{"hash":"5960f6effbe522acf229f5d0bed5b095ee4e124d","isMergeCommit":false,"messageTitle":"chore: checkstyle edit","messageBody":"","fileTypesAndContributionMap":{"functional-code":{"insertions":9,"deletions":2}}},{"hash":"f2662a1e60f99da436e28671f69da752f93638b2","isMergeCommit":false,"messageTitle":"remove unused method in Points","messageBody":"","fileTypesAndContributionMap":{"functional-code":{"insertions":0,"deletions":4}}},{"hash":"ef5dc2ff3ba0e5065b0f9016aed62572d9c5a7c6","isMergeCommit":false,"messageTitle":"docs: Update UG for PE dryrun, no settier command","messageBody":"","fileTypesAndContributionMap":{"docs":{"insertions":0,"deletions":19}}}]}]},"authorFileTypeContributionMap":{"Junyi00":{"docs":444,"functional-code":2818,"test-code":1879,"other":3},"JavonTeo":{"docs":88,"functional-code":384,"test-code":314,"other":2},"CloudHill":{"docs":827,"functional-code":2457,"test-code":2138,"other":4},"jednghk":{"docs":278,"functional-code":1039,"test-code":14},"Infrix":{"docs":122,"functional-code":634,"test-code":279}},"authorContributionVariance":{"Junyi00":381670.9,"JavonTeo":4496.823,"CloudHill":190179.52,"jednghk":9865.749,"Infrix":10675.125},"authorDisplayNameMap":{"Junyi00":"CS2103T-T09-3 GOH ..N YI","JavonTeo":"CS2103T-T09-3 JAVO.. KAI","CloudHill":"CS2103T-T09-3 RYO ..AWAN","jednghk":"CS2103T-T09-3 JED ..KIAT","Infrix":"CS2103T-T09-3 DAWS..N YI"}}
