{"authorDailyContributionsMap":{"Alvozyn":[{"date":"2023-02-26","commitResults":[{"hash":"8807e0919eda52d8c8e34690fb5a8d4be72727e1","isMergeCommit":false,"messageTitle":"Update UserGuide.md","messageBody":"","fileTypesAndContributionMap":{"docs":{"insertions":55,"deletions":1}}},{"hash":"2f83c6fd51b10c6c6552f627249dbf0cd4b11866","isMergeCommit":true,"messageTitle":"Merge pull request #23 from clydelhui/master","messageBody":"Add clydelhui.md","fileTypesAndContributionMap":{}},{"hash":"8b7edee228b5f100ac537c3efe2a5ce4a72a583a","isMergeCommit":true,"messageTitle":"Merge commit \u00272f83c6fd51b10c6c6552f627249dbf0cd4b11866\u0027","messageBody":"* commit \u00272f83c6fd51b10c6c6552f627249dbf0cd4b11866\u0027:\n  Add newline character\n  Add clydelhui.md\n","fileTypesAndContributionMap":{}},{"hash":"a512610b4f316f6d39c51b5bb47163c20703d581","isMergeCommit":false,"messageTitle":"Update UserGuide.md","messageBody":"","fileTypesAndContributionMap":{"docs":{"insertions":1,"deletions":1}}}]},{"date":"2023-02-27","commitResults":[{"hash":"163a3e23dee3648682d7c496497987a946fabc79","isMergeCommit":true,"messageTitle":"Merge pull request #26 from gmengqi/branch-docs","messageBody":"edit PPP","fileTypesAndContributionMap":{}},{"hash":"f0bdae12a7f9d7c603ebfea20defea7fe0126b35","isMergeCommit":false,"messageTitle":"Add alvozyn.md","messageBody":"","fileTypesAndContributionMap":{"docs":{"insertions":22,"deletions":0}}},{"hash":"7911b2a99cbe114fa04485466552f76dfdf762e4","isMergeCommit":false,"messageTitle":"Update AboutUs.md","messageBody":"","fileTypesAndContributionMap":{"docs":{"insertions":12,"deletions":8}}}]},{"date":"2023-02-28","commitResults":[{"hash":"9f3f5f8951b587d7dc011df142a18ddc900e3a9e","isMergeCommit":true,"messageTitle":"Merge pull request #29 from edures888/branch-developer-guide","messageBody":"Update Value Proposition section in Developer Guide","fileTypesAndContributionMap":{}},{"hash":"c6f4bd4588555a844d5ee614adbb96701e1413ac","isMergeCommit":true,"messageTitle":"Merge pull request #30 from gmengqi/branch-docs","messageBody":"Edit user stories in developer guide ","fileTypesAndContributionMap":{}},{"hash":"2cab19c6d780b51d740fe0c29b19a8457e4a6ce8","isMergeCommit":false,"messageTitle":"Update Target user profile in DeveloperGuide.md","messageBody":"","fileTypesAndContributionMap":{"docs":{"insertions":5,"deletions":0}}},{"hash":"46ab02c345586f17d324303095223d1358fbf037","isMergeCommit":true,"messageTitle":"Merge pull request #32 from lyndonlim27/DeveloperGuide","messageBody":"Update Developer guide","fileTypesAndContributionMap":{}},{"hash":"d9d97e00eb2204c103e48a66bfb517f26b69f6c9","isMergeCommit":true,"messageTitle":"Merge pull request #33 from gmengqi/branch-docs","messageBody":"Edit glossary ","fileTypesAndContributionMap":{}}]},{"date":"2023-03-02","commitResults":[{"hash":"e9f9731a6e8d98ab5de7c771c881645c9d2189c4","isMergeCommit":true,"messageTitle":"Merge pull request #35 from gmengqi/branch-docs","messageBody":"format user stories, edit terms in glossary and update README","fileTypesAndContributionMap":{}}]},{"date":"2023-03-09","commitResults":[{"hash":"2dd6cdfbf6858f627b99b756e87a08d3562bfe10","isMergeCommit":false,"messageTitle":"Add compareTo method for RecurringEvent","messageBody":"","fileTypesAndContributionMap":{"functional-code":{"insertions":50,"deletions":2}}},{"hash":"3dce380910eb2ea70a2e97496851e52fadfa3587","isMergeCommit":false,"messageTitle":"Add list event that occur between a time period for Recurring Event","messageBody":"","fileTypesAndContributionMap":{"functional-code":{"insertions":42,"deletions":7}}},{"hash":"9fdac238e2ea363a7e41c4056d1f70801d654c7b","isMergeCommit":false,"messageTitle":"Add function to print out all recurring event in a list that falls within a time period","messageBody":"","fileTypesAndContributionMap":{"functional-code":{"insertions":17,"deletions":0}}},{"hash":"658a774a742680982f15b89ca0f236359907931f","isMergeCommit":false,"messageTitle":"Add test case in Recurring events for occursBetween and compareTo","messageBody":"","fileTypesAndContributionMap":{"test-code":{"insertions":34,"deletions":8}}}]},{"date":"2023-03-10","commitResults":[{"hash":"268771a5d5ad51d78c323c96f80689c0f745f640","isMergeCommit":false,"messageTitle":"Fix CheckStyle","messageBody":"","fileTypesAndContributionMap":{"functional-code":{"insertions":27,"deletions":6},"test-code":{"insertions":6,"deletions":8}}}]},{"date":"2023-03-12","commitResults":[{"hash":"65a83ced7dd4f9fde9d3f065d5331bf32a21b0e1","isMergeCommit":false,"messageTitle":"Add command to add recurring event and implemented the logic","messageBody":"","fileTypesAndContributionMap":{"functional-code":{"insertions":276,"deletions":6},"docs":{"insertions":1,"deletions":1}}},{"hash":"c0bfab1008547b65646dbb03b605a54ee62a0a59","isMergeCommit":false,"messageTitle":"Add test case for adding Recurring events","messageBody":"","fileTypesAndContributionMap":{"test-code":{"insertions":188,"deletions":2}}},{"hash":"16ec7d6d8a2c41736c73edba0baf10425661d02c","isMergeCommit":true,"messageTitle":"Fix merge conflicts","messageBody":"","fileTypesAndContributionMap":{}}]},{"date":"2023-03-13","commitResults":[{"hash":"22605589156f48f7226e4da2081af13ca6220d87","isMergeCommit":false,"messageTitle":"Update variables, javadocs and modify the compareTo method","messageBody":"","fileTypesAndContributionMap":{"functional-code":{"insertions":26,"deletions":24},"test-code":{"insertions":2,"deletions":2}}},{"hash":"db8d3b846f79cb80072d1d56a3bb152f6bc6fd7b","isMergeCommit":false,"messageTitle":"Add index next to event when recurringList toString is call","messageBody":"","fileTypesAndContributionMap":{"functional-code":{"insertions":3,"deletions":1}}},{"hash":"3d1605f701d32bb17f01113790d91f17833e796f","isMergeCommit":false,"messageTitle":"Update test case to use SampleDateTimeUtil.java and SampleEventUtil.java","messageBody":"","fileTypesAndContributionMap":{"test-code":{"insertions":91,"deletions":49}}},{"hash":"d43004e2473b9da31e951ff5a50d584256c62a25","isMergeCommit":true,"messageTitle":"Merge branch \u0027master\u0027 into recurringEvents","messageBody":"","fileTypesAndContributionMap":{}},{"hash":"495fc87789e87dc030d3e6ff0b0235a1b1717e2e","isMergeCommit":false,"messageTitle":"Add method to addRecurringEvent in GroupCreateCommandTest.java","messageBody":"","fileTypesAndContributionMap":{"test-code":{"insertions":6,"deletions":0}}},{"hash":"fbcdc65ff1dece667bd4d56dc8b682bd54bd817b","isMergeCommit":true,"messageTitle":"Fix merge conflict","messageBody":"","fileTypesAndContributionMap":{}}]},{"date":"2023-03-14","commitResults":[{"hash":"2ec3d959ebaf6bb360d733215115bb889bb4cc0c","isMergeCommit":false,"messageTitle":"Cross check between recurringList and isolatedList whenever there is a new event","messageBody":"","fileTypesAndContributionMap":{"functional-code":{"insertions":83,"deletions":4}}},{"hash":"df7192fc4cb00d3d5a9436919b1c84fdb49d05a1","isMergeCommit":false,"messageTitle":"Add EventConflict Exception for conflicting events","messageBody":"","fileTypesAndContributionMap":{"functional-code":{"insertions":12,"deletions":0}}},{"hash":"e1976301af8ea199a8fa9f6c046cf3e892678070","isMergeCommit":false,"messageTitle":"Add test case for conflicting events when there is a new event","messageBody":"","fileTypesAndContributionMap":{"test-code":{"insertions":48,"deletions":2}}},{"hash":"01c8d428825ac758f2fcf6a50c75e7d88240bd5e","isMergeCommit":false,"messageTitle":"Add DeleteRecurringEvent","messageBody":"","fileTypesAndContributionMap":{"functional-code":{"insertions":197,"deletions":9}}},{"hash":"6b5aead15cfa31427ca26fecf9b11ba764bbaad2","isMergeCommit":false,"messageTitle":"Add test case for deleteRecurringEvent","messageBody":"","fileTypesAndContributionMap":{"test-code":{"insertions":62,"deletions":12}}},{"hash":"98a2f40674affef5022e10691b9525e64ac5f021","isMergeCommit":false,"messageTitle":"Add test for DeletingRecurringEventParser","messageBody":"","fileTypesAndContributionMap":{"test-code":{"insertions":22,"deletions":0}}},{"hash":"f35a916d61a6cb48d51081a23324cb843dcbb52b","isMergeCommit":false,"messageTitle":"Add edit function for Recurring Events","messageBody":"","fileTypesAndContributionMap":{"functional-code":{"insertions":308,"deletions":6}}},{"hash":"b8718f11fd1be33c90b9584829d58b5ccc5edb3a","isMergeCommit":false,"messageTitle":"Add test cases for EditRecurringEvents","messageBody":"","fileTypesAndContributionMap":{"test-code":{"insertions":133,"deletions":5}}},{"hash":"edc029e2499689e2d542bf667324a1706cb65c20","isMergeCommit":false,"messageTitle":"Remove unnecessary exception","messageBody":"","fileTypesAndContributionMap":{"functional-code":{"insertions":1,"deletions":2}}}]},{"date":"2023-03-15","commitResults":[{"hash":"e81b5737fc53aa014806a623c92091e0d21b8861","isMergeCommit":false,"messageTitle":"Change method in capturing person and event index for editRecurringEventParser and deleteRecurringEventParser","messageBody":"","fileTypesAndContributionMap":{"functional-code":{"insertions":17,"deletions":6}}},{"hash":"16b04e8505463d7a19ab734a05acd5a08a48ec1b","isMergeCommit":false,"messageTitle":"Fix checkstyle","messageBody":"","fileTypesAndContributionMap":{"functional-code":{"insertions":2,"deletions":2}}},{"hash":"a0543b1a0c45735cef7450e032377fee3b589764","isMergeCommit":true,"messageTitle":"Merge pull request #52 from gmengqi/branch-non-recurring-event","messageBody":"Fix bugs found for Isolated event command","fileTypesAndContributionMap":{}},{"hash":"dab9420f927ec714f2a51787e88df52241fdb9ef","isMergeCommit":false,"messageTitle":"Add function to save Recurring Events to storage","messageBody":"","fileTypesAndContributionMap":{"functional-code":{"insertions":176,"deletions":17}}},{"hash":"a0dbd949e0f80f568c2da1757766489395f5c7f0","isMergeCommit":false,"messageTitle":"Update test cases for Recurring Events and the storage","messageBody":"","fileTypesAndContributionMap":{"test-code":{"insertions":120,"deletions":37}}}]},{"date":"2023-03-17","commitResults":[{"hash":"3bf2e446ccc88c31299c5920d2158a0a702b0bcd","isMergeCommit":false,"messageTitle":"Remove storage for recurring events","messageBody":"","fileTypesAndContributionMap":{"functional-code":{"insertions":17,"deletions":176},"test-code":{"insertions":37,"deletions":120}}},{"hash":"eae2b3585ed613a24d71c3ae019423e0539dfb44","isMergeCommit":true,"messageTitle":"Fix merge conflicts","messageBody":"","fileTypesAndContributionMap":{}}]},{"date":"2023-03-18","commitResults":[{"hash":"dc67abc4ad04f16ba5d42d291b316ceab7915202","isMergeCommit":true,"messageTitle":"Fix merge conflicts","messageBody":"","fileTypesAndContributionMap":{}}]},{"date":"2023-03-20","commitResults":[{"hash":"629a20b47a12dc38da1113ca3809cce724f16341","isMergeCommit":true,"messageTitle":"Merge pull request #62 from lyndonlim27/Userguide","messageBody":"Update Userguide","fileTypesAndContributionMap":{}},{"hash":"b7183722ddccc457228d28fbafc767e14854857e","isMergeCommit":false,"messageTitle":"Update UserGuide.md","messageBody":"","fileTypesAndContributionMap":{"docs":{"insertions":79,"deletions":53}}},{"hash":"36d2cba2a2757c6dd8bbc3c3d29dd76bfa57fb9a","isMergeCommit":true,"messageTitle":"Merge pull request #63 from edures888/branch-typo","messageBody":"Fix typo issue","fileTypesAndContributionMap":{}},{"hash":"1b9a7ccc8bd80863feb5b818a405fa79f67ff9e3","isMergeCommit":true,"messageTitle":"Merge branch \u0027master\u0027 into recurringEvents","messageBody":"* master:\n  Fix typo issue\n","fileTypesAndContributionMap":{}},{"hash":"45d18a24d9c274ea40facaa4cf0171d34832b8f2","isMergeCommit":false,"messageTitle":"Minor update for Userguide.md","messageBody":"","fileTypesAndContributionMap":{"docs":{"insertions":21,"deletions":21}}},{"hash":"a638e59bab6603be4e69afdb2d7dbf15b4731657","isMergeCommit":true,"messageTitle":"Merge branch \u0027master\u0027 into recurringEvents","messageBody":"* master:\n  Modify tags in test\n  Modify EditCommand, EditCommandParser and Tag model\n  Modify EditCommand and add more tests\n  Fix checkstyle error\n  Add tests for EditCommand\n  Modify edit command\n","fileTypesAndContributionMap":{}},{"hash":"b0d19d0203189051206b7b7773513f41c08e38b7","isMergeCommit":false,"messageTitle":"Update Userguide.md with the reviews and suggestions given","messageBody":"","fileTypesAndContributionMap":{"docs":{"insertions":5,"deletions":5}}}]},{"date":"2023-03-21","commitResults":[{"hash":"d876d3abaa7d70ec110e44b367a10c6d7d067d51","isMergeCommit":true,"messageTitle":"Merge pull request #66 from gmengqi/event","messageBody":"Fix bug found for event","fileTypesAndContributionMap":{}}]},{"date":"2023-03-22","commitResults":[{"hash":"3770851700e9017deb3c81e95bf13da52dcd7286","isMergeCommit":true,"messageTitle":"Merge pull request #68 from clydelhui/branch-eventlist","messageBody":"Update events displayed on PersonCard","fileTypesAndContributionMap":{}},{"hash":"3f5d46eebba65f25c749fdc0c5aad22f83192285","isMergeCommit":false,"messageTitle":"Rearrange function in RecurringEvent and RecurringEventList to follow IsolatedEvent and IsolatedEventList for standardisation","messageBody":"","fileTypesAndContributionMap":{"functional-code":{"insertions":44,"deletions":31}}},{"hash":"d3bd6a91140df65227b28657efb1b4c89a82e297","isMergeCommit":false,"messageTitle":"Fix bug where AddRecurringCommand does not print error whenever there is a clash or duplicate","messageBody":"","fileTypesAndContributionMap":{"functional-code":{"insertions":35,"deletions":4}}},{"hash":"570496c23666cf3f5412de3816d15a343bfbd444","isMergeCommit":false,"messageTitle":"Fix bug on Recurring Events List and Isolated Event List where they now cross check with each other whenever an event is add or edit","messageBody":"","fileTypesAndContributionMap":{"functional-code":{"insertions":137,"deletions":63},"test-code":{"insertions":48,"deletions":7}}}]}],"gmengqi":[{"date":"2023-02-24","commitResults":[{"hash":"81aa44928dafe29b0bc3541cf827ecdbdc9a57dd","isMergeCommit":false,"messageTitle":"edit README.md and AboutUs.md","messageBody":"","fileTypesAndContributionMap":{"docs":{"insertions":22,"deletions":17}}}]},{"date":"2023-02-27","commitResults":[{"hash":"5b1b4d648eead507783f41faf240559f578845e6","isMergeCommit":false,"messageTitle":"edit PPP","messageBody":"","fileTypesAndContributionMap":{"docs":{"insertions":29,"deletions":47}}},{"hash":"56f20281f526858ebebfa0f47d4de7625a20d9bb","isMergeCommit":false,"messageTitle":"fix error with gmengqi.md file","messageBody":"","fileTypesAndContributionMap":{"docs":{"insertions":1,"deletions":1}}},{"hash":"d9d101379a7be6efe9b046a7fcf180c36e51caf7","isMergeCommit":true,"messageTitle":"Merge pull request #27 from lyndonlim27/Userguide","messageBody":"Update UserGuide.md","fileTypesAndContributionMap":{}}]},{"date":"2023-02-28","commitResults":[{"hash":"70c49c8fc097aaf134b4468a2b591c2f602ce8ae","isMergeCommit":false,"messageTitle":"edit user stories","messageBody":"","fileTypesAndContributionMap":{"docs":{"insertions":14,"deletions":10}}},{"hash":"fa9e1e40535ae0b3c146cc9d939057919adb561e","isMergeCommit":true,"messageTitle":"Merge branch \u0027master\u0027 of https://github.com/AY2223S2-CS2103T-T09-2/tp into branch-docs","messageBody":"","fileTypesAndContributionMap":{}},{"hash":"35d61fa8728b952e93ee6d627ba40e4099796388","isMergeCommit":false,"messageTitle":"add glossary","messageBody":"","fileTypesAndContributionMap":{"docs":{"insertions":4,"deletions":2}}},{"hash":"12b39d819878527b502653ffcdb3901d03aea7c9","isMergeCommit":false,"messageTitle":"edit glossary","messageBody":"","fileTypesAndContributionMap":{"docs":{"insertions":1,"deletions":0}}},{"hash":"df10f3668370336ced1157c0d7a1f3ea3068eaeb","isMergeCommit":true,"messageTitle":"Merge branch \u0027master\u0027 of https://github.com/AY2223S2-CS2103T-T09-2/tp into branch-docs","messageBody":"","fileTypesAndContributionMap":{}},{"hash":"4a2129c569a3eb07f19e8e6be7bc214b7fec2cd0","isMergeCommit":false,"messageTitle":"edit glossary","messageBody":"","fileTypesAndContributionMap":{"docs":{"insertions":1,"deletions":0}}}]},{"date":"2023-03-02","commitResults":[{"hash":"ded127e345560154563f5173c5f1f966a41a9052","isMergeCommit":false,"messageTitle":"format user stories, edit terms in glossary and update README","messageBody":"","fileTypesAndContributionMap":{"docs":{"insertions":14,"deletions":14}}}]},{"date":"2023-03-08","commitResults":[{"hash":"100d817548ad1af01fa425f25b9f137d47670c9c","isMergeCommit":true,"messageTitle":"Merge pull request #41 from clydelhui/branch-eventlist","messageBody":"Add Events and EventLists","fileTypesAndContributionMap":{}}]},{"date":"2023-03-09","commitResults":[{"hash":"37dd051be0fde10bf08108ef79191b27fb7bf04f","isMergeCommit":false,"messageTitle":"implement IsolatedEvent command, add IsolatedEvent","messageBody":"","fileTypesAndContributionMap":{"functional-code":{"insertions":242,"deletions":4},"docs":{"insertions":1,"deletions":1},"test-code":{"insertions":19,"deletions":13}}}]},{"date":"2023-03-10","commitResults":[{"hash":"9f0530f79a9eca4f3b60f3c053506889ea74bc15","isMergeCommit":false,"messageTitle":"add more JUnit testcases","messageBody":"","fileTypesAndContributionMap":{"functional-code":{"insertions":1,"deletions":2},"test-code":{"insertions":103,"deletions":0}}},{"hash":"d658f8990dad71f1b5894ad195b98ab46915e1c6","isMergeCommit":false,"messageTitle":"modify way to access to the person object","messageBody":"","fileTypesAndContributionMap":{"functional-code":{"insertions":35,"deletions":12},"test-code":{"insertions":61,"deletions":10}}},{"hash":"c8b6ca6faf1609c0d316a36776aa9e73993e2261","isMergeCommit":false,"messageTitle":"add more testcases","messageBody":"","fileTypesAndContributionMap":{"functional-code":{"insertions":9,"deletions":21},"test-code":{"insertions":73,"deletions":29}}}]},{"date":"2023-03-11","commitResults":[{"hash":"d68b811f2f43afa0ae7886602a5da43b197fae3d","isMergeCommit":false,"messageTitle":"improve code quality","messageBody":"","fileTypesAndContributionMap":{"functional-code":{"insertions":37,"deletions":44},"docs":{"insertions":2,"deletions":2},"test-code":{"insertions":87,"deletions":65}}},{"hash":"2b55fad7b8deb087aab758d31df0d672931857f1","isMergeCommit":false,"messageTitle":"standardise naming convention","messageBody":"","fileTypesAndContributionMap":{"test-code":{"insertions":39,"deletions":39}}},{"hash":"83d88d2a85695504474410ae870fe03fa1c06efa","isMergeCommit":false,"messageTitle":"code quality","messageBody":"","fileTypesAndContributionMap":{"functional-code":{"insertions":3,"deletions":3},"docs":{"insertions":3,"deletions":3}}},{"hash":"866589f235680716dd4b74d913829703e1ef4195","isMergeCommit":true,"messageTitle":"fix merge conflict","messageBody":"","fileTypesAndContributionMap":{}}]},{"date":"2023-03-12","commitResults":[{"hash":"bb2434b287945d5892a20330e793be7291c4a673","isMergeCommit":false,"messageTitle":"implement delete feature for isolated event command","messageBody":"","fileTypesAndContributionMap":{"functional-code":{"insertions":174,"deletions":1},"docs":{"insertions":1,"deletions":1},"test-code":{"insertions":124,"deletions":0}}}]},{"date":"2023-03-13","commitResults":[{"hash":"4686061e13888374d3cf5026097f533317c89903","isMergeCommit":false,"messageTitle":"implement edit feature for isolated event list","messageBody":"","fileTypesAndContributionMap":{"functional-code":{"insertions":298,"deletions":5},"test-code":{"insertions":124,"deletions":0}}},{"hash":"7c983248511424ed8ed1fa17c6c8368a28c28328","isMergeCommit":false,"messageTitle":"fix checkstyle problem","messageBody":"","fileTypesAndContributionMap":{"functional-code":{"insertions":0,"deletions":1},"test-code":{"insertions":13,"deletions":9}}},{"hash":"15ed82980a6a1239e0de30adf119e6556bae9c1c","isMergeCommit":true,"messageTitle":"Merge branch \u0027master\u0027 of https://github.com/AY2223S2-CS2103T-T09-2/tp into branch-non-recurring-event","messageBody":"","fileTypesAndContributionMap":{}},{"hash":"d550fd1c9466d6558fda269b2ae48e538a26d5e6","isMergeCommit":false,"messageTitle":"fix checkstyle problem","messageBody":"","fileTypesAndContributionMap":{"test-code":{"insertions":11,"deletions":0}}},{"hash":"18c09e42b9af52186f5f4b47516569481bbaa8b4","isMergeCommit":false,"messageTitle":"improve code quality","messageBody":"","fileTypesAndContributionMap":{"functional-code":{"insertions":2,"deletions":1},"docs":{"insertions":39,"deletions":23}}}]},{"date":"2023-03-15","commitResults":[{"hash":"76adc83c2055b1ac45867b32d5459bd36cb99460","isMergeCommit":false,"messageTitle":"fix bugs found for isolated event command","messageBody":"","fileTypesAndContributionMap":{"functional-code":{"insertions":40,"deletions":4},"other":{"insertions":1,"deletions":1},"test-code":{"insertions":1,"deletions":1}}},{"hash":"0e7b6626bbf4a3d4ef0ae850c55bf4119a36f7cc","isMergeCommit":true,"messageTitle":"fix merge conflict","messageBody":"","fileTypesAndContributionMap":{}}]},{"date":"2023-03-18","commitResults":[{"hash":"8a730239cde407ae207af792409fcbdf2f4359a7","isMergeCommit":true,"messageTitle":"Merge pull request #51 from Alvozyn/recurringEvents","messageBody":"Delete and Edit commands for Recurring events","fileTypesAndContributionMap":{}}]},{"date":"2023-03-21","commitResults":[{"hash":"fd297c65c0d7aae18390f0e80aeb0c77f75f6c29","isMergeCommit":true,"messageTitle":"Merge pull request #65 from edures888/branch-defaultBookFix","messageBody":"Fix default addressbook data file creation bug","fileTypesAndContributionMap":{}},{"hash":"648889ab40398b7b1a74f44b56596b354f167f24","isMergeCommit":false,"messageTitle":"fix bug where start time can be later than end time for event","messageBody":"","fileTypesAndContributionMap":{"functional-code":{"insertions":54,"deletions":8}}},{"hash":"7cd3e8fe9c02be46ccbbf7e7898dcd6ffd94df86","isMergeCommit":false,"messageTitle":"clean up docs","messageBody":"","fileTypesAndContributionMap":{"functional-code":{"insertions":20,"deletions":26},"test-code":{"insertions":17,"deletions":17}}}]},{"date":"2023-03-26","commitResults":[{"hash":"414e97539f06f222226cc946bfd5be785b03df9d","isMergeCommit":false,"messageTitle":"created uml diagrams for EditIsolatedCommand and AddIsolatedCommand","messageBody":"","fileTypesAndContributionMap":{"docs":{"insertions":144,"deletions":0}}},{"hash":"d1d38ff4ca15c3aeda054d8d7e65a8754397af85","isMergeCommit":false,"messageTitle":"updated index.md","messageBody":"","fileTypesAndContributionMap":{"docs":{"insertions":3,"deletions":3}}},{"hash":"2c2870687cc655cc72075618255deb96af2ac087","isMergeCommit":true,"messageTitle":"fix merge conflict","messageBody":"","fileTypesAndContributionMap":{}},{"hash":"fc180588514da5b79269dc38dfde257d36babc45","isMergeCommit":false,"messageTitle":"write up for AddIsolatedEventCommand for DG","messageBody":"","fileTypesAndContributionMap":{"docs":{"insertions":52,"deletions":0}}},{"hash":"b89476a383c1113e7339055abe5d35780101f0be","isMergeCommit":false,"messageTitle":"write up for EditIsolatedEventCommand in DG","messageBody":"","fileTypesAndContributionMap":{"docs":{"insertions":65,"deletions":1}}},{"hash":"d73e5e8db4eead1f757f123f888fa602bbb38ec9","isMergeCommit":true,"messageTitle":"Merge branch \u0027master\u0027 of https://github.com/AY2223S2-CS2103T-T09-2/tp into branch-docs","messageBody":"","fileTypesAndContributionMap":{}},{"hash":"2d5d266b49388ea66271eb8fb0aa4fbd7c2df68a","isMergeCommit":false,"messageTitle":"fix checkstyle","messageBody":"","fileTypesAndContributionMap":{"docs":{"insertions":70,"deletions":69}}}]},{"date":"2023-03-28","commitResults":[{"hash":"e2811c76d804c0c089e9e0deae5228a46492f3dd","isMergeCommit":false,"messageTitle":"resize uml diagram image","messageBody":"","fileTypesAndContributionMap":{"docs":{"insertions":6,"deletions":6}}},{"hash":"4534291b2da7e2079a7b66812588ac57851525c0","isMergeCommit":false,"messageTitle":"resize activty diagram images","messageBody":"","fileTypesAndContributionMap":{"docs":{"insertions":2,"deletions":2}}}]}],"edures888":[{"date":"2023-02-23","commitResults":[{"hash":"731cce966255ee8d76325a010fea0416a005309f","isMergeCommit":true,"messageTitle":"Merge pull request #16 from lyndonlim27/master","messageBody":"Update UserGuide.md","fileTypesAndContributionMap":{}}]},{"date":"2023-02-24","commitResults":[{"hash":"ad5bdb1e8d603b96a5c4340d067cc151314d9f92","isMergeCommit":false,"messageTitle":"Add personal information in AboutUs, UserGuide and PPP","messageBody":"","fileTypesAndContributionMap":{"docs":{"insertions":35,"deletions":11}}},{"hash":"e48fa90c72b5c5134d09df1e17d2329bf0eb14af","isMergeCommit":true,"messageTitle":"Merge pull request #21 from gmengqi/branch-docs","messageBody":"edit README.md and AboutUs.md","fileTypesAndContributionMap":{}}]},{"date":"2023-02-28","commitResults":[{"hash":"b160132d676b3ab09967c290775b79153202be27","isMergeCommit":false,"messageTitle":"Update Value Proposition section in Developer Guide","messageBody":"","fileTypesAndContributionMap":{"docs":{"insertions":7,"deletions":1}}},{"hash":"aafc0efb4609e0e52052491a0f2a86b205b30300","isMergeCommit":true,"messageTitle":"Merge pull request #34 from clydelhui/branch-docs","messageBody":"Add Use Cases","fileTypesAndContributionMap":{}}]},{"date":"2023-03-06","commitResults":[{"hash":"f67370b94a7c500679ada009560ec73bf81d32b8","isMergeCommit":false,"messageTitle":"Add command classes and command parser classes for group related commands","messageBody":"","fileTypesAndContributionMap":{"functional-code":{"insertions":442,"deletions":0}}}]},{"date":"2023-03-11","commitResults":[{"hash":"28047c6681d4cd59ba7874887bc2e13924455c09","isMergeCommit":true,"messageTitle":"Merge pull request #37 from lyndonlim27/Group-Branch","messageBody":"Add Group, UniqueGroupList class and Group exceptions","fileTypesAndContributionMap":{}},{"hash":"b4d301eba5ca59d03597cfdc432c62fdb2c2b677","isMergeCommit":false,"messageTitle":"Add some tests for Group related command and parser classes","messageBody":"","fileTypesAndContributionMap":{"functional-code":{"insertions":56,"deletions":4},"test-code":{"insertions":75,"deletions":0}}},{"hash":"ca2fa0dc824daed122bdff558590901dee34a6eb","isMergeCommit":true,"messageTitle":"Merge changes involving Group models","messageBody":"","fileTypesAndContributionMap":{}},{"hash":"cd6b5e1488dc722d2100cb478f99e189f0054ae7","isMergeCommit":false,"messageTitle":"Integrate models and commands","messageBody":"","fileTypesAndContributionMap":{"functional-code":{"insertions":57,"deletions":31}}}]},{"date":"2023-03-12","commitResults":[{"hash":"f27ff2e4483e9c58b242aef74641254009ad8733","isMergeCommit":false,"messageTitle":"Integrate models and commands","messageBody":"","fileTypesAndContributionMap":{"functional-code":{"insertions":30,"deletions":185}}},{"hash":"fba2f391ba20cd82dd3d59d1a6eabe20af904590","isMergeCommit":false,"messageTitle":"Update group-related models","messageBody":"","fileTypesAndContributionMap":{"functional-code":{"insertions":130,"deletions":11},"test-code":{"insertions":20,"deletions":2}}},{"hash":"a55657f791d413a02f7ee195b1a094bd058c9aee","isMergeCommit":false,"messageTitle":"Fix checkstyle errors","messageBody":"","fileTypesAndContributionMap":{"functional-code":{"insertions":3,"deletions":5}}},{"hash":"d50319e1e47430578b778f9c545a06682713d8a0","isMergeCommit":false,"messageTitle":"Add tests","messageBody":"","fileTypesAndContributionMap":{"functional-code":{"insertions":3,"deletions":3},"test-code":{"insertions":10,"deletions":5}}},{"hash":"d867c7fd07772a98cba75a829c47e422195a9e15","isMergeCommit":false,"messageTitle":"Add tests","messageBody":"","fileTypesAndContributionMap":{"functional-code":{"insertions":14,"deletions":4},"test-code":{"insertions":68,"deletions":20}}},{"hash":"48c4f59850e6bf237ea26d25ea02f4b6427d891c","isMergeCommit":false,"messageTitle":"Fix checkstyle errors","messageBody":"","fileTypesAndContributionMap":{"functional-code":{"insertions":0,"deletions":1},"test-code":{"insertions":9,"deletions":10}}},{"hash":"14e176b5fcb1d8af96b416c1662e3f1fea38acce","isMergeCommit":false,"messageTitle":"Add tests","messageBody":"","fileTypesAndContributionMap":{"test-code":{"insertions":14,"deletions":0}}},{"hash":"fc3c33dd96a8ac193c6544e22d671144d648bec3","isMergeCommit":true,"messageTitle":"Merge group model updates","messageBody":"","fileTypesAndContributionMap":{}}]},{"date":"2023-03-13","commitResults":[{"hash":"5ba2dfab71d122657f8cd453966cc6dd4f58c971","isMergeCommit":false,"messageTitle":"Integrate models and commands with usable application","messageBody":"","fileTypesAndContributionMap":{"functional-code":{"insertions":290,"deletions":42},"test-code":{"insertions":223,"deletions":21}}},{"hash":"e427e7321982a0b4eddbaa4e299715f9a59a4d75","isMergeCommit":false,"messageTitle":"Fix checkstyle errors","messageBody":"","fileTypesAndContributionMap":{"functional-code":{"insertions":9,"deletions":10},"test-code":{"insertions":20,"deletions":20}}},{"hash":"dc4b3351622bef7039900475c215725943794f16","isMergeCommit":false,"messageTitle":"Add newline to EOF","messageBody":"","fileTypesAndContributionMap":{"functional-code":{"insertions":1,"deletions":2}}},{"hash":"29eadc480357ee36037351b857f95ad0995bffea","isMergeCommit":false,"messageTitle":"Add tests for group commands and parser classes","messageBody":"","fileTypesAndContributionMap":{"test-code":{"insertions":451,"deletions":63}}},{"hash":"15e5d3ad2bf469c13e67e7103b83b1274d2afb44","isMergeCommit":false,"messageTitle":"Fix storage issues regarding Group functionality","messageBody":"","fileTypesAndContributionMap":{"functional-code":{"insertions":15,"deletions":3}}},{"hash":"bf710c7a85c4cf3858976a3939d115c6f6a2453a","isMergeCommit":false,"messageTitle":"Fix default address book bugs and group find command bugs","messageBody":"","fileTypesAndContributionMap":{"functional-code":{"insertions":67,"deletions":15},"test-code":{"insertions":157,"deletions":18}}}]},{"date":"2023-03-14","commitResults":[{"hash":"e7170ab5619c4d488272c9b567d94b8abf9acb20","isMergeCommit":true,"messageTitle":"Merge pull request #48 from lyndonlim27/Group-Branch","messageBody":"Add more Tests for Groups","fileTypesAndContributionMap":{}}]},{"date":"2023-03-17","commitResults":[{"hash":"d7d3cca0f368bad2cce35ba7f958c66a701e9ecd","isMergeCommit":false,"messageTitle":"Change group create command","messageBody":"","fileTypesAndContributionMap":{"functional-code":{"insertions":1,"deletions":1}}},{"hash":"e249cac0103c3b181675087e0095423c016c956e","isMergeCommit":false,"messageTitle":"Update group commands to follow event commands underscore format","messageBody":"","fileTypesAndContributionMap":{"functional-code":{"insertions":47,"deletions":97},"test-code":{"insertions":12,"deletions":90}}},{"hash":"8031bf8543d0893f96992719a3b7b80c8d52ed03","isMergeCommit":false,"messageTitle":"Fix default addressbook data file creation bug","messageBody":"","fileTypesAndContributionMap":{"functional-code":{"insertions":5,"deletions":4},"test-code":{"insertions":8,"deletions":3}}}]},{"date":"2023-03-20","commitResults":[{"hash":"7ae953bf1f59c554bdf8a735727bcac5c7e2e4cc","isMergeCommit":false,"messageTitle":"Fix typo issue","messageBody":"","fileTypesAndContributionMap":{"docs":{"insertions":1,"deletions":1}}},{"hash":"969d94149d64a1adf94300357b88486a0ba638bd","isMergeCommit":true,"messageTitle":"Merge pull request #59 from lyndonlim27/Group-BranchTag-EditCommand","messageBody":"Modify edit command","fileTypesAndContributionMap":{}},{"hash":"93dd715873c6ad109fddf22bacb2a14ff2338fb4","isMergeCommit":false,"messageTitle":"Fix default addressbook data file creation bug","messageBody":"","fileTypesAndContributionMap":{"functional-code":{"insertions":4,"deletions":4}}}]},{"date":"2023-03-26","commitResults":[{"hash":"294f9d1e8f103cc5329ea523b82133fd852e33ce","isMergeCommit":true,"messageTitle":"Merge pull request #70 from lyndonlim27/DeveloperGuide","messageBody":"Update index.md and Developer Guide","fileTypesAndContributionMap":{}},{"hash":"1481071d5008fbb9e6cb7da175ea3cbf40a97cfe","isMergeCommit":true,"messageTitle":"Merge pull request #72 from lyndonlim27/DeveloperGuide","messageBody":"Update DG","fileTypesAndContributionMap":{}}]}],"lyndonlim27":[{"date":"2023-02-22","commitResults":[{"hash":"a299b861a89061b19d74e10ad073c66165ca1c05","isMergeCommit":true,"messageTitle":"Merge pull request #13 from clydelhui/master","messageBody":"Modify AboutUs.md","fileTypesAndContributionMap":{}},{"hash":"cf49bf9633fda02b403e1b3f420075a7ac4dc227","isMergeCommit":true,"messageTitle":"Merge pull request #14 from clydelhui/branch-docs","messageBody":"Modify UI to suit project theme","fileTypesAndContributionMap":{}},{"hash":"5c8c4d22deba900acb712c586d9c56ce2a8e4140","isMergeCommit":false,"messageTitle":"Update AboutUs.md","messageBody":"","fileTypesAndContributionMap":{"docs":{"insertions":5,"deletions":6}}}]},{"date":"2023-02-23","commitResults":[{"hash":"e1b9cbec6dcb15d6a34aa006e645f33f6c9a9065","isMergeCommit":false,"messageTitle":"Update AboutUs.md","messageBody":"Fix naming of image","fileTypesAndContributionMap":{"docs":{"insertions":1,"deletions":1}}},{"hash":"c7f9ec7116731c33b37dd95761d9b78306363b06","isMergeCommit":false,"messageTitle":"Update UserGuide.md","messageBody":"Include new commands for Group","fileTypesAndContributionMap":{"docs":{"insertions":80,"deletions":0}}},{"hash":"2e7321422371c8cb905f9035478e2ca2c1e63ad5","isMergeCommit":false,"messageTitle":"Create lyndonlim27.md","messageBody":"Create skeletal Project Portfolio Page for Lyndon","fileTypesAndContributionMap":{"docs":{"insertions":26,"deletions":0}}}]},{"date":"2023-02-27","commitResults":[{"hash":"9fd5aa95c42e6eb18af90858006725a63a3034b0","isMergeCommit":false,"messageTitle":"Update UserGuide.md","messageBody":"Remove traces of addressbook","fileTypesAndContributionMap":{"docs":{"insertions":8,"deletions":8}}}]},{"date":"2023-02-28","commitResults":[{"hash":"b4516727963d748e58543f4214517f51959adb87","isMergeCommit":false,"messageTitle":"Update DeveloperGuide.md","messageBody":"Update non-functional requirements","fileTypesAndContributionMap":{"docs":{"insertions":8,"deletions":3}}},{"hash":"b6335f54d95070552b16ea600c84c8da34155059","isMergeCommit":true,"messageTitle":"Merge branch \u0027AY2223S2-CS2103T-T09-2:master\u0027 into DeveloperGuide","messageBody":"","fileTypesAndContributionMap":{}},{"hash":"d7f1dc1ed8b15a5d141f3cd4bd898134edae03d6","isMergeCommit":true,"messageTitle":"Merge pull request #31 from Alvozyn/master","messageBody":"Update Target user profile in DeveloperGuide.md","fileTypesAndContributionMap":{}},{"hash":"d73e1e3622159accff4d56ef2044af80366652d5","isMergeCommit":true,"messageTitle":"Merge branch \u0027AY2223S2-CS2103T-T09-2:master\u0027 into DeveloperGuide","messageBody":"","fileTypesAndContributionMap":{}}]},{"date":"2023-03-05","commitResults":[{"hash":"5114cb3122a818a53c92f906694d9b50c5e11399","isMergeCommit":false,"messageTitle":"Add Group, UniqueGroupList class and Group exceptions","messageBody":"- Add and remove group function for Person class\n- Add and remove group function for UniqueGroupList class\n- Add exceptions for group:\n\t1. DuplicateGroupException\n\t\t- When creating a group with the same name\n\t2. GroupNotFoundException\n\t3. PersonAlreadyInGroupException\n\t4. PersonNotInGroupException\n","fileTypesAndContributionMap":{"functional-code":{"insertions":182,"deletions":0}}},{"hash":"6bc6394c1949f60b2ba6cd37813a23cfd736765c","isMergeCommit":false,"messageTitle":"Fix styling issues","messageBody":"","fileTypesAndContributionMap":{"functional-code":{"insertions":13,"deletions":7}}}]},{"date":"2023-03-08","commitResults":[{"hash":"2741c1faed7d6fc9000e472fd8efb35e3b36611f","isMergeCommit":false,"messageTitle":"Add Test for Group and UniqueGroupList","messageBody":"","fileTypesAndContributionMap":{"functional-code":{"insertions":5,"deletions":4},"test-code":{"insertions":65,"deletions":0}}},{"hash":"94ac782d24216d9fc1fc2cd8dd16ddc8a0b0887a","isMergeCommit":false,"messageTitle":"Fix checkstyle errors","messageBody":"","fileTypesAndContributionMap":{"test-code":{"insertions":7,"deletions":9}}}]},{"date":"2023-03-09","commitResults":[{"hash":"bedde55eaeb89e265fd3a64f23131d9e81fc4a95","isMergeCommit":false,"messageTitle":"Add tests for exceptions","messageBody":"","fileTypesAndContributionMap":{"functional-code":{"insertions":2,"deletions":2},"test-code":{"insertions":41,"deletions":0}}},{"hash":"8ed0794eb7e82c02551fa3a57812827287f2350d","isMergeCommit":false,"messageTitle":"Add methods to AddressBook, Model and ModelManager","messageBody":"- Add group to UniqueGroupList\n- Remove group from UniqueGroupList\n- Add group into Person\n- Remove group from Person\n","fileTypesAndContributionMap":{"functional-code":{"insertions":89,"deletions":1},"test-code":{"insertions":22,"deletions":0}}},{"hash":"602b55c89e3ca76fbbdae8f346bf2690976bc595","isMergeCommit":false,"messageTitle":"Add tests for AddressBook","messageBody":"","fileTypesAndContributionMap":{"functional-code":{"insertions":16,"deletions":2},"test-code":{"insertions":38,"deletions":0}}},{"hash":"51c01c16746893ee3fa858beebff5edb9747f208","isMergeCommit":false,"messageTitle":"Modify tests for addressbook","messageBody":"","fileTypesAndContributionMap":{"test-code":{"insertions":3,"deletions":3}}},{"hash":"3201ad4769a61c5912625697a4a526f753e2f549","isMergeCommit":false,"messageTitle":"Fix checkstyle errors","messageBody":"","fileTypesAndContributionMap":{"test-code":{"insertions":3,"deletions":3}}}]},{"date":"2023-03-10","commitResults":[{"hash":"ecff9139cb4d31389ba72558040f50d0f4827760","isMergeCommit":false,"messageTitle":"Modify delete method in AddressBook, Model and model manager","messageBody":"As the addressbook has reference to person list, it should check who is in the specified group and pass that Set of persons to UniqueGroupList\n","fileTypesAndContributionMap":{"functional-code":{"insertions":12,"deletions":7},"test-code":{"insertions":2,"deletions":4}}}]},{"date":"2023-03-11","commitResults":[{"hash":"346a5d729293402d258d7fb12214c6b51de1a3fb","isMergeCommit":true,"messageTitle":"Merge branch \u0027AY2223S2-CS2103T-T09-2:master\u0027 into Group-Branch","messageBody":"","fileTypesAndContributionMap":{}},{"hash":"109f6ed40fd52875ebe7ee1e2caf7383418b6098","isMergeCommit":false,"messageTitle":"Add JsonAdapted Group and update UI and storage","messageBody":"","fileTypesAndContributionMap":{"functional-code":{"insertions":205,"deletions":19},"test-code":{"insertions":111,"deletions":50}}}]},{"date":"2023-03-12","commitResults":[{"hash":"1529d981573c0fc2f1672497a7498462c6ca07cf","isMergeCommit":true,"messageTitle":"Merge pull request #46 from edures888/branch-groupModel","messageBody":"Update group-related models","fileTypesAndContributionMap":{}}]},{"date":"2023-03-13","commitResults":[{"hash":"8cd186d8be99db4d7b560a081a0eb85960d7da14","isMergeCommit":true,"messageTitle":"Merge pull request #38 from edures888/branch-group","messageBody":"Add command classes and command parser classes for group commands","fileTypesAndContributionMap":{}},{"hash":"b45271e7fe4168ca83bf84e1b1397a8b033cb2be","isMergeCommit":false,"messageTitle":"Add more Tests","messageBody":"","fileTypesAndContributionMap":{"test-code":{"insertions":41,"deletions":0}}},{"hash":"48d5d63d6a0d757ac3893b95d9a70e2a055db814","isMergeCommit":false,"messageTitle":"Add more test and modify UI","messageBody":"","fileTypesAndContributionMap":{"functional-code":{"insertions":38,"deletions":15},"test-code":{"insertions":23,"deletions":0}}},{"hash":"b16f5f536b8138cf377d01001948e3423d12eb48","isMergeCommit":false,"messageTitle":"Modify SampleDataUtil and Model Manager","messageBody":"Modify SampleDataUtil\n- Include groups as current addressbook.json file does not work with the addition of groups\n\nModify ModelManager\n- After deleting a group, changes are only reflected in the Group Panel. Changes can only be seen in Person Panel after user input list\n- Modified to ensure changes are reflected in Group Panel and Person Panel\n","fileTypesAndContributionMap":{"functional-code":{"insertions":7,"deletions":6}}},{"hash":"ac170ce4853bc32cd78265233f761fba8a3807d7","isMergeCommit":true,"messageTitle":"Merge branch \u0027AY2223S2-CS2103T-T09-2:master\u0027 into Group-Branch","messageBody":"","fileTypesAndContributionMap":{}}]},{"date":"2023-03-14","commitResults":[{"hash":"7b0fc596066df2c5a9ca7a270a66bb5cec84b980","isMergeCommit":false,"messageTitle":"Fix bug","messageBody":"- Users were able to add a person to a group that did not exist\n","fileTypesAndContributionMap":{"functional-code":{"insertions":8,"deletions":0},"test-code":{"insertions":26,"deletions":12}}}]},{"date":"2023-03-17","commitResults":[{"hash":"25d1cf6e33fc5948954be441e19045f704a8dc23","isMergeCommit":true,"messageTitle":"Merge pull request #57 from edures888/branch-group-tweaks","messageBody":"Update group commands to follow underscore format","fileTypesAndContributionMap":{}}]},{"date":"2023-03-18","commitResults":[{"hash":"3396215a9358ec7b51fc9d9b4978988b78ebf0fb","isMergeCommit":true,"messageTitle":"Merge pull request #53 from clydelhui/branch-eventlist","messageBody":"Add Event Lists to Model and Ui","fileTypesAndContributionMap":{}},{"hash":"141fa94d6944610ee3ab41e476b97b9f39569f2e","isMergeCommit":false,"messageTitle":"Modify edit command","messageBody":"- Users had to retype all existing groups/tags in order to add in new groups/tags\n- Edit command now has a new prefix o/ which represents an overwrite flag\n- Excluding o/ prefix allows users to append their new groups/tags instead of overwriting it\n- Including o/prefix allows users to overwrite existing groups/tags\n","fileTypesAndContributionMap":{"functional-code":{"insertions":47,"deletions":10},"test-code":{"insertions":25,"deletions":25}}},{"hash":"ee17e4deba8be8ef5b9795e16022a3a015603379","isMergeCommit":false,"messageTitle":"Add tests for EditCommand","messageBody":"","fileTypesAndContributionMap":{"test-code":{"insertions":19,"deletions":0}}},{"hash":"d5c8143dbf5b2ee3e09f5900e9340e91e49db99e","isMergeCommit":false,"messageTitle":"Fix checkstyle error","messageBody":"","fileTypesAndContributionMap":{"test-code":{"insertions":2,"deletions":3}}}]},{"date":"2023-03-19","commitResults":[{"hash":"497d2ddc42234664abe74054fb1709ee65cfeb42","isMergeCommit":false,"messageTitle":"Modify EditCommand and add more tests","messageBody":"- Changed prefix o/ to m/ which stands for merge\n- Existing values will be overwrriten by default unless prefix m/ is present which appends groups/tags instead\n- Add more tests for EditCommand\n","fileTypesAndContributionMap":{"functional-code":{"insertions":18,"deletions":18},"test-code":{"insertions":89,"deletions":27}}},{"hash":"2eecc12a6411d050d2660bb5718a4575d3cf3dbc","isMergeCommit":true,"messageTitle":"Merge branch \u0027AY2223S2-CS2103T-T09-2:master\u0027 into Group-BranchTag-EditCommand","messageBody":"","fileTypesAndContributionMap":{}},{"hash":"03320d595c32c0a6d36d5529656a29fc218af847","isMergeCommit":false,"messageTitle":"Update UserGuide.md","messageBody":"Change commands for groups","fileTypesAndContributionMap":{"docs":{"insertions":34,"deletions":52}}},{"hash":"142f43758610a8d3c1577ff11c22f2f28d0173ef","isMergeCommit":false,"messageTitle":"Update UserGuide.md","messageBody":"Fix typos","fileTypesAndContributionMap":{"docs":{"insertions":2,"deletions":2}}},{"hash":"fb6f24309721ea241e62a69be6b96927f39df671","isMergeCommit":false,"messageTitle":"Update UserGuide.md","messageBody":"","fileTypesAndContributionMap":{"docs":{"insertions":2,"deletions":2}}}]},{"date":"2023-03-20","commitResults":[{"hash":"26d4ccabff498cc2872b0c3cf9dddc92015d8bd7","isMergeCommit":true,"messageTitle":"Merge branch \u0027AY2223S2-CS2103T-T09-2:master\u0027 into Group-BranchTag-EditCommand","messageBody":"","fileTypesAndContributionMap":{}},{"hash":"e2e8c43cee72c29f82b1c0ffcd3b1670964c2136","isMergeCommit":false,"messageTitle":"Modify EditCommand, EditCommandParser and Tag model","messageBody":"- Move the checking of merging tags/groups without input into EditCommandParser instead\n- Allow tags to have whitespace now\n","fileTypesAndContributionMap":{"functional-code":{"insertions":16,"deletions":15},"test-code":{"insertions":106,"deletions":85}}},{"hash":"7cb3819a6f1f5c433b48795ccbc71193cde8f5c6","isMergeCommit":false,"messageTitle":"Modify tags in test","messageBody":"- As we redefined tags to be a remark, it is better to change it to a remark instead of a group\n","fileTypesAndContributionMap":{"test-code":{"insertions":3,"deletions":3}}}]},{"date":"2023-03-21","commitResults":[{"hash":"72c9e7e8be6e355db34da70e85e0b05370af913d","isMergeCommit":false,"messageTitle":"Fixed Group bug","messageBody":"- Able to add a person to a non-existing group\n","fileTypesAndContributionMap":{"functional-code":{"insertions":9,"deletions":0},"test-code":{"insertions":13,"deletions":0}}},{"hash":"58eb7e8713158d64d0eefe33b9bcb67ab819c0f8","isMergeCommit":true,"messageTitle":"Merge branch \u0027AY2223S2-CS2103T-T09-2:master\u0027 into Group-BranchTag-EditCommand","messageBody":"","fileTypesAndContributionMap":{}}]},{"date":"2023-03-22","commitResults":[{"hash":"36466618947ad9fdf36f49ef3420dfc6e91a625c","isMergeCommit":false,"messageTitle":"Update index.md","messageBody":"","fileTypesAndContributionMap":{"docs":{"insertions":5,"deletions":3}}},{"hash":"5a2231daf61afecaaf0d701dddb54bae1ddd2165","isMergeCommit":false,"messageTitle":"Modified UML class diagram for UI","messageBody":"","fileTypesAndContributionMap":{"docs":{"insertions":7,"deletions":0}}}]},{"date":"2023-03-23","commitResults":[{"hash":"fd79aa75d8208f69cb16c5bd9e5f7e9533a81ca3","isMergeCommit":false,"messageTitle":"Update DG for EditCommand","messageBody":"","fileTypesAndContributionMap":{"docs":{"insertions":211,"deletions":1}}},{"hash":"a4a31106e5ff2cc634989981388016dcf716f004","isMergeCommit":false,"messageTitle":"Fix EOF newline for puml","messageBody":"","fileTypesAndContributionMap":{"docs":{"insertions":3,"deletions":11}}},{"hash":"5b436854593ff4553c9e81248ba0ce78a061643e","isMergeCommit":false,"messageTitle":"Modify DG","messageBody":"- Class diagram is not useful for implementation as the component section has an overview of it already\n","fileTypesAndContributionMap":{"docs":{"insertions":25,"deletions":74}}},{"hash":"d8a0a2dcd5e500da2e2d78562f9bd2220701645b","isMergeCommit":false,"messageTitle":"Update difference between existing EditCommand and edit command for events","messageBody":"","fileTypesAndContributionMap":{"docs":{"insertions":4,"deletions":0}}},{"hash":"0db30ece4cb1ab9138936460a02e6d2e4752c6b2","isMergeCommit":false,"messageTitle":"Update Class diagram for Model","messageBody":"","fileTypesAndContributionMap":{"docs":{"insertions":5,"deletions":0}}},{"hash":"6dc682e74297999596ea5cede45512af086110bb","isMergeCommit":false,"messageTitle":"Update Class diagram for Storage","messageBody":"","fileTypesAndContributionMap":{"docs":{"insertions":6,"deletions":0}}},{"hash":"c5d26440130b0b19a106ed6fe6b45893178081fa","isMergeCommit":false,"messageTitle":"Modify EditCommandActivityDiagram - Remove redundant states - Make it higher level","messageBody":"","fileTypesAndContributionMap":{"docs":{"insertions":1,"deletions":4}}}]},{"date":"2023-03-25","commitResults":[{"hash":"32853b41da154a2a422e13cfbdccb198e641feba","isMergeCommit":true,"messageTitle":"Merge pull request #69 from Alvozyn/recurringEvents","messageBody":"Fix bug for event list","tags":["v1.3"],"fileTypesAndContributionMap":{}}]},{"date":"2023-03-26","commitResults":[{"hash":"b9698eda14c8f0f385dcbe894443b2f02790a8ee","isMergeCommit":false,"messageTitle":"Update Developer guide","messageBody":"- Edit Activity and sequence diagram for edit command\n- Add documentation for group create command\n","fileTypesAndContributionMap":{"other":{"insertions":1,"deletions":1},"docs":{"insertions":135,"deletions":26}}},{"hash":"59db19e12cfa323c50da712b843bf7b0ca5105e6","isMergeCommit":false,"messageTitle":"Add newline for EOF","messageBody":"","fileTypesAndContributionMap":{"docs":{"insertions":1,"deletions":1}}},{"hash":"553f3552259b89488bc00641ddc61d0348ae842c","isMergeCommit":false,"messageTitle":"Add Group delete feature implementation in DG","messageBody":"","fileTypesAndContributionMap":{"functional-code":{"insertions":1,"deletions":0},"docs":{"insertions":204,"deletions":59}}},{"hash":"6cec42f003da83b24e1860af9ce122dcd691386f","isMergeCommit":false,"messageTitle":"Update DG","messageBody":"- Add implementation for group find feature\n- Fix diagram and explanation errors\n","fileTypesAndContributionMap":{"docs":{"insertions":128,"deletions":14}}},{"hash":"b0837d07c5c250689defb172fd3ef9bf4b1e6087","isMergeCommit":false,"messageTitle":"Fix wrong image name","messageBody":"","fileTypesAndContributionMap":{"docs":{"insertions":1,"deletions":1}}},{"hash":"7b8e2f00c930bdffb9f7c0ab9fc8c69d2e2ef664","isMergeCommit":false,"messageTitle":"Fix typos","messageBody":"","fileTypesAndContributionMap":{"docs":{"insertions":3,"deletions":3}}},{"hash":"44d276d2c4349dd1a8190c0be6ddfe60f71e773b","isMergeCommit":false,"messageTitle":"Fix typo for find command","messageBody":"","fileTypesAndContributionMap":{"docs":{"insertions":3,"deletions":3}}}]},{"date":"2023-03-28","commitResults":[{"hash":"f38b6ce7e2eb67c591e46625b630f06d3355c96e","isMergeCommit":true,"messageTitle":"Merge pull request #77 from gmengqi/branch-docs","messageBody":"resize uml diagram image","fileTypesAndContributionMap":{}}]}],"clydelhui":[{"date":"2023-02-22","commitResults":[{"hash":"8888b762e68050ec7ad88a60b69cd2691ccac6fc","isMergeCommit":false,"messageTitle":"Modify AboutUs.md","messageBody":"","fileTypesAndContributionMap":{"docs":{"insertions":6,"deletions":6}}},{"hash":"14dacc10118ac905b8b34553947f4c261d4b8bbc","isMergeCommit":false,"messageTitle":"Update UI to fit app style","messageBody":"","fileTypesAndContributionMap":{"functional-code":{"insertions":3,"deletions":3},"test-code":{"insertions":1,"deletions":1}}},{"hash":"9264a58de3843a6921521fef49b0dc64f199371b","isMergeCommit":false,"messageTitle":"Update README.md to include icon attribution","messageBody":"","fileTypesAndContributionMap":{"docs":{"insertions":3,"deletions":0}}},{"hash":"0d21e2bb4d8bddee5c7d6e840d6a8e448deb2787","isMergeCommit":false,"messageTitle":"Fix Checkstyle issues","messageBody":"","fileTypesAndContributionMap":{"docs":{"insertions":1,"deletions":2}}},{"hash":"01a25b7b35c52056970a94a53271daa19e9e7274","isMergeCommit":false,"messageTitle":"Add newline to README.md","messageBody":"","fileTypesAndContributionMap":{"docs":{"insertions":1,"deletions":1}}}]},{"date":"2023-02-23","commitResults":[{"hash":"94a8866103cd96d4563d4c9eddfaa1a16f169c9a","isMergeCommit":true,"messageTitle":"Merge pull request #15 from lyndonlim27/master","messageBody":"Update AboutUs.md","fileTypesAndContributionMap":{}}]},{"date":"2023-02-24","commitResults":[{"hash":"3c91b898c205f2b3f2e1172eb124df3bf2ce9a03","isMergeCommit":true,"messageTitle":"Merge pull request #19 from edures888/branch-docs","messageBody":"Add personal information in AboutUs, UserGuide and PPP","fileTypesAndContributionMap":{}}]},{"date":"2023-02-26","commitResults":[{"hash":"49b7849aa3b81098bd00eebf276b3f4576e9fd90","isMergeCommit":false,"messageTitle":"Add clydelhui.md","messageBody":"","fileTypesAndContributionMap":{"docs":{"insertions":22,"deletions":0}}},{"hash":"4816f67ce4a673e600e30ed869001ff853c24daa","isMergeCommit":false,"messageTitle":"Add newline character","messageBody":"","fileTypesAndContributionMap":{"docs":{"insertions":1,"deletions":1}}},{"hash":"dd66e72c9df65f17866e6fa19a8634989b8dd47e","isMergeCommit":true,"messageTitle":"Merge pull request #25 from Alvozyn/master","messageBody":"Update UserGuide.md\r\nLGTM","fileTypesAndContributionMap":{}}]},{"date":"2023-02-28","commitResults":[{"hash":"d4270cc057064c3f702c2b792c949af62884f165","isMergeCommit":true,"messageTitle":"Merge pull request #28 from Alvozyn/master","messageBody":"Update AboutUs and Add PPP\r\nLGTM","fileTypesAndContributionMap":{}},{"hash":"a6d5bc5128535d304cd7ce8a9add7bb7c712b02f","isMergeCommit":false,"messageTitle":"Add Use Cases","messageBody":"","fileTypesAndContributionMap":{"docs":{"insertions":78,"deletions":6}}}]},{"date":"2023-03-08","commitResults":[{"hash":"f0cb1c5ac05b7fd456c69823d82ea8d9ea93912a","isMergeCommit":false,"messageTitle":"Add Events and EventLists","messageBody":"AddressBook does not support Events.\n\nNew objects need to be added to the model to support Events.\n\nLet\u0027s add the basic Event types and EventLists to support future Event\ncommands.\n","fileTypesAndContributionMap":{"functional-code":{"insertions":150,"deletions":0}}},{"hash":"17de3bbf0fed37964d81696377ef767f28ed73a2","isMergeCommit":false,"messageTitle":"Add tests for EventLists","messageBody":"","fileTypesAndContributionMap":{"test-code":{"insertions":82,"deletions":0}}},{"hash":"fbbe31ccb7f370571fbc049a5c2b6c363458d9ff","isMergeCommit":false,"messageTitle":"Fix typo","messageBody":"","fileTypesAndContributionMap":{"test-code":{"insertions":1,"deletions":1}}}]},{"date":"2023-03-11","commitResults":[{"hash":"102c7df4104c4f5de1cf0cc6eb2a8f7f9bd057c8","isMergeCommit":true,"messageTitle":"Merge pull request #43 from gmengqi/branch-non-recurring-event","messageBody":"implement IsolatedEvent command, add IsolatedEvent\r\n\r\nLGTM! Thanks for all the hard work 💪 ","fileTypesAndContributionMap":{}}]},{"date":"2023-03-13","commitResults":[{"hash":"93221ee52fd953f90c8c2534900f01638a315adf","isMergeCommit":false,"messageTitle":"Merge with latest master","messageBody":"","fileTypesAndContributionMap":{"functional-code":{"insertions":18,"deletions":12},"test-code":{"insertions":2,"deletions":1}}},{"hash":"03d842bf0d3c59e2740f0a345a0d8fff66007d21","isMergeCommit":true,"messageTitle":"Merge pull request #47 from gmengqi/branch-non-recurring-event","messageBody":"Implement delete feature for isolated event command\r\nLGTM! Good work!","fileTypesAndContributionMap":{}},{"hash":"8166ff8b9d5358a223cc88f72e87c9eca69f5759","isMergeCommit":true,"messageTitle":"Merge pull request #42 from Alvozyn/recurringEvents","messageBody":"Add Recurring events and the logic for it\r\nLGTM! Thanks for the good work!","fileTypesAndContributionMap":{}}]},{"date":"2023-03-14","commitResults":[{"hash":"8fd68edaf8928bfaa4ce88de4c87340bdf2f8329","isMergeCommit":true,"messageTitle":"Merge with master","messageBody":"","fileTypesAndContributionMap":{}},{"hash":"6b93a0e59425ff8f8b035c8b79dacb82458b7785","isMergeCommit":false,"messageTitle":"Merge with stashed changes","messageBody":"","fileTypesAndContributionMap":{"functional-code":{"insertions":1,"deletions":2},"test-code":{"insertions":4,"deletions":0}}},{"hash":"a50f1e49a42e4b01157b4120f2d4d3f289e6ce6b","isMergeCommit":false,"messageTitle":"Modify JavaFX","messageBody":"","fileTypesAndContributionMap":{"functional-code":{"insertions":49,"deletions":22},"test-code":{"insertions":0,"deletions":4}}}]},{"date":"2023-03-15","commitResults":[{"hash":"de83cf5d1aea1264b834ccebacd3cc9b21043742","isMergeCommit":false,"messageTitle":"Add event lists to PersonCard, bug fixes","messageBody":"","fileTypesAndContributionMap":{"functional-code":{"insertions":35,"deletions":21}}},{"hash":"0ac92496b449c75bfd5d042675286e8fa44cb821","isMergeCommit":true,"messageTitle":"Merge with master branch","messageBody":"","fileTypesAndContributionMap":{}}]},{"date":"2023-03-16","commitResults":[{"hash":"d440da3b0161773629f0c0cd97c2f140d126e482","isMergeCommit":false,"messageTitle":"Add Json support for Events, bug fixes","messageBody":"","fileTypesAndContributionMap":{"functional-code":{"insertions":189,"deletions":67}}}]},{"date":"2023-03-17","commitResults":[{"hash":"4831c9abb331231a4922eb004b0ce56fc659ffb4","isMergeCommit":false,"messageTitle":"Fix test cases, bug fixes","messageBody":"","fileTypesAndContributionMap":{"functional-code":{"insertions":23,"deletions":6},"test-code":{"insertions":60,"deletions":21}}},{"hash":"e69e4d593482aabc97fbdb40dc64d18613dff9f9","isMergeCommit":true,"messageTitle":"Merge with upstream master","messageBody":"","fileTypesAndContributionMap":{}},{"hash":"d08e6333b8bff56059fb09171ceb83bb90eb785a","isMergeCommit":false,"messageTitle":"Change constructor to accept Set","messageBody":"","fileTypesAndContributionMap":{"functional-code":{"insertions":29,"deletions":24},"test-code":{"insertions":9,"deletions":10}}},{"hash":"8a4fb3e188731b4a675c150e01d5fa9277509f51","isMergeCommit":true,"messageTitle":"Merge with master","messageBody":"","fileTypesAndContributionMap":{}}]},{"date":"2023-03-22","commitResults":[{"hash":"9be7148c9f06f1e76258bd77e54c1cd029e68431","isMergeCommit":false,"messageTitle":"Modify event commands to update UniquePersonList","messageBody":"","fileTypesAndContributionMap":{"functional-code":{"insertions":6,"deletions":0}}},{"hash":"c6cd04ac257832bfd6e571213128a252605524b1","isMergeCommit":true,"messageTitle":"Merge branch \u0027master\u0027 into branch-eventlist","messageBody":"","fileTypesAndContributionMap":{}},{"hash":"757bd63b77ff191324b0afdb3f9cf599b2cf3bde","isMergeCommit":false,"messageTitle":"Update Javadocs to pass Checkstyle","messageBody":"","fileTypesAndContributionMap":{"functional-code":{"insertions":13,"deletions":3}}},{"hash":"a497d5f7488551b3390bb9471bec983fad0a3807","isMergeCommit":true,"messageTitle":"Merge pull request #64 from Alvozyn/recurringEvents","messageBody":"Update Userguide.md based on reviews and suggestions given\r\n\r\nLGTM! Great work!","fileTypesAndContributionMap":{}},{"hash":"00b6a428e36b611b761057d5a02d610944a93bbb","isMergeCommit":true,"messageTitle":"Merge pull request #67 from lyndonlim27/Group-BranchTag-EditCommand","messageBody":"Fixed Group bug","fileTypesAndContributionMap":{}}]},{"date":"2023-03-26","commitResults":[{"hash":"9a5befde27a23444e59d55e4af4f91270ec4d44a","isMergeCommit":true,"messageTitle":"Merge pull request #73 from gmengqi/branch-docs","messageBody":"Added EditIsolatedEventCommand and AddIsolatedEventCommand write up for DG","fileTypesAndContributionMap":{}}]}]},"authorFileTypeContributionMap":{"Alvozyn":{"docs":132,"functional-code":1125,"test-code":578},"gmengqi":{"docs":351,"functional-code":760,"test-code":483},"edures888":{"docs":36,"functional-code":756,"test-code":865,"other":1},"lyndonlim27":{"docs":648,"functional-code":565,"test-code":450,"other":1},"clydelhui":{"docs":105,"functional-code":372,"test-code":113}},"authorContributionVariance":{"Alvozyn":32564.041,"gmengqi":17767.95,"edures888":60851.594,"lyndonlim27":16805.65,"clydelhui":3705.3745},"authorDisplayNameMap":{"Alvozyn":"CS2103T-T09-2 KRIS..A YI","gmengqi":"CS2103T-T09-2 GAO ..NGQI","edures888":"CS2103T-T09-2 DU J..AHUA","lyndonlim27":"CS2103T-T09-2 LYND.. HNG","clydelhui":"CS2103T-T09-2 LHUI..LYDE"}}
