{"authorDailyContributionsMap":{"venuslimm":[{"date":"2023-02-23","commitResults":[{"hash":"e8ac92f9108f836924b87acbc0798457d18092bc","isMergeCommit":false,"messageTitle":"Update README.md","messageBody":"Update GitHub Actions build status badge and acknowledge the original source code","fileTypesAndContributionMap":{"docs":{"insertions":3,"deletions":1}}},{"hash":"0df40fc083c55f758dcc7d8beb43754e4022ee5e","isMergeCommit":true,"messageTitle":"Merge branch \u0027master\u0027 into branch-week-7","messageBody":"","fileTypesAndContributionMap":{}},{"hash":"4d085da9ab3daefb897f6774cdcc92113f54608a","isMergeCommit":true,"messageTitle":"Merge pull request #10 from jerome-neo/branch-week-7","messageBody":"Update team information and images","fileTypesAndContributionMap":{}},{"hash":"4c9631283305103b025d84f8ae5f4e66de65ea79","isMergeCommit":false,"messageTitle":"Update venuslimm.md to complete Week 7 tp task number 4","messageBody":"","fileTypesAndContributionMap":{"docs":{"insertions":28,"deletions":30}}},{"hash":"8562241ac12a5fd40e49b3bf9f75ae15fde2c0ee","isMergeCommit":true,"messageTitle":"Merge branch \u0027branch-PPP\u0027","messageBody":"* branch-PPP:\n  Update venuslimm.md to complete Week 7 tp task number 4\n","fileTypesAndContributionMap":{}}]},{"date":"2023-02-26","commitResults":[{"hash":"f1160f7520ba8dd77e8ba693e1b6da3c7709547b","isMergeCommit":true,"messageTitle":"Merge pull request #14 from Irminrics/master","messageBody":"Update Irminrics.md","fileTypesAndContributionMap":{}}]},{"date":"2023-02-27","commitResults":[{"hash":"515d12c1224e3e5270393851229091ac19a54c6d","isMergeCommit":true,"messageTitle":"Merge pull request #15 from Irminrics/master","messageBody":"Update UserGuide.md and DeveloperGuide.md","fileTypesAndContributionMap":{}},{"hash":"e74e77ea267ef260ee618e06983f87f0239da49b","isMergeCommit":true,"messageTitle":"Merge pull request #30 from jerome-neo/branch-week-7","messageBody":"Update UserGuide.md and PPP file","fileTypesAndContributionMap":{}},{"hash":"0151740996c5a83c981db6be5957eab16baf9b41","isMergeCommit":false,"messageTitle":"Add documentation for addevent feature and datetime format to UG","messageBody":"","fileTypesAndContributionMap":{"docs":{"insertions":11,"deletions":0}}},{"hash":"ba0796f7315176fe2c709b35ec76ef0bd6cdb1f1","isMergeCommit":true,"messageTitle":"Merge branch \u0027branch-UG\u0027","messageBody":"* branch-UG:\n  Add documentation for addevent feature and datetime format to UG\n","fileTypesAndContributionMap":{}}]},{"date":"2023-02-28","commitResults":[{"hash":"2cb160949f8da8cd603dfc923350a798aa0a5d65","isMergeCommit":false,"messageTitle":"Add prefixes for addevent command","messageBody":"","fileTypesAndContributionMap":{"functional-code":{"insertions":4,"deletions":0}}},{"hash":"07fe814d23e26b2f4f2566e02bd7bd423ec7ab8f","isMergeCommit":false,"messageTitle":"Add addevent command to the app","messageBody":"","fileTypesAndContributionMap":{"functional-code":{"insertions":432,"deletions":0}}},{"hash":"b4ebbe2f06b307ef01a86d71005b85c6d7f98006","isMergeCommit":false,"messageTitle":"Add tests for addevent command","messageBody":"","fileTypesAndContributionMap":{"test-code":{"insertions":256,"deletions":1}}},{"hash":"72794a9faf56fe8d14829264cecc4cb265a67a98","isMergeCommit":true,"messageTitle":"Merge branch \u0027branch-addevent\u0027","messageBody":"* branch-addevent:\n  Add tests for addevent command\n  Add addevent command to the app\n  Add prefixes for addevent command\n","fileTypesAndContributionMap":{}}]},{"date":"2023-03-01","commitResults":[{"hash":"f315f5f94ea4b2079f2f88238b9c0f3cd8dbec86","isMergeCommit":false,"messageTitle":"Revert \"Merge branch \u0027branch-addevent\u0027\"","messageBody":"This reverts commit 72794a9faf56fe8d14829264cecc4cb265a67a98, reversing\nchanges made to ba0796f7315176fe2c709b35ec76ef0bd6cdb1f1.\n","fileTypesAndContributionMap":{"functional-code":{"insertions":0,"deletions":436},"test-code":{"insertions":1,"deletions":256}}}]},{"date":"2023-03-02","commitResults":[{"hash":"70051331e6763d373925c1c5a142e05c00318955","isMergeCommit":true,"messageTitle":"Merge pull request #34 from Irminrics/branch-PPP","messageBody":"Change PPP and image name format","fileTypesAndContributionMap":{}},{"hash":"53796b6c0fda28adce0bad1811bc4dacc18d623c","isMergeCommit":false,"messageTitle":"Update test for ModelManager","messageBody":"","fileTypesAndContributionMap":{"functional-code":{"insertions":11,"deletions":0},"test-code":{"insertions":20,"deletions":1}}},{"hash":"46a4e01fdaad2b46c11d246106b2732cc67f39ad","isMergeCommit":false,"messageTitle":"Update test for AddressBook","messageBody":"","fileTypesAndContributionMap":{"functional-code":{"insertions":16,"deletions":0},"test-code":{"insertions":17,"deletions":0}}},{"hash":"79415db50c7552f9d7a7a94d030578ca2e775f2d","isMergeCommit":false,"messageTitle":"Update test for ParserUtil","messageBody":"","fileTypesAndContributionMap":{"test-code":{"insertions":54,"deletions":0}}},{"hash":"33d1a53ec783f9f0bf385d672833d0f70294098c","isMergeCommit":false,"messageTitle":"Update test for AddCommand","messageBody":"","fileTypesAndContributionMap":{"test-code":{"insertions":5,"deletions":1}}}]},{"date":"2023-03-03","commitResults":[{"hash":"297e7f6991dc29d6ff04f56e00d37ac3823a12f8","isMergeCommit":false,"messageTitle":"Update test for AddEventCommand","messageBody":"","fileTypesAndContributionMap":{"test-code":{"insertions":182,"deletions":0}}},{"hash":"5687ca7c6e6cd30b1bf74f1f0b2221a73d266985","isMergeCommit":false,"messageTitle":"Add test for AddEventCommandParser","messageBody":"","fileTypesAndContributionMap":{"test-code":{"insertions":120,"deletions":0}}},{"hash":"794ea777ddef0e8fd4285d08434d710154b4cdff","isMergeCommit":false,"messageTitle":"Add input restrictions for the addevent command","messageBody":"","fileTypesAndContributionMap":{"docs":{"insertions":4,"deletions":0}}},{"hash":"b71b942ec0600b106d891eebd043c68e5430db04","isMergeCommit":true,"messageTitle":"Merge remote-tracking branch \u0027origin/master\u0027 into branch-addevent","messageBody":"# Conflicts:\n#\tsrc/main/java/seedu/address/model/AddressBook.java\n#\tsrc/main/java/seedu/address/model/Model.java\n#\tsrc/main/java/seedu/address/model/ModelManager.java\n#\tsrc/main/java/seedu/address/model/event/UniqueEventList.java\n#\tsrc/test/java/seedu/address/logic/commands/AddCommandTest.java\n#\tsrc/test/java/seedu/address/logic/commands/AddEventCommandTest.java\n","fileTypesAndContributionMap":{}},{"hash":"cd0db122d847c8b58a654ac60ec7159b123d1b8e","isMergeCommit":false,"messageTitle":"Add test for Event","messageBody":"","fileTypesAndContributionMap":{"test-code":{"insertions":32,"deletions":0}}},{"hash":"2f22631616adea0fd0bbf90e90a91018608ce03d","isMergeCommit":false,"messageTitle":"Add test for UniqueEventList","messageBody":"","fileTypesAndContributionMap":{"test-code":{"insertions":55,"deletions":0}}}]},{"date":"2023-03-04","commitResults":[{"hash":"9856f1c7ea28b8a9a6dd57cb0dfd62b0b428774d","isMergeCommit":false,"messageTitle":"Edit all the incorrect javadocs","messageBody":"","fileTypesAndContributionMap":{"functional-code":{"insertions":2,"deletions":2},"test-code":{"insertions":1,"deletions":1}}}]},{"date":"2023-03-05","commitResults":[{"hash":"4ed17c01040d461754b8a658c4d3e6d4635c9d19","isMergeCommit":true,"messageTitle":"Merge pull request #40 from Irminrics/branch-duplicate-events","messageBody":"Validate duplicate event","fileTypesAndContributionMap":{}}]},{"date":"2023-03-06","commitResults":[{"hash":"42bfc81e58db9889df929e0af479e3b898ad7dd2","isMergeCommit":true,"messageTitle":"Merge pull request #41 from Irminrics/branch-duplicate-events","messageBody":"Change duplicate event validation","fileTypesAndContributionMap":{}},{"hash":"2ad2ff50ef2589203e65978bca9ed57842aa2864","isMergeCommit":true,"messageTitle":"Merge pull request #39 from inas0ng/add-listevent-delevent","messageBody":"Add listevent and delevent commands with test cases","fileTypesAndContributionMap":{}},{"hash":"80efedec6d842538887b2318af4dae22e53a1c47","isMergeCommit":true,"messageTitle":"Merge pull request #42 from inas0ng/update-readme","messageBody":"Update README.md","fileTypesAndContributionMap":{}}]},{"date":"2023-03-09","commitResults":[{"hash":"b5e69db49281f71c9ff262bdc238afb2d106cdda","isMergeCommit":true,"messageTitle":"Merge pull request #49 from Irminrics/branch-ui","messageBody":"Update UI","fileTypesAndContributionMap":{}}]},{"date":"2023-03-17","commitResults":[{"hash":"68574633f1e6609b8a5d7a09196dfeca6a3218c0","isMergeCommit":true,"messageTitle":"Merge pull request #54 from AY2223S2-CS2103-W16-3/update-dg-v1.3-userstories","messageBody":"Update DeveloperGuide.md","fileTypesAndContributionMap":{}}]},{"date":"2023-03-18","commitResults":[{"hash":"9ab107263517bc738d45413666bc0ebc0ce71f19","isMergeCommit":true,"messageTitle":"Merge pull request #55 from inas0ng/master","messageBody":"Add editevent command and its test cases","fileTypesAndContributionMap":{}}]},{"date":"2023-03-20","commitResults":[{"hash":"fdd892e85704a50a30d201d2d925474749de09c4","isMergeCommit":false,"messageTitle":"Update ModelClassDiagram","messageBody":"","fileTypesAndContributionMap":{"docs":{"insertions":16,"deletions":4}}},{"hash":"3a3fc5c8eecf378b4e812c1ede9067f73c99df24","isMergeCommit":false,"messageTitle":"Update contents under Model component section","messageBody":"","fileTypesAndContributionMap":{"docs":{"insertions":2,"deletions":7}}},{"hash":"8f1c39bb0801f0d81dc38c60c8a162e12a150e7c","isMergeCommit":true,"messageTitle":"Merge pull request #60 from Irminrics/branch-ui","messageBody":"QoL fixes for UI","tags":["v1.2.1"],"fileTypesAndContributionMap":{}},{"hash":"e8b78c3cedc1e742cb6cd2c67241a51c036b5be0","isMergeCommit":true,"messageTitle":"Merge pull request #65 from Irminrics/branch-ui-class-diagram","messageBody":"Update UiClassDiagram","fileTypesAndContributionMap":{}}]},{"date":"2023-03-21","commitResults":[{"hash":"e2317d13bc7e2c3b0db96694fa589966ee56e608","isMergeCommit":false,"messageTitle":"Rename FindEventTest to FindEventCommandTest","messageBody":"","fileTypesAndContributionMap":{"other":{"insertions":1,"deletions":1}}},{"hash":"a0960a372303eefbe7a03d151728a400c274ab40","isMergeCommit":false,"messageTitle":"Change variable of dateTime from String to LocalDateTime","messageBody":"","fileTypesAndContributionMap":{"functional-code":{"insertions":10,"deletions":7},"test-code":{"insertions":2,"deletions":2}}},{"hash":"35862c21249d00d95ab1880e85c3967eb8321dde","isMergeCommit":false,"messageTitle":"Add sortevent based on event name and start and end date time","messageBody":"","fileTypesAndContributionMap":{"functional-code":{"insertions":223,"deletions":2},"test-code":{"insertions":172,"deletions":0}}},{"hash":"287a288db74e3231cfd303ef1ac8c11e84dd8b27","isMergeCommit":false,"messageTitle":"Modify to allow user to sort only when the list has more than one event","messageBody":"","fileTypesAndContributionMap":{"functional-code":{"insertions":7,"deletions":2}}},{"hash":"a57df5dd954c42f9210d04891c304d06c30869d3","isMergeCommit":true,"messageTitle":"Merge pull request #67 from Irminrics/branch-developer-guide","messageBody":"Update DeveloperGuide.md","fileTypesAndContributionMap":{}}]},{"date":"2023-03-22","commitResults":[{"hash":"dc86062584e2514a7e9ba2726a21fc8048bd577b","isMergeCommit":false,"messageTitle":"Correct JavaDoc for SortComparatorException.java","messageBody":"","fileTypesAndContributionMap":{"functional-code":{"insertions":1,"deletions":2}}},{"hash":"64f6f2365bd869e6a3c90d8ccd9820d3a1441d67","isMergeCommit":false,"messageTitle":"Add SortEvent feature in DG","messageBody":"","fileTypesAndContributionMap":{"docs":{"insertions":88,"deletions":0}}},{"hash":"5d276a983a1b4b7df1c4185c088baa2e2436e610","isMergeCommit":false,"messageTitle":"Add AddEvent feature in DG","messageBody":"","fileTypesAndContributionMap":{"docs":{"insertions":135,"deletions":0}}}]},{"date":"2023-03-23","commitResults":[{"hash":"a8d586738d3ae994414b8db0728ac3d2e84ca391","isMergeCommit":false,"messageTitle":"Reset sorting to default for other commands","messageBody":"","fileTypesAndContributionMap":{"functional-code":{"insertions":1,"deletions":0}}},{"hash":"f43a24db2e092b43ff91510162f249ce8b8f1a05","isMergeCommit":false,"messageTitle":"Change use of String to use of constant String","messageBody":"","fileTypesAndContributionMap":{"functional-code":{"insertions":2,"deletions":2}}}]},{"date":"2023-03-24","commitResults":[{"hash":"290061cdb9d9897fe44aa3a31da6c579ad0d44f2","isMergeCommit":false,"messageTitle":"Update AddEventSequenceDiagram to remove unnecessary details","messageBody":"","fileTypesAndContributionMap":{"docs":{"insertions":10,"deletions":34}}},{"hash":"8c6d162a8c07319f250ea28d60a051c63dfe0a55","isMergeCommit":false,"messageTitle":"Update ModelClassDiagram to remove visibility","messageBody":"","fileTypesAndContributionMap":{"docs":{"insertions":1,"deletions":1}}},{"hash":"b9a3c682fde45618373a29e1917f55f3373398b5","isMergeCommit":true,"messageTitle":"Merge branch \u0027master\u0027 into branch-DG","messageBody":"","fileTypesAndContributionMap":{}}]},{"date":"2023-03-26","commitResults":[{"hash":"11788a3ba8ecde4f151dd1f04358d5a8f9141134","isMergeCommit":false,"messageTitle":"Reorder contents and add Sort Event feature to UserGuide.md","messageBody":"","fileTypesAndContributionMap":{"docs":{"insertions":76,"deletions":47}}},{"hash":"271554ed77aff572255d9354f0359a02ceb7a393","isMergeCommit":false,"messageTitle":"Update title and CI status and codecov badges","messageBody":"","fileTypesAndContributionMap":{"docs":{"insertions":3,"deletions":3}}}]},{"date":"2023-03-27","commitResults":[{"hash":"cb72c1baafb9cfffc9312b152c212ea6c47d0661","isMergeCommit":false,"messageTitle":"Update success message regarding events","messageBody":"","fileTypesAndContributionMap":{"functional-code":{"insertions":5,"deletions":3}}},{"hash":"1487fa1918568b0eadd2d0720fa389b983f0c3dd","isMergeCommit":false,"messageTitle":"Update message constraints for email","messageBody":"","fileTypesAndContributionMap":{"functional-code":{"insertions":4,"deletions":3}}},{"hash":"3f1494f34142d2c4ab362a399383636db7e16204","isMergeCommit":false,"messageTitle":"Fix bug for sorting events based on end datetimes in ascending order","messageBody":"","fileTypesAndContributionMap":{"functional-code":{"insertions":1,"deletions":1}}},{"hash":"64dd2c694c4362373551b6cf7e6e05fce2b4acab","isMergeCommit":true,"messageTitle":"Merge remote-tracking branch \u0027upstream/master\u0027","messageBody":"","fileTypesAndContributionMap":{}},{"hash":"545e5f8b42b2b8ff4fa7ad77ec8ecd92558434de","isMergeCommit":false,"messageTitle":"Revert \"Fix bug for sorting events based on end datetimes in ascending order\"","messageBody":"This reverts commit 3f1494f34142d2c4ab362a399383636db7e16204.\n","fileTypesAndContributionMap":{"functional-code":{"insertions":1,"deletions":1}}},{"hash":"6daceeea2f701a969ae4f687342158ce1b46eb69","isMergeCommit":true,"messageTitle":"Merge pull request #76 from venuslimm/master","messageBody":"Update messages for email and event and fix bug for sortevent","fileTypesAndContributionMap":{}}]}],"weilin1202":[{"date":"2023-03-01","commitResults":[{"hash":"be5d569ae9da838e9f8690d283e5c17dbf058286","isMergeCommit":false,"messageTitle":"Updated User Guide and PPP","messageBody":"","fileTypesAndContributionMap":{"docs":{"insertions":45,"deletions":30}}},{"hash":"f8571764d1b460831321b05914dc3276bbe922c7","isMergeCommit":false,"messageTitle":"Update User Guide","messageBody":"","fileTypesAndContributionMap":{"docs":{"insertions":9,"deletions":21}}}]},{"date":"2023-03-06","commitResults":[{"hash":"eaf281e684ccf4cd8e796a9684806198ee7ddd1f","isMergeCommit":true,"messageTitle":"Merge branch \u0027AY2223S2-CS2103-W16-3:master\u0027 into master","messageBody":"","fileTypesAndContributionMap":{}},{"hash":"d40dbeb27fb13c6c3af65c0e759dd3d967752066","isMergeCommit":false,"messageTitle":"Update docs/UserGuide.md","messageBody":"Co-authored-by: inas0ng \u003c70128508+inas0ng@users.noreply.github.com\u003e","fileTypesAndContributionMap":{"docs":{"insertions":1,"deletions":1}}},{"hash":"36dadf2e371979db06bf832595eaf71c37ca8877","isMergeCommit":false,"messageTitle":"Update docs/UserGuide.md","messageBody":"Co-authored-by: inas0ng \u003c70128508+inas0ng@users.noreply.github.com\u003e","fileTypesAndContributionMap":{"docs":{"insertions":1,"deletions":1}}},{"hash":"7401222a87ba7337d159ec280d349f9618039177","isMergeCommit":false,"messageTitle":"Update docs/UserGuide.md","messageBody":"Co-authored-by: inas0ng \u003c70128508+inas0ng@users.noreply.github.com\u003e","fileTypesAndContributionMap":{"docs":{"insertions":1,"deletions":1}}},{"hash":"696fa0779af818a600951763e614cd2a45278d31","isMergeCommit":false,"messageTitle":"Update docs/UserGuide.md","messageBody":"Co-authored-by: inas0ng \u003c70128508+inas0ng@users.noreply.github.com\u003e","fileTypesAndContributionMap":{"docs":{"insertions":1,"deletions":1}}},{"hash":"ef8eaef0d42f4ec1eb3dc45ed7f17fb950ae67a3","isMergeCommit":false,"messageTitle":"Update docs/UserGuide.md","messageBody":"Co-authored-by: inas0ng \u003c70128508+inas0ng@users.noreply.github.com\u003e","fileTypesAndContributionMap":{"docs":{"insertions":0,"deletions":1}}}]},{"date":"2023-03-08","commitResults":[{"hash":"ecd06c26abf9e6c5559ea9a63cf31b537ede8ca7","isMergeCommit":false,"messageTitle":"Add the feature to add existing events to contacts","messageBody":"","fileTypesAndContributionMap":{"functional-code":{"insertions":232,"deletions":123},"docs":{"insertions":7,"deletions":7},"test-code":{"insertions":118,"deletions":83}}},{"hash":"98c4e155a70190b78222936a303e530855d71824","isMergeCommit":false,"messageTitle":"Update the sample data event tags","messageBody":"","fileTypesAndContributionMap":{"functional-code":{"insertions":5,"deletions":5}}}]},{"date":"2023-03-10","commitResults":[{"hash":"ecb7952a7e5f7dca13cb9a2a6be4a29e44c03537","isMergeCommit":false,"messageTitle":"Update Checkstyle and tests","messageBody":"","fileTypesAndContributionMap":{"functional-code":{"insertions":76,"deletions":67},"test-code":{"insertions":219,"deletions":83}}},{"hash":"badec267ffa96fb192782b965c1336cbf9f1225d","isMergeCommit":false,"messageTitle":"Update the failed tests","messageBody":"","fileTypesAndContributionMap":{"functional-code":{"insertions":4,"deletions":1},"test-code":{"insertions":8,"deletions":9}}},{"hash":"5ea5c929dabbabcd16413588877a2e1a735c3caf","isMergeCommit":false,"messageTitle":"Update the file with error","messageBody":"","fileTypesAndContributionMap":{"test-code":{"insertions":0,"deletions":1}}}]},{"date":"2023-03-11","commitResults":[{"hash":"35f96a490240ac58c23b3ccdaed144759e26364c","isMergeCommit":false,"messageTitle":"Update failed tests","messageBody":"","fileTypesAndContributionMap":{"test-code":{"insertions":0,"deletions":2}}},{"hash":"4082e78cc1dbfec42e3c1429214495b945a91cef","isMergeCommit":false,"messageTitle":"Update failed json test","messageBody":"","fileTypesAndContributionMap":{"test-code":{"insertions":3,"deletions":3}}}]},{"date":"2023-03-12","commitResults":[{"hash":"286b3ff308072158f8974af3b37e903c4bd390a8","isMergeCommit":false,"messageTitle":"Update failed parser tests","messageBody":"","fileTypesAndContributionMap":{"functional-code":{"insertions":12,"deletions":10},"test-code":{"insertions":5,"deletions":4}}},{"hash":"86bc09b0e3316badf96e38c72a4e9774900c00d1","isMergeCommit":false,"messageTitle":"Update checkstyle","messageBody":"","fileTypesAndContributionMap":{"functional-code":{"insertions":0,"deletions":1},"test-code":{"insertions":0,"deletions":1}}},{"hash":"fa16a05e586f1e14877a5bf18bf1cc2d30d12dc5","isMergeCommit":false,"messageTitle":"Update failed tests","messageBody":"","fileTypesAndContributionMap":{"functional-code":{"insertions":1,"deletions":5},"test-code":{"insertions":9,"deletions":5}}},{"hash":"e5228340f8a4acdd961cd56b6a423399d35177f9","isMergeCommit":false,"messageTitle":"Update error file and checkstyle","messageBody":"","fileTypesAndContributionMap":{"test-code":{"insertions":2,"deletions":3}}},{"hash":"76b59fee02c0dfdbf42a233ae365b3d21ad9d5eb","isMergeCommit":false,"messageTitle":"Update Index file","messageBody":"","fileTypesAndContributionMap":{"functional-code":{"insertions":0,"deletions":5}}},{"hash":"0bf8bd1a9bc63bfef809f648d7661e104bd0d6bf","isMergeCommit":false,"messageTitle":"Remove unused function","messageBody":"","fileTypesAndContributionMap":{"functional-code":{"insertions":0,"deletions":19}}},{"hash":"308bf47aa85a1f143b1d4ad5d3d00c4a1bf180e4","isMergeCommit":false,"messageTitle":"Update bug found in edit command","messageBody":"","fileTypesAndContributionMap":{"functional-code":{"insertions":5,"deletions":3}}}]},{"date":"2023-03-13","commitResults":[{"hash":"53a2d58a94e6d3f541acb8c10ef6732511aad66f","isMergeCommit":false,"messageTitle":"Improve implementation of event set","messageBody":"","fileTypesAndContributionMap":{"functional-code":{"insertions":112,"deletions":235},"test-code":{"insertions":165,"deletions":184}}},{"hash":"db456e1d65a774d053aa7d3eb7828f938132bee8","isMergeCommit":false,"messageTitle":"Update Sample Data file","messageBody":"","fileTypesAndContributionMap":{"functional-code":{"insertions":1,"deletions":2}}},{"hash":"4f59ab44a460e765b769d32134fb32c57dbc4d23","isMergeCommit":false,"messageTitle":"Update javadocs and remove success message for add event to person","messageBody":"","fileTypesAndContributionMap":{"functional-code":{"insertions":8,"deletions":11},"test-code":{"insertions":13,"deletions":37}}},{"hash":"9cc775eeef561a80f1e3fe2f3bdf362885b8e914","isMergeCommit":false,"messageTitle":"Update tests for codecov","messageBody":"","fileTypesAndContributionMap":{"test-code":{"insertions":5,"deletions":2}}},{"hash":"d332958c21ebae47fbc35e602395ef96466d8030","isMergeCommit":false,"messageTitle":"Update tests","messageBody":"","fileTypesAndContributionMap":{"test-code":{"insertions":12,"deletions":1}}},{"hash":"b608e21ea3afd315d3220ed01309af83988f6013","isMergeCommit":false,"messageTitle":"Add test for add command test","messageBody":"","fileTypesAndContributionMap":{"test-code":{"insertions":25,"deletions":1}}},{"hash":"6b5bea02661be6283b561876820221ad8c4bb45d","isMergeCommit":false,"messageTitle":"Update names from event tag to event set","messageBody":"","fileTypesAndContributionMap":{"functional-code":{"insertions":7,"deletions":7},"test-code":{"insertions":19,"deletions":18}}},{"hash":"36a7d266bb2d7c7dbb686c750ac9b6cf50224fb0","isMergeCommit":true,"messageTitle":"Merge pull request #48 from weilin1202/Add-event-to-contact","messageBody":"Add existing event to contact feature ","fileTypesAndContributionMap":{}}]},{"date":"2023-03-18","commitResults":[{"hash":"f03ab4d2a576edc9a9c7f134110e84df4970216b","isMergeCommit":false,"messageTitle":"Add list contacts from event feature","messageBody":"","fileTypesAndContributionMap":{"functional-code":{"insertions":115,"deletions":0},"docs":{"insertions":16,"deletions":2},"test-code":{"insertions":221,"deletions":0}}},{"hash":"b5356c708e34e962e06908e41e2babdcedc69789","isMergeCommit":false,"messageTitle":"Update test name","messageBody":"","fileTypesAndContributionMap":{"test-code":{"insertions":1,"deletions":1}}}]},{"date":"2023-03-19","commitResults":[{"hash":"d402c38fd88788f0467111ed54595c0c7970c091","isMergeCommit":false,"messageTitle":"Update javaDocs and resolve conflicts","messageBody":"","fileTypesAndContributionMap":{"functional-code":{"insertions":1,"deletions":1},"docs":{"insertions":5,"deletions":3}}},{"hash":"4f2fd8ff94c62e10aa8e55cc4c4a843cf63eb38d","isMergeCommit":true,"messageTitle":"Merge branch \u0027master\u0027 into List-event-contacts","messageBody":"","fileTypesAndContributionMap":{}}]},{"date":"2023-03-21","commitResults":[{"hash":"37d9df1937bb68f45fdedaaebf2979c6e0449c31","isMergeCommit":false,"messageTitle":"Update DG for list event contacts feature","messageBody":"","fileTypesAndContributionMap":{"docs":{"insertions":89,"deletions":0}}},{"hash":"f2df3d94bfb54f8c8bea1bb293a82be819e5421b","isMergeCommit":true,"messageTitle":"Merge pull request #64 from venuslimm/branch-DG","messageBody":"Update model component section in DG","fileTypesAndContributionMap":{}},{"hash":"c50208eaefe6d42dcb8ab6935457ea7ab61f9194","isMergeCommit":true,"messageTitle":"Merge pull request #66 from inas0ng/master","messageBody":"Update Name.java and EventName.java to set character limit","fileTypesAndContributionMap":{}}]},{"date":"2023-03-22","commitResults":[{"hash":"674e93f9578fc31cab54878934369fec165979f6","isMergeCommit":false,"messageTitle":"Update DG and the diagram","messageBody":"","fileTypesAndContributionMap":{"docs":{"insertions":10,"deletions":7}}}]},{"date":"2023-03-23","commitResults":[{"hash":"9d474396c472805d362487db070355f3415a5742","isMergeCommit":false,"messageTitle":"Update diagram","messageBody":"","fileTypesAndContributionMap":{"docs":{"insertions":1,"deletions":1}}}]},{"date":"2023-03-24","commitResults":[{"hash":"04938d387c8ad58be005b7a16946cd7883f2af57","isMergeCommit":true,"messageTitle":"Merge pull request #68 from weilin1202/update-DG-list-event-contacts","messageBody":"Update DG for list event contacts feature","fileTypesAndContributionMap":{}}]}],"jerome-neo":[{"date":"2023-02-22","commitResults":[{"hash":"6b856ba09dbd83bb2f4f429ace1e4a93363486e4","isMergeCommit":false,"messageTitle":"Update AboutUs.md","messageBody":"","fileTypesAndContributionMap":{"docs":{"insertions":27,"deletions":27}}},{"hash":"1dbfc26c2f0c0db720950a08051528733c940e5f","isMergeCommit":false,"messageTitle":"Add Ui.png","messageBody":"","fileTypesAndContributionMap":{"docs":{"insertions":81,"deletions":75}}}]},{"date":"2023-02-23","commitResults":[{"hash":"f62ba4fc4a765415ed1070690ddaa0b8b3ac883d","isMergeCommit":false,"messageTitle":"Update team information and images","messageBody":"This commit updates the README.md and docs/AboutUs.md files. Additionally, it renames several image files and updates the corresponding references in the documentation. It also adds files for all team members (.md files). These changes reflect the latest team information and images.\n","fileTypesAndContributionMap":{"docs":{"insertions":213,"deletions":30}}},{"hash":"cd159e1165df0d14be08c2e9db90f413daa96ae0","isMergeCommit":false,"messageTitle":"Rename team members\u0027 images and markdown files to reflect updated names","messageBody":"docs/images/junkang.png -\u003e docs/images/Irminrics.png\ndocs/images/ina.png -\u003e docs/images/inas0ng.png\ndocs/images/jerome.png -\u003e docs/images/jerome-neo.png\ndocs/images/venus.png -\u003e docs/images/venuslimm.png\ndocs/images/weilin.png -\u003e docs/images/weilin1202.png\ndocs/team/johndoe.md -\u003e docs/team/Irminrics.md\n","fileTypesAndContributionMap":{"docs":{"insertions":0,"deletions":0}}},{"hash":"9e1c30f130e8386474a91234bbd4dd9ff034546e","isMergeCommit":true,"messageTitle":"Merge branch \u0027branch-week-7\u0027 of github.com:jerome-neo/tp into branch-week-7","messageBody":"","fileTypesAndContributionMap":{}}]},{"date":"2023-02-26","commitResults":[{"hash":"377fb77de9ee321280c9b5e3750e01cd2b8b0663","isMergeCommit":false,"messageTitle":"Update UserGuide.md and PPP file","messageBody":"Update docs/UserGuide.md with new information on feature listevent\nUpdate docs/team/jerome-neo.md with new placeholders\nThese updates are to fullfill v1.1 requirements.\n","fileTypesAndContributionMap":{"docs":{"insertions":41,"deletions":30}}},{"hash":"1a77ac04a476da16e3e3650a1a6fff182e45675f","isMergeCommit":false,"messageTitle":"Edit eventlist example in UserGuide.md","messageBody":"","fileTypesAndContributionMap":{"docs":{"insertions":1,"deletions":1}}}]},{"date":"2023-03-04","commitResults":[{"hash":"8430934488b7d3f84c11182d80827b45c0ea1828","isMergeCommit":false,"messageTitle":"Add JSON storage and enforce valid date range","messageBody":"- This commit adds support for JSON serialization and deserialization of events.\n- This commit enforces valid date range for the start and end date to be entered.\n- Feedback to user if the start date is earlier than the end date. Identical dates are allowed in this commit.\n- Added additional tests in EventNameTest class with additional checks for foreign characters.\n- Tests for associated with JSON files have been added.\n\nCurrently, the implementation for addevent is not able to\n- Detect duplicate events\n- Display events stored in UI\n","fileTypesAndContributionMap":{"functional-code":{"insertions":2,"deletions":0},"test-code":{"insertions":2,"deletions":0}}},{"hash":"eb6ee883673fa7247dff9b761b15c19c04fb4d5a","isMergeCommit":false,"messageTitle":"Add JSON storage and enforce valid date range","messageBody":"- This commit adds support for JSON serialization and deserialization of events.\n- This commit enforces valid date range for the start and end date to be entered.\n- Feedback to user if the start date is earlier than the end date. Identical dates are allowed in this commit.\n- Added additional tests in EventNameTest class with additional checks for foreign characters.\n- Tests for associated with JSON files have been added.\n\nCurrently, the implementation for addevent is not able to\n- Detect duplicate events\n- Display events stored in UI\n","fileTypesAndContributionMap":{"functional-code":{"insertions":102,"deletions":4},"test-code":{"insertions":72,"deletions":7}}},{"hash":"d5835c89c3ea9a5fada3e967101929501993030f","isMergeCommit":false,"messageTitle":"Fix incorrect indentation in JsonAdaptedEventTest.java","messageBody":"","fileTypesAndContributionMap":{"test-code":{"insertions":8,"deletions":8}}},{"hash":"ce35beabb598518b00ed67fafd10dd72ea83d692","isMergeCommit":false,"messageTitle":"Correct import statement in test files","messageBody":"","fileTypesAndContributionMap":{"test-code":{"insertions":8,"deletions":2}}},{"hash":"048a8afeafa86cb8a5a6bf554f314e15f6f62e2f","isMergeCommit":false,"messageTitle":"Correct import statement in test files","messageBody":"","fileTypesAndContributionMap":{"test-code":{"insertions":2,"deletions":2}}},{"hash":"50eedbe2be2fd763383af3b41192c9a4409fcb8a","isMergeCommit":false,"messageTitle":"Add additional tests for JsonAdaptedEvent","messageBody":"","fileTypesAndContributionMap":{"test-code":{"insertions":40,"deletions":3}}}]},{"date":"2023-03-05","commitResults":[{"hash":"e3222acf6407c93664b9c166df9d80ab2f793afe","isMergeCommit":false,"messageTitle":"Fix Json file storage overwritting events in each save","messageBody":"","fileTypesAndContributionMap":{"functional-code":{"insertions":73,"deletions":1},"test-code":{"insertions":20,"deletions":0}}},{"hash":"d1c35ae0ee3c96a61d5a636f4a8a816df9261bff","isMergeCommit":false,"messageTitle":"Add additional test case for UniqueEventList","messageBody":"","fileTypesAndContributionMap":{"test-code":{"insertions":7,"deletions":1}}},{"hash":"443da195953737dc8e50233d42ea34b80c8247cd","isMergeCommit":false,"messageTitle":"Add more test case for UniqueEventList","messageBody":"","fileTypesAndContributionMap":{"test-code":{"insertions":19,"deletions":11}}},{"hash":"e96736969237fbe53f305f9d182b3e851cbf40f2","isMergeCommit":true,"messageTitle":"Merge branch \u0027master\u0027 into branch-json","messageBody":"","fileTypesAndContributionMap":{}},{"hash":"3fa74c6a44b1d300a372cf43e37561ab1c89ad38","isMergeCommit":false,"messageTitle":"Fix Checkstyle in UniqueEventListTest","messageBody":"","fileTypesAndContributionMap":{"test-code":{"insertions":1,"deletions":3}}}]},{"date":"2023-03-16","commitResults":[{"hash":"7294534e7b6ee86dac58843f6f2702ecffa6cdc3","isMergeCommit":false,"messageTitle":"Fix empty space in Gui","messageBody":"","fileTypesAndContributionMap":{"functional-code":{"insertions":2,"deletions":2}}}]},{"date":"2023-03-19","commitResults":[{"hash":"4a452e1fe919b4ab853de5a6e3aef851de9e5386","isMergeCommit":false,"messageTitle":"Add findevent feature","messageBody":"This commit adds the FindEventCommand class to handle the user\u0027s Find Event command, and the FindEventCommandParser class to parse the user\u0027s input for the findevent command.\n\nThe findevent command allows users to search for events in the event list by keyword(s) specified in the command. It returns a list of events that match the specified keywords.\n\nThis commit also includes unit tests for the FindEventCommand and FindEventCommandParser classes.\n","fileTypesAndContributionMap":{"functional-code":{"insertions":90,"deletions":2},"test-code":{"insertions":119,"deletions":0}}},{"hash":"e8f51eaf4719af2124e3c8865f5b7b612fd33a19","isMergeCommit":false,"messageTitle":"Add more events in SampleDataUtil.java","messageBody":"","fileTypesAndContributionMap":{"functional-code":{"insertions":5,"deletions":1}}},{"hash":"b05a77bfa97c4a229825a138494db72463cb466b","isMergeCommit":false,"messageTitle":"Fix comment in FindEventTest.java","messageBody":"","fileTypesAndContributionMap":{"test-code":{"insertions":1,"deletions":1}}}]},{"date":"2023-03-20","commitResults":[{"hash":"e0575c52efb8a3f65aa1eaed5df58eba814bfeb4","isMergeCommit":false,"messageTitle":"Update diagrams in DG","messageBody":"","fileTypesAndContributionMap":{"docs":{"insertions":10,"deletions":10}}}]},{"date":"2023-03-21","commitResults":[{"hash":"d53fd5ff318e5e0eb00c810aaf84354fb1b8e37a","isMergeCommit":false,"messageTitle":"Correct StorageClassDiagram","messageBody":"","fileTypesAndContributionMap":{"docs":{"insertions":83,"deletions":0}}}]},{"date":"2023-03-22","commitResults":[{"hash":"250516f2f06b16aa7a3cd1b3b410669b9630ce2e","isMergeCommit":true,"messageTitle":"Merge branch \u0027master\u0027 into branch-find-event","messageBody":"# Conflicts:\n#\tdocs/DeveloperGuide.md\n#\tdocs/diagrams/ModelClassDiagram.puml\n#\tdocs/images/ModelClassDiagram.png\n","fileTypesAndContributionMap":{}},{"hash":"3fcda5532b59284e54742ef1a5ee4f5349b2ee43","isMergeCommit":false,"messageTitle":"Remove BetterModelClassDiagram from DG","messageBody":"","fileTypesAndContributionMap":{"docs":{"insertions":0,"deletions":11}}},{"hash":"de072cbd65bbc963ec2fa3e32eefe64bd5e0c2c1","isMergeCommit":false,"messageTitle":"Correct checkstyle in puml diagram","messageBody":"","fileTypesAndContributionMap":{"docs":{"insertions":2,"deletions":2}}},{"hash":"ca6591ea371dee1c51446d95fdbed30257936801","isMergeCommit":false,"messageTitle":"Edit profile markdown file","messageBody":"","fileTypesAndContributionMap":{"docs":{"insertions":3,"deletions":2}}},{"hash":"0f885545a86e3bce0bf7e93d91665f49854036eb","isMergeCommit":false,"messageTitle":"Edit profile markdown file","messageBody":"","fileTypesAndContributionMap":{"docs":{"insertions":0,"deletions":1}}},{"hash":"7d04a15cf902ad0f7e91765ff3c05a016926a493","isMergeCommit":false,"messageTitle":"Update BetterModelClassDiagram","messageBody":"","fileTypesAndContributionMap":{"docs":{"insertions":3,"deletions":0}}},{"hash":"3ac46f1516c087aa580e2c936079798f15bb98ab","isMergeCommit":false,"messageTitle":"Edit FindEventSequenceDiagram","messageBody":"","fileTypesAndContributionMap":{"docs":{"insertions":4,"deletions":4}}},{"hash":"a6f127769867776b9a67fa7ef3a01ce9438e0b51","isMergeCommit":false,"messageTitle":"Correct FindEventSequenceDiagram","messageBody":"","fileTypesAndContributionMap":{"docs":{"insertions":0,"deletions":1}}},{"hash":"0476cae3137c99519c725d2f218a72af74a0b481","isMergeCommit":false,"messageTitle":"Remove whitespace in FindEventSequenceDiagram","messageBody":"","fileTypesAndContributionMap":{"docs":{"insertions":1,"deletions":1}}}]},{"date":"2023-03-24","commitResults":[{"hash":"1b1d7fe1be070fd369842caa56f35d088293e572","isMergeCommit":true,"messageTitle":"Merge pull request #63 from jerome-neo/branch-find-event","messageBody":"Update storage diagrams in DG","fileTypesAndContributionMap":{}}]}],"inas0ng":[{"date":"2023-02-23","commitResults":[{"hash":"bfb37a30f54d2ac4f61c5d8b18d15cfa043e3b3d","isMergeCommit":false,"messageTitle":"Update UserGuide.md","messageBody":"","fileTypesAndContributionMap":{"docs":{"insertions":13,"deletions":0}}}]},{"date":"2023-02-24","commitResults":[{"hash":"ed54997591170c972bcf9b8a8227bcf49f15a0fb","isMergeCommit":false,"messageTitle":"Update inas0ng.md (PPP)","messageBody":"","fileTypesAndContributionMap":{"docs":{"insertions":18,"deletions":23}}},{"hash":"cad071677ddba3bfb022cb6120fe8110859164b5","isMergeCommit":true,"messageTitle":"Merge branch \u0027AY2223S2-CS2103-W16-3:master\u0027 into update-ug-1","messageBody":"","fileTypesAndContributionMap":{}}]},{"date":"2023-03-05","commitResults":[{"hash":"478aa22912ce48c7fef684698193d7b7223c93ff","isMergeCommit":false,"messageTitle":"Add listevent and delevent commands with test cases","messageBody":"","fileTypesAndContributionMap":{"functional-code":{"insertions":282,"deletions":32},"test-code":{"insertions":295,"deletions":45}}},{"hash":"86b65be2db0478062f205522030c694f94a9c15c","isMergeCommit":true,"messageTitle":"Merge branch \u0027master\u0027 into add-listevent-delevent","messageBody":"","fileTypesAndContributionMap":{}},{"hash":"c9370bfbeb8c700bf93db4e3946fe0318d6c1d9e","isMergeCommit":false,"messageTitle":"Update AddressBook.java","messageBody":"","fileTypesAndContributionMap":{"functional-code":{"insertions":1,"deletions":1}}},{"hash":"afe9500c25501e5cc4b5b8dc40bc8b6bcf3563e6","isMergeCommit":false,"messageTitle":"Update ModelManager.java","messageBody":"","fileTypesAndContributionMap":{"functional-code":{"insertions":1,"deletions":0}}},{"hash":"391c3b9954f874f4a479221eebcc38141f20860d","isMergeCommit":false,"messageTitle":"Update Model.java","messageBody":"","fileTypesAndContributionMap":{"functional-code":{"insertions":0,"deletions":2}}},{"hash":"dbbd5ceb7d2e2c60164f8e018009e963a929e53a","isMergeCommit":false,"messageTitle":"Update UniqueEventList.java","messageBody":"","fileTypesAndContributionMap":{"functional-code":{"insertions":0,"deletions":13}}},{"hash":"bbd0b1e8bb0d633c55af9e4e3a21413c9a0d0c54","isMergeCommit":false,"messageTitle":"Update ModelManager.java","messageBody":"","fileTypesAndContributionMap":{"functional-code":{"insertions":1,"deletions":1}}},{"hash":"35ffb5768f161a321051c60c64226e2f5b6d13db","isMergeCommit":false,"messageTitle":"Update files for checkstyle","messageBody":"","fileTypesAndContributionMap":{"functional-code":{"insertions":34,"deletions":34},"test-code":{"insertions":65,"deletions":55}}},{"hash":"4a2b74278a4337b2107164abacdb707ce1ea9de4","isMergeCommit":true,"messageTitle":"Merge branch \u0027add-listevent-delevent\u0027 into master","messageBody":"","fileTypesAndContributionMap":{}},{"hash":"4e142fe41b78207a68abcfaaeaf2ee0c1d485842","isMergeCommit":true,"messageTitle":"Merge pull request #1 from inas0ng/master","messageBody":"Update files for checkstyle","fileTypesAndContributionMap":{}},{"hash":"52d183c6d299bfc6898bcf634f1eba33d2e4f791","isMergeCommit":false,"messageTitle":"Update AddressBookParser.java","messageBody":"","fileTypesAndContributionMap":{"functional-code":{"insertions":11,"deletions":1}}},{"hash":"415936cb6a010c40f45d63b3cc3bae7e7780e216","isMergeCommit":false,"messageTitle":"Update AddressBookParser.java","messageBody":"","fileTypesAndContributionMap":{"functional-code":{"insertions":2,"deletions":0}}},{"hash":"19ef3a72e9583a3909ce014582c2dbea99103200","isMergeCommit":false,"messageTitle":"Update AddressBookParserTest.java","messageBody":"","fileTypesAndContributionMap":{"test-code":{"insertions":16,"deletions":0}}},{"hash":"9463e9da6bf1a9be5ef1e40200d158bbd93adecf","isMergeCommit":false,"messageTitle":"Update AddressBookParserTest.java","messageBody":"","fileTypesAndContributionMap":{"test-code":{"insertions":1,"deletions":1}}},{"hash":"86b4c0b898a83f9296747e5411da6389bf40c420","isMergeCommit":false,"messageTitle":"Update AddressBookParser.java","messageBody":"","fileTypesAndContributionMap":{"functional-code":{"insertions":1,"deletions":2}}},{"hash":"381bf8ce76870218918867d5efa8f1485d62eba7","isMergeCommit":false,"messageTitle":"Update AddressBookParserTest.java","messageBody":"","fileTypesAndContributionMap":{"test-code":{"insertions":2,"deletions":2}}},{"hash":"85aa5f0df056758aa51679b4a212d015779b3de5","isMergeCommit":false,"messageTitle":"Update AddCommandTest.java","messageBody":"","fileTypesAndContributionMap":{"test-code":{"insertions":3,"deletions":1}}},{"hash":"db68c2ed186afb935aa8980da398c200521e7c25","isMergeCommit":false,"messageTitle":"Update AddEventCommandTest.java","messageBody":"","fileTypesAndContributionMap":{"test-code":{"insertions":3,"deletions":1}}},{"hash":"6f93d19ad0375f2cdefabb37939c547a48b634de","isMergeCommit":false,"messageTitle":"Update CommandTestUtil.java","messageBody":"","fileTypesAndContributionMap":{"test-code":{"insertions":8,"deletions":1}}},{"hash":"b1ddab612c1134d28e3ddfc593d15a2156b8fa8d","isMergeCommit":false,"messageTitle":"Update CommandTestUtil.java","messageBody":"","fileTypesAndContributionMap":{"test-code":{"insertions":1,"deletions":1}}},{"hash":"eeb87f2419deb423215a2c7406e86fcba49f13f2","isMergeCommit":false,"messageTitle":"Update DelEventCommandTest.java","messageBody":"","fileTypesAndContributionMap":{"test-code":{"insertions":2,"deletions":1}}},{"hash":"fd7d887738b3337d58c1fcd5b5ed52d3981fcb99","isMergeCommit":false,"messageTitle":"Update DelEventCommandTest.java","messageBody":"","fileTypesAndContributionMap":{"test-code":{"insertions":3,"deletions":0}}},{"hash":"9103cf7e5423867d83eb8cdd61c248e78d2108a7","isMergeCommit":false,"messageTitle":"Update DelEventCommandTest.java","messageBody":"","fileTypesAndContributionMap":{"test-code":{"insertions":0,"deletions":2}}},{"hash":"a14e04b2f4e8e870adc7d4146d3443676a6f0323","isMergeCommit":false,"messageTitle":"Update DelEventCommandTest.java","messageBody":"","fileTypesAndContributionMap":{"test-code":{"insertions":1,"deletions":1}}},{"hash":"4a2d942e11b9e4fa5bc26a1d7edbd9cda82bb36f","isMergeCommit":false,"messageTitle":"Update files with additional test cases for Codecov coverage","messageBody":"","fileTypesAndContributionMap":{"functional-code":{"insertions":1,"deletions":1},"test-code":{"insertions":56,"deletions":4}}},{"hash":"9e9bca0c42f9cf4c5b7be31283fe4f69cb697a7e","isMergeCommit":true,"messageTitle":"Merge pull request #2 from inas0ng/master","messageBody":"Update files with additional test cases for Codecov coverage","fileTypesAndContributionMap":{}},{"hash":"97f6e6b31874cdeb747898e20bc1f2deb4c7b24f","isMergeCommit":false,"messageTitle":"Update files with additional test cases for Codecov coverage","messageBody":"","fileTypesAndContributionMap":{"functional-code":{"insertions":1,"deletions":2},"test-code":{"insertions":92,"deletions":1}}},{"hash":"a8b40cf288f10d3a61ae100a7191e586f3cb0721","isMergeCommit":true,"messageTitle":"Merge pull request #3 from inas0ng/master","messageBody":"Update files with additional test cases for Codecov coverage","fileTypesAndContributionMap":{}},{"hash":"5d993ef852b5bf8798283b5905beb00f7769aef8","isMergeCommit":false,"messageTitle":"Update LogicManagerTest.java for checkstyle","messageBody":"","fileTypesAndContributionMap":{"test-code":{"insertions":2,"deletions":2}}},{"hash":"4bb3268c7ded3061e7927e1a4a8836fa8e4476dd","isMergeCommit":true,"messageTitle":"Merge pull request #4 from inas0ng/master","messageBody":"Update LogicManagerTest.java for checkstyle","fileTypesAndContributionMap":{}},{"hash":"5ff1633bf28bb8027080be6e04409539972556be","isMergeCommit":false,"messageTitle":"Update ModelManagerTest.java with more test cases for Codecov coverage","messageBody":"","fileTypesAndContributionMap":{"test-code":{"insertions":10,"deletions":0}}},{"hash":"1f3670a307e6cde6557831867580feb5d16e693a","isMergeCommit":true,"messageTitle":"Merge pull request #5 from inas0ng/master","messageBody":"Update ModelManagerTest.java with more test cases for Codecov coverage","fileTypesAndContributionMap":{}}]},{"date":"2023-03-06","commitResults":[{"hash":"b3f6c379e3a13064c3a54d3f651318d823eb50f1","isMergeCommit":false,"messageTitle":"Update LogicManagerTest.java","messageBody":"","fileTypesAndContributionMap":{"test-code":{"insertions":4,"deletions":4}}},{"hash":"5d964ee7269be1da034fa7f282bb80757ae68a13","isMergeCommit":false,"messageTitle":"Update DelEventCommandTest.java","messageBody":"","fileTypesAndContributionMap":{"test-code":{"insertions":16,"deletions":16}}},{"hash":"623e6b4a1ecba0689275b349fb853e26d0d688ff","isMergeCommit":true,"messageTitle":"Merge pull request #6 from inas0ng/master","messageBody":"Update DelEventCommandTest.java","fileTypesAndContributionMap":{}},{"hash":"9823c69658eeaf3ae6525e0ee01c9884bcd3c262","isMergeCommit":false,"messageTitle":"Update DelEventCommandTest.java","messageBody":"","fileTypesAndContributionMap":{"test-code":{"insertions":1,"deletions":1}}},{"hash":"3adfb57b5166214a25783436d0e5df8df4dfd170","isMergeCommit":false,"messageTitle":"Update README.md","messageBody":"","fileTypesAndContributionMap":{"docs":{"insertions":7,"deletions":12}}},{"hash":"8c9c3d47e498c9ad19976e2322a2fb1ce931ce7b","isMergeCommit":true,"messageTitle":"Merge pull request #7 from inas0ng/update-readme","messageBody":"Update README.md","fileTypesAndContributionMap":{}},{"hash":"cd2d74c95c411c9f19ae804cd0e64e8942900db4","isMergeCommit":true,"messageTitle":"Merge pull request #43 from Irminrics/branch-config-yml","messageBody":"Update config.yml","fileTypesAndContributionMap":{}},{"hash":"b77b5b44d0da33e697c2d22c271f0fb0b53818bb","isMergeCommit":true,"messageTitle":"Merge pull request #44 from Irminrics/branch-user-guide","messageBody":"Update UserGuide.md","fileTypesAndContributionMap":{}},{"hash":"1235cbb48859a6c95f2ce1c8bea3b8a1180846cf","isMergeCommit":false,"messageTitle":"Update DeveloperGuide.md","messageBody":"","fileTypesAndContributionMap":{"docs":{"insertions":78,"deletions":12}}},{"hash":"d0cce56bc5dc92df43a1a55b3d5dd7fcdcd78731","isMergeCommit":false,"messageTitle":"Update docs/DeveloperGuide.md","messageBody":"","fileTypesAndContributionMap":{"docs":{"insertions":1,"deletions":1}}},{"hash":"b852704cfb37b5e4718f5fe9102ab3ab51add21f","isMergeCommit":false,"messageTitle":"Update docs/DeveloperGuide.md","messageBody":"","fileTypesAndContributionMap":{"docs":{"insertions":1,"deletions":1}}},{"hash":"5c2f7c27e384f0d36663e0f7d772657340cfa01f","isMergeCommit":false,"messageTitle":"Update DeveloperGuide.md","messageBody":"","fileTypesAndContributionMap":{"docs":{"insertions":20,"deletions":8}}},{"hash":"6f3ed521143786941f460284723dac79edeb31c9","isMergeCommit":false,"messageTitle":"Update docs/DeveloperGuide.md","messageBody":"","fileTypesAndContributionMap":{"docs":{"insertions":1,"deletions":1}}}]},{"date":"2023-03-07","commitResults":[{"hash":"87a4fedf7449cc6bb8ff70af4a34f2ef3f906315","isMergeCommit":true,"messageTitle":"Merge pull request #47 from Irminrics/branch-user-guide","messageBody":"","fileTypesAndContributionMap":{}}]},{"date":"2023-03-13","commitResults":[{"hash":"72d2cded604b5501f7350643afc57fd8f2c2ebbf","isMergeCommit":false,"messageTitle":"Update delevent command to delete event tagged to person(s)","messageBody":"","fileTypesAndContributionMap":{"functional-code":{"insertions":52,"deletions":10},"test-code":{"insertions":13,"deletions":1}}},{"hash":"eae51925c8fe98244acbddbb31c776f5e96f2bf9","isMergeCommit":false,"messageTitle":"Update checkstyle","messageBody":"","fileTypesAndContributionMap":{"functional-code":{"insertions":2,"deletions":5}}},{"hash":"944187843bcdc5cc17af5069921c7872a870413b","isMergeCommit":false,"messageTitle":"Update ModelManager.java","messageBody":"","fileTypesAndContributionMap":{"functional-code":{"insertions":10,"deletions":9}}}]},{"date":"2023-03-17","commitResults":[{"hash":"bd830a38dbc0a5402f554196d819efe4d77cfae3","isMergeCommit":false,"messageTitle":"Update DeveloperGuide.md","messageBody":"","fileTypesAndContributionMap":{"docs":{"insertions":3,"deletions":1}}},{"hash":"85589ef8fe8b426d618a5d5809f931edae191af2","isMergeCommit":false,"messageTitle":"Add editevent command and its test cases","messageBody":"","fileTypesAndContributionMap":{"functional-code":{"insertions":339,"deletions":2},"docs":{"insertions":20,"deletions":6},"test-code":{"insertions":506,"deletions":0}}},{"hash":"fc8309a887f3f37f320345eac7ddcc07f388af3b","isMergeCommit":false,"messageTitle":"Update javadocs and add testcases for Codecov","messageBody":"","fileTypesAndContributionMap":{"functional-code":{"insertions":3,"deletions":3},"test-code":{"insertions":41,"deletions":2}}}]},{"date":"2023-03-18","commitResults":[{"hash":"bf0530c7c83e41d02ea0847474b8470796e1084b","isMergeCommit":false,"messageTitle":"Update javadocs and UG","messageBody":"","fileTypesAndContributionMap":{"docs":{"insertions":6,"deletions":4},"test-code":{"insertions":2,"deletions":2}}}]},{"date":"2023-03-19","commitResults":[{"hash":"0d45d0aa08a16fa88c8430f25aec975ca3ca50df","isMergeCommit":true,"messageTitle":"Merge pull request #56 from weilin1202/List-event-contacts","messageBody":"","fileTypesAndContributionMap":{}}]},{"date":"2023-03-20","commitResults":[{"hash":"efea2b5c648c158af4932fcc780ba3331e8fd08e","isMergeCommit":false,"messageTitle":"Add delevent implementation details and diagram to DG","messageBody":"","fileTypesAndContributionMap":{"docs":{"insertions":102,"deletions":0}}},{"hash":"12166d88ffe69c537d33a9ba3fb87738aacc8bdb","isMergeCommit":true,"messageTitle":"Merge pull request #62 from Irminrics/branch-build-gradle","messageBody":"Enable assertions in gradle","fileTypesAndContributionMap":{}},{"hash":"cccdda569642823e9cd88bf3b5a32f85caa94997","isMergeCommit":true,"messageTitle":"Merge pull request #61 from Irminrics/branch-list-all","messageBody":"Add listall command","fileTypesAndContributionMap":{}},{"hash":"8835dfd848ad2d63fc738af57a76e1c107328348","isMergeCommit":true,"messageTitle":"Merge pull request #59 from Irminrics/branch-ui-class-diagram","messageBody":"Update UI class diagram","fileTypesAndContributionMap":{}},{"hash":"fc5ef7f9a5c96c15dcc636ca6e3d976b07885431","isMergeCommit":false,"messageTitle":"Update Name.java and EventName.java to set character limit","messageBody":"","fileTypesAndContributionMap":{"functional-code":{"insertions":8,"deletions":4},"docs":{"insertions":2,"deletions":0},"test-code":{"insertions":4,"deletions":0}}}]},{"date":"2023-03-26","commitResults":[{"hash":"5af40960854ce4df80515068f45fff4a8da8f455","isMergeCommit":true,"messageTitle":"Merge pull request #71 from Irminrics/master","messageBody":"Update jar name generated by shadowJar","fileTypesAndContributionMap":{}},{"hash":"15f7a4a85d8befd8b0b7fa0d90f190ac78a482fa","isMergeCommit":false,"messageTitle":"Update files with minor changes/improvements","messageBody":"","fileTypesAndContributionMap":{"functional-code":{"insertions":12,"deletions":10},"docs":{"insertions":4,"deletions":4}}}]},{"date":"2023-03-27","commitResults":[{"hash":"e0f38f71a0571d7cae170d8912ecdf6dcf8b0cd4","isMergeCommit":true,"messageTitle":"Merge pull request #73 from venuslimm/branch-UG","messageBody":"Update UserGuide.md","fileTypesAndContributionMap":{}},{"hash":"2efcd044dbc41092abd00faed46a81f35258c0eb","isMergeCommit":true,"messageTitle":"Merge pull request #75 from Irminrics/branch-ui","messageBody":"Resize result display height","fileTypesAndContributionMap":{}}]}],"Irminrics":[{"date":"2023-02-23","commitResults":[{"hash":"4e0962467486c6d32593e7587962170a7da5299f","isMergeCommit":true,"messageTitle":"Merge pull request #11 from venuslimm/master","messageBody":"Update venuslimm.md (PPP)","fileTypesAndContributionMap":{}}]},{"date":"2023-02-24","commitResults":[{"hash":"5311b2508cce136044f3a1ada9a8c692e463209d","isMergeCommit":true,"messageTitle":"Merge pull request #13 from inas0ng/update-ug-1","messageBody":"Update UserGuide.md with \u0027delevent\u0027 command","fileTypesAndContributionMap":{}},{"hash":"653c4a92236d7046f30fc7ea5f3c1f707983782d","isMergeCommit":true,"messageTitle":"Merge pull request #12 from inas0ng/add-indiv-ppp","messageBody":"Update inas0ng.md (PPP)","fileTypesAndContributionMap":{}}]},{"date":"2023-02-25","commitResults":[{"hash":"ddb038ee575c65609c6f52445c47a48106802b17","isMergeCommit":false,"messageTitle":"Update Irmnrics.md","messageBody":"","fileTypesAndContributionMap":{"docs":{"insertions":27,"deletions":30}}},{"hash":"a9bf465f823393aa0ec23a7820cee9b779a7a999","isMergeCommit":true,"messageTitle":"Merge branch \u0027branch-PPP\u0027","messageBody":"","fileTypesAndContributionMap":{}}]},{"date":"2023-02-26","commitResults":[{"hash":"48d24fbdc63b8c3160cd2212fa82461f1ae6cfee","isMergeCommit":false,"messageTitle":"Add newline at the end of file Irminrics.md","messageBody":"","fileTypesAndContributionMap":{"docs":{"insertions":1,"deletions":1}}},{"hash":"b1f905623b6488252048f45dfeecda364c63e5bf","isMergeCommit":true,"messageTitle":"Merge branch \u0027branch-PPP\u0027","messageBody":"","fileTypesAndContributionMap":{}},{"hash":"019ee3eeaeea44bd9d6127317803ac3fed721850","isMergeCommit":false,"messageTitle":"Update description and command summary in UserGuide.md","messageBody":"","fileTypesAndContributionMap":{"docs":{"insertions":12,"deletions":7}}},{"hash":"b3b7753f90838659ebad3b448daf489c8e65801c","isMergeCommit":true,"messageTitle":"Merge branch \u0027branch-UG\u0027","messageBody":"","fileTypesAndContributionMap":{}},{"hash":"44c28773ade180fa307aef93b8de818666f728d0","isMergeCommit":false,"messageTitle":"Update DeveloperGuide.md","messageBody":"Update product scope, user stories, NFRs and glossary\n","fileTypesAndContributionMap":{"docs":{"insertions":26,"deletions":16}}},{"hash":"c91a9baca62198e44c3fc97b90a7464de6c5f84a","isMergeCommit":true,"messageTitle":"Merge branch \u0027branch-DG\u0027","messageBody":"","fileTypesAndContributionMap":{}}]},{"date":"2023-03-02","commitResults":[{"hash":"ab6c1a34870ad250768419bb12b890333a131105","isMergeCommit":false,"messageTitle":"Change PPP and image name format","messageBody":"","fileTypesAndContributionMap":{"docs":{"insertions":2,"deletions":2}}},{"hash":"f03621c51c885cd7a4cb494077b81ac53dcfd033","isMergeCommit":true,"messageTitle":"Merge pull request #31 from venuslimm/master","messageBody":"Update UserGuide.md","fileTypesAndContributionMap":{}}]},{"date":"2023-03-03","commitResults":[{"hash":"55be64f26bdaaf4006769f2dedbd8bba195ff88c","isMergeCommit":true,"messageTitle":"Merge pull request #35 from venuslimm/branch-UG","messageBody":"Update User Guide","fileTypesAndContributionMap":{}}]},{"date":"2023-03-04","commitResults":[{"hash":"bc3d258b60e46dda273f72976dea1acc38fd6f46","isMergeCommit":true,"messageTitle":"Merge pull request #33 from venuslimm/branch-addevent","messageBody":"Add addevent command","fileTypesAndContributionMap":{}}]},{"date":"2023-03-05","commitResults":[{"hash":"ea1430c92a7f740d00e31de9a422b2cce6c1f545","isMergeCommit":true,"messageTitle":"Merge pull request #36 from jerome-neo/branch-json","messageBody":"Add storage and check valid date range","fileTypesAndContributionMap":{}},{"hash":"4ea1282974d23b80f32f5db1a4ca90a4739ecf0f","isMergeCommit":true,"messageTitle":"Merge branch \u0027master\u0027 into branch-ui","messageBody":"","fileTypesAndContributionMap":{}},{"hash":"61fe16e27763f65a1bcefe85e74897c9f6d179e5","isMergeCommit":false,"messageTitle":"Update DarkTheme.css","messageBody":"Remove grey text-fill for labels\n","fileTypesAndContributionMap":{"functional-code":{"insertions":0,"deletions":1}}},{"hash":"085fefb6f01916a38d5286ce121d9fa495ef4296","isMergeCommit":false,"messageTitle":"Add EventCard and EventPanel","messageBody":"","fileTypesAndContributionMap":{"functional-code":{"insertions":166,"deletions":0}}},{"hash":"1f1e789def954751997ee18442004e5bc7ca1aec","isMergeCommit":false,"messageTitle":"Update Model and ModelManager","messageBody":"Update both classes with methods to get and update filtered event list.\n","fileTypesAndContributionMap":{"functional-code":{"insertions":30,"deletions":0}}},{"hash":"1cc1fdaa5194bec75c1330f6e4e77777f210a632","isMergeCommit":false,"messageTitle":"Update Logic and LogicManager","messageBody":"Update both classes with a method to get filtered event list.\n","fileTypesAndContributionMap":{"functional-code":{"insertions":10,"deletions":0}}},{"hash":"ca97ea5795ba6463dcc2dddfcb59796cf704ea8b","isMergeCommit":false,"messageTitle":"Update MainWindow with Event UI","messageBody":"","fileTypesAndContributionMap":{"functional-code":{"insertions":48,"deletions":16}}},{"hash":"7c3d1902583fb669da277eed2efdd64d9c76710f","isMergeCommit":false,"messageTitle":"Add bottom padding to event name","messageBody":"","fileTypesAndContributionMap":{"functional-code":{"insertions":3,"deletions":0}}},{"hash":"f459a2c76fce581b041053a15db11173e04424fa","isMergeCommit":false,"messageTitle":"Fix checkstyle issues","messageBody":"","fileTypesAndContributionMap":{"functional-code":{"insertions":0,"deletions":4},"test-code":{"insertions":20,"deletions":0}}},{"hash":"40236e721b1b45c696fe41d5586dd9d38a8c4806","isMergeCommit":false,"messageTitle":"Update AddressBook and UniqueEventList","messageBody":"Update both classes with setEvent methods to load up events stored in JSON file onto the addressbook.\n","fileTypesAndContributionMap":{"functional-code":{"insertions":79,"deletions":0}}},{"hash":"ec29c196c19c85e9fa966a06f85d6b961b97a3c6","isMergeCommit":false,"messageTitle":"Clean up unwanted codes and typos","messageBody":"","fileTypesAndContributionMap":{"functional-code":{"insertions":57,"deletions":115},"test-code":{"insertions":0,"deletions":10}}},{"hash":"87bc43c83793abd5fe7bdda21dc78589bd63e2f5","isMergeCommit":false,"messageTitle":"Fix trailing whitespace","messageBody":"","fileTypesAndContributionMap":{"functional-code":{"insertions":0,"deletions":1}}},{"hash":"8d1eda2e859d3d74b30c5d2e87831182457ce7cc","isMergeCommit":false,"messageTitle":"Add JUnit test for LogicManager, ModelManager and UniqueEventList","messageBody":"","fileTypesAndContributionMap":{"test-code":{"insertions":44,"deletions":0}}},{"hash":"a68a265e288b3b978fd1d9aa70bfcfeefb836251","isMergeCommit":true,"messageTitle":"Merge pull request #38 from Irminrics/branch-ui","messageBody":"Add UI for Events","fileTypesAndContributionMap":{}},{"hash":"004a870b268d227c737d2d70e3a9c6f184fccbe6","isMergeCommit":true,"messageTitle":"Merge pull request #37 from jerome-neo/branch-json","messageBody":"Fix Json file storage","fileTypesAndContributionMap":{}},{"hash":"919c4fa5693c8db72ed6e37e854d3bdf07836725","isMergeCommit":true,"messageTitle":"Merge branch \u0027master\u0027 into branch-duplicate-events","messageBody":"","fileTypesAndContributionMap":{}},{"hash":"c8d41efff77868e85fbef92f6b36ac1bc6aa2b77","isMergeCommit":false,"messageTitle":"Add validation for duplicate events","messageBody":"","fileTypesAndContributionMap":{"functional-code":{"insertions":10,"deletions":4}}},{"hash":"f6d2b3f87e47568cdc7fce61dbe35823c4d85d26","isMergeCommit":false,"messageTitle":"Fix incorrect duplicate exception for events","messageBody":"","fileTypesAndContributionMap":{"functional-code":{"insertions":3,"deletions":2}}},{"hash":"3fd7ad8e2ee4158641d19591bfe7cd0c49e950bc","isMergeCommit":false,"messageTitle":"Fix error import statement","messageBody":"","fileTypesAndContributionMap":{"functional-code":{"insertions":0,"deletions":1}}},{"hash":"6b94f83759c41157a28138898c43ada980d5a8cc","isMergeCommit":false,"messageTitle":"Add JUnit test for duplicate event validation","messageBody":"","fileTypesAndContributionMap":{"test-code":{"insertions":20,"deletions":0}}},{"hash":"8c89d0231695febb1ce389307af626e6ec3ebbae","isMergeCommit":false,"messageTitle":"Update typo in AddEventCommandTest.java","messageBody":"Co-authored-by: Venus Lim \u003c50315976+venuslimm@users.noreply.github.com\u003e","fileTypesAndContributionMap":{"test-code":{"insertions":1,"deletions":1}}},{"hash":"a9315c21116d00204f89c83595f53d32eb545741","isMergeCommit":false,"messageTitle":"Change duplicate event validation","messageBody":"Duplicate event would be changed from events with just the same name to events with the same details for all attributes.\n","fileTypesAndContributionMap":{"functional-code":{"insertions":3,"deletions":1},"test-code":{"insertions":2,"deletions":11}}},{"hash":"d683abed20b41328d46315a49cc9f404db98fb27","isMergeCommit":true,"messageTitle":"Merge branch \u0027master\u0027 into branch-duplicate-events","messageBody":"","fileTypesAndContributionMap":{}}]},{"date":"2023-03-06","commitResults":[{"hash":"60e198c241c1d25aa2c55c69aea47dd2ecf4ffca","isMergeCommit":false,"messageTitle":"Add test code hashcode equality","messageBody":"","fileTypesAndContributionMap":{"test-code":{"insertions":3,"deletions":0}}},{"hash":"6112a2cbe18d98dca565245f5786956bae2be382","isMergeCommit":false,"messageTitle":"Add test for event with same name","messageBody":"","fileTypesAndContributionMap":{"test-code":{"insertions":12,"deletions":0}}},{"hash":"b0ca3f45ec27c535a60fd8f67a2cb8914ca12499","isMergeCommit":false,"messageTitle":"Restore a deleted event test case","messageBody":"","fileTypesAndContributionMap":{"test-code":{"insertions":9,"deletions":0}}},{"hash":"1789676750981496b18cca2365dfa35a80159a31","isMergeCommit":false,"messageTitle":"Add test for isSameEvent method","messageBody":"","fileTypesAndContributionMap":{"test-code":{"insertions":5,"deletions":1}}},{"hash":"443207677a5e00be0b0f5cd39a583de4a76ad655","isMergeCommit":false,"messageTitle":"Update UserGuide.md","messageBody":"","fileTypesAndContributionMap":{"docs":{"insertions":1,"deletions":1}}},{"hash":"c6144b1023b9fd04b4a4454ad47a12a078b267c1","isMergeCommit":true,"messageTitle":"Merge pull request #32 from weilin1202/master","messageBody":"Update User Guide and PPP","fileTypesAndContributionMap":{}},{"hash":"1335be556f4b8a2cb57cf42fbc145e1a07c123f6","isMergeCommit":true,"messageTitle":"Merge pull request #45 from inas0ng/update-dg-v1.1","messageBody":"Update dg v1.1","fileTypesAndContributionMap":{}}]},{"date":"2023-03-07","commitResults":[{"hash":"c56559a4f286854ef054165b6b3aeacd1b47b0f2","isMergeCommit":false,"messageTitle":"Update UserGuide.md","messageBody":"","fileTypesAndContributionMap":{"docs":{"insertions":3,"deletions":3}}}]},{"date":"2023-03-08","commitResults":[{"hash":"cac603b502fe1d3f367393a3f1a8a28ef1e3ed40","isMergeCommit":false,"messageTitle":"Shift command input to the bottom","messageBody":"","fileTypesAndContributionMap":{"functional-code":{"insertions":9,"deletions":10}}},{"hash":"884766eb21d73f5bece55349204d4a50b08c48f3","isMergeCommit":false,"messageTitle":"Update rounded borders of command box and result display","messageBody":"","fileTypesAndContributionMap":{"functional-code":{"insertions":33,"deletions":17}}}]},{"date":"2023-03-13","commitResults":[{"hash":"ee295603c009a94453240fc215e6f4879e384ac9","isMergeCommit":true,"messageTitle":"Merge pull request #50 from inas0ng/master","messageBody":"Update delevent command to delete event tagged to person(s)","fileTypesAndContributionMap":{}}]},{"date":"2023-03-17","commitResults":[{"hash":"f0e93d267eae16d832f6560daee8da2ed353700b","isMergeCommit":true,"messageTitle":"Merge pull request #51 from jerome-neo/master","messageBody":" Fix window empty white space ","tags":["v1.2"],"fileTypesAndContributionMap":{}}]},{"date":"2023-03-19","commitResults":[{"hash":"36baa51121c7f8c1ac8d7582ec3d3cd3ed763d47","isMergeCommit":true,"messageTitle":"Merge pull request #57 from jerome-neo/branch-find-event","messageBody":"Add findevent feature","fileTypesAndContributionMap":{}}]},{"date":"2023-03-20","commitResults":[{"hash":"ac312796cfbb814d7f5f0e7cb6ac1bdb6cad8ebd","isMergeCommit":false,"messageTitle":"Add EventListPanel and EventCard into UIClassDiagram.puml","messageBody":"","fileTypesAndContributionMap":{"docs":{"insertions":7,"deletions":0}}},{"hash":"cb7a17dbac8814bdbd2756fe7af26cce6bc2fe11","isMergeCommit":false,"messageTitle":"Update description of UiClassDiagram in DeveloperGuide","messageBody":"","fileTypesAndContributionMap":{"docs":{"insertions":1,"deletions":1}}},{"hash":"9f7475637f2717973e80b77b11d5c363e55d72be","isMergeCommit":false,"messageTitle":"Add listall command","messageBody":"","fileTypesAndContributionMap":{"functional-code":{"insertions":31,"deletions":0}}},{"hash":"8d5f70f22d5f9cfe976dd62f452cb8ab57e311f4","isMergeCommit":false,"messageTitle":"Change colour of result display","messageBody":"","fileTypesAndContributionMap":{"functional-code":{"insertions":2,"deletions":2}}},{"hash":"c44a05a6af6cfe7ac7c6e5027a03b098d32ba834","isMergeCommit":false,"messageTitle":"Enable word wrap for card panels and result display","messageBody":"","fileTypesAndContributionMap":{"functional-code":{"insertions":10,"deletions":6}}},{"hash":"069619fc0ef5292c68767a5139385b808eb80db7","isMergeCommit":false,"messageTitle":"Fix typo in class description","messageBody":"","fileTypesAndContributionMap":{"functional-code":{"insertions":1,"deletions":1}}},{"hash":"5c9934333b5a27889a7d596426e6e2bd57c7ba60","isMergeCommit":false,"messageTitle":"Add JUnit test for listall command","messageBody":"","fileTypesAndContributionMap":{"test-code":{"insertions":42,"deletions":0}}},{"hash":"21ef47ff7f0c3d1df236363c8770aa4efa7be610","isMergeCommit":false,"messageTitle":"Remove unnecessary constraints","messageBody":"","fileTypesAndContributionMap":{"functional-code":{"insertions":4,"deletions":8}}},{"hash":"81461869fc91334384b8e15e6a08bbdc62f242c1","isMergeCommit":true,"messageTitle":"Merge pull request #58 from inas0ng/master","messageBody":"Update DG with delevent implementation details and diagram","fileTypesAndContributionMap":{}},{"hash":"2b556086721a329a65595326c0d68e980e9931f1","isMergeCommit":false,"messageTitle":"Enable assertions in gradle","messageBody":"","fileTypesAndContributionMap":{"other":{"insertions":4,"deletions":0}}},{"hash":"42dcc56c1ead482624eb475f973b09fcff90cc63","isMergeCommit":false,"messageTitle":"Fix typo in UiClassDiagram","messageBody":"","fileTypesAndContributionMap":{"docs":{"insertions":1,"deletions":0}}},{"hash":"20286f3e5791da32a5e29965aca10c725702cded","isMergeCommit":false,"messageTitle":"Update UiClassDiagram for better visibility","messageBody":"","fileTypesAndContributionMap":{"docs":{"insertions":2,"deletions":2}}}]},{"date":"2023-03-21","commitResults":[{"hash":"73d2b2a127a48837810078879f43bd20d2c1d44b","isMergeCommit":false,"messageTitle":"Update DeveloperGuide.md","messageBody":"","fileTypesAndContributionMap":{"docs":{"insertions":5,"deletions":5}}}]},{"date":"2023-03-24","commitResults":[{"hash":"7187c71725396d4fbc7ce3747f2ae62b5c4ddc55","isMergeCommit":true,"messageTitle":"Merge pull request #69 from venuslimm/branch-sortevent","messageBody":"Add sortevent","fileTypesAndContributionMap":{}},{"hash":"0ab4e80320ff9eb182bec507cec77c6b3d9ca836","isMergeCommit":true,"messageTitle":"Merge pull request #70 from venuslimm/branch-DG","messageBody":"Update DG for SortEvent and AddEvent","fileTypesAndContributionMap":{}}]},{"date":"2023-03-26","commitResults":[{"hash":"1bcbd43920f03043472da1ed0fd4c576805c2801","isMergeCommit":false,"messageTitle":"Update jar name generated by shadowJar","messageBody":"","fileTypesAndContributionMap":{"other":{"insertions":1,"deletions":1}}}]},{"date":"2023-03-27","commitResults":[{"hash":"737f32c8d8da3ae48a403dd000e678286f3c8770","isMergeCommit":true,"messageTitle":"Merge pull request #74 from venuslimm/branch-index","messageBody":"Update index.md to edit title and CI status and codecov badges","fileTypesAndContributionMap":{}},{"hash":"32ad72f7cf69558bdf888f0f947dfd409653a742","isMergeCommit":true,"messageTitle":"Merge branch \u0027master\u0027 into branch-ui","messageBody":"","fileTypesAndContributionMap":{}},{"hash":"a0cb1152d0c655536dfc8275789ef3039ebdd01f","isMergeCommit":false,"messageTitle":"Resize result display height","messageBody":"","fileTypesAndContributionMap":{"functional-code":{"insertions":5,"deletions":5}}},{"hash":"304f0a6fd4dd3d91599d4d1bec0c9cbb53e449a8","isMergeCommit":true,"messageTitle":"Merge pull request #72 from inas0ng/master","messageBody":"Update files with minor changes/improvements","fileTypesAndContributionMap":{}},{"hash":"a95380a85af215790d5dc8113ab911946037e5cd","isMergeCommit":true,"messageTitle":"Resolve Ui.png conflict","messageBody":"","fileTypesAndContributionMap":{}},{"hash":"c6271951ad86f330844917232395f40548febbb6","isMergeCommit":false,"messageTitle":"Set application window to be unresizable","messageBody":"","fileTypesAndContributionMap":{"functional-code":{"insertions":3,"deletions":0}}}]}]},"authorFileTypeContributionMap":{"venuslimm":{"docs":336,"functional-code":657,"test-code":895},"weilin1202":{"docs":141,"functional-code":295,"test-code":595},"jerome-neo":{"docs":285,"functional-code":250,"test-code":255},"inas0ng":{"docs":241,"functional-code":608,"test-code":1005},"Irminrics":{"docs":74,"functional-code":337,"test-code":135,"other":3}},"authorContributionVariance":{"venuslimm":30232.3,"weilin1202":32942.79,"jerome-neo":5378.718,"inas0ng":50495.902,"Irminrics":11296.794},"authorDisplayNameMap":{"venuslimm":"CS2103-W16-3 LIM ..ENUS","weilin1202":"CS2103-W16-3 LIN ..ILIN","jerome-neo":"CS2103-W16-3 JERO.. NEO","inas0ng":"CS2103-W16-3 SONG.. INA","Irminrics":"CS2103-W16-3 ANG ..KANG"}}
