{"authorDailyContributionsMap":{"venuslimm":[{"date":"2023-02-23","commitResults":[{"hash":"e8ac92f9108f836924b87acbc0798457d18092bc","messageTitle":"Update README.md","messageBody":"Update GitHub Actions build status badge and acknowledge the original source code","fileTypesAndContributionMap":{"docs":{"insertions":3,"deletions":1}}},{"hash":"4c9631283305103b025d84f8ae5f4e66de65ea79","messageTitle":"Update venuslimm.md to complete Week 7 tp task number 4","messageBody":"","fileTypesAndContributionMap":{"docs":{"insertions":28,"deletions":30}}}]},{"date":"2023-02-27","commitResults":[{"hash":"0151740996c5a83c981db6be5957eab16baf9b41","messageTitle":"Add documentation for addevent feature and datetime format to UG","messageBody":"","fileTypesAndContributionMap":{"docs":{"insertions":11,"deletions":0}}}]},{"date":"2023-02-28","commitResults":[{"hash":"2cb160949f8da8cd603dfc923350a798aa0a5d65","messageTitle":"Add prefixes for addevent command","messageBody":"","fileTypesAndContributionMap":{"functional-code":{"insertions":4,"deletions":0}}},{"hash":"07fe814d23e26b2f4f2566e02bd7bd423ec7ab8f","messageTitle":"Add addevent command to the app","messageBody":"","fileTypesAndContributionMap":{"functional-code":{"insertions":432,"deletions":0}}},{"hash":"b4ebbe2f06b307ef01a86d71005b85c6d7f98006","messageTitle":"Add tests for addevent command","messageBody":"","fileTypesAndContributionMap":{"test-code":{"insertions":256,"deletions":1}}}]},{"date":"2023-03-01","commitResults":[{"hash":"f315f5f94ea4b2079f2f88238b9c0f3cd8dbec86","messageTitle":"Revert \"Merge branch \u0027branch-addevent\u0027\"","messageBody":"This reverts commit 72794a9faf56fe8d14829264cecc4cb265a67a98, reversing\nchanges made to ba0796f7315176fe2c709b35ec76ef0bd6cdb1f1.\n","fileTypesAndContributionMap":{"functional-code":{"insertions":0,"deletions":436},"test-code":{"insertions":1,"deletions":256}}}]},{"date":"2023-03-02","commitResults":[{"hash":"53796b6c0fda28adce0bad1811bc4dacc18d623c","messageTitle":"Update test for ModelManager","messageBody":"","fileTypesAndContributionMap":{"functional-code":{"insertions":11,"deletions":0},"test-code":{"insertions":20,"deletions":1}}},{"hash":"46a4e01fdaad2b46c11d246106b2732cc67f39ad","messageTitle":"Update test for AddressBook","messageBody":"","fileTypesAndContributionMap":{"functional-code":{"insertions":16,"deletions":0},"test-code":{"insertions":17,"deletions":0}}},{"hash":"79415db50c7552f9d7a7a94d030578ca2e775f2d","messageTitle":"Update test for ParserUtil","messageBody":"","fileTypesAndContributionMap":{"test-code":{"insertions":54,"deletions":0}}},{"hash":"33d1a53ec783f9f0bf385d672833d0f70294098c","messageTitle":"Update test for AddCommand","messageBody":"","fileTypesAndContributionMap":{"test-code":{"insertions":5,"deletions":1}}}]},{"date":"2023-03-03","commitResults":[{"hash":"297e7f6991dc29d6ff04f56e00d37ac3823a12f8","messageTitle":"Update test for AddEventCommand","messageBody":"","fileTypesAndContributionMap":{"test-code":{"insertions":182,"deletions":0}}},{"hash":"5687ca7c6e6cd30b1bf74f1f0b2221a73d266985","messageTitle":"Add test for AddEventCommandParser","messageBody":"","fileTypesAndContributionMap":{"test-code":{"insertions":120,"deletions":0}}},{"hash":"794ea777ddef0e8fd4285d08434d710154b4cdff","messageTitle":"Add input restrictions for the addevent command","messageBody":"","fileTypesAndContributionMap":{"docs":{"insertions":4,"deletions":0}}},{"hash":"cd0db122d847c8b58a654ac60ec7159b123d1b8e","messageTitle":"Add test for Event","messageBody":"","fileTypesAndContributionMap":{"test-code":{"insertions":32,"deletions":0}}},{"hash":"2f22631616adea0fd0bbf90e90a91018608ce03d","messageTitle":"Add test for UniqueEventList","messageBody":"","fileTypesAndContributionMap":{"test-code":{"insertions":55,"deletions":0}}}]},{"date":"2023-03-04","commitResults":[{"hash":"9856f1c7ea28b8a9a6dd57cb0dfd62b0b428774d","messageTitle":"Edit all the incorrect javadocs","messageBody":"","fileTypesAndContributionMap":{"functional-code":{"insertions":2,"deletions":2},"test-code":{"insertions":1,"deletions":1}}}]}],"weilin1202":[],"jerome-neo":[{"date":"2023-02-22","commitResults":[{"hash":"6b856ba09dbd83bb2f4f429ace1e4a93363486e4","messageTitle":"Update AboutUs.md","messageBody":"","fileTypesAndContributionMap":{"docs":{"insertions":27,"deletions":27}}},{"hash":"1dbfc26c2f0c0db720950a08051528733c940e5f","messageTitle":"Add Ui.png","messageBody":"","fileTypesAndContributionMap":{"docs":{"insertions":81,"deletions":75}}}]},{"date":"2023-02-23","commitResults":[{"hash":"f62ba4fc4a765415ed1070690ddaa0b8b3ac883d","messageTitle":"Update team information and images","messageBody":"This commit updates the README.md and docs/AboutUs.md files. Additionally, it renames several image files and updates the corresponding references in the documentation. It also adds files for all team members (.md files). These changes reflect the latest team information and images.\n","fileTypesAndContributionMap":{"docs":{"insertions":213,"deletions":30}}},{"hash":"cd159e1165df0d14be08c2e9db90f413daa96ae0","messageTitle":"Rename team members\u0027 images and markdown files to reflect updated names","messageBody":"docs/images/junkang.png -\u003e docs/images/Irminrics.png\ndocs/images/ina.png -\u003e docs/images/inas0ng.png\ndocs/images/jerome.png -\u003e docs/images/jerome-neo.png\ndocs/images/venus.png -\u003e docs/images/venuslimm.png\ndocs/images/weilin.png -\u003e docs/images/weilin1202.png\ndocs/team/johndoe.md -\u003e docs/team/Irminrics.md\n","fileTypesAndContributionMap":{"docs":{"insertions":0,"deletions":0}}}]},{"date":"2023-02-26","commitResults":[{"hash":"377fb77de9ee321280c9b5e3750e01cd2b8b0663","messageTitle":"Update UserGuide.md and PPP file","messageBody":"Update docs/UserGuide.md with new information on feature listevent\nUpdate docs/team/jerome-neo.md with new placeholders\nThese updates are to fullfill v1.1 requirements.\n","fileTypesAndContributionMap":{"docs":{"insertions":41,"deletions":30}}},{"hash":"1a77ac04a476da16e3e3650a1a6fff182e45675f","messageTitle":"Edit eventlist example in UserGuide.md","messageBody":"","fileTypesAndContributionMap":{"docs":{"insertions":1,"deletions":1}}}]}],"inas0ng":[{"date":"2023-02-23","commitResults":[{"hash":"bfb37a30f54d2ac4f61c5d8b18d15cfa043e3b3d","messageTitle":"Update UserGuide.md","messageBody":"","fileTypesAndContributionMap":{"docs":{"insertions":13,"deletions":0}}}]},{"date":"2023-02-24","commitResults":[{"hash":"ed54997591170c972bcf9b8a8227bcf49f15a0fb","messageTitle":"Update inas0ng.md (PPP)","messageBody":"","fileTypesAndContributionMap":{"docs":{"insertions":18,"deletions":23}}}]}],"Irminrics":[{"date":"2023-02-25","commitResults":[{"hash":"ddb038ee575c65609c6f52445c47a48106802b17","messageTitle":"Update Irmnrics.md","messageBody":"","fileTypesAndContributionMap":{"docs":{"insertions":27,"deletions":30}}}]},{"date":"2023-02-26","commitResults":[{"hash":"48d24fbdc63b8c3160cd2212fa82461f1ae6cfee","messageTitle":"Add newline at the end of file Irminrics.md","messageBody":"","fileTypesAndContributionMap":{"docs":{"insertions":1,"deletions":1}}},{"hash":"019ee3eeaeea44bd9d6127317803ac3fed721850","messageTitle":"Update description and command summary in UserGuide.md","messageBody":"","fileTypesAndContributionMap":{"docs":{"insertions":12,"deletions":7}}},{"hash":"44c28773ade180fa307aef93b8de818666f728d0","messageTitle":"Update DeveloperGuide.md","messageBody":"Update product scope, user stories, NFRs and glossary\n","fileTypesAndContributionMap":{"docs":{"insertions":26,"deletions":16}}}]},{"date":"2023-03-02","commitResults":[{"hash":"ab6c1a34870ad250768419bb12b890333a131105","messageTitle":"Change PPP and image name format","messageBody":"","fileTypesAndContributionMap":{"docs":{"insertions":2,"deletions":2}}}]}]},"authorFileTypeContributionMap":{"venuslimm":{"docs":47,"functional-code":463,"test-code":741},"weilin1202":{"docs":0,"functional-code":0,"test-code":0},"jerome-neo":{"docs":195,"functional-code":0,"test-code":0},"inas0ng":{"docs":31,"functional-code":0,"test-code":0},"Irminrics":{"docs":66,"functional-code":0,"test-code":0}},"authorContributionVariance":{"venuslimm":55550.31,"weilin1202":0.0,"jerome-neo":5699.1094,"inas0ng":104.234375,"Irminrics":392.0625},"authorDisplayNameMap":{"venuslimm":"CS2103-W16-3 LIM ..ENUS","weilin1202":"CS2103-W16-3 LIN ..ILIN","jerome-neo":"CS2103-W16-3 JERO.. NEO","inas0ng":"CS2103-W16-3 SONG.. INA","Irminrics":"CS2103-W16-3 ANG ..KANG"}}
