{"authorDailyContributionsMap":{"winsonheng":[{"date":"2023-02-25","commitResults":[{"hash":"32cb408ace3822ed2b794224f70f00f2d5949743","isMergeCommit":false,"messageTitle":"Add export to csv command","messageBody":"","fileTypesAndContributionMap":{"functional-code":{"insertions":439,"deletions":9}}},{"hash":"0e7856055c55a9eb789895b9a9e2ced0947ec9b1","isMergeCommit":false,"messageTitle":"Minor edits for style checks","messageBody":"","fileTypesAndContributionMap":{"functional-code":{"insertions":42,"deletions":29}}}]},{"date":"2023-03-01","commitResults":[{"hash":"2c1549b4c10d3dd4f1a51d9573c5222b1109d995","isMergeCommit":false,"messageTitle":"Edit imports order","messageBody":"","fileTypesAndContributionMap":{"functional-code":{"insertions":24,"deletions":24}}},{"hash":"f350322a0559703cbbf50015f9f5996a83829edd","isMergeCommit":true,"messageTitle":"Merge pull request #9 from winsonheng/tutorial-adding-command","messageBody":"Tutorial adding command","fileTypesAndContributionMap":{}},{"hash":"9529c7163d9743626314bc3851904c6163b90409","isMergeCommit":false,"messageTitle":"Minor edit to pass checkstyle","messageBody":"","fileTypesAndContributionMap":{"functional-code":{"insertions":3,"deletions":3}}},{"hash":"d1e58aa8c07e30fee1155ea764c165deace967bb","isMergeCommit":true,"messageTitle":"Merge pull request #12 from winsonheng/tutorial-adding-command","messageBody":"Minor edit to pass checkstyle","tags":["v1.1"],"fileTypesAndContributionMap":{}}]},{"date":"2023-03-02","commitResults":[{"hash":"cee571e0c4344e180536e4f3243193e0df10848a","isMergeCommit":false,"messageTitle":"Create winsonheng.md","messageBody":"","fileTypesAndContributionMap":{"docs":{"insertions":32,"deletions":0}}},{"hash":"8b3756f8fe5b853ccd0b96dc479be001e260ca01","isMergeCommit":true,"messageTitle":"Merge pull request #15 from winsonheng/master","messageBody":"Add skeletal PPP and photo","fileTypesAndContributionMap":{}}]},{"date":"2023-03-06","commitResults":[{"hash":"9c02a7192e85737a59ff4070e33df4ea177474a0","isMergeCommit":true,"messageTitle":"Merge branch \u0027master\u0027 of github.com:winsonheng/tp","messageBody":"","fileTypesAndContributionMap":{}},{"hash":"3914f6e8a6ea6218888dfec43b21eb498b98c71b","isMergeCommit":false,"messageTitle":"Update README.md","messageBody":"","fileTypesAndContributionMap":{"docs":{"insertions":5,"deletions":6}}},{"hash":"8df62ddd278af808eac0229c80c3b80a040468e2","isMergeCommit":false,"messageTitle":"Update AboutUs.md","messageBody":"","fileTypesAndContributionMap":{"docs":{"insertions":3,"deletions":3}}},{"hash":"e32856a51ec1ffef60bc4daf3340e0920b496db7","isMergeCommit":false,"messageTitle":"Update AboutUs.md","messageBody":"","fileTypesAndContributionMap":{"docs":{"insertions":1,"deletions":1}}},{"hash":"9118ffe84f942408e8dfe7c61d17a6062c0faf86","isMergeCommit":true,"messageTitle":"Merge pull request #18 from winsonheng/master","messageBody":"Update README","fileTypesAndContributionMap":{}},{"hash":"80f70e7a550fb26218fbbb933091939457175d86","isMergeCommit":false,"messageTitle":"Delete workspace.xml","messageBody":"","fileTypesAndContributionMap":{"functional-code":{"insertions":0,"deletions":38}}},{"hash":"679b4f74ce060c04a909e30edfb628c3b4a57788","isMergeCommit":true,"messageTitle":"Merge pull request #17 from 0x787af25e/master","messageBody":"Update developer guide","fileTypesAndContributionMap":{}},{"hash":"72599b9e325322a64e6456880c763afd78dd5423","isMergeCommit":false,"messageTitle":"Update README.md","messageBody":"","fileTypesAndContributionMap":{"docs":{"insertions":2,"deletions":2}}}]},{"date":"2023-03-07","commitResults":[{"hash":"df42729b678c3e5c858626506db6d59b8590c7fb","isMergeCommit":false,"messageTitle":"Update UserGuide.md","messageBody":"","fileTypesAndContributionMap":{"docs":{"insertions":3,"deletions":5}}}]},{"date":"2023-03-08","commitResults":[{"hash":"acebeaa60cc515b76fbc4c3b1d17e77e3c19a69d","isMergeCommit":false,"messageTitle":"Update DeveloperGuide.md","messageBody":"","fileTypesAndContributionMap":{"docs":{"insertions":62,"deletions":34}}}]},{"date":"2023-03-09","commitResults":[{"hash":"e54b948b474b4e735dd40d2b954c91124a83ded2","isMergeCommit":false,"messageTitle":"Update DeveloperGuide.md","messageBody":"","fileTypesAndContributionMap":{"docs":{"insertions":13,"deletions":27}}}]},{"date":"2023-03-10","commitResults":[{"hash":"c365eb758b895a9195931991ebcd51a0b13e1b3a","isMergeCommit":false,"messageTitle":"Update AboutUs.md","messageBody":"","fileTypesAndContributionMap":{"docs":{"insertions":18,"deletions":18}}},{"hash":"9240d868397ba1dcf8222741a077b90a0ed2eba5","isMergeCommit":true,"messageTitle":"Merge pull request #29 from winsonheng/master","messageBody":"Update AboutUs.md","fileTypesAndContributionMap":{}}]},{"date":"2023-03-16","commitResults":[{"hash":"edaedc2e724db697f3f08a66f32f5ad9c9bf60ea","isMergeCommit":false,"messageTitle":"Resolve permission denied error","messageBody":"","fileTypesAndContributionMap":{"functional-code":{"insertions":1,"deletions":1}}},{"hash":"ee3570727cd3428d08ed983223a90eb711552620","isMergeCommit":false,"messageTitle":"Test without TagCommandTest","messageBody":"","fileTypesAndContributionMap":{"test-code":{"insertions":0,"deletions":79}}},{"hash":"0271391f70a6a5f64a71d2a760d5c638e1ef0694","isMergeCommit":false,"messageTitle":"Deleted TagCommandTest to test CI","messageBody":"","fileTypesAndContributionMap":{"test-code":{"insertions":0,"deletions":65}}},{"hash":"52de91a3a1a4627a36e08ac5c0d48b499bc5e060","isMergeCommit":true,"messageTitle":"Merge pull request #42 from winsonheng/master","messageBody":"Resolve permission denied error","fileTypesAndContributionMap":{}}]},{"date":"2023-03-19","commitResults":[{"hash":"0f67746d85a6ed1d029e8ba38bfc259cb031531c","isMergeCommit":true,"messageTitle":"Merge pull request #47 from leonpoh/master","messageBody":"Resolve permission denied","fileTypesAndContributionMap":{}},{"hash":"fa1418dafa6043d1a8544da60149230c0049d950","isMergeCommit":false,"messageTitle":"Resolve run-checks.sh permission denied error","messageBody":"","fileTypesAndContributionMap":{"test-code":{"insertions":38,"deletions":0}}},{"hash":"b1ce3bc942f49726370fe66c67ca77f695a9acfc","isMergeCommit":true,"messageTitle":"Merge branch \u0027master\u0027 of github.com:winsonheng/tp","messageBody":"","fileTypesAndContributionMap":{}},{"hash":"722e151e7b0866f3968e49d2534b82d130724059","isMergeCommit":false,"messageTitle":"Revert run-checks.sh to original state","messageBody":"","fileTypesAndContributionMap":{"other":{"insertions":2,"deletions":2}}},{"hash":"449c872cb8a1d506462b85d7dd4925617177a126","isMergeCommit":false,"messageTitle":"Revert all files in .github to original state","messageBody":"","fileTypesAndContributionMap":{"other":{"insertions":3,"deletions":3}}},{"hash":"ba00238c4b4aaf722d98e725fc7f99a4796467ae","isMergeCommit":false,"messageTitle":"--chmod\u003d+x for all scripts in .github","messageBody":"","fileTypesAndContributionMap":{"other":{"insertions":0,"deletions":0}}},{"hash":"ebf28d08eaa6e3d32072698804e6d385ebad6281","isMergeCommit":false,"messageTitle":"Temporarily remove ExportCommandTest","messageBody":"","fileTypesAndContributionMap":{"test-code":{"insertions":0,"deletions":38}}},{"hash":"b73f998679fc7bd7e8982ff25beafc9bdd8b3e7f","isMergeCommit":true,"messageTitle":"Merge pull request #48 from winsonheng/master","messageBody":"Fix run-checks.sh permission denied error","tags":["v1.2"],"fileTypesAndContributionMap":{}},{"hash":"113d581dd45e6454333b2bbd6e5a0dcad43193d5","isMergeCommit":false,"messageTitle":"Add CsvAddressBookStorageTest","messageBody":"","fileTypesAndContributionMap":{"test-code":{"insertions":45,"deletions":0}}},{"hash":"c7ba4b8c08aedfc2ef5f8042381c66877e505a98","isMergeCommit":false,"messageTitle":"Fix checkstyle for CsvAddressBookStorageTest","messageBody":"","fileTypesAndContributionMap":{"test-code":{"insertions":6,"deletions":5}}},{"hash":"500138bf977e23f0155f456b306e7865d5942da8","isMergeCommit":true,"messageTitle":"Merge pull request #50 from winsonheng/master","messageBody":"Add CsvAddressBookStorageTest","fileTypesAndContributionMap":{}}]},{"date":"2023-03-22","commitResults":[{"hash":"371d5bbca500047ba7b0791ef243e644056839b1","isMergeCommit":false,"messageTitle":"Test PR","messageBody":"","fileTypesAndContributionMap":{"functional-code":{"insertions":1,"deletions":1}}},{"hash":"82c7ab5b817568bd9169bf767c012562d59af7da","isMergeCommit":true,"messageTitle":"Merge pull request #58 from winsonheng/Branch-Test-PR","messageBody":"Test PR","fileTypesAndContributionMap":{}},{"hash":"16c73e48d81a2eac8642da0396ef4c3fba38978f","isMergeCommit":false,"messageTitle":"Revert \"Test PR\"","messageBody":"","fileTypesAndContributionMap":{"functional-code":{"insertions":1,"deletions":1}}},{"hash":"d1f3c5b52c745e00748360e1ec0a979640b29b57","isMergeCommit":true,"messageTitle":"Merge pull request #59 from AY2223S2-CS2103T-T17-3/revert-58-Branch-Test-PR","messageBody":"Revert \"Test PR\"","fileTypesAndContributionMap":{}},{"hash":"348f664f14e31ce22c4a6ed0494e61bdd41b133e","isMergeCommit":false,"messageTitle":"Test PR","messageBody":"","fileTypesAndContributionMap":{"functional-code":{"insertions":1,"deletions":1}}},{"hash":"f2507c9fe7372ab1899f8fd49bb733c461d15bb7","isMergeCommit":true,"messageTitle":"Merge pull request #60 from winsonheng/Branch-Test-PR","messageBody":"Test PR","fileTypesAndContributionMap":{}}]},{"date":"2023-03-24","commitResults":[{"hash":"81b1f1521a53315c9d07d03b27a69272217ab098","isMergeCommit":false,"messageTitle":"Add import command","messageBody":"","fileTypesAndContributionMap":{"functional-code":{"insertions":224,"deletions":34}}},{"hash":"de5b1977b6faa803fd2415ed4b6ea069930af27e","isMergeCommit":false,"messageTitle":"Fix checkstyle for import","messageBody":"","fileTypesAndContributionMap":{"functional-code":{"insertions":10,"deletions":8}}},{"hash":"8c50ae2adc422d3336fb891d3dc6a20fe11a4c7e","isMergeCommit":true,"messageTitle":"Merge pull request #64 from winsonheng/Branch-Import","messageBody":"Add import command","fileTypesAndContributionMap":{}},{"hash":"e311abb95462045a7b227b04ec8e6d6c9831e36d","isMergeCommit":true,"messageTitle":"Merge pull request #66 from hhchinh2002/history-page-branch","messageBody":"Implement a history component displays previous executed commands.","fileTypesAndContributionMap":{}},{"hash":"f54f1408d1f873c55d6951717d04aaa0e9d92e80","isMergeCommit":false,"messageTitle":"Update DeveloperGuide.md","messageBody":"","fileTypesAndContributionMap":{"docs":{"insertions":21,"deletions":0}}},{"hash":"04dd1e98f2ee076618d9cfe0bca3d9b00df67abd","isMergeCommit":true,"messageTitle":"Merge pull request #69 from winsonheng/master","messageBody":"Update DeveloperGuide.md","fileTypesAndContributionMap":{}},{"hash":"ce99e6c857ba631f239c2bc69dfd7b208cd38195","isMergeCommit":false,"messageTitle":"Update DeveloperGuide.md","messageBody":"","fileTypesAndContributionMap":{"docs":{"insertions":12,"deletions":0}}},{"hash":"6d370ba54bbce64cc032e6a6798834cb743edec3","isMergeCommit":true,"messageTitle":"Merge pull request #70 from winsonheng/master","messageBody":"Update DeveloperGuide.md","fileTypesAndContributionMap":{}}]},{"date":"2023-03-25","commitResults":[{"hash":"3df385c4dda90b33e9371f27db8dffc4e35cb93c","isMergeCommit":false,"messageTitle":"Update UserGuide.md","messageBody":"","fileTypesAndContributionMap":{"docs":{"insertions":5,"deletions":3}}}]},{"date":"2023-03-29","commitResults":[{"hash":"480dc2998483b130ff10aee07dd783d7bc569d9e","isMergeCommit":true,"messageTitle":"Merge pull request #82 from leonpoh/master","messageBody":"change MassOpCommand and MassOpCommandParser","fileTypesAndContributionMap":{}}]},{"date":"2023-03-30","commitResults":[{"hash":"5c45e29b00e5947ea30cd9a989d617b420e46b77","isMergeCommit":false,"messageTitle":"Add all option to export and reset option to import","messageBody":"","fileTypesAndContributionMap":{"functional-code":{"insertions":170,"deletions":14}}},{"hash":"292f8124946ba7feeb1559746961683a363c60fa","isMergeCommit":true,"messageTitle":"Merge pull request #83 from jefrai/rectify-Freeze","messageBody":"Rectify Freeze \u0026 Unfreeze Commands","fileTypesAndContributionMap":{}},{"hash":"6df6caceb10349cb1875f9a5743fefb27f7cc3ca","isMergeCommit":true,"messageTitle":"Merge branch \u0027AY2223S2-CS2103T-T17-3:master\u0027 into master","messageBody":"","fileTypesAndContributionMap":{}},{"hash":"b06cd58280f660316a7d12f2a6fe8a234be4be77","isMergeCommit":false,"messageTitle":"Fix checkstyle","messageBody":"","fileTypesAndContributionMap":{"functional-code":{"insertions":13,"deletions":6}}},{"hash":"3dc6746a63911216b2eb358a64dbb719a8ac4e13","isMergeCommit":false,"messageTitle":"Add all option to export and reset option to import","messageBody":"","fileTypesAndContributionMap":{"test-code":{"insertions":5,"deletions":0}}},{"hash":"539920114053875b81383304943af7ed3e29696d","isMergeCommit":false,"messageTitle":"Fix checkstyle","messageBody":"","fileTypesAndContributionMap":{"test-code":{"insertions":8,"deletions":1}}},{"hash":"db833eece8a3212318d5982e09a0e570968e6e29","isMergeCommit":false,"messageTitle":"Allow optional keyword shown for export and all for import","messageBody":"","fileTypesAndContributionMap":{"functional-code":{"insertions":6,"deletions":2}}},{"hash":"bdcbba84b0e639895dafdda81127f5e824acb4ba","isMergeCommit":true,"messageTitle":"Merge pull request #85 from winsonheng/master","messageBody":"Allow optional keyword shown for export and all for import","fileTypesAndContributionMap":{}},{"hash":"0648fe79a8a2c1aa8ff8c63db41490d277b10edb","isMergeCommit":false,"messageTitle":"Update usage for import and export","messageBody":"","fileTypesAndContributionMap":{"functional-code":{"insertions":8,"deletions":4}}},{"hash":"3a0cd692a3a832b2adce653c3ce3f879c9957949","isMergeCommit":true,"messageTitle":"Merge pull request #87 from winsonheng/branch-export-import","messageBody":"Update usage for import and export","tags":["v1.3"],"fileTypesAndContributionMap":{}}]},{"date":"2023-03-31","commitResults":[{"hash":"29965586a4bb212aa154ad025b69f330af724131","isMergeCommit":false,"messageTitle":"Add test for CsvUtil, Import\u0026ExportParser, CsvAddressBookStorage","messageBody":"","fileTypesAndContributionMap":{"functional-code":{"insertions":50,"deletions":7},"test-code":{"insertions":346,"deletions":0}}},{"hash":"c0a5cf49c7bab635fb357defc957f318b47dc281","isMergeCommit":true,"messageTitle":"Merge pull request #90 from jefrai/master","messageBody":"Final v1.3 additions","fileTypesAndContributionMap":{}},{"hash":"14c49e6892427fd6d8fbd5fb874e877baaaec100","isMergeCommit":true,"messageTitle":"Merge branch \u0027AY2223S2-CS2103T-T17-3:master\u0027 into master","messageBody":"","fileTypesAndContributionMap":{}},{"hash":"0ad39e5ccb82fed0a55fd8504bfb510f06606629","isMergeCommit":false,"messageTitle":"Fix checkstyle","messageBody":"","fileTypesAndContributionMap":{"functional-code":{"insertions":1,"deletions":2}}},{"hash":"1fd32e8977f6015bda24d41d53233e3ae8fb1c61","isMergeCommit":false,"messageTitle":"Fix checkstyle","messageBody":"","fileTypesAndContributionMap":{"test-code":{"insertions":15,"deletions":21}}},{"hash":"e51c0cf46b2a9c6628441f11b130ce492149a35a","isMergeCommit":false,"messageTitle":"Fix checkstyle","messageBody":"","fileTypesAndContributionMap":{"test-code":{"insertions":0,"deletions":1}}},{"hash":"da8abc1a6e456f557fefff56f000378490552416","isMergeCommit":false,"messageTitle":"Update UserGuide.md","messageBody":"","fileTypesAndContributionMap":{"docs":{"insertions":32,"deletions":14}}},{"hash":"398eba44c27ccc01863091265612bcac3fb34953","isMergeCommit":false,"messageTitle":"Update UserGuide.md","messageBody":"","fileTypesAndContributionMap":{"docs":{"insertions":1,"deletions":1}}},{"hash":"5a07cb93caffd8bd7e246f2db5fb416b63084599","isMergeCommit":false,"messageTitle":"Update UserGuide.md","messageBody":"","fileTypesAndContributionMap":{"docs":{"insertions":1,"deletions":1}}},{"hash":"b706dcc8d3ed994c5d3ee76189c0ce01d3dfc519","isMergeCommit":true,"messageTitle":"Merge pull request #98 from winsonheng/master","messageBody":"Update UserGuide","fileTypesAndContributionMap":{}}]},{"date":"2023-04-05","commitResults":[{"hash":"cadf23928a1b3cfcb8b387c8e0b1ee9e82a49b45","isMergeCommit":false,"messageTitle":"Update winsonheng.md","messageBody":"","fileTypesAndContributionMap":{"docs":{"insertions":13,"deletions":2}}}]},{"date":"2023-04-06","commitResults":[{"hash":"babc6be93515faf0adb9e0a8358667483193d5db","isMergeCommit":true,"messageTitle":"Merge pull request #146 from winsonheng/master","messageBody":"Update winsonheng.md","fileTypesAndContributionMap":{}}]},{"date":"2023-04-07","commitResults":[{"hash":"bb14de44af937f02ededffc324fc3872f43ce974","isMergeCommit":false,"messageTitle":"Fix import export bugs","messageBody":"","fileTypesAndContributionMap":{"functional-code":{"insertions":96,"deletions":66},"test-code":{"insertions":11,"deletions":0}}},{"hash":"00487006392ef14b103d507a290ce28286727cfc","isMergeCommit":true,"messageTitle":"Merge branch \u0027AY2223S2-CS2103T-T17-3:master\u0027 into master","messageBody":"","fileTypesAndContributionMap":{}},{"hash":"c4b8bd3d6d6e220d6f07b5bc7aa48d252965488a","isMergeCommit":false,"messageTitle":"Fix checkstyle errors","messageBody":"","fileTypesAndContributionMap":{"functional-code":{"insertions":10,"deletions":4}}},{"hash":"47179829f1b8fa77a3460c886a76e2ba231ab3b0","isMergeCommit":false,"messageTitle":"Fix import export bugs","messageBody":"","fileTypesAndContributionMap":{"test-code":{"insertions":2,"deletions":1}}},{"hash":"ed8458c56522d0a2cfb04e1878805821543cf1c0","isMergeCommit":false,"messageTitle":"Fix checkstyle errors","messageBody":"","fileTypesAndContributionMap":{"test-code":{"insertions":1,"deletions":1}}},{"hash":"14e2a5d90164edfdd8d7871d60af36a96c960d77","isMergeCommit":true,"messageTitle":"Merge pull request #153 from winsonheng/master","messageBody":"Fix import export bugs","fileTypesAndContributionMap":{}},{"hash":"2da5103c47aa17c8dfd6787551ae59cecc73fe5d","isMergeCommit":true,"messageTitle":"Merge pull request #144 from 0x787af25e/master","messageBody":"Fix shortcut bug","fileTypesAndContributionMap":{}},{"hash":"1eec72cfd8059457871d4ce1a9e578be5a3285fe","isMergeCommit":false,"messageTitle":"Update help link","messageBody":"","fileTypesAndContributionMap":{"functional-code":{"insertions":1,"deletions":1}}}]},{"date":"2023-04-08","commitResults":[{"hash":"dbf8cebf2f7511bb05cbb4b1e75a0060a0b8dfd1","isMergeCommit":false,"messageTitle":"Refactor addressbook to elister","messageBody":"","fileTypesAndContributionMap":{"functional-code":{"insertions":231,"deletions":231},"other":{"insertions":141,"deletions":141},"docs":{"insertions":138,"deletions":138},"test-code":{"insertions":401,"deletions":401}}},{"hash":"6b6da1ab34093ab7f02afb2d2721ba43d7523ff3","isMergeCommit":false,"messageTitle":"Fix checkstyle issues","messageBody":"","fileTypesAndContributionMap":{"functional-code":{"insertions":1,"deletions":1}}}]},{"date":"2023-04-10","commitResults":[{"hash":"a747312e89761686cfa5a011baee370936275048","isMergeCommit":false,"messageTitle":"Update UserGuide.md","messageBody":"","fileTypesAndContributionMap":{"docs":{"insertions":2,"deletions":1}}}]}],"0x787af25e":[{"date":"2023-02-21","commitResults":[{"hash":"dfa32447b13985ca1154f1459f03e02558507f5b","isMergeCommit":false,"messageTitle":"Add files via upload","messageBody":"","fileTypesAndContributionMap":{"docs":{"insertions":16,"deletions":0}}},{"hash":"0899de3ac4490f6e294eefdc4d68862d0d9f467c","isMergeCommit":false,"messageTitle":"Delete 0x787af25e.md","messageBody":"","fileTypesAndContributionMap":{"docs":{"insertions":0,"deletions":16}}},{"hash":"c3e476f2a4c8cc4e44e30ae669b7ee8fe0e85dcf","isMergeCommit":false,"messageTitle":"Upload PPP","messageBody":"Reupload because file had CRLF line endings previously","fileTypesAndContributionMap":{"docs":{"insertions":16,"deletions":0}}}]},{"date":"2023-02-25","commitResults":[{"hash":"9b4bc94f56fadcf0adcdbe36067f9f17fbf64301","isMergeCommit":false,"messageTitle":"Add basic help in help menu","messageBody":"","fileTypesAndContributionMap":{"functional-code":{"insertions":17,"deletions":2}}},{"hash":"f7e24d55b96b5cf6f8c717a1225821934986c787","isMergeCommit":false,"messageTitle":"Add help for new commands in v1.2","messageBody":"","fileTypesAndContributionMap":{"functional-code":{"insertions":9,"deletions":1}}}]},{"date":"2023-03-05","commitResults":[{"hash":"2245cf713968f9de23cb508afa5c52e9a8a96e83","isMergeCommit":false,"messageTitle":"Update developer guide","messageBody":"","fileTypesAndContributionMap":{"functional-code":{"insertions":38,"deletions":0},"docs":{"insertions":28,"deletions":0}}}]},{"date":"2023-03-06","commitResults":[{"hash":"1131b1148a7d02d8e0770bcdac5fff239418f6e1","isMergeCommit":false,"messageTitle":"Update user guide","messageBody":"","fileTypesAndContributionMap":{"docs":{"insertions":51,"deletions":0}}},{"hash":"2186b1135918b3900a6ba7fe37fdf2847198c05f","isMergeCommit":false,"messageTitle":"Add remark to user guide","messageBody":"","fileTypesAndContributionMap":{"docs":{"insertions":14,"deletions":1}}},{"hash":"416921d366c0faa0d004a5cd21d38357b4c44ac4","isMergeCommit":false,"messageTitle":"Add better search functionality","messageBody":"","fileTypesAndContributionMap":{"functional-code":{"insertions":10,"deletions":2},"test-code":{"insertions":20,"deletions":0}}},{"hash":"c25b82e186af4db5a78e6975e591ca12b5cac92a","isMergeCommit":true,"messageTitle":"Merge pull request #19 from 0x787af25e/master","messageBody":"Update user guide","fileTypesAndContributionMap":{}}]},{"date":"2023-03-07","commitResults":[{"hash":"3830e4ebb872a5d3efde9d957253afa3d0f1772a","isMergeCommit":false,"messageTitle":"Update AboutUs.md","messageBody":"Add photo and description.","fileTypesAndContributionMap":{"docs":{"insertions":6,"deletions":6}}}]},{"date":"2023-03-08","commitResults":[{"hash":"f767dccf254c1da41814382e68e077adb2cdf9d0","isMergeCommit":false,"messageTitle":"Update UserGuide.md","messageBody":"Change errors","fileTypesAndContributionMap":{"docs":{"insertions":11,"deletions":7}}}]},{"date":"2023-03-09","commitResults":[{"hash":"83503233b3e287ac08f00a44a4acb8736259b1c6","isMergeCommit":false,"messageTitle":"Update UserGuide.md","messageBody":"","fileTypesAndContributionMap":{"docs":{"insertions":2,"deletions":2}}}]},{"date":"2023-03-11","commitResults":[{"hash":"5ca80ff73326b833de915765d27f3ad75fd477cc","isMergeCommit":true,"messageTitle":"Merge branch \u0027master\u0027 into tutorial-adding-command","messageBody":"","fileTypesAndContributionMap":{}},{"hash":"7953f06f69406afa2bab0ea9acad781d16c8cb20","isMergeCommit":true,"messageTitle":"Merge pull request #11 from jefrai/tutorial-adding-command","messageBody":"Add Remark command","fileTypesAndContributionMap":{}},{"hash":"81c524c903c61357bfa6fe9774cb94dfe7a6cecc","isMergeCommit":false,"messageTitle":"Update UserGuide.md","messageBody":"Update user guide details for commands that were updated in v1.2","fileTypesAndContributionMap":{"docs":{"insertions":5,"deletions":3}}},{"hash":"e9216b438c5d3e3cd7148efaebd8b04aae97207f","isMergeCommit":false,"messageTitle":"Button can now open the user guide in a new page","messageBody":"","fileTypesAndContributionMap":{"functional-code":{"insertions":27,"deletions":18}}},{"hash":"448223e8a3a47ddec3e4e05a8bedd5e30e720422","isMergeCommit":false,"messageTitle":"Add alternative short commands for convenience","messageBody":"","fileTypesAndContributionMap":{"functional-code":{"insertions":35,"deletions":31},"test-code":{"insertions":14,"deletions":14}}},{"hash":"ab73e4cfb9012f708a5e246bc58db1294956d970","isMergeCommit":false,"messageTitle":"Update user guide","messageBody":"","fileTypesAndContributionMap":{"docs":{"insertions":16,"deletions":15}}},{"hash":"17c4900505fc2e821a9bbdda3c8538f5ee511af2","isMergeCommit":true,"messageTitle":"Merge branch \u0027master\u0027 into FriendlierSyntax","messageBody":"","fileTypesAndContributionMap":{}}]},{"date":"2023-03-14","commitResults":[{"hash":"2dc26506277666c757a58c9c59924d0ed34cb451","isMergeCommit":false,"messageTitle":"Revert \"Merge pull request #11 from jefrai/tutorial-adding-command\"","messageBody":"This reverts commit 7953f06f69406afa2bab0ea9acad781d16c8cb20, reversing\nchanges made to 577cce3ea465848b2f0c76984a429851981a56c2.\n\nRevert remark command and fix merge conflict\n","fileTypesAndContributionMap":{"test-code":{"insertions":6,"deletions":0}}},{"hash":"cec8c7dd1b14e99204480ce683c1de63f1158088","isMergeCommit":false,"messageTitle":"Revert \"Merge pull request #11 from jefrai/tutorial-adding-command\"","messageBody":"This reverts commit 7953f06f69406afa2bab0ea9acad781d16c8cb20, reversing\nchanges made to 577cce3ea465848b2f0c76984a429851981a56c2.\n\nRevert remark command\n","fileTypesAndContributionMap":{"functional-code":{"insertions":13,"deletions":250},"test-code":{"insertions":12,"deletions":66}}}]},{"date":"2023-03-16","commitResults":[{"hash":"3df813eb11cf7354b7b26066a8f4dec2f4b22bd0","isMergeCommit":true,"messageTitle":"Merge branch \u0027master\u0027 into FriendlierSyntax","messageBody":"","fileTypesAndContributionMap":{}}]},{"date":"2023-03-20","commitResults":[{"hash":"8317c302313fe399a96a69c38ea7d97b341c51c0","isMergeCommit":false,"messageTitle":"Fix checkstyle bugs","messageBody":"","fileTypesAndContributionMap":{"functional-code":{"insertions":18,"deletions":23},"test-code":{"insertions":0,"deletions":6}}},{"hash":"f8f889c9a688bf35d294c7d74ab8c7858160e9ea","isMergeCommit":true,"messageTitle":"Merge branch \u0027FriendlierSyntax\u0027 of https://github.com/0x787af25e/tp into FriendlierSyntax","messageBody":"Fix merge conflict\n","fileTypesAndContributionMap":{}},{"hash":"237d78d9c4e6802fa7a470f9d987f64bf92a796b","isMergeCommit":true,"messageTitle":"Merge branch \u0027master\u0027 into FriendlierSyntax","messageBody":"","fileTypesAndContributionMap":{}},{"hash":"1facb91b7251e080f0a2df7b405ec038a054f2ec","isMergeCommit":true,"messageTitle":"Merge pull request #51 from 0x787af25e/FriendlierSyntax","messageBody":"Friendlier syntax","fileTypesAndContributionMap":{}},{"hash":"8804c3bb225356eff0714c7e318d7b8a47c778d1","isMergeCommit":false,"messageTitle":"Revert \"Friendlier syntax\"","messageBody":"","fileTypesAndContributionMap":{"functional-code":{"insertions":44,"deletions":43},"docs":{"insertions":14,"deletions":16},"test-code":{"insertions":15,"deletions":35}}},{"hash":"c1ac52f5790e6ad2a7442cb6d98a094ff530f979","isMergeCommit":true,"messageTitle":"Merge pull request #52 from AY2223S2-CS2103T-T17-3/revert-51-FriendlierSyntax","messageBody":"Revert \"Friendlier syntax\"","fileTypesAndContributionMap":{}},{"hash":"681f65743c69ee0b2ad737230e9f69f31d1052f1","isMergeCommit":false,"messageTitle":"Modify the new features added in v1.2 to fit the improved commands","messageBody":"","fileTypesAndContributionMap":{"functional-code":{"insertions":12,"deletions":16}}},{"hash":"4caff6f71c9f5e635cb1aa8d3e4e0c9c4f2a9ec5","isMergeCommit":true,"messageTitle":"Merge branch \u0027FriendlierSyntax\u0027 of https://github.com/0x787af25e/tp into FriendlierSyntax","messageBody":"Fix merge conflict\n","fileTypesAndContributionMap":{}},{"hash":"0290947a0d2bd0bf4d5e6410152141683e5eb67b","isMergeCommit":false,"messageTitle":"Add stuff","messageBody":"","fileTypesAndContributionMap":{"functional-code":{"insertions":41,"deletions":14},"test-code":{"insertions":22,"deletions":22}}},{"hash":"feed4a7e51139912358ed471896b7c7f01c9a9a9","isMergeCommit":false,"messageTitle":"Fix checkstyle errors","messageBody":"","fileTypesAndContributionMap":{"test-code":{"insertions":10,"deletions":2}}},{"hash":"ff1755ed493442070c7ae8cd4e05d72bd8aba62f","isMergeCommit":false,"messageTitle":"Fix checkstyle again","messageBody":"","fileTypesAndContributionMap":{"test-code":{"insertions":1,"deletions":2}}}]},{"date":"2023-03-22","commitResults":[{"hash":"cae23f10eba5f6dc08c1e203d4bea0425a14991d","isMergeCommit":false,"messageTitle":"Add test cases","messageBody":"","fileTypesAndContributionMap":{"functional-code":{"insertions":4,"deletions":4},"test-code":{"insertions":26,"deletions":9}}},{"hash":"0f99e65ff1e686ea202c903b31694a13a8aab50e","isMergeCommit":false,"messageTitle":"Fix checkstyle","messageBody":"","fileTypesAndContributionMap":{"test-code":{"insertions":11,"deletions":4}}}]},{"date":"2023-03-24","commitResults":[{"hash":"cd9fe7dbf2117a2ca9f249bc45be68b8cbb98e68","isMergeCommit":false,"messageTitle":"Preliminary update for developer guide","messageBody":"","fileTypesAndContributionMap":{"docs":{"insertions":12,"deletions":2}}},{"hash":"47be7f217a812c6b87632adf04eac7e0dfc0c7be","isMergeCommit":true,"messageTitle":"Merge pull request #68 from 0x787af25e/FlexibleCommand","messageBody":"Update my own DG","fileTypesAndContributionMap":{}},{"hash":"102c83c6c6cb44568210193ea26b282d60aad0bf","isMergeCommit":false,"messageTitle":"Add prelimiary feature","messageBody":"","fileTypesAndContributionMap":{"functional-code":{"insertions":223,"deletions":42},"docs":{"insertions":57,"deletions":4},"test-code":{"insertions":18,"deletions":18}}},{"hash":"71e264f944d81b6f184ff8f0e9165316f93dc98c","isMergeCommit":true,"messageTitle":"Merge branch \u0027FlexibleCommand\u0027 of https://github.com/0x787af25e/tp into FlexibleCommand","messageBody":"Fix merge conflict\n","fileTypesAndContributionMap":{}},{"hash":"d73b80a9d0445e211a9e1748d23c621eff325508","isMergeCommit":false,"messageTitle":"Add a command for user to define shortcuts","messageBody":"","fileTypesAndContributionMap":{"functional-code":{"insertions":47,"deletions":21}}},{"hash":"0e5c6933ef3e26a6ab5a47fcedf7a82c25e468a4","isMergeCommit":false,"messageTitle":"Fix a few things such as version number","messageBody":"","fileTypesAndContributionMap":{"functional-code":{"insertions":25,"deletions":26}}}]},{"date":"2023-03-26","commitResults":[{"hash":"a0a4f2c5b9a802d713315d7c60b0666046edf3ef","isMergeCommit":false,"messageTitle":"Add saving functionality to shortcut command; will need to abstract out stuff","messageBody":"","fileTypesAndContributionMap":{"functional-code":{"insertions":737,"deletions":53}}}]},{"date":"2023-03-27","commitResults":[{"hash":"25361fde9464eb41e59787c26582731aae6d0709","isMergeCommit":false,"messageTitle":"Abstract out some methods","messageBody":"","fileTypesAndContributionMap":{"functional-code":{"insertions":119,"deletions":528}}},{"hash":"a6703a4a5462081291a49fc32c7f1a7e716516f3","isMergeCommit":true,"messageTitle":"Merge branch \u0027master\u0027 into FlexibleCommand Merge Leon\u0027s code into current branch","messageBody":"","fileTypesAndContributionMap":{}},{"hash":"effc989519af47a290cfd05e77a66b920f0c7f62","isMergeCommit":false,"messageTitle":"Add shortcut for mass ops command","messageBody":"","fileTypesAndContributionMap":{"functional-code":{"insertions":13,"deletions":23}}},{"hash":"503da37fe1c19195bfc3d068de9c033b8775a1ca","isMergeCommit":false,"messageTitle":"Fix checkstyle","messageBody":"","fileTypesAndContributionMap":{"functional-code":{"insertions":218,"deletions":293},"test-code":{"insertions":18,"deletions":18}}}]},{"date":"2023-03-28","commitResults":[{"hash":"a5db0946b293f6da782ec686439e9bfbd140b94b","isMergeCommit":false,"messageTitle":"Add test cases","messageBody":"","fileTypesAndContributionMap":{"functional-code":{"insertions":8,"deletions":7},"test-code":{"insertions":53,"deletions":0}}},{"hash":"33666db745cc200074079755db71e4e3e9df6623","isMergeCommit":false,"messageTitle":"Add more tests","messageBody":"","fileTypesAndContributionMap":{"test-code":{"insertions":13,"deletions":0}}},{"hash":"3c6f61fa71814f261d691bfdca6d8367ce7d2a1a","isMergeCommit":false,"messageTitle":"Update help window","messageBody":"","fileTypesAndContributionMap":{"functional-code":{"insertions":17,"deletions":12}}},{"hash":"6b4a8f3ca3c8a9d2e7c1d12808936f17c2c92f77","isMergeCommit":false,"messageTitle":"Fix test checkstyle","messageBody":"","fileTypesAndContributionMap":{"test-code":{"insertions":5,"deletions":6}}},{"hash":"5c44159c086d3ef0fcfc51307c457dfdc1f8a004","isMergeCommit":false,"messageTitle":"Add more tests for coverage","messageBody":"","fileTypesAndContributionMap":{"test-code":{"insertions":218,"deletions":5}}}]},{"date":"2023-03-29","commitResults":[{"hash":"8da26ac362c7be5c897aa78ab4692ad9c5def06d","isMergeCommit":true,"messageTitle":"Merge branch \u0027master\u0027 into FlexibleCommand","messageBody":"","fileTypesAndContributionMap":{}},{"hash":"7692f91c49f697b5175e6162f4db7c47d5d4a90a","isMergeCommit":false,"messageTitle":"Add import to fix code","messageBody":"","fileTypesAndContributionMap":{"functional-code":{"insertions":1,"deletions":0}}},{"hash":"6acd5390dcaa92d144e377adf92bdee1e481ff70","isMergeCommit":false,"messageTitle":"Remove failed test","messageBody":"","fileTypesAndContributionMap":{"test-code":{"insertions":19,"deletions":19}}},{"hash":"5e19536f51038c5ef02b479c60d3f05c94d4592b","isMergeCommit":false,"messageTitle":"Fix checkstyle","messageBody":"","fileTypesAndContributionMap":{"test-code":{"insertions":2,"deletions":3}}},{"hash":"4b8e15315f51609a4bd61c3ccf2673f6a653ebe5","isMergeCommit":false,"messageTitle":"Fix checkstyle again","messageBody":"","fileTypesAndContributionMap":{"test-code":{"insertions":20,"deletions":19}}},{"hash":"69d04e87789b988ba494b3b1e82b22affcf9a26a","isMergeCommit":false,"messageTitle":"Fix checkstyle again","messageBody":"","fileTypesAndContributionMap":{"test-code":{"insertions":1,"deletions":1}}}]},{"date":"2023-03-31","commitResults":[{"hash":"125cc44d509b66df8a7d14b1a832299178c1801a","isMergeCommit":false,"messageTitle":"Update user guide","messageBody":"","fileTypesAndContributionMap":{"docs":{"insertions":14,"deletions":0}}},{"hash":"f4c7f1a5b164a69659dc811341d312215bdde750","isMergeCommit":true,"messageTitle":"Merge pull request #97 from 0x787af25e/master","messageBody":"Update user guide","fileTypesAndContributionMap":{}}]},{"date":"2023-04-03","commitResults":[{"hash":"3c0e09dba93865a52e14644815d0454863500dad","isMergeCommit":false,"messageTitle":"Fix shortcuts for freeze and unfreeze","messageBody":"","fileTypesAndContributionMap":{"functional-code":{"insertions":50,"deletions":8}}},{"hash":"486cd8d011f8bb56a3c39a56cfaec7a2e6f7960a","isMergeCommit":false,"messageTitle":"Fix shortcut command bug","messageBody":"","fileTypesAndContributionMap":{"functional-code":{"insertions":32,"deletions":20}}},{"hash":"9e8ae097346e871da9b14a601ef876d46ca450a1","isMergeCommit":false,"messageTitle":"Fix checkstyle","messageBody":"","fileTypesAndContributionMap":{"functional-code":{"insertions":3,"deletions":2}}},{"hash":"ada3a1222bda0459f1073e626426723f60dfaf98","isMergeCommit":false,"messageTitle":"Fix help window","messageBody":"","fileTypesAndContributionMap":{"functional-code":{"insertions":1,"deletions":1}}},{"hash":"d556f43c7099e8220f39356854f616825451dbf4","isMergeCommit":false,"messageTitle":"Add freeze and unfreeze commands to help window","messageBody":"","fileTypesAndContributionMap":{"functional-code":{"insertions":2,"deletions":0}}}]}],"hhchinh2002":[{"date":"2023-03-10","commitResults":[{"hash":"1477ab729ccf17afc72817c2c1d52f3350e61cdb","isMergeCommit":false,"messageTitle":"Implement delete_tag command.","messageBody":"","fileTypesAndContributionMap":{"functional-code":{"insertions":136,"deletions":0}}},{"hash":"2f9495980b9cd1f7e79f4a564acc488deb2ecac2","isMergeCommit":false,"messageTitle":"Update UserGuide.md","messageBody":"","fileTypesAndContributionMap":{"docs":{"insertions":3,"deletions":2}}},{"hash":"82e161cb4e8fc29f9e3b1ade4b759473ebf28a5f","isMergeCommit":false,"messageTitle":"Fix the bugs with delete_tag command.","messageBody":"","fileTypesAndContributionMap":{"functional-code":{"insertions":11,"deletions":5}}},{"hash":"d91f205a8c6a060b643ee96674912864a56e1407","isMergeCommit":false,"messageTitle":"Add hhchinh2002.md PPP skeletal file.","messageBody":"","fileTypesAndContributionMap":{"docs":{"insertions":16,"deletions":0}}},{"hash":"5f61c355b6e882c8c05ebc89221c8de1f68ed477","isMergeCommit":true,"messageTitle":"Merge pull request #31 from hhchinh2002/PPP-hhchinh2002","messageBody":"Add hhchinh2002.md PPP skeletal file.","fileTypesAndContributionMap":{}},{"hash":"f1cdbb6df5a8fa75f257e9e2fbae6b34842e60de","isMergeCommit":false,"messageTitle":"Add header comments for delete_tag related classes.","messageBody":"","fileTypesAndContributionMap":{"functional-code":{"insertions":19,"deletions":5},"test-code":{"insertions":5,"deletions":0}}},{"hash":"934cdae9960c26c8682485a44e8893aaeb85bcd7","isMergeCommit":false,"messageTitle":"Add DeleteTagCommandTest.java and DeleteTagCommandParserTest.java","messageBody":"","fileTypesAndContributionMap":{"test-code":{"insertions":141,"deletions":0}}},{"hash":"577cce3ea465848b2f0c76984a429851981a56c2","isMergeCommit":true,"messageTitle":"Merge pull request #30 from hhchinh2002/delete-tag-branch","messageBody":"Implement delete_tag command.","fileTypesAndContributionMap":{}}]},{"date":"2023-03-14","commitResults":[{"hash":"ad947f40913521c3acc3f293f7e23096d187c60b","isMergeCommit":false,"messageTitle":"Fix the error GUI doesn\u0027t update after delete_tag","messageBody":"","fileTypesAndContributionMap":{"functional-code":{"insertions":8,"deletions":3}}},{"hash":"64eff52b363b733c571014ada071ce2d8b766ee5","isMergeCommit":false,"messageTitle":"Fix java coding standard violations.","messageBody":"","fileTypesAndContributionMap":{"functional-code":{"insertions":19,"deletions":6}}},{"hash":"574f0b097cabba0185cffe9bd24bf4a3b99d565c","isMergeCommit":false,"messageTitle":"Fix java coding standard violations","messageBody":"","fileTypesAndContributionMap":{"functional-code":{"insertions":1,"deletions":1}}},{"hash":"c72ae015eebd732fe461be79679e8bc1bad339c3","isMergeCommit":true,"messageTitle":"Merge branch \u0027master\u0027 into delete-tag-branch","messageBody":"","fileTypesAndContributionMap":{}}]},{"date":"2023-03-15","commitResults":[{"hash":"702ab81fc7ea4537725fd3ba5589c78debd94b0d","isMergeCommit":true,"messageTitle":"Merge branch \u0027master\u0027 into delete-tag-branch","messageBody":"# Conflicts:\n#\tsrc/main/java/seedu/address/logic/commands/DeleteTagCommand.java\n#\tsrc/main/java/seedu/address/logic/parser/AddressBookParser.java\n","fileTypesAndContributionMap":{}},{"hash":"1545fed158e2522a192dc25ec074ae7bc94b8d96","isMergeCommit":false,"messageTitle":"Fix checkstyle and test cases failures","messageBody":"","fileTypesAndContributionMap":{"functional-code":{"insertions":7,"deletions":2},"test-code":{"insertions":7,"deletions":9}}}]},{"date":"2023-03-22","commitResults":[{"hash":"04ddf216d98baff1b79de028c388041578f18bce","isMergeCommit":false,"messageTitle":"Update the lastest version v1.2 in MainApp.java","messageBody":"","fileTypesAndContributionMap":{"functional-code":{"insertions":1,"deletions":1}}}]},{"date":"2023-03-24","commitResults":[{"hash":"717ed4450ab77b2ab58812927e13d5ed6ca8cbd8","isMergeCommit":false,"messageTitle":"Add UI supports for history display.","messageBody":"","fileTypesAndContributionMap":{"functional-code":{"insertions":107,"deletions":38}}},{"hash":"5aea480d830fbc159a11772276e787593f3db218","isMergeCommit":false,"messageTitle":"Add Model supports for history display.","messageBody":"","fileTypesAndContributionMap":{"functional-code":{"insertions":61,"deletions":5},"test-code":{"insertions":22,"deletions":0}}},{"hash":"3d6de5aa18eb64ba7d82c7a73329e659fc482887","isMergeCommit":false,"messageTitle":"Revert \"Add Model supports for history display.\"","messageBody":"This reverts commit 5aea480d830fbc159a11772276e787593f3db218.\n","fileTypesAndContributionMap":{"functional-code":{"insertions":5,"deletions":61},"test-code":{"insertions":0,"deletions":22}}},{"hash":"7012de106f19040f8fd4da83245050fb616f129f","isMergeCommit":false,"messageTitle":"Add Logic component\u0027s supports for history display","messageBody":"","fileTypesAndContributionMap":{"functional-code":{"insertions":27,"deletions":3},"test-code":{"insertions":22,"deletions":0}}},{"hash":"23d6333cfd6c588f5b138eb258e89e7c87729a15","isMergeCommit":false,"messageTitle":"Add TxtUtil.java for read/write from/to .txt file.","messageBody":"","fileTypesAndContributionMap":{"functional-code":{"insertions":44,"deletions":0}}},{"hash":"e9b21803b713e51d18fa080290547a854ae69648","isMergeCommit":false,"messageTitle":"Add Model component\u0027s supports for history display","messageBody":"","fileTypesAndContributionMap":{"functional-code":{"insertions":114,"deletions":3}}},{"hash":"df22ac04b43144fef5e4325351226a0b4ba63b16","isMergeCommit":false,"messageTitle":"Add Storage\u0027s supports for history display.","messageBody":"","fileTypesAndContributionMap":{"functional-code":{"insertions":145,"deletions":3}}},{"hash":"8ac9d28839cde2b22af6ebfc73d84411e5068132","isMergeCommit":true,"messageTitle":"Merge branch \u0027master\u0027 into history-page-branch","messageBody":"# Conflicts:\n#\tsrc/main/java/seedu/address/logic/LogicManager.java\n#\tsrc/main/java/seedu/address/model/ModelManager.java\n","fileTypesAndContributionMap":{}},{"hash":"de85f22cf473168b35c399c84fc92b42852fe149","isMergeCommit":false,"messageTitle":"Fix java style convention violation and test cases","messageBody":"","fileTypesAndContributionMap":{"functional-code":{"insertions":59,"deletions":29},"test-code":{"insertions":3,"deletions":3}}},{"hash":"186e4b44e352eb06535ab5860b20cbcc40ef0b76","isMergeCommit":false,"messageTitle":"Fix checkstyle error in MainWindow.fxml.","messageBody":"","fileTypesAndContributionMap":{"functional-code":{"insertions":1,"deletions":1}}},{"hash":"c93cff06ec961a068ea67bd64f5b54119934874b","isMergeCommit":false,"messageTitle":"Add history implementation in DeveloperGuide.md","messageBody":"","fileTypesAndContributionMap":{"docs":{"insertions":41,"deletions":0}}},{"hash":"df367d6c9d9bc6a7e9c32aabc40fb3b0cf35fe6c","isMergeCommit":true,"messageTitle":"Merge pull request #67 from hhchinh2002/history-developer-guide","messageBody":"Add history implementation in DeveloperGuide.md","fileTypesAndContributionMap":{}}]},{"date":"2023-03-27","commitResults":[{"hash":"be468b2a7b236fb24266d5e010545283eca41f4a","isMergeCommit":true,"messageTitle":"Merge pull request #75 from leonpoh/master","messageBody":"Implement MassOp command","fileTypesAndContributionMap":{}}]},{"date":"2023-03-29","commitResults":[{"hash":"6c423a587598a99aae9f4806515ae00e9f45f428","isMergeCommit":true,"messageTitle":"Merge pull request #76 from 0x787af25e/FlexibleCommand","messageBody":"Add flexible command","fileTypesAndContributionMap":{}}]},{"date":"2023-03-31","commitResults":[{"hash":"085bd84a98ef56730a052d3a538c79acaaad5fa5","isMergeCommit":false,"messageTitle":"Ad UI support for filters display.","messageBody":"","fileTypesAndContributionMap":{"functional-code":{"insertions":99,"deletions":7}}},{"hash":"5b7f1e23bc45e1861c222980e8e6f4ff59c6f701","isMergeCommit":false,"messageTitle":"Ad Logic and Model support for filters display.","messageBody":"","fileTypesAndContributionMap":{"functional-code":{"insertions":96,"deletions":1},"test-code":{"insertions":18,"deletions":6}}},{"hash":"928cf73ac5319e0ecb0cc54b7374433d14197660","isMergeCommit":true,"messageTitle":"Merge branch \u0027master\u0027 into Applying-Filter-Display","messageBody":"# Conflicts:\n#\tsrc/main/java/seedu/address/model/Model.java\n#\tsrc/main/java/seedu/address/model/ModelManager.java\n#\tsrc/main/java/seedu/address/ui/MainWindow.java\n#\tsrc/main/resources/view/MainWindow.fxml\n#\tsrc/test/java/seedu/address/logic/commands/AddCommandTest.java\n","fileTypesAndContributionMap":{}},{"hash":"ac2b91f481701f6a6221520ce5974c66d9656dd0","isMergeCommit":false,"messageTitle":"Fix Ui error of filters display.","messageBody":"","fileTypesAndContributionMap":{"functional-code":{"insertions":5,"deletions":5}}},{"hash":"8847597b21d717d282bc46ef0d91832fe1fa0849","isMergeCommit":true,"messageTitle":"Merge pull request #95 from hhchinh2002/Applying-Filter-Display","messageBody":"Applying filter display","fileTypesAndContributionMap":{}},{"hash":"e73992be216a9a81787cfa4fa49ea6ee07b80838","isMergeCommit":false,"messageTitle":"Update version, UserGuide.md","messageBody":"","fileTypesAndContributionMap":{"functional-code":{"insertions":2,"deletions":2},"other":{"insertions":1,"deletions":1},"docs":{"insertions":36,"deletions":15}}},{"hash":"638f9bb82ebaa6bd16eeb529400be8cc5010abcb","isMergeCommit":true,"messageTitle":"Merge pull request #96 from hhchinh2002/master","messageBody":"Update version, UserGuide.md","tags":["v1.3.2"],"fileTypesAndContributionMap":{}}]},{"date":"2023-04-07","commitResults":[{"hash":"98f2209862152ea76c99fc12e83d016b50f0ea94","isMergeCommit":false,"messageTitle":"Fix UG documentation bug of tag section from PE-D","messageBody":"","fileTypesAndContributionMap":{"docs":{"insertions":5,"deletions":5}}},{"hash":"49c8d49e0576e8ab0fd2d0265e43eda83ce6dcd0","isMergeCommit":true,"messageTitle":"Merge pull request #148 from hhchinh2002/master","messageBody":"Fix UG documentation bug of tag section from PE-D","fileTypesAndContributionMap":{}},{"hash":"38feebaeab13a89e269c1a06d3bb2c0358872204","isMergeCommit":false,"messageTitle":"Fix history/filter boxes\u0027 bugs as reported in PE-D","messageBody":"","fileTypesAndContributionMap":{"functional-code":{"insertions":4,"deletions":1}}},{"hash":"aad1854fa570a08b5c53019314e726def95a6cf4","isMergeCommit":true,"messageTitle":"Merge pull request #150 from hhchinh2002/master","messageBody":"Fix history/filter boxes\u0027 bugs as reported in PE-D","fileTypesAndContributionMap":{}},{"hash":"91b47d6ad089084564cd5c0d44f54500d39da9a1","isMergeCommit":false,"messageTitle":"Update hhchinh2002 PPT file","messageBody":"","fileTypesAndContributionMap":{"docs":{"insertions":16,"deletions":5}}},{"hash":"340105f329a69e2d99b97aaae9d29edb8d8724e1","isMergeCommit":true,"messageTitle":"Merge pull request #151 from hhchinh2002/master","messageBody":"Update hhchinh2002 PPT file","fileTypesAndContributionMap":{}}]},{"date":"2023-04-10","commitResults":[{"hash":"ccdb6932a2f696a419c3aee1aeeff97e12bc01f7","isMergeCommit":false,"messageTitle":"Add more test classes.","messageBody":"","fileTypesAndContributionMap":{"test-code":{"insertions":109,"deletions":0}}},{"hash":"d0058d9ac1176fc9d583917c294148ee18b9ab32","isMergeCommit":true,"messageTitle":"Merge pull request #158 from hhchinh2002/master","messageBody":"Add more test classes.","fileTypesAndContributionMap":{}}]}],"leonpoh":[{"date":"2023-02-18","commitResults":[{"hash":"4b002fdd2ab0ce2dba80125729214d2d1068ba15","isMergeCommit":false,"messageTitle":"Implement Tag command","messageBody":"","fileTypesAndContributionMap":{"functional-code":{"insertions":141,"deletions":3},"other":{"insertions":580,"deletions":0},"test-code":{"insertions":6,"deletions":0}}}]},{"date":"2023-03-02","commitResults":[{"hash":"67630ab84186e82b93e485058c63b2009a344d29","isMergeCommit":false,"messageTitle":"added gitignore","messageBody":"","fileTypesAndContributionMap":{"other":{"insertions":0,"deletions":0}}},{"hash":"1caf6c0e4026ab31b2146be55923b0d5d44c69ee","isMergeCommit":false,"messageTitle":"Test","messageBody":"","fileTypesAndContributionMap":{"functional-code":{"insertions":6,"deletions":2},"other":{"insertions":0,"deletions":0},"docs":{"insertions":0,"deletions":0},"test-code":{"insertions":0,"deletions":0}}},{"hash":"b5ad1f46112df2ce2efd26486383fdf893fea786","isMergeCommit":true,"messageTitle":"Merge branch \u0027master\u0027 of https://github.com/leonpoh/tp","messageBody":"","fileTypesAndContributionMap":{}}]},{"date":"2023-03-05","commitResults":[{"hash":"f1c1989383af67438cd6135621ed4befc12d75d3","isMergeCommit":false,"messageTitle":"Merge Tag command","messageBody":"","fileTypesAndContributionMap":{"functional-code":{"insertions":0,"deletions":0},"docs":{"insertions":0,"deletions":0}}},{"hash":"2616ed773a928b86dfa0aea28ec880ad586b9e2e","isMergeCommit":false,"messageTitle":"Fixing repo","messageBody":"","fileTypesAndContributionMap":{"functional-code":{"insertions":0,"deletions":0},"other":{"insertions":0,"deletions":0},"docs":{"insertions":0,"deletions":0},"test-code":{"insertions":0,"deletions":0}}}]},{"date":"2023-03-06","commitResults":[{"hash":"faed541d976f588e624ec06bb98d743d0cf37826","isMergeCommit":false,"messageTitle":"Implement Tag command","messageBody":"","fileTypesAndContributionMap":{"functional-code":{"insertions":142,"deletions":0},"other":{"insertions":580,"deletions":0},"test-code":{"insertions":7,"deletions":0}}},{"hash":"294f319f689acec3a68ff54ea64d5d5a7363af4f","isMergeCommit":true,"messageTitle":"Merge pull request #1 from AY2223S2-CS2103T-T17-3/master","messageBody":"Update README.md","fileTypesAndContributionMap":{}},{"hash":"c695be950a18ee43d3283e855a05b2593b71ee9b","isMergeCommit":false,"messageTitle":"fix style error","messageBody":"","fileTypesAndContributionMap":{"functional-code":{"insertions":0,"deletions":1}}},{"hash":"cf2a0c5e9abd280c240090d0d3dd3c7ef4185c91","isMergeCommit":true,"messageTitle":"Merge branch \u0027master\u0027 of https://github.com/leonpoh/tp","messageBody":"","fileTypesAndContributionMap":{}},{"hash":"2804530ef86297ee58db051ca32c401391ee8802","isMergeCommit":false,"messageTitle":"fix style error","messageBody":"","fileTypesAndContributionMap":{"functional-code":{"insertions":1,"deletions":0},"test-code":{"insertions":1,"deletions":1}}},{"hash":"7e702a041e127c4cb3dd9781e13cb8f99d0c24e0","isMergeCommit":false,"messageTitle":"fix style error","messageBody":"","fileTypesAndContributionMap":{"functional-code":{"insertions":3,"deletions":2}}},{"hash":"b16178b1af09ce7e59d2df132bd9343eeb153802","isMergeCommit":false,"messageTitle":"fix style error","messageBody":"","fileTypesAndContributionMap":{"functional-code":{"insertions":2,"deletions":2}}}]},{"date":"2023-03-07","commitResults":[{"hash":"1d6ee309bceb31a6a8da2be223cdd9340b5abe1e","isMergeCommit":false,"messageTitle":"add test class","messageBody":"","fileTypesAndContributionMap":{"functional-code":{"insertions":2,"deletions":2},"test-code":{"insertions":143,"deletions":0}}},{"hash":"bb7f6686adb66a5043b2807d229d27c4e4d629a5","isMergeCommit":false,"messageTitle":"Implement tests for Tag command","messageBody":"","fileTypesAndContributionMap":{"docs":{"insertions":32,"deletions":0}}},{"hash":"6532df728a36194594630920df6c43bc36f1481a","isMergeCommit":false,"messageTitle":"Delete CommandBox.fxml","messageBody":"","fileTypesAndContributionMap":{"other":{"insertions":0,"deletions":9}}},{"hash":"cd2c474ef30a3b1ef26914ae4819e15b88488483","isMergeCommit":false,"messageTitle":"Delete DarkTheme.css","messageBody":"","fileTypesAndContributionMap":{"other":{"insertions":0,"deletions":352}}},{"hash":"424e259c71e9f18021b61f30976877dc72d513af","isMergeCommit":false,"messageTitle":"Revert \"Implement tests for Tag command This reverts commit bb7f6686adb66a5043b2807d229d27c4e4d629a5.","messageBody":"","fileTypesAndContributionMap":{"docs":{"insertions":0,"deletions":32}}},{"hash":"8bcfd234a3264dddddf54588a24f615a15c453f4","isMergeCommit":false,"messageTitle":"fix fxml","messageBody":"","fileTypesAndContributionMap":{"other":{"insertions":360,"deletions":0}}}]},{"date":"2023-03-09","commitResults":[{"hash":"a0a23501a708e3e6f178392f6ebd99e210280d9c","isMergeCommit":false,"messageTitle":"Add Leonpoh.md and update AboutUs.md","messageBody":"","fileTypesAndContributionMap":{"docs":{"insertions":19,"deletions":14}}},{"hash":"4b6b410d529a28723234ecd9bcc0e67b315fb0fe","isMergeCommit":true,"messageTitle":"Remove unecessary files","messageBody":"","fileTypesAndContributionMap":{}},{"hash":"ab9851f218ab48ab7f25b46972b2dad103457419","isMergeCommit":true,"messageTitle":"Merge branch \u0027master\u0027 into master","messageBody":"","fileTypesAndContributionMap":{}},{"hash":"e7757be3ab937a33b34b2ba4ee9f1867d59e93ea","isMergeCommit":false,"messageTitle":"Remove unecessary files","messageBody":"","fileTypesAndContributionMap":{"other":{"insertions":0,"deletions":580}}},{"hash":"bd4e31b020d73034020c392e4d0e22044136913b","isMergeCommit":true,"messageTitle":"Merge pull request #28 from leonpoh/master","messageBody":"Add leonpoh.md and update Readme.md","fileTypesAndContributionMap":{}}]},{"date":"2023-03-11","commitResults":[{"hash":"5d7968968285d9d01141004aaf94b3095023d653","isMergeCommit":false,"messageTitle":"Add Income field","messageBody":"","fileTypesAndContributionMap":{"functional-code":{"insertions":145,"deletions":23},"test-code":{"insertions":42,"deletions":10}}},{"hash":"db496aa16d220e8da8557ac526aff7aecc3de584","isMergeCommit":false,"messageTitle":"Add Income field","messageBody":"","fileTypesAndContributionMap":{"functional-code":{"insertions":145,"deletions":23},"test-code":{"insertions":42,"deletions":10}}},{"hash":"703504eabd5b6280a6278bba24218082a371a4ce","isMergeCommit":true,"messageTitle":"Merge pull request #32 from 0x787af25e/extend-help","messageBody":"Extend help","fileTypesAndContributionMap":{}}]},{"date":"2023-03-14","commitResults":[{"hash":"d92e9b04cbc6738f7650ab49639f8257018cd5d9","isMergeCommit":false,"messageTitle":"Fix tag","messageBody":"","fileTypesAndContributionMap":{"functional-code":{"insertions":4,"deletions":1}}},{"hash":"ce5f1a0729bd0232eaf31dd9c1c1ce58e0fe632f","isMergeCommit":true,"messageTitle":"Merge branch \u0027master\u0027 of https://github.com/leonpoh/tp","messageBody":"","fileTypesAndContributionMap":{}},{"hash":"664a5bb79baee7e3d945e42e3a82bd899dd07a58","isMergeCommit":true,"messageTitle":"Merge pull request #37 from AY2223S2-CS2103T-T17-3/RemoveRemark","messageBody":"Revert \"Merge pull request #11 from jefrai/tutorial-adding-command\"","fileTypesAndContributionMap":{}},{"hash":"849ca6e9020df633875e82b72e503cb419aaa894","isMergeCommit":true,"messageTitle":"Merge branch \u0027AY2223S2-CS2103T-T17-3:master\u0027 into master","messageBody":"","fileTypesAndContributionMap":{}}]},{"date":"2023-03-16","commitResults":[{"hash":"947d9db1996367b8239ba58170c574b864aae173","isMergeCommit":false,"messageTitle":"Fix Style","messageBody":"","fileTypesAndContributionMap":{"functional-code":{"insertions":98,"deletions":73},"test-code":{"insertions":31,"deletions":24}}},{"hash":"dec3a60caf95a4326efc042d6e34f7d4a43326b1","isMergeCommit":true,"messageTitle":"Merge delete tag","messageBody":"","fileTypesAndContributionMap":{}}]},{"date":"2023-03-18","commitResults":[{"hash":"5a1e3d16474c72f3e12e354f980647b9bc24d21e","isMergeCommit":true,"messageTitle":"Add income field and fix test classes","messageBody":"","fileTypesAndContributionMap":{}}]},{"date":"2023-03-19","commitResults":[{"hash":"a76da76ed7f110e9f6177dfe813e016ca19afdc3","isMergeCommit":false,"messageTitle":"Resolve permission denied","messageBody":"","fileTypesAndContributionMap":{"other":{"insertions":1,"deletions":1}}},{"hash":"0a95be192a009b6d683b556f6a00438cc72f0e08","isMergeCommit":false,"messageTitle":"Resolve permission denied","messageBody":"","fileTypesAndContributionMap":{"other":{"insertions":4,"deletions":4}}}]},{"date":"2023-03-22","commitResults":[{"hash":"edade23ff0c0613b51f24f9246f582e47adeb1eb","isMergeCommit":true,"messageTitle":"Merge pull request #55 from 0x787af25e/FriendlierSyntax","messageBody":"Friendlier syntax","fileTypesAndContributionMap":{}}]},{"date":"2023-03-23","commitResults":[{"hash":"7c0d90a1240c9a4e006d9927878bc1acea3527d2","isMergeCommit":false,"messageTitle":"add tag to developer guide","messageBody":"","fileTypesAndContributionMap":{"docs":{"insertions":14,"deletions":0}}}]},{"date":"2023-03-24","commitResults":[{"hash":"123bdf0a9d7b61445ae7f98b256d04bef41e16cf","isMergeCommit":true,"messageTitle":"Merge branch \u0027master\u0027 into master","messageBody":"","fileTypesAndContributionMap":{}},{"hash":"46787eb9a7ae646cdd5c2e26b3b42e56f8997a4b","isMergeCommit":true,"messageTitle":"Merge pull request #62 from leonpoh/master","messageBody":"add tag to developer guide","fileTypesAndContributionMap":{}}]},{"date":"2023-03-25","commitResults":[{"hash":"e785d29491734e9c9ab32a2c1c5d43e8c94292aa","isMergeCommit":false,"messageTitle":"Implement MassOp command","messageBody":"","fileTypesAndContributionMap":{"functional-code":{"insertions":174,"deletions":3},"docs":{"insertions":15,"deletions":0},"test-code":{"insertions":6,"deletions":0}}},{"hash":"84f453574ccf2836f5644f5b2c13fe3baf318200","isMergeCommit":true,"messageTitle":"Implement MassOp command","messageBody":"","fileTypesAndContributionMap":{}},{"hash":"c911d8ab391049f4d012b1a6ecbbf32c73470d7d","isMergeCommit":true,"messageTitle":"Merge branch \u0027master\u0027 of https://github.com/leonpoh/tp","messageBody":"","fileTypesAndContributionMap":{}},{"hash":"b60c3eb14d9dfe0d8e31149a16a7a468eade1ab8","isMergeCommit":false,"messageTitle":"Implement MassOp command","messageBody":"","fileTypesAndContributionMap":{"docs":{"insertions":0,"deletions":165}}},{"hash":"e0bf1111d7162b9b5e340ac7a251ac291678688c","isMergeCommit":false,"messageTitle":"removed tag.md","messageBody":"","fileTypesAndContributionMap":{"docs":{"insertions":165,"deletions":15}}}]},{"date":"2023-03-26","commitResults":[{"hash":"824dbfaefcdf98c76ede4858964df9e43731b4d3","isMergeCommit":true,"messageTitle":"Merge branch \u0027AY2223S2-CS2103T-T17-3:master\u0027 into master","messageBody":"","fileTypesAndContributionMap":{}}]},{"date":"2023-03-28","commitResults":[{"hash":"456c4945c8510c57047a5818ec55f267f19c5ee9","isMergeCommit":false,"messageTitle":"Implement MassOp parser test classes and MassOpCommand test classes","messageBody":"","fileTypesAndContributionMap":{"functional-code":{"insertions":19,"deletions":8},"test-code":{"insertions":177,"deletions":0}}}]},{"date":"2023-03-29","commitResults":[{"hash":"d85b4c03e7d97be07d3df95621e89d8db05848f8","isMergeCommit":true,"messageTitle":"Merge branch \u0027master\u0027 into add-Freeze","messageBody":"","fileTypesAndContributionMap":{}},{"hash":"8135219933b01b016eade8e8717a16066f849068","isMergeCommit":true,"messageTitle":"Merge pull request #80 from jefrai/add-Freeze","messageBody":"Add Freeze \u0026 Unfreeze Commands","fileTypesAndContributionMap":{}},{"hash":"67723154076af37d218a052aca0767f863394559","isMergeCommit":false,"messageTitle":"change MassOpCommand and MassOpCommandParser","messageBody":"","fileTypesAndContributionMap":{"functional-code":{"insertions":14,"deletions":70},"test-code":{"insertions":8,"deletions":66}}}]},{"date":"2023-04-03","commitResults":[{"hash":"559ce2d8b03dfae39a3a7d916326609d8757da7a","isMergeCommit":false,"messageTitle":"changed income field to double and fix the userguide.md","messageBody":"","fileTypesAndContributionMap":{"functional-code":{"insertions":6,"deletions":4},"docs":{"insertions":91,"deletions":9}}},{"hash":"bba6415992e57bb2c86884bceee118f8986a8ae5","isMergeCommit":false,"messageTitle":"fix grammatical error in delete_tag","messageBody":"","fileTypesAndContributionMap":{"docs":{"insertions":1,"deletions":1}}},{"hash":"84e340145b95c627308ea572b74b63c42ca87484","isMergeCommit":true,"messageTitle":"Combined the docs","messageBody":"","fileTypesAndContributionMap":{}}]},{"date":"2023-04-07","commitResults":[{"hash":"ca6bc80ee2ea1380a467e31db55be1936e05d3da","isMergeCommit":true,"messageTitle":"update developer guide","messageBody":"","fileTypesAndContributionMap":{}},{"hash":"a99c6083715b630d101250469891d59a25581348","isMergeCommit":false,"messageTitle":"PPP","messageBody":"","fileTypesAndContributionMap":{"docs":{"insertions":35,"deletions":12}}},{"hash":"407ffd4c336088d4838ff26088728df3e9230a1a","isMergeCommit":false,"messageTitle":"fix Person","messageBody":"","fileTypesAndContributionMap":{"functional-code":{"insertions":2,"deletions":4}}},{"hash":"ca40afc6e6e4695d04f227e96a8018ce0da5aeef","isMergeCommit":false,"messageTitle":"Add eol","messageBody":"","fileTypesAndContributionMap":{"functional-code":{"insertions":1,"deletions":1}}},{"hash":"fc0a4e1392443de47cbbb2fa046cea3c2615d8ac","isMergeCommit":true,"messageTitle":"Merge pull request #149 from leonpoh/master","messageBody":"PPP","fileTypesAndContributionMap":{}},{"hash":"a0b92c4582d15dc8650b42f94ac178d52008c16f","isMergeCommit":false,"messageTitle":"changed Income to Long","messageBody":"","fileTypesAndContributionMap":{"functional-code":{"insertions":4,"deletions":4}}},{"hash":"e91e00dec27718851219ad99cb86bf16453b5828","isMergeCommit":false,"messageTitle":"Fix checkstyle","messageBody":"","fileTypesAndContributionMap":{"functional-code":{"insertions":2,"deletions":1}}},{"hash":"c8529284714f756f386c9f70436522705e588fae","isMergeCommit":false,"messageTitle":"Fix checkstyle","messageBody":"","fileTypesAndContributionMap":{"functional-code":{"insertions":1,"deletions":1}}},{"hash":"5d20a0ff2763199dba3e40abe7ccb080db6b62d6","isMergeCommit":true,"messageTitle":"Merge branch \u0027AY2223S2-CS2103T-T17-3:master\u0027 into master","messageBody":"","fileTypesAndContributionMap":{}},{"hash":"42792dba971e6c9b55777a9a32493d6139cce09e","isMergeCommit":true,"messageTitle":"Merge pull request #152 from leonpoh/master","messageBody":"Changed Income to Long","fileTypesAndContributionMap":{}}]},{"date":"2023-04-08","commitResults":[{"hash":"b404861f99b9056cb883d79b39a49a7d11591f69","isMergeCommit":true,"messageTitle":"Merge pull request #155 from winsonheng/Branch-Refactor-Elister","messageBody":"Branch refactor elister","fileTypesAndContributionMap":{}}]}],"jefrai":[{"date":"2023-03-01","commitResults":[{"hash":"5520b8086f07bb15ea69d92ab509ec5ab1082be4","isMergeCommit":false,"messageTitle":"Add Remark Command stub","messageBody":"","fileTypesAndContributionMap":{"functional-code":{"insertions":20,"deletions":0}}},{"hash":"1dfd07ba92b3904b0578413b6767140593969348","isMergeCommit":false,"messageTitle":"Modify Remark Command to reflect unimplemented status","messageBody":"","fileTypesAndContributionMap":{"functional-code":{"insertions":15,"deletions":2}}},{"hash":"06eb64c2f489f6df3c514ff5aa80a31bfe0ce23a","isMergeCommit":false,"messageTitle":"Add Remark Command parsing","messageBody":"","fileTypesAndContributionMap":{"functional-code":{"insertions":70,"deletions":4}}},{"hash":"8d79a2d1590b8492cdd43c716aad56571c6e5002","isMergeCommit":false,"messageTitle":"Add Remark Command functionality","messageBody":"","fileTypesAndContributionMap":{"functional-code":{"insertions":142,"deletions":16},"test-code":{"insertions":25,"deletions":12}}},{"hash":"410e9094a883f54eb2a90ef64caab02e0fe155f7","isMergeCommit":false,"messageTitle":"Add Remark Command tests, fix bugs","messageBody":"","fileTypesAndContributionMap":{"functional-code":{"insertions":6,"deletions":2},"test-code":{"insertions":37,"deletions":0}}},{"hash":"8a0f2e198bd3e32715612a2d0536e5a47209041a","isMergeCommit":false,"messageTitle":"Fix source file formatting","messageBody":"","fileTypesAndContributionMap":{"functional-code":{"insertions":1,"deletions":1}}},{"hash":"40744957652b7fe5a94b1f5493dee6bfd5e7ade8","isMergeCommit":false,"messageTitle":"Fix test source file formatting","messageBody":"","fileTypesAndContributionMap":{"test-code":{"insertions":1,"deletions":1}}},{"hash":"605d26d219705c73dd766bb039ce338e9c0d9eed","isMergeCommit":false,"messageTitle":"Fix Checkstyle errors","messageBody":"","fileTypesAndContributionMap":{"functional-code":{"insertions":9,"deletions":1}}},{"hash":"fc44b030c13e779eabd913bf15feaa26c9f73d45","isMergeCommit":false,"messageTitle":"Fix test Checkstyle errors","messageBody":"","fileTypesAndContributionMap":{"test-code":{"insertions":8,"deletions":4}}}]},{"date":"2023-03-13","commitResults":[{"hash":"467bbac6682ea47c5774c57a07e87a0ea90fc24a","isMergeCommit":false,"messageTitle":"Add Filter Command functionality","messageBody":"","fileTypesAndContributionMap":{"functional-code":{"insertions":224,"deletions":2}}}]},{"date":"2023-03-14","commitResults":[{"hash":"834fb3e0bbcc7f8eabc6d5acbd47588a92d24b2e","isMergeCommit":false,"messageTitle":"Add Filter Command usage message, JavaDoc comments","messageBody":"","fileTypesAndContributionMap":{"functional-code":{"insertions":35,"deletions":8}}},{"hash":"bc94f9e778eb5b5372afaac31190159600005ef8","isMergeCommit":false,"messageTitle":"Add Filter tests, fix bugs","messageBody":"","fileTypesAndContributionMap":{"functional-code":{"insertions":7,"deletions":2},"test-code":{"insertions":168,"deletions":0}}},{"hash":"1f186178133b4f0306acd5762d2bc7b17f2bd100","isMergeCommit":true,"messageTitle":"Resolve merge conflicts","messageBody":"","fileTypesAndContributionMap":{}}]},{"date":"2023-03-15","commitResults":[{"hash":"e48243c499da5fdf3ffffde3fd447d1b4e1d5e23","isMergeCommit":false,"messageTitle":"Fix repo-wide checks","messageBody":"","fileTypesAndContributionMap":{"other":{"insertions":0,"deletions":0}}},{"hash":"09050309c6d459d80326f56b5f13df88be60141c","isMergeCommit":false,"messageTitle":"Fix Checkstyle violations","messageBody":"","fileTypesAndContributionMap":{"functional-code":{"insertions":56,"deletions":32},"test-code":{"insertions":29,"deletions":28}}},{"hash":"5542097b97700c5bfffe3ff9f49375ba6ed91304","isMergeCommit":true,"messageTitle":"Merge pull request #35 from jefrai/branch-Filter","messageBody":"Add Filter Command","fileTypesAndContributionMap":{}},{"hash":"fe39dca3c0e6bbd56d5361f2b660435f73b07214","isMergeCommit":false,"messageTitle":"Add PPP outline","messageBody":"","fileTypesAndContributionMap":{"docs":{"insertions":44,"deletions":0}}},{"hash":"37e6cde9dc96971621a16742c032090aba593912","isMergeCommit":true,"messageTitle":"Merge pull request #40 from jefrai/add-PPP","messageBody":"Add PPP outline","fileTypesAndContributionMap":{}},{"hash":"3dd1a63a7732f785cbc370dc5eaa5dea0c0d9def","isMergeCommit":true,"messageTitle":"Merge pull request #36 from hhchinh2002/delete-tag-branch","messageBody":"Fix GUI not update after delete_tag command","fileTypesAndContributionMap":{}}]},{"date":"2023-03-23","commitResults":[{"hash":"e9948c57a4cda4c489ad50a0981555658034331f","isMergeCommit":false,"messageTitle":"Add Undo Command functionality","messageBody":"","fileTypesAndContributionMap":{"functional-code":{"insertions":286,"deletions":30},"docs":{"insertions":1,"deletions":5},"test-code":{"insertions":1,"deletions":1}}},{"hash":"3117fc2c43f34a9831d08f838e675f26da625947","isMergeCommit":false,"messageTitle":"Add Redo Command functionality","messageBody":"","fileTypesAndContributionMap":{"functional-code":{"insertions":94,"deletions":5}}},{"hash":"3b1396352178985f5c8cd3f28ae2b1c2a259df7c","isMergeCommit":false,"messageTitle":"Add Undo \u0026 Redo tests, fix bugs","messageBody":"","fileTypesAndContributionMap":{"functional-code":{"insertions":4,"deletions":2},"test-code":{"insertions":387,"deletions":16}}},{"hash":"a3b43f0dee16035ec761b911fe6ee3d729312a89","isMergeCommit":true,"messageTitle":"Resolve merge conflicts","messageBody":"","fileTypesAndContributionMap":{}},{"hash":"bc641c5f7b3a1f762bcad4bd014b583694c76d34","isMergeCommit":false,"messageTitle":"Add JavaDoc comments, fix Checkstyle violations","messageBody":"","fileTypesAndContributionMap":{"functional-code":{"insertions":65,"deletions":9},"test-code":{"insertions":7,"deletions":6}}},{"hash":"9529422828664dc4c9a15b2a98f74a8a56606024","isMergeCommit":false,"messageTitle":"Fix testcase race condition","messageBody":"","fileTypesAndContributionMap":{"test-code":{"insertions":4,"deletions":4}}},{"hash":"1a3429fe2a3e5dc859d40a09b06cfa4c8b065ea2","isMergeCommit":true,"messageTitle":"Merge pull request #61 from jefrai/add-Undo","messageBody":"Add Undo \u0026 Redo commands","fileTypesAndContributionMap":{}}]},{"date":"2023-03-24","commitResults":[{"hash":"e26a1ebb742da1abf6612bf3701ef72204955e4f","isMergeCommit":false,"messageTitle":"Add Undo DG documentation","messageBody":"","fileTypesAndContributionMap":{"other":{"insertions":4,"deletions":0},"docs":{"insertions":133,"deletions":12}}},{"hash":"a372c34250b869f71728570a8c6e9bf720fbb8af","isMergeCommit":true,"messageTitle":"Merge pull request #63 from jefrai/master","messageBody":"Add Undo DG documentation","fileTypesAndContributionMap":{}}]},{"date":"2023-03-29","commitResults":[{"hash":"58cf2708836c5fa1ece8e0b9fa0011169faef0ea","isMergeCommit":true,"messageTitle":"Merge https://github.com/leonpoh/tp","messageBody":"","fileTypesAndContributionMap":{}},{"hash":"7f22b06513f1c07019cda7bb81e2aead4c5d6964","isMergeCommit":false,"messageTitle":"Fix Mass Command tests","messageBody":"","fileTypesAndContributionMap":{"test-code":{"insertions":7,"deletions":6}}},{"hash":"1b769e69e59aed6ec2656f1e0139824e19b45591","isMergeCommit":true,"messageTitle":"Merge pull request #78 from jefrai/master","messageBody":"Fix Mass command tests","fileTypesAndContributionMap":{}},{"hash":"547f1451b8cbec5b15073697380b73a9b1c6a353","isMergeCommit":false,"messageTitle":"Add Freeze \u0026 Unfreeze Commands","messageBody":"","fileTypesAndContributionMap":{"functional-code":{"insertions":195,"deletions":5},"test-code":{"insertions":256,"deletions":24}}},{"hash":"f98598aa4743b5977b35c7b9db2fd6a62ac2e912","isMergeCommit":false,"messageTitle":"Decouple Undo/Redo from Model, add Freeze JavaDoc","messageBody":"","fileTypesAndContributionMap":{"functional-code":{"insertions":43,"deletions":11},"test-code":{"insertions":21,"deletions":3}}},{"hash":"c6142bb7828321238d53010c3337c3be27a10ac6","isMergeCommit":false,"messageTitle":"Fix Undo/Redo bugs","messageBody":"","fileTypesAndContributionMap":{"functional-code":{"insertions":24,"deletions":21},"test-code":{"insertions":2,"deletions":2}}}]},{"date":"2023-03-30","commitResults":[{"hash":"30ff0341805c454f5c51588b2a0ae2806850a4ee","isMergeCommit":false,"messageTitle":"Rename user input history classes","messageBody":"","fileTypesAndContributionMap":{"functional-code":{"insertions":45,"deletions":45},"other":{"insertions":17,"deletions":17},"test-code":{"insertions":5,"deletions":5}}},{"hash":"f9430ef5786e31ff20decb54d62635b6397925cd","isMergeCommit":true,"messageTitle":"Merge pull request #84 from winsonheng/master","messageBody":"Add all option to export and reset option to import","fileTypesAndContributionMap":{}},{"hash":"773ad94b1cc28ba01a0150f3be35857a2222548d","isMergeCommit":true,"messageTitle":"Merge branch \u0027improve-InputHistory\u0027 of https://github.com/jefrai/tp into improve-InputHistory","messageBody":"","fileTypesAndContributionMap":{}},{"hash":"e00cdfb20b6550bb8cafe114bd85f1ba605167fe","isMergeCommit":false,"messageTitle":"Refactor input history","messageBody":"","fileTypesAndContributionMap":{"functional-code":{"insertions":115,"deletions":49}}},{"hash":"af6a4d2dc131119c020757ab5e0677a95eb622e5","isMergeCommit":false,"messageTitle":"Change Input History display format","messageBody":"","fileTypesAndContributionMap":{"functional-code":{"insertions":96,"deletions":29},"test-code":{"insertions":17,"deletions":17}}},{"hash":"6fe0b6dfb8cd6fffbe05162698f5f11274ab59d7","isMergeCommit":false,"messageTitle":"Fix Checkstyle errors","messageBody":"","fileTypesAndContributionMap":{"functional-code":{"insertions":37,"deletions":10}}},{"hash":"930a247e7f5faba6bbda6cabef2a14e88cc615da","isMergeCommit":true,"messageTitle":"Merge pull request #88 from jefrai/improve-InputHistory","messageBody":"Improve Input History","fileTypesAndContributionMap":{}},{"hash":"8f9477bf4a6f70aaf30e1a17fa2e04893dddaee1","isMergeCommit":false,"messageTitle":"Modify MassOp behavior","messageBody":"","fileTypesAndContributionMap":{"functional-code":{"insertions":84,"deletions":41},"test-code":{"insertions":14,"deletions":14}}},{"hash":"85034e48d5981cdbd5a66c108dcd302ae4d9b671","isMergeCommit":false,"messageTitle":"Fix Checkstyle errors","messageBody":"","fileTypesAndContributionMap":{"functional-code":{"insertions":22,"deletions":16}}},{"hash":"937a203b55443f504fba7432c40a11eba6a75689","isMergeCommit":false,"messageTitle":"Make examples clearer","messageBody":"","fileTypesAndContributionMap":{"functional-code":{"insertions":12,"deletions":12}}},{"hash":"7f6911f76bba730b66f2b19450e45afd2590ef02","isMergeCommit":false,"messageTitle":"Fix Edit command display behavior","messageBody":"","fileTypesAndContributionMap":{"functional-code":{"insertions":0,"deletions":1}}},{"hash":"6daf35f742360dbb47c8fe3dd8b901f0d9b9fbc1","isMergeCommit":false,"messageTitle":"Fix bug between Freeze and Edit commands","messageBody":"","fileTypesAndContributionMap":{"functional-code":{"insertions":24,"deletions":8},"test-code":{"insertions":4,"deletions":4}}},{"hash":"a90902da33c8fa93976790021bb1d2e9b99c56bc","isMergeCommit":true,"messageTitle":"Merge pull request #89 from jefrai/improve-Mass","messageBody":"Improve Mass Operation Command","fileTypesAndContributionMap":{}},{"hash":"9d19ca7eb356a6d549844b31440dd787c356db98","isMergeCommit":false,"messageTitle":"Fix Input History save order","messageBody":"","fileTypesAndContributionMap":{"functional-code":{"insertions":2,"deletions":1}}}]},{"date":"2023-03-31","commitResults":[{"hash":"3eb40c263a63c958c3bd1547e13c12ff3f1af74a","isMergeCommit":true,"messageTitle":"Merge pull request #91 from winsonheng/master","messageBody":"Add test classes","fileTypesAndContributionMap":{}},{"hash":"97bb5eb2c89e973e964ddaefb717dda47649c94e","isMergeCommit":false,"messageTitle":"Update User Guide","messageBody":"","fileTypesAndContributionMap":{"docs":{"insertions":70,"deletions":21}}},{"hash":"65b95e6af7cbbcad706775ad8de8606491bca1bf","isMergeCommit":false,"messageTitle":"Improve UI","messageBody":"","fileTypesAndContributionMap":{"functional-code":{"insertions":31,"deletions":18}}},{"hash":"57c26d4d73f19b29cc867830028734b1a6684322","isMergeCommit":false,"messageTitle":"Fix Unit Tests","messageBody":"","fileTypesAndContributionMap":{"test-code":{"insertions":5,"deletions":0}}},{"hash":"226064823102c4cd33c66a5839c4bcb06fe0cb18","isMergeCommit":true,"messageTitle":"Merge pull request #92 from jefrai/master","messageBody":"Final v1.3 additions","fileTypesAndContributionMap":{}},{"hash":"9430262acece5c3f282e9bdcc4667dab213058b2","isMergeCommit":false,"messageTitle":"Fix JavaFX exit procedure","messageBody":"","fileTypesAndContributionMap":{"functional-code":{"insertions":1,"deletions":0}}},{"hash":"33a23e20fae1ba0d1b58c1f6d8544ef2fdbc3f40","isMergeCommit":true,"messageTitle":"Merge branch \u0027AY2223S2-CS2103T-T17-3:master\u0027 into master","messageBody":"","fileTypesAndContributionMap":{}},{"hash":"9132a066013b0f0a6a50c7010861789118f23da3","isMergeCommit":true,"messageTitle":"Merge pull request #93 from jefrai/master","messageBody":"Fix JavaFX exit procedure","tags":["v1.3.1"],"fileTypesAndContributionMap":{}}]},{"date":"2023-04-03","commitResults":[{"hash":"4db258fc0e426427efbfc19447b6a050eb6e2f7d","isMergeCommit":false,"messageTitle":"Fix Filter bug","messageBody":"","fileTypesAndContributionMap":{"functional-code":{"insertions":1,"deletions":1}}},{"hash":"121a16717909ae1bef35fdf8ea39f5af0dc04d74","isMergeCommit":true,"messageTitle":"Merge pull request #145 from jefrai/master","messageBody":"Fix Filter bug","tags":["v1.4.0-demo"],"fileTypesAndContributionMap":{}}]},{"date":"2023-04-07","commitResults":[{"hash":"ee3c1f6bebed32dc200c1f6caaef9bf48384e30a","isMergeCommit":false,"messageTitle":"Edit PPP to draft","messageBody":"","fileTypesAndContributionMap":{"docs":{"insertions":32,"deletions":14}}},{"hash":"833f44f6b4fdc66d92c1b9e0af642f4aa85f5583","isMergeCommit":true,"messageTitle":"Merge pull request #147 from jefrai/master","messageBody":"Edit PPP","fileTypesAndContributionMap":{}}]},{"date":"2023-04-10","commitResults":[{"hash":"b43ce4c996feaad218b25a3d5f045d225d146654","isMergeCommit":false,"messageTitle":"Fix UG bugs, Find Command functionality","messageBody":"","fileTypesAndContributionMap":{"functional-code":{"insertions":34,"deletions":7},"docs":{"insertions":70,"deletions":13}}},{"hash":"fea2274ed5607b83ed0c1dde5b8c432ff5d665fb","isMergeCommit":false,"messageTitle":"Clarify Shortcut Command usage, fix Checkstyle errors","messageBody":"","fileTypesAndContributionMap":{"functional-code":{"insertions":4,"deletions":4},"docs":{"insertions":20,"deletions":22},"test-code":{"insertions":2,"deletions":3}}},{"hash":"68b99f0c2bde935abf704d0db6e2b97d995953f0","isMergeCommit":false,"messageTitle":"Fix Shortcut tests, move Tag sources to Model","messageBody":"","fileTypesAndContributionMap":{"functional-code":{"insertions":16,"deletions":18},"other":{"insertions":1,"deletions":1},"test-code":{"insertions":57,"deletions":17}}},{"hash":"a0ddb77db5ae6d63ef3892d300a56c22150541cf","isMergeCommit":false,"messageTitle":"Delete extraneous DG section","messageBody":"","fileTypesAndContributionMap":{"functional-code":{"insertions":25,"deletions":25},"docs":{"insertions":3,"deletions":82}}},{"hash":"37e63f10d7aba664ac0dc12dbc7fb437966f252e","isMergeCommit":true,"messageTitle":"Merge pull request #156 from jefrai/master","messageBody":"Fix PE-D bugs","fileTypesAndContributionMap":{}},{"hash":"179ab006cd30e3d34655f9e9f7f508ad8edd08b0","isMergeCommit":false,"messageTitle":"Rectify Undo behaviour to comply with UG","messageBody":"","fileTypesAndContributionMap":{"functional-code":{"insertions":1,"deletions":1},"test-code":{"insertions":16,"deletions":16}}},{"hash":"fd352f378f0c6abbc28b838e263d123ec1c2457d","isMergeCommit":false,"messageTitle":"Fix Shortcut parsing","messageBody":"","fileTypesAndContributionMap":{"functional-code":{"insertions":4,"deletions":0},"docs":{"insertions":3,"deletions":3}}},{"hash":"6ee02bb71c0791f2c6f53141c3b0afeb35b06397","isMergeCommit":true,"messageTitle":"Merge pull request #157 from jefrai/master","messageBody":"Fix Shortcut behavior to align with UG","fileTypesAndContributionMap":{}}]}]},"authorFileTypeContributionMap":{"winsonheng":{"docs":313,"functional-code":1155,"test-code":729,"other":1},"0x787af25e":{"docs":132,"functional-code":561,"test-code":299},"hhchinh2002":{"docs":75,"functional-code":655,"test-code":248,"other":1},"leonpoh":{"docs":159,"functional-code":385,"test-code":350},"jefrai":{"docs":295,"functional-code":1365,"test-code":895,"other":4}},"authorContributionVariance":{"winsonheng":70827.125,"0x787af25e":46685.223,"hhchinh2002":15806.18,"leonpoh":47469.633,"jefrai":38596.008},"authorDisplayNameMap":{"winsonheng":"CS2103T-T17-3 WINS..HENG","0x787af25e":"CS2103T-T17-3 GONG.. JUN","hhchinh2002":"CS2103T-T17-3 HOAN..HINH","leonpoh":"CS2103T-T17-3 LEON..HENG","jefrai":"CS2103T-T17-3 JEFF..HEAN"}}
