{"authorDailyContributionsMap":{"winsonheng":[{"date":"2023-02-25","commitResults":[{"hash":"32cb408ace3822ed2b794224f70f00f2d5949743","messageTitle":"Add export to csv command","messageBody":"","fileTypesAndContributionMap":{"functional-code":{"insertions":439,"deletions":9}}},{"hash":"0e7856055c55a9eb789895b9a9e2ced0947ec9b1","messageTitle":"Minor edits for style checks","messageBody":"","fileTypesAndContributionMap":{"functional-code":{"insertions":42,"deletions":29}}}]},{"date":"2023-03-01","commitResults":[{"hash":"2c1549b4c10d3dd4f1a51d9573c5222b1109d995","messageTitle":"Edit imports order","messageBody":"","fileTypesAndContributionMap":{"functional-code":{"insertions":24,"deletions":24}}},{"hash":"9529c7163d9743626314bc3851904c6163b90409","messageTitle":"Minor edit to pass checkstyle","messageBody":"","fileTypesAndContributionMap":{"functional-code":{"insertions":3,"deletions":3}}}]},{"date":"2023-03-02","commitResults":[{"hash":"cee571e0c4344e180536e4f3243193e0df10848a","messageTitle":"Create winsonheng.md","messageBody":"","fileTypesAndContributionMap":{"docs":{"insertions":32,"deletions":0}}}]},{"date":"2023-03-06","commitResults":[{"hash":"3914f6e8a6ea6218888dfec43b21eb498b98c71b","messageTitle":"Update README.md","messageBody":"","fileTypesAndContributionMap":{"docs":{"insertions":5,"deletions":6}}},{"hash":"8df62ddd278af808eac0229c80c3b80a040468e2","messageTitle":"Update AboutUs.md","messageBody":"","fileTypesAndContributionMap":{"docs":{"insertions":3,"deletions":3}}},{"hash":"e32856a51ec1ffef60bc4daf3340e0920b496db7","messageTitle":"Update AboutUs.md","messageBody":"","fileTypesAndContributionMap":{"docs":{"insertions":1,"deletions":1}}},{"hash":"80f70e7a550fb26218fbbb933091939457175d86","messageTitle":"Delete workspace.xml","messageBody":"","fileTypesAndContributionMap":{"functional-code":{"insertions":0,"deletions":38}}},{"hash":"72599b9e325322a64e6456880c763afd78dd5423","messageTitle":"Update README.md","messageBody":"","fileTypesAndContributionMap":{"docs":{"insertions":2,"deletions":2}}}]}],"0x787af25e":[{"date":"2023-02-21","commitResults":[{"hash":"dfa32447b13985ca1154f1459f03e02558507f5b","messageTitle":"Add files via upload","messageBody":"","fileTypesAndContributionMap":{"docs":{"insertions":16,"deletions":0}}},{"hash":"0899de3ac4490f6e294eefdc4d68862d0d9f467c","messageTitle":"Delete 0x787af25e.md","messageBody":"","fileTypesAndContributionMap":{"docs":{"insertions":0,"deletions":16}}},{"hash":"c3e476f2a4c8cc4e44e30ae669b7ee8fe0e85dcf","messageTitle":"Upload PPP","messageBody":"Reupload because file had CRLF line endings previously","fileTypesAndContributionMap":{"docs":{"insertions":16,"deletions":0}}}]},{"date":"2023-03-05","commitResults":[{"hash":"2245cf713968f9de23cb508afa5c52e9a8a96e83","messageTitle":"Update developer guide","messageBody":"","fileTypesAndContributionMap":{"functional-code":{"insertions":38,"deletions":0},"docs":{"insertions":28,"deletions":0}}}]}],"hhchinh2002":[],"leonpoh":[],"jefrai":[]},"authorFileTypeContributionMap":{"winsonheng":{"docs":42,"functional-code":443,"test-code":0,"other":1},"0x787af25e":{"docs":44,"functional-code":0,"test-code":0},"hhchinh2002":{"docs":0,"functional-code":0,"test-code":0},"leonpoh":{"docs":0,"functional-code":0,"test-code":0},"jefrai":{"docs":0,"functional-code":0,"test-code":0}},"authorContributionVariance":{"winsonheng":14021.111,"0x787af25e":329.8889,"hhchinh2002":0.0,"leonpoh":0.0,"jefrai":0.0},"authorDisplayNameMap":{"winsonheng":"CS2103T-T17-3 WINS..HENG","0x787af25e":"CS2103T-T17-3 GONG.. JUN","hhchinh2002":"CS2103T-T17-3 HOAN..HINH","leonpoh":"CS2103T-T17-3 LEON..HENG","jefrai":"CS2103T-T17-3 JEFF..HEAN"}}
