{"authorDailyContributionsMap":{"cmang12":[{"date":"2023-03-01","commitResults":[{"hash":"667aba624ff9f89f6b1801d5bfbff99e30007ed8","isMergeCommit":false,"messageTitle":"Update About Us","messageBody":"","fileTypesAndContributionMap":{"docs":{"insertions":5,"deletions":5}}},{"hash":"04c90b0bddc85135e4bf2a54b25fac158a86a0e1","isMergeCommit":false,"messageTitle":"Update About Us","messageBody":"- add photo\n- add personal details\n","fileTypesAndContributionMap":{"docs":{"insertions":0,"deletions":1}}},{"hash":"0a5f804258d5b9bc4da9fdb727572395c5813464","isMergeCommit":true,"messageTitle":"Merge pull request #42 from chia-yh/update-AboutUs","messageBody":"Update individual details, photo in AboutUs.md","fileTypesAndContributionMap":{}},{"hash":"90877858157cb763ab65cf8bce1de281fc5ce4f7","isMergeCommit":true,"messageTitle":"Merge pull request #44 from chia-yh/update-add-edit-UG","messageBody":"Update add, edit features in UserGuide.md","fileTypesAndContributionMap":{}},{"hash":"b5039eda5202982246f1aa5d4e7503cd97042306","isMergeCommit":true,"messageTitle":"Merge pull request #53 from chia-yh/update-userprofile-valueproposition-userstories-DG","messageBody":"Update the target user profile, value proposition, and user stories in DeveloperGuide.md","fileTypesAndContributionMap":{}},{"hash":"a0eecadb9f168ee9272d02cd1bfa63e95b8c6312","isMergeCommit":false,"messageTitle":"Update UserGuide.md","messageBody":"-Add details on list feature","fileTypesAndContributionMap":{"docs":{"insertions":9,"deletions":2}}},{"hash":"ef0d4e9052814aa62257bc7b92ad387a8857f98f","isMergeCommit":false,"messageTitle":"Update UserGuide.md","messageBody":"-Add details on list feature","fileTypesAndContributionMap":{"docs":{"insertions":1,"deletions":1}}},{"hash":"c3f086d2b5b9d284fc30e0c4936fa1a6ec00c4c8","isMergeCommit":false,"messageTitle":"Add skeletal PPP","messageBody":"","fileTypesAndContributionMap":{"docs":{"insertions":0,"deletions":0}}},{"hash":"d7070129903f73eaa8faa8f520a4a40307aadb1f","isMergeCommit":false,"messageTitle":"Add skeletal PPP","messageBody":"","fileTypesAndContributionMap":{"docs":{"insertions":41,"deletions":1}}},{"hash":"a9f2cdd48e49c21ce2492bdd213354f6166d2116","isMergeCommit":true,"messageTitle":"Merge pull request #43 from chia-yh/update-README","messageBody":"Update README.md","fileTypesAndContributionMap":{}},{"hash":"81db9678512f05c088e54cab9bfeaeda27f7616d","isMergeCommit":true,"messageTitle":"Merge pull request #45 from chia-yh/add-PPP","messageBody":"Add skeletal Project Portfolio Page (PPP)","fileTypesAndContributionMap":{}},{"hash":"e320ea854a285e9bc5137a26e2d90672ac6c0fca","isMergeCommit":true,"messageTitle":"Merge pull request #55 from chia-yh/update-glossary-DG","messageBody":"Update the glossary in DeveloperGuide.md","fileTypesAndContributionMap":{}},{"hash":"e72f79d39ad44e91ee8691f4a3b699794cbcd256","isMergeCommit":true,"messageTitle":"Merge pull request #56 from chia-yh/update-NFR-DG","messageBody":"Update the non-functional requirements in DeveloperGuide.md","fileTypesAndContributionMap":{}},{"hash":"b560ff38012dfdde7f4878c90bea97aabaea9ef0","isMergeCommit":true,"messageTitle":"Merge pull request #54 from chia-yh/update-UC01-UC02-UC09-DG","messageBody":"Update use cases in DeveloperGuide.md","fileTypesAndContributionMap":{}},{"hash":"a2017482cdd52719e240aaf891617eb56b052ecd","isMergeCommit":false,"messageTitle":"Update DeveloperGuide.md","messageBody":"","fileTypesAndContributionMap":{"docs":{"insertions":37,"deletions":0}}},{"hash":"8fff59a1a91a8842a1e8c3901414c8fa652bf0f3","isMergeCommit":false,"messageTitle":"Update AboutUs.md","messageBody":"","fileTypesAndContributionMap":{"docs":{"insertions":2,"deletions":2}}},{"hash":"9265bedb5eb171275640fd56a0d735ef38224f19","isMergeCommit":true,"messageTitle":"Merge branch \u0027master\u0027 into add-skeletal-PPP","messageBody":"","fileTypesAndContributionMap":{}},{"hash":"04f3df7e397bf1c4cd29f61ffcb489cb8f983331","isMergeCommit":false,"messageTitle":"Update use cases in DeveloperGuide.md","messageBody":"- Add use cases for list, help, hide","fileTypesAndContributionMap":{"docs":{"insertions":19,"deletions":2}}},{"hash":"b34712ea654101e344ec2c009049105386268371","isMergeCommit":true,"messageTitle":"Merge branch \u0027master\u0027 into update-DG","messageBody":"","fileTypesAndContributionMap":{}}]},{"date":"2023-03-02","commitResults":[{"hash":"9db7aad0d49a29966ca4c972908f5b4459527799","isMergeCommit":false,"messageTitle":"Update AboutUs.md","messageBody":"-fixed wrong formatting\n","fileTypesAndContributionMap":{"docs":{"insertions":3,"deletions":2}}},{"hash":"0d520d264e49b52054057ed460f59800864c61c7","isMergeCommit":true,"messageTitle":"Merge branch \u0027master\u0027 into update-About-Us","messageBody":"","fileTypesAndContributionMap":{}}]},{"date":"2023-03-07","commitResults":[{"hash":"0936a4aa236dacb1bb5735a212097021640e19a0","isMergeCommit":false,"messageTitle":"Update list feature","messageBody":"","fileTypesAndContributionMap":{"functional-code":{"insertions":120,"deletions":2},"test-code":{"insertions":26,"deletions":2}}},{"hash":"eb0dc32b980544e9387cb419c6b857c3756af22d","isMergeCommit":false,"messageTitle":"Update Help","messageBody":"","fileTypesAndContributionMap":{"functional-code":{"insertions":17,"deletions":1}}},{"hash":"efa72b3068485773c33e7fe8cfb27047710dd661","isMergeCommit":true,"messageTitle":"Merge pull request #78 from dillongoh/add-sort-feature","messageBody":"Add sort feature","fileTypesAndContributionMap":{}},{"hash":"fd26902d0196e2ef589a0b3580d9672b21a630bb","isMergeCommit":false,"messageTitle":"Update HelpWindow.java","messageBody":"- Update help window to contain the list of commands\n","fileTypesAndContributionMap":{"functional-code":{"insertions":14,"deletions":11}}},{"hash":"249a93235a9f9d2b1eb269a11bee4bb45380874f","isMergeCommit":false,"messageTitle":"Update HelpWIndow.java","messageBody":"- fixed checkstyle errors\n","fileTypesAndContributionMap":{"functional-code":{"insertions":9,"deletions":9}}}]},{"date":"2023-03-09","commitResults":[{"hash":"ff6bffa4e0459b3dbf767f4e8e186bd1127ec01f","isMergeCommit":false,"messageTitle":"Update ListCommand.java","messageBody":"ListCommand.java:\n- Add javadoc\n- When tags are used to find then number of persons listed would be shown\n","fileTypesAndContributionMap":{"functional-code":{"insertions":7,"deletions":6}}},{"hash":"970527ec16889f3890d5ce7366e7006427426919","isMergeCommit":true,"messageTitle":"Merge branch \u0027master\u0027 into update-list-feature","messageBody":"","fileTypesAndContributionMap":{}},{"hash":"170b00a071ab31fe8b3a2d29d12d2cc7b3a85c3a","isMergeCommit":false,"messageTitle":"remove language prefix","messageBody":"","fileTypesAndContributionMap":{"functional-code":{"insertions":0,"deletions":1}}},{"hash":"817aab57a69fe4c9a5a24af7c6c4985609c4aa75","isMergeCommit":false,"messageTitle":"fix check style errors","messageBody":"","fileTypesAndContributionMap":{"functional-code":{"insertions":16,"deletions":16},"test-code":{"insertions":0,"deletions":7}}}]},{"date":"2023-03-12","commitResults":[{"hash":"f55d84203fbd1cd221a2a3209fe3fb457467e5dd","isMergeCommit":true,"messageTitle":"Merge branch \u0027AY2223S2-CS2103T-T12-4:master\u0027 into update-list-feature","messageBody":"","fileTypesAndContributionMap":{}},{"hash":"2921e99ac03abcdd19dd9b4c507476dfa906b76b","isMergeCommit":true,"messageTitle":"Merge pull request #85 from dillongoh/update-sort-constants","messageBody":"Update sort feature","fileTypesAndContributionMap":{}}]},{"date":"2023-03-13","commitResults":[{"hash":"380cd6999dbc7bc009a3629229602d2fb08a8606","isMergeCommit":false,"messageTitle":"Update list feature","messageBody":"","fileTypesAndContributionMap":{"functional-code":{"insertions":79,"deletions":19},"test-code":{"insertions":208,"deletions":7}}},{"hash":"0f530ab0a7a742306749a991394e525df0165fdd","isMergeCommit":false,"messageTitle":"fix checkstyle error","messageBody":"","fileTypesAndContributionMap":{"test-code":{"insertions":4,"deletions":1}}},{"hash":"83146384a21048e05de585b591dea4e0d6a81313","isMergeCommit":false,"messageTitle":"fix unit test in ListCommandTest.java","messageBody":"","fileTypesAndContributionMap":{"test-code":{"insertions":10,"deletions":12}}},{"hash":"33016331c87fc6fffbd5c22e93ee890667e57c86","isMergeCommit":false,"messageTitle":"update minor javadoc","messageBody":"","fileTypesAndContributionMap":{"functional-code":{"insertions":2,"deletions":2}}},{"hash":"9a7dce7aa5f026a9275d7311617d3d232272d58b","isMergeCommit":false,"messageTitle":"remove print lines","messageBody":"","fileTypesAndContributionMap":{"functional-code":{"insertions":0,"deletions":2},"test-code":{"insertions":0,"deletions":1}}},{"hash":"3a9235b89875fb2b6fc3d65bb583a7d32f05da09","isMergeCommit":false,"messageTitle":"Update list in UserGuide.md","messageBody":"Update list description in UserGuide.md to account for language and tag.","fileTypesAndContributionMap":{"docs":{"insertions":14,"deletions":7}}}]},{"date":"2023-03-15","commitResults":[{"hash":"c1bf7e8e42b7c5495cea325f1ad1ea43dc1d1b8f","isMergeCommit":true,"messageTitle":"Merge pull request #108 from huanghao1998/update-ui","messageBody":"Update UI and add view feature","fileTypesAndContributionMap":{}}]}],"huanghao1998":[{"date":"2023-02-25","commitResults":[{"hash":"be021fc8fb0b950104e1919d61d2afa0e055f348","isMergeCommit":false,"messageTitle":"Update github and image","messageBody":"","fileTypesAndContributionMap":{"docs":{"insertions":4,"deletions":3}}},{"hash":"31ab24104a2b8e7ea59a1c1c602769c2a0a1dd75","isMergeCommit":false,"messageTitle":"Add skeletal PPP","messageBody":"","fileTypesAndContributionMap":{"docs":{"insertions":36,"deletions":0}}}]},{"date":"2023-02-26","commitResults":[{"hash":"46195a62ce0a6a206b46faddaec368332ff5f0b6","isMergeCommit":false,"messageTitle":"Update clear feature in UG","messageBody":"","fileTypesAndContributionMap":{"docs":{"insertions":14,"deletions":4}}}]},{"date":"2023-02-27","commitResults":[{"hash":"f68629895d0f08375fb127bd89872ab911c28aa6","isMergeCommit":false,"messageTitle":"Update portfolio link","messageBody":"","fileTypesAndContributionMap":{"docs":{"insertions":1,"deletions":1}}},{"hash":"af108fb747aff5c1b7fb062ed7c13c2dc1a83730","isMergeCommit":true,"messageTitle":"Update portfolio link","messageBody":"","fileTypesAndContributionMap":{}},{"hash":"4ad8f49a937ad6fcb29df85cb00b0bb709bd0ed3","isMergeCommit":true,"messageTitle":"Merge with AboutUs page","messageBody":"","fileTypesAndContributionMap":{}},{"hash":"11ec46ad529b1f4b44c9768be9d3bec24e6ae404","isMergeCommit":false,"messageTitle":"Reposition the AboutUs","messageBody":"","fileTypesAndContributionMap":{"docs":{"insertions":8,"deletions":9}}}]},{"date":"2023-03-01","commitResults":[{"hash":"acf8e42f7f9c5c57c4ab8b09c8abc8c77b9ce62f","isMergeCommit":false,"messageTitle":"Update use cases","messageBody":"","fileTypesAndContributionMap":{"docs":{"insertions":103,"deletions":16}}},{"hash":"e3f68d55c60b1b191e1b836fa198082317d3c467","isMergeCommit":true,"messageTitle":"Merge from master","messageBody":"","fileTypesAndContributionMap":{}}]},{"date":"2023-03-02","commitResults":[{"hash":"74ae9067902290321f7bf605f7743d43d9401a47","isMergeCommit":true,"messageTitle":"Merge from master","messageBody":"","fileTypesAndContributionMap":{}},{"hash":"f01f82b373f458c3f168cc329a6ac9f2319b8cb3","isMergeCommit":false,"messageTitle":"Remove \"regret\" in the undo use case","messageBody":"","fileTypesAndContributionMap":{"docs":{"insertions":1,"deletions":1}}},{"hash":"4183d7d267502b7d8524d0ec668aeb2f56dbf429","isMergeCommit":true,"messageTitle":"Merge pull request #63 from nus-jeff/branch-UpdateUG","messageBody":"Update find features in UserGuide.md","fileTypesAndContributionMap":{}},{"hash":"38bd3a4ec927aceac730fcb2ff2a8118fb8dcc0d","isMergeCommit":true,"messageTitle":"Merge pull request #66 from nus-jeff/branch-UpdatePersonal","messageBody":"Update personal info ","fileTypesAndContributionMap":{}},{"hash":"7248f3fcfc2de48ab745975b26b23cbd6ed03e51","isMergeCommit":true,"messageTitle":"merge with master","messageBody":"","fileTypesAndContributionMap":{}},{"hash":"5b57126575d6782373b574ccf4e9894a2dfa752e","isMergeCommit":false,"messageTitle":"Resolves acknowledgements in DeveloperGuide","messageBody":"","fileTypesAndContributionMap":{"docs":{"insertions":124,"deletions":1}}},{"hash":"daddca96ac67ad393bb1f2fcb92ce7c0309437f7","isMergeCommit":false,"messageTitle":"Remove duplicate","messageBody":"","fileTypesAndContributionMap":{"docs":{"insertions":0,"deletions":123}}}]},{"date":"2023-03-03","commitResults":[{"hash":"3e72d1179f0f0133a8ec30365d0538e8b3b44717","isMergeCommit":false,"messageTitle":"Remove redundancy in use case","messageBody":"","fileTypesAndContributionMap":{"docs":{"insertions":6,"deletions":6}}},{"hash":"7d4693ce7b4b8318a151662bf7d6ae0953ae37b2","isMergeCommit":true,"messageTitle":"Merge with updated use case","messageBody":"","fileTypesAndContributionMap":{}},{"hash":"8fb117d6e46f044028fa591acbd11c53efd6f523","isMergeCommit":false,"messageTitle":"Fix syntax","messageBody":"","fileTypesAndContributionMap":{"docs":{"insertions":21,"deletions":21}}},{"hash":"0f6f4daf001e896191b0e76f895ae5ffda3ab7bb","isMergeCommit":true,"messageTitle":"Merge pull request #70 from nus-jeff/branch-UpdateDG","messageBody":"Update Developer Guide with UC05, UC11 and UC14","fileTypesAndContributionMap":{}}]},{"date":"2023-03-07","commitResults":[{"hash":"df88dea0039e066a1f57ecd95dfe4736ce427598","isMergeCommit":false,"messageTitle":"Merge with master","messageBody":"","fileTypesAndContributionMap":{"functional-code":{"insertions":4,"deletions":0}}}]},{"date":"2023-03-08","commitResults":[{"hash":"aa0f0cbfe2ba4eee7df26b67cd61329f58fcc0c4","isMergeCommit":false,"messageTitle":"Adds Remove command in AddressBookParser and isProfileEmpty function in GithubProfile","messageBody":"","fileTypesAndContributionMap":{"functional-code":{"insertions":307,"deletions":2}}},{"hash":"09f39ee0a72de45ef623a831e5eba52791d1f383","isMergeCommit":false,"messageTitle":"Adds isEmpty functions to every model used in RemoveCommand","messageBody":"","fileTypesAndContributionMap":{"functional-code":{"insertions":32,"deletions":0}}},{"hash":"3f5a21133393ec929ba371add3386b6d70e496f0","isMergeCommit":false,"messageTitle":"Update remove command to remove all the different fields","messageBody":"","fileTypesAndContributionMap":{"functional-code":{"insertions":30,"deletions":21}}},{"hash":"7d48f9368815fba79c9f18aa235168e57fe7a998","isMergeCommit":true,"messageTitle":"Merge with master branch","messageBody":"","fileTypesAndContributionMap":{}},{"hash":"0b94ddc67c46ddd196e8bead23b94c26224e7275","isMergeCommit":false,"messageTitle":"Throw exception when field provided does not exist in data","messageBody":"","fileTypesAndContributionMap":{"functional-code":{"insertions":70,"deletions":21}}}]},{"date":"2023-03-09","commitResults":[{"hash":"5d4477a29289e5dc560f19ab7778cb5546fa4c33","isMergeCommit":false,"messageTitle":"Add remove command test","messageBody":"","fileTypesAndContributionMap":{"functional-code":{"insertions":17,"deletions":8},"test-code":{"insertions":360,"deletions":30}}},{"hash":"dab2e7ee684211a3014af3db288591d8d274895d","isMergeCommit":true,"messageTitle":"Merge pull request #83 from cmang12/update-Help","messageBody":"Update HelpWindow.java","fileTypesAndContributionMap":{}},{"hash":"7daeaa7318c9500349d644eea9565862d781ed81","isMergeCommit":true,"messageTitle":"Merge with master branch","messageBody":"","fileTypesAndContributionMap":{}},{"hash":"f06afae9e62534ada932f8d1bca1f339277d8f35","isMergeCommit":false,"messageTitle":"Fix checkstyle error","messageBody":"","fileTypesAndContributionMap":{"functional-code":{"insertions":39,"deletions":16}}},{"hash":"753c967a3f4997c0a35adba72013f18d875de2db","isMergeCommit":false,"messageTitle":"Fix checkstyle for RemoveCommandParser","messageBody":"","fileTypesAndContributionMap":{"functional-code":{"insertions":23,"deletions":11}}},{"hash":"baf87d5913079e57f61a72eb7a545e74889bf6ac","isMergeCommit":false,"messageTitle":"Fix checkstyle for all test","messageBody":"","fileTypesAndContributionMap":{"test-code":{"insertions":24,"deletions":12}}},{"hash":"92d1fb9c9b608eff99eaff05d86e41a0ad1d625d","isMergeCommit":false,"messageTitle":"Standardise isEmpty function for every attributes","messageBody":"","fileTypesAndContributionMap":{"functional-code":{"insertions":6,"deletions":6}}},{"hash":"064e171e22ed3172880fe6b0a4f756a636b890a1","isMergeCommit":false,"messageTitle":"Add more test for RemoveCommand class","messageBody":"","fileTypesAndContributionMap":{"functional-code":{"insertions":0,"deletions":2},"test-code":{"insertions":24,"deletions":5}}},{"hash":"8e6795b211a4f4a53acbfef3e3e5421d690180cd","isMergeCommit":false,"messageTitle":"Update more test for remove command","messageBody":"","fileTypesAndContributionMap":{"functional-code":{"insertions":26,"deletions":7},"test-code":{"insertions":258,"deletions":0}}},{"hash":"3e4da2e6f590573cb24f465ce3cc69f1d33ea37a","isMergeCommit":false,"messageTitle":"Improve checkstyle","messageBody":"","fileTypesAndContributionMap":{"test-code":{"insertions":7,"deletions":12}}},{"hash":"aaeaae04799eef3b8574a6d5f64c2af9f17ecb98","isMergeCommit":false,"messageTitle":"Update MESSAGE_USAGE","messageBody":"","fileTypesAndContributionMap":{"functional-code":{"insertions":7,"deletions":7}}},{"hash":"42e1cb8a7c105aa4c05b5e80c3cc3d3147a2c718","isMergeCommit":false,"messageTitle":"Update message usage for add and edit","messageBody":"","fileTypesAndContributionMap":{"functional-code":{"insertions":2,"deletions":2}}},{"hash":"ade10d133a367081eae065477a317dd0c441712f","isMergeCommit":false,"messageTitle":"Fix the message usage and improve RemoveCommandParser test","messageBody":"","fileTypesAndContributionMap":{"functional-code":{"insertions":3,"deletions":3},"test-code":{"insertions":12,"deletions":0}}},{"hash":"fd72eae9dfbb4b7bce4859ed81c9dd6f7ad36d15","isMergeCommit":false,"messageTitle":"Fix checkstyle","messageBody":"","fileTypesAndContributionMap":{"test-code":{"insertions":0,"deletions":1}}}]},{"date":"2023-03-10","commitResults":[{"hash":"d134c4b5609457ae49c52be24d082ab013c3b87b","isMergeCommit":false,"messageTitle":"Update UG","messageBody":"","fileTypesAndContributionMap":{"docs":{"insertions":16,"deletions":4}}},{"hash":"eb496b945586dc50aaa717c9278382a88ebf4433","isMergeCommit":false,"messageTitle":"Fix some issues on UG","messageBody":"","fileTypesAndContributionMap":{"docs":{"insertions":4,"deletions":4}}}]},{"date":"2023-03-13","commitResults":[{"hash":"50d35ee9afbc21d6094d6d8ff4de12ac345f4b59","isMergeCommit":true,"messageTitle":"Merge pull request #89 from cmang12/update-list-feature","messageBody":"Update list command","fileTypesAndContributionMap":{}}]},{"date":"2023-03-14","commitResults":[{"hash":"e98ed6dccedcd40855f4367afcc8652215e1d6bf","isMergeCommit":false,"messageTitle":"Update UI","messageBody":"","fileTypesAndContributionMap":{"functional-code":{"insertions":249,"deletions":15}}}]},{"date":"2023-03-15","commitResults":[{"hash":"54791c818266459c0d39dc1545d388eeb479a3dd","isMergeCommit":false,"messageTitle":"Add view command and link the click to the view command","messageBody":"","fileTypesAndContributionMap":{"functional-code":{"insertions":134,"deletions":8}}},{"hash":"a865fb3948ad2aef139f7eefd96280c97c1d81d7","isMergeCommit":false,"messageTitle":"Update UI design","messageBody":"","fileTypesAndContributionMap":{"functional-code":{"insertions":73,"deletions":57}}},{"hash":"fcf524bd14e6c025f0b906a4ee065bbdf8418653","isMergeCommit":false,"messageTitle":"Add test for view command class","messageBody":"","fileTypesAndContributionMap":{"functional-code":{"insertions":29,"deletions":18},"test-code":{"insertions":109,"deletions":0}}},{"hash":"2013a9fa9e95d5c4f9c6b26711b86e931fed540d","isMergeCommit":false,"messageTitle":"Add test case for viewcommandparser","messageBody":"","fileTypesAndContributionMap":{"test-code":{"insertions":31,"deletions":0}}},{"hash":"c422d900217995f2aaec0c5451854af55f903db5","isMergeCommit":false,"messageTitle":"Improve checkstyle","messageBody":"","fileTypesAndContributionMap":{"functional-code":{"insertions":12,"deletions":12},"test-code":{"insertions":0,"deletions":3}}},{"hash":"587871358bbeb72ee06d6801713314b30a2729a7","isMergeCommit":false,"messageTitle":"Disable select using mouse in detail panel","messageBody":"","fileTypesAndContributionMap":{"functional-code":{"insertions":7,"deletions":4}}},{"hash":"d027cdbedeebfe9dff78e652ca6f39e67d2fa28a","isMergeCommit":false,"messageTitle":"Enhance UX","messageBody":"","fileTypesAndContributionMap":{"functional-code":{"insertions":6,"deletions":2}}},{"hash":"b6f88f064429997b50ee4ede1996a360e9a573d6","isMergeCommit":false,"messageTitle":"Fix error","messageBody":"","fileTypesAndContributionMap":{"functional-code":{"insertions":0,"deletions":1}}},{"hash":"22681d190a781840d200edf19cc3931c09601f9a","isMergeCommit":false,"messageTitle":"Update addressBookparser test","messageBody":"","fileTypesAndContributionMap":{"test-code":{"insertions":8,"deletions":10}}},{"hash":"f03f055ccb83448756be5da8c224842c057af6fc","isMergeCommit":false,"messageTitle":"Improve checksyle","messageBody":"","fileTypesAndContributionMap":{"functional-code":{"insertions":2,"deletions":2},"test-code":{"insertions":11,"deletions":1}}},{"hash":"109e5e7d5ba2e7110424bfc0a536cf60ecbf59b6","isMergeCommit":false,"messageTitle":"Add more test","messageBody":"","fileTypesAndContributionMap":{"functional-code":{"insertions":3,"deletions":3},"test-code":{"insertions":5,"deletions":0}}},{"hash":"0da7f3e5396a5932633a09ca7add5addba358d5f","isMergeCommit":false,"messageTitle":"fix checkstyle","messageBody":"","fileTypesAndContributionMap":{"functional-code":{"insertions":0,"deletions":1}}},{"hash":"7b3e46c4a1b49c065903c0bf33b66b6e39262ee2","isMergeCommit":true,"messageTitle":"Merge pull request #104 from chia-yh/update-UG","messageBody":"Update UserGuide.md","fileTypesAndContributionMap":{}},{"hash":"17c8a76abe49866d34c8e9d482c36f7577dca694","isMergeCommit":false,"messageTitle":"Update message_usage for view","messageBody":"","fileTypesAndContributionMap":{"functional-code":{"insertions":4,"deletions":1}}},{"hash":"bc3be08b2ab6d272b8a50c675fe098ec9e83db5c","isMergeCommit":true,"messageTitle":"Merge with master","messageBody":"","fileTypesAndContributionMap":{}},{"hash":"91d2b293281ffa44b24ff951b43a00647efbd002","isMergeCommit":true,"messageTitle":"Merge with master","messageBody":"","fileTypesAndContributionMap":{}},{"hash":"949e33e5c60329d66ea9b12401f483ec600b997d","isMergeCommit":true,"messageTitle":"Merge pull request #103 from chia-yh/update-help","messageBody":"","fileTypesAndContributionMap":{}},{"hash":"1ea1a6b81eaf88b7997b13a3c0af3e516b4b92eb","isMergeCommit":true,"messageTitle":"merge with master","messageBody":"","fileTypesAndContributionMap":{}},{"hash":"be27c21b7615f8195ca8427311575c9686a91ffb","isMergeCommit":false,"messageTitle":"Fix minor UI bug","messageBody":"","fileTypesAndContributionMap":{"functional-code":{"insertions":10,"deletions":10}}},{"hash":"d8fb207ce8f135167066f4e0bd5bfe2dc2b38d94","isMergeCommit":false,"messageTitle":"Set UI minumum size as 650 x 650","messageBody":"","fileTypesAndContributionMap":{"functional-code":{"insertions":1,"deletions":1}}},{"hash":"f0b1685a465b8a4f80a07ba0e67c0117173e439d","isMergeCommit":true,"messageTitle":"Merge pull request #99 from chia-yh/add-undo-redo","messageBody":"Add undo/redo commands","fileTypesAndContributionMap":{}},{"hash":"199e56f34b830c56f0ac5a076e939ff66e4052c8","isMergeCommit":true,"messageTitle":"Merge pull request #106 from chia-yh/update-DG","messageBody":"Update DeveloperGuide.md","fileTypesAndContributionMap":{}}]}],"chia-yh":[{"date":"2023-02-18","commitResults":[{"hash":"b6a5ec60eaf50907c383e1cd20a8de08985b3e3e","isMergeCommit":false,"messageTitle":"Update add, edit features in UserGuide.md UserGuide.md: * update introductory blurb, * update add, edit features, * update AddressBook -\u003e SOCket, * update link releases","messageBody":"","fileTypesAndContributionMap":{"docs":{"insertions":20,"deletions":19}}},{"hash":"2785b01c4396fd3462bce4bb162f958ce2cf7808","isMergeCommit":false,"messageTitle":"Update individual details, photo in AboutUs.md AboutUs.md: * update individual details * update img src to refer to photo * update github, portfolio references","messageBody":"Add chia-yh.png\n","fileTypesAndContributionMap":{"docs":{"insertions":6,"deletions":6}}},{"hash":"76782875035558b43bc6158303f29639bb6ffcbc","isMergeCommit":false,"messageTitle":"Update README.md README.md: * update contents to match SOCket * update link of GitHub Actions build status badge * acknowledge original source of code","messageBody":"_base.scss:\n* update site-wide settings -\u003e for converting documentation to PDF\n","fileTypesAndContributionMap":{"docs":{"insertions":6,"deletions":11}}},{"hash":"3fec9e836be134fc3d3981434f511a0ce00adbba","isMergeCommit":false,"messageTitle":"Add skeletal Project Portfolio Page (PPP) chia-yh.md: * update AddressBook -\u003e SOCket * update overview * update RepoSense link * update contributions * add `to be added soon` as placeholders for content","messageBody":"","fileTypesAndContributionMap":{"docs":{"insertions":46,"deletions":0}}}]},{"date":"2023-02-27","commitResults":[{"hash":"3336e7cd599010db04448f642df2ef230f822cec","isMergeCommit":false,"messageTitle":"Update user profile/stories, value proposition DeveloperGuide.md: * update target user profile * update value proposition * update user stories * update link references to .java files in repository","messageBody":"","fileTypesAndContributionMap":{"docs":{"insertions":34,"deletions":18}}},{"hash":"363bf34eb6ff319cff4ae6244b64c99dd1e49b3c","isMergeCommit":false,"messageTitle":"Update use cases in DeveloperGuide.md DeveloperGuide.md: * add UC01 - Add a contact * add UC02 - Edit a contact * add UC09 - Exit SOCket * update preamble `AddressBook` -\u003e `SOCket`","messageBody":"","fileTypesAndContributionMap":{"docs":{"insertions":59,"deletions":7}}},{"hash":"217957dd80cec5991440129c467e9794fe6a3c21","isMergeCommit":false,"messageTitle":"Update glossary in DeveloperGuide.md DeveloperGuide.md: * update glossary","messageBody":"","fileTypesAndContributionMap":{"docs":{"insertions":1,"deletions":0}}},{"hash":"dd6a1b4c17b0ccd5afe15f9f6610ac5f69c545c3","isMergeCommit":false,"messageTitle":"Update use cases DeveloperGuide.md: * remove trivial precondition","messageBody":"","fileTypesAndContributionMap":{"docs":{"insertions":0,"deletions":6}}},{"hash":"10dd7ac4766f1ae1853c8507f3e8a09f3d033ab0","isMergeCommit":false,"messageTitle":"Update non-functional requirements DeveloperGuide.md: * add non-functional requirement - should work on 64-bit environment","messageBody":"","fileTypesAndContributionMap":{"docs":{"insertions":3,"deletions":2}}},{"hash":"83520ea4babcd831b160570b013d258cec7eedbf","isMergeCommit":true,"messageTitle":"Merge pull request #50 from dillongoh/add-PPP","messageBody":"Add skeletal Project Portfolio Page (PPP)","fileTypesAndContributionMap":{}},{"hash":"8e7f0249f1a771e532b9a71c59860bf9f8923e6f","isMergeCommit":true,"messageTitle":"Merge pull request #49 from dillongoh/update-sort-UG","messageBody":"Add sort feature in UserGuide.md","fileTypesAndContributionMap":{}}]},{"date":"2023-02-28","commitResults":[{"hash":"326d5d1915533011644cd6c803be0adfbf9a4791","isMergeCommit":true,"messageTitle":"Resolve merge conflicts","messageBody":"","fileTypesAndContributionMap":{}}]},{"date":"2023-03-01","commitResults":[{"hash":"1b55f243583343484ab3149da99412639d2e95aa","isMergeCommit":true,"messageTitle":"Merge pull request #57 from dillongoh/update-AboutUs","messageBody":"Update AboutUs.md","fileTypesAndContributionMap":{}},{"hash":"80975038beb4071f835204acbddf903ba6d13cab","isMergeCommit":true,"messageTitle":"Merge pull request #59 from dillongoh/update-usecases-DG","messageBody":"Update use cases in DeveloperGuide.md","fileTypesAndContributionMap":{}},{"hash":"5c640b752cb6f865560baea5d3051db33df67252","isMergeCommit":true,"messageTitle":"Merge pull request #58 from dillongoh/update-userstories-DG","messageBody":"Update user stories in DeveloperGuide.md","fileTypesAndContributionMap":{}},{"hash":"7cd9ef1cb79dbcb35f30a9a6ca1b089e639bf02a","isMergeCommit":true,"messageTitle":"Resolve merge conflicts in DeveloperGuide.md","messageBody":"resolve conflicts under user stories\n","fileTypesAndContributionMap":{}},{"hash":"9e4f6a81bea26d259d4ad28c294ec07187846a96","isMergeCommit":true,"messageTitle":"Resolve merge conflicts in DeveloperGuide.md","messageBody":"resolve merge conflicts under use cases in DeveloperGuide.md\n","fileTypesAndContributionMap":{}},{"hash":"d9ae26513a89e57d49cbce5aa1a8cd2ca65986cf","isMergeCommit":true,"messageTitle":"Resovle merge conflicts, added acknowledgement","messageBody":"resolve merge conflicts, add acknowledgement for source project\n","fileTypesAndContributionMap":{}}]},{"date":"2023-03-04","commitResults":[{"hash":"56039dd37d943b7afcf84ba34921c5964cd3c5f5","isMergeCommit":false,"messageTitle":"Add GitHubProfile class to model.person package Add GitHubProfile.java, GitHubProfileTest.java (refer to other classes in model.person package)","messageBody":"GitHubProfile,java:\n* add to model.person package to represent a person\u0027s github profile\n* add MESSAGE_CONSTRAINTS to specify constraints on GitHubProfile\n* add regex to validate profile as per GitHub specifications\n\nGitHubProfileTest.java:\n* add tests to test constructor\n* add tests to test validation of profile as per specifications\n","fileTypesAndContributionMap":{"functional-code":{"insertions":59,"deletions":0},"test-code":{"insertions":47,"deletions":0}}},{"hash":"65be7118c37a236aa55e017c90bd2426eaf38d8e","isMergeCommit":false,"messageTitle":"Resolve build errors","messageBody":"","fileTypesAndContributionMap":{"test-code":{"insertions":1,"deletions":1}}},{"hash":"0df68ff59872ce2c2e8bf58c14d0aafe47372356","isMergeCommit":false,"messageTitle":"Add tests to GitHubProfileTest.java GitHubProfileTest.java: * add tests for toString(), equals() methods to improve test coverage","messageBody":"CommandTestUtil.java:\n* add VALID_GITHUBPROFILE_AMY, VALID_GITHUBPROFILE_BOB, constants to\n  facilitate unit testing of GitHubProfile and future updates to PersonTest\n","fileTypesAndContributionMap":{"test-code":{"insertions":31,"deletions":0}}},{"hash":"5dee4bfe7157332bd25ea0075de223f513ff3517","isMergeCommit":false,"messageTitle":"Add Language class to model.tag Add Language.java, LanugageTest.java (refer to Tag class in model.tag)","messageBody":"Language.java:\n* add to model.tag package to represent a (Programming) Language\n* add MESSAGE_CONSTRAINTS to specify constraints on Language\n* add regex to validate Language\n\nLanguageTest.java:\n* add tests to test constructor\n* add tests to test validation of language\n* add test for toString()\n* add test for equals()\n\nCommandTestUtil.java:\n* add VALID_LANGUAGE_AMY, VALID_LANGUAGE_BOB, constants to facilitate\n  unit testing of Language and future updates to PersonTest\n","fileTypesAndContributionMap":{"functional-code":{"insertions":54,"deletions":0},"test-code":{"insertions":75,"deletions":0}}},{"hash":"ae9621d0a5161ef961b18d14991dea2b75bd963f","isMergeCommit":false,"messageTitle":"Resolve build error","messageBody":"","fileTypesAndContributionMap":{"test-code":{"insertions":1,"deletions":2}}},{"hash":"271fb1b3b2d5055d76b40b9a2cc323e15d299558","isMergeCommit":false,"messageTitle":"Update LanguageTest.java update test method names for clarity","messageBody":"","fileTypesAndContributionMap":{"test-code":{"insertions":2,"deletions":2}}},{"hash":"6f7d668fcc571b0873b1240355cda194b42777b6","isMergeCommit":false,"messageTitle":"Update GitHubProfileTest.java update test method names for clarity","messageBody":"","fileTypesAndContributionMap":{"test-code":{"insertions":2,"deletions":2}}},{"hash":"b66cde1de7d932be7ed4acd2ed26dea6414ba841","isMergeCommit":true,"messageTitle":"Resolve merge conflicts in CommandTestUtil.java","messageBody":"","fileTypesAndContributionMap":{}},{"hash":"cfdf4c15d0938edce4996f40b6ddc307bedfaf3e","isMergeCommit":false,"messageTitle":"Fix errors in test method","messageBody":"","fileTypesAndContributionMap":{"test-code":{"insertions":1,"deletions":1}}}]},{"date":"2023-03-05","commitResults":[{"hash":"f7326cf322676726887852d36d70febbde9b6120","isMergeCommit":false,"messageTitle":"Update Person class to utilise new classes Modify Person class to utilise added GitHubProfile, Language classes.","messageBody":"Current Person attribute classes require each attribute to be populated\nwith information.\n\nAll attributes may not be available at time of insertion of contact.\n\nModify behavior such that attributes may be empty at time of insertion\nof contact; allows contact to be created first and additional information\nto be added later.\n\nLet\u0027s,\n* intergrate the GitHubProfile, Language classes into the Person class and\n  modify the behavior of the Person class to allow late insertion of\n  attribute information\n* update the relevant tests to handle additional attributes, and changes\n  to behavior\n\nAddCommand.java:\n* update MESSAGE_USAGE to reflect changes to behavior, updates to Person\n  class attributes\n\nEditCommand.java:\n* update MESSAGE_USAGE to reflect updates to Person class attributes\n* update createEditedPerson method to handle new attributes\n\nAddCommandParser.java:\n* update parse command to handle new attribute prefixes, changes to\n  behavior of \"add\" command\n\nCliSyntax.java:\n* update constants with prefixes of new attributes in Person class, \"g/\"\n  for GitHubProfile attribute, \"l/\" for Language attribute\n\nEditCommandParser.java:\n* update parse command to handle new attribute prefixes\n* add parseLanguagesForEdit method to handle new Language attribute tags\n\nParserUtil.java:\n* add parseProfile, parseLanguage, parseLanguages methods to handle parsing of new\n  attributes in input\n\nAddress.java:\n* update VALIDATION_REGEX to handle case where attribute is empty\n* update JavaDocs to reflect change\n\nEmail.java:\n* update VALIDATION_REGEX to handle case where attribute is empty\n* update JavaDocs to reflect change\n\nGitHubProfile.java:\n* update MESSAGE_CONSTRAINTS to be more readable\n* update VALIDATION_REGEX to handle case where attribute is empty\n\nName.java:\n* minor changes to JavaDocs for readability\n\nPerson.java:\n* add profile, languages fields to handle new attributes\n* update constructor to use new attributes\n* add get methods for new attributes\n* update equals method to consider new attributes\n* update toString method to handle new attributes\n\nPhone.java:\n* update VALIDATION_REGEX to handle case where attribute is empty\n* update JavaDocs to reflect change\n\nSampleDataUtil.java:\n* update getSamplePersons method with new attributes\n* add getLanguageSet method\n\nJsonAdaptedLanguage.java:\n* add JsonAdaptedLanguage.java to facilitate storage of new Language\n  attribute, based on JsonAdaptedTag.java\n\nJsonAdaptedPerson.java:\n* update JsonAdaptedPerson.java to handle storage of Person objects with\n  new attributes\n\nPersonCard.java:\n* update PersonCard.java to link new attributes into UI\n\nPersonListCard.fxml:\n* update PersonListCard.fxml to display new attributes\n\nduplicatePersonAddressBook.json:\n* update data with new attributes\n\ninvalidPersonsAddressBook.json:\n* update data with new attributes\n\ntypicalPersonsAddressBook.json:\n* update data with new attributes\n\nLogicManagerTest.java:\n* update tests to handle new attributes\n\nCommandTestUtil.java:\n* add constants to facilitate testing of new attributes\n* update constants to facilitate testing of modified behavior\n\nAddCommandParserTest.java:\n* add/update tests to account for new attributes\n* review tests to handle new behavior\n\nEditCommandParserTest.java:\n* add/update tests to account for new attributes\n* review tests to handle new behavior\n\nParserUtilTest.java:\n* add constants to facilitate tests for parsing of new attributes\n* add tests to cover methods parsing new attributes\n\nAddressTest.java:\n* modify tests in accordance with new behavior\n\nEmailTest.java:\n* modify tests in accordance with new behavior\n\nGitHubProfileTest.java:\n* modify tests in accordance with new behavior\n\nPersonTest.java:\n* modify tests in accordance with new behavior\n* add tests to cover cases with new attributes\n\nPhoneTest.java:\n* modify tests in accordance with new behavior\n\nJsonAdaptedPerson.java:\n* update tests to handle cases with new attributes\n* add tests to test with new attributes\n\nEditPersonDescriptorBuilder.java:\n* update methods to handle new attributes\n* add withProfile, withLanguages methods for new attributes\n\nPersonBuilder.java:\n* update DEFAULT constants to reflect change in behavior\n* update methods to handle new attributes\n* add withProfile, withLanguages methods for new attributes\n\nPersonUtil.java:\n* update utility class to handle new attributes\n* update getEditDescriptorDetails method to handle Languages and\n  GitHubProfile\n\nTypicalPersons.java:\n* update Person objects to be used in tests with new attributes\n","fileTypesAndContributionMap":{"functional-code":{"insertions":341,"deletions":65},"test-code":{"insertions":425,"deletions":113}}},{"hash":"591db0453eabd1e5c5fd215324ff90f62137c0bb","isMergeCommit":false,"messageTitle":"Resolve build errors","messageBody":"","fileTypesAndContributionMap":{"functional-code":{"insertions":48,"deletions":48}}},{"hash":"f146e55737569321936833cb1a9dfd0a06a3a69f","isMergeCommit":false,"messageTitle":"Resolve checkstyle errors","messageBody":"","fileTypesAndContributionMap":{"functional-code":{"insertions":6,"deletions":6}}},{"hash":"2910acdbc6cf60b8a5e1e416a01ca6c4b2f01e58","isMergeCommit":false,"messageTitle":"Resolve checkstyle errors","messageBody":"","fileTypesAndContributionMap":{"test-code":{"insertions":3,"deletions":6}}},{"hash":"f1d3eb30d9ed6eed9f163112fd2b39ca6adbac44","isMergeCommit":false,"messageTitle":"Resolve issues brought up in comments CommandTestUtil.java: * rename constants to improve code quality reflected in   files using constants renamed","messageBody":"EditCommandParser.java:\n* fix errors in JavaDoc comments\n","fileTypesAndContributionMap":{"functional-code":{"insertions":1,"deletions":1},"test-code":{"insertions":58,"deletions":57}}},{"hash":"b34741ba11808688083d999693b9e9bc855f871f","isMergeCommit":false,"messageTitle":"Resolve checkstyle errors from renaming constants","messageBody":"","fileTypesAndContributionMap":{"test-code":{"insertions":3,"deletions":3}}},{"hash":"9c007e07c526a33e77933aab91980086152b143d","isMergeCommit":false,"messageTitle":"Resolve checkstyle errors from renaming constants","messageBody":"","fileTypesAndContributionMap":{"test-code":{"insertions":3,"deletions":3}}}]},{"date":"2023-03-06","commitResults":[{"hash":"461acf22bfa0e7b018dccd5001150861314ab2e3","isMergeCommit":false,"messageTitle":"Update edit to cumulatively add languages Update EditCommand.java to support cumulative additions of Language instances, related files to support testing of new behavior","messageBody":"EditCommand.java:\n* edit createEditedPerson method to cumulatively add new Language\n  instances instead of replacing with new empty HashSet\n\ntypicalPersonsAddressBook.json:\n* edit data to support new/modified test methods\n\nEditCommandTest.java:\n* modify test method to account for new Language behavior in edit\n* add test method to test for case where new Language is added\n  cumulatively\n\nTypicalPersons.java:\n* edit to support new/modified test methods\n","fileTypesAndContributionMap":{"functional-code":{"insertions":6,"deletions":1},"test-code":{"insertions":29,"deletions":2}}},{"hash":"e095bb1b8a261936b1c3920da792ba8f73ed6734","isMergeCommit":false,"messageTitle":"Fix issue where EditCommand accepts empty fields EditCommand.java: * resolve issue where EditCommand accepts empty fields for a/, e/, p/,   g/, l/ prefixes","messageBody":"EditCommandParser.java:\n* resolve issue where EditCommand accepts empty fields for a/, e/, p/,\n  g/, l/ prefixes\n\nAddressBookParserTest.java:\n* resolve issues with edit parser tests\n\nEditCommandParserTest.java:\n* update to match issue fixes\n","fileTypesAndContributionMap":{"functional-code":{"insertions":33,"deletions":6},"test-code":{"insertions":11,"deletions":6}}},{"hash":"d61d97434ffbba088aacdb6525d6fa1b120c3c09","isMergeCommit":false,"messageTitle":"Add tests to increase code coverage EditCommandParserTest.java: add tests to cover cases where edit command is passed empty fields for certain attributes to increase code coverage","messageBody":"","fileTypesAndContributionMap":{"test-code":{"insertions":20,"deletions":2}}}]},{"date":"2023-03-08","commitResults":[{"hash":"87af272758e2f54b5c8e62ec18766d94d17e2844","isMergeCommit":false,"messageTitle":"Resolve issues EditCommandTest.java: remove print statement EditCommandParserTest.java: remove mismatched commens","messageBody":"","fileTypesAndContributionMap":{"functional-code":{"insertions":2,"deletions":2},"test-code":{"insertions":5,"deletions":7}}}]},{"date":"2023-03-10","commitResults":[{"hash":"11216b50ac561e69bf1ed7334b00f1086bb74a17","isMergeCommit":true,"messageTitle":"Merge pull request #88 from huanghao1998/add-command-remove","messageBody":"Add command remove","fileTypesAndContributionMap":{}},{"hash":"8959dd9243bb4e5fa90fe4afa2bc8545d72d1152","isMergeCommit":true,"messageTitle":"Merge pull request #91 from huanghao1998/docs-UserGuide","messageBody":"Update UG on remove command","fileTypesAndContributionMap":{}}]},{"date":"2023-03-11","commitResults":[{"hash":"5af12c749ecac9bf4cf563c4d63e74be94cadd30","isMergeCommit":false,"messageTitle":"Implement VersionedSocket.java Add VersionedSocket.java to store states and facilitate undo/redo functionality","messageBody":"Model.java:\n* update interface with commitSocket(), undoSocket(), redoSocket(),\n  canUndoSocket(), canRedoSocket() methods\n\nModelManager.java:\n* update to utilise the new VersionedSocket class\n* add implementations of commitSocket(), undoSocket(), redoSocket(),\n  canUndoSocket(), canRedoSocket() methods to facilitate undo/redo\n\nVersionedSocket.java:\n* add class to maintain state history to enable undo/redo\n* add JavaDoc comments\n* add commit(), undo(), redo(), canUndoSocket(), canRedoSocket() methods\n","fileTypesAndContributionMap":{"functional-code":{"insertions":127,"deletions":0}}},{"hash":"0ac6006ecd2b6ad1710b432959332f3b95c6c554","isMergeCommit":false,"messageTitle":"Add UndoCommand.java, RedoCommand.java Add UndoCommand.java, RedoCommand.java to support `undo` and `redo` commands, update relevant *Command.java to support saved states with the model.commitSocket() method, update AddressBookParser.java to parse `undo` and `redo` commands.","messageBody":"AddCommand.java: update to commit changed state to VersionedSocket\n\nClearCommand.java: update to commit changed state to VersionedSocket\n\nDeleteCommand.java: update to commit changed state to VersionedSocket\n\nEditCommand.java: update to commit changed state to VersionedSocket\n\nRedoCommand.java:\n* add COMMAND_WORD, MESSAGE_USAGE, MESSAGE_SUCCESS, MESSAGE_CANNOT_REDO\n  constants\n* implement execute() to carry out `redo` command\n\nRemoveCommand.java: update to commit changed state to VersionedSocket\n\nSortCommand.java: update to commit changed state to VersionedSocket\n\nUndoCommand.java:\n* add COMMAND_WORD, MESSAGE_USAGE, MESSAGE_SUCCESS\u003c MESSAGE_CANNOT_UNDO\n  constants\n* implement execute() to carry out `undo` command\n\nAddressBookParse.java: update to parse `undo`, `redo` commands\n","fileTypesAndContributionMap":{"functional-code":{"insertions":68,"deletions":0}}},{"hash":"94d08fb2128ca3d2b81432e19eadb988ec16da69","isMergeCommit":false,"messageTitle":"Add tests for undo/redo commands Add tests to cover undo/redo commands, update relevant tests in AddressBookParserTest.java and AddCommandTest.java, add methods to support testing in CommandTestUtil.java","messageBody":"AddCommandTest.java:\n* update stub to support updated Model\n\nCommandTestUtil.java:\n* add deletePersonIndexOne() method to facilitate tests for undo/redo\n\nRedoCommandTest.java:\n* add JUnit tests for `redo` testing exception, single `redo`, multiple\n  `redo`\n\nUndoCommandTest.java:\n* add JUnit tests for `undo` testing exception, single `undo`, multiple\n  `undo`\n\nAddressBookParserTest.java:\n* add tests for parsing `undo`, `redo` commands\n","fileTypesAndContributionMap":{"test-code":{"insertions":176,"deletions":0}}},{"hash":"b62c54ed65c2c0cd2108b4e212ddeabbd23073c7","isMergeCommit":false,"messageTitle":"Add newline, remove unused imports","messageBody":"","fileTypesAndContributionMap":{"test-code":{"insertions":2,"deletions":3}}}]},{"date":"2023-03-13","commitResults":[{"hash":"5b7dc22ecdd403beca857609e3a995ee7a37fd1f","isMergeCommit":true,"messageTitle":"Resolve merge conflicts with master branch","messageBody":"","fileTypesAndContributionMap":{}}]},{"date":"2023-03-14","commitResults":[{"hash":"ba95d00fc16ff33da6313144fadba0d37d79a434","isMergeCommit":true,"messageTitle":"Merge pull request #100 from nus-jeff/branch-FindCommand","messageBody":"Modify find command \u0026 usage message of add command","fileTypesAndContributionMap":{}}]},{"date":"2023-03-15","commitResults":[{"hash":"1a1d5703e15c6651fdcea11d536205db6454e907","isMergeCommit":false,"messageTitle":"Update HelpWindow with clickable Hyperlink MainApp.java: * add static field services to allow access to HostServices * add method openUrl() to allow for opening of URLs","messageBody":"HelpWindow.java:\n* removed USERGUIDE_URL from HELP_MESSAGE\n* add @FXML Hyperlink field\n* add @FXML openUserGuide() method to be called by Hyperlink\n\nHelpWindow.fxml:\n* modify format to have Hyperlink, copy URL button aligned under\n  COMMAND_LIST\n","fileTypesAndContributionMap":{"functional-code":{"insertions":40,"deletions":16}}},{"hash":"03b425d83e86f15d18b6a9c94b6139eefd821993","isMergeCommit":false,"messageTitle":"Update UserGuide.md Update features, command summary with `undo`, `redo` commands","messageBody":"Update \"Tip\" under `add`\n","fileTypesAndContributionMap":{"docs":{"insertions":23,"deletions":3}}},{"hash":"27b5d494050fbabde878e32480bb4a7d1a220c54","isMergeCommit":false,"messageTitle":"Update DeveloperGuide.md * Remove [Proposed] from implementation of undo/redo * Rename fields/methods to current implementation * Credit original proposed implementation used in AB-3 * Update UC for redo","messageBody":"","fileTypesAndContributionMap":{"docs":{"insertions":44,"deletions":29}}},{"hash":"89fbd820598ab73066649a2df09b94adee99aceb","isMergeCommit":false,"messageTitle":"Modify UC wording","messageBody":"","fileTypesAndContributionMap":{"docs":{"insertions":5,"deletions":7}}},{"hash":"b6bc74019e80374a8646e6f356ec314b6af48810","isMergeCommit":true,"messageTitle":"Resolve merge conflicts","messageBody":"","fileTypesAndContributionMap":{}}]},{"date":"2023-03-16","commitResults":[{"hash":"fd84e91010f8c196aa5c28e4c769b1a3db54d416","isMergeCommit":true,"messageTitle":"Merge pull request #109 from nus-jeff/branch-UpdateDocs","messageBody":"Update UserGuide.md and DeveloperGuide.md","fileTypesAndContributionMap":{}}]}],"dillongoh":[{"date":"2023-02-25","commitResults":[{"hash":"46b07e69ff13e715678ced84b5b4d11c66f14505","isMergeCommit":false,"messageTitle":"Add sort feature in UserGuide.md UserGuide.md: * add sort feature * add sort command to command summary","messageBody":"","fileTypesAndContributionMap":{"docs":{"insertions":12,"deletions":0}}},{"hash":"e3d8a9bb949eb554552b158c46f0c57be464639f","isMergeCommit":false,"messageTitle":"Add skeletal Project Portfolio Page (PPP) dilongoh.md: * update AddressBook -\u003e SOCket * update overview * update RepoSense link * update contributions * add `to be added soon` as placeholders for content","messageBody":"","fileTypesAndContributionMap":{"docs":{"insertions":38,"deletions":0}}},{"hash":"51aa2d2942d4917dca4845500f8c7fde8786d6f2","isMergeCommit":false,"messageTitle":"Update dillongoh.md dillongoh.md: * add newline at EOF","messageBody":"","fileTypesAndContributionMap":{"docs":{"insertions":1,"deletions":1}}}]},{"date":"2023-02-28","commitResults":[{"hash":"cffd90391046724da635786a8a449a39f3a8d734","isMergeCommit":true,"messageTitle":"Merge pull request #52 from huanghao1998/docs-UserGuide","messageBody":"Update AboutUs, UserGuide, PPP docs","fileTypesAndContributionMap":{}}]},{"date":"2023-03-01","commitResults":[{"hash":"80fde01a220d431b1da4bfd73f21b60ba1e93b0e","isMergeCommit":false,"messageTitle":"Update AboutUs.md AboutUs.md: * add photo * update individual details","messageBody":"","fileTypesAndContributionMap":{"docs":{"insertions":4,"deletions":4}}},{"hash":"e7535a1c6e5c691a9a564ab481f2dfab15b3886e","isMergeCommit":false,"messageTitle":"Update user stories in DeveloperGuide.md DeveloperGuide.md: *add user stories","messageBody":"","fileTypesAndContributionMap":{"docs":{"insertions":22,"deletions":8}}},{"hash":"ad6af7051aff797a718afedc6afa26855d2c1984","isMergeCommit":false,"messageTitle":"Update use cases in DeveloperGuide.md DeveloperGuide.md: * add UC03 - Delete a contact * add UC04 - Sort contacts * add UC12 - Access peer GitHub information","messageBody":"","fileTypesAndContributionMap":{"docs":{"insertions":55,"deletions":6}}}]},{"date":"2023-03-03","commitResults":[{"hash":"68eb73bbbabe86991a6c6c4f9873a32abafd949c","isMergeCommit":true,"messageTitle":"Merge pull request #61 from huanghao1998/docs-UseCases","messageBody":"Update Docs - use cases","fileTypesAndContributionMap":{}}]},{"date":"2023-03-05","commitResults":[{"hash":"b6e14407969dba1cf8530233e5cd7a2f2c2a69f9","isMergeCommit":false,"messageTitle":"Add sort feature Add sort command to allow the sorting of the list of contacts.","messageBody":"Currently the user is not able to sort the list of contacts.\n\nThe user may want to organize the list by sorting.\n\nLet\u0027s\n* add sort command that allows the sorting of the list by name, phone, email or address.\n\nSortCommand.java:\n* create new Sort Command object that executes sort\n\nSortCommandParser.java\n* create new parser to parse arguments for sorting\n\nAddressBookParser.java:\n* add new case to the switch to return a new SortCommandParser\n\nModel.java:\n* add new sortPersonList function\n\nModelManager.java\n* add new sortPersonList function that sorts addressbook\n\nAddressBook.java:\n* add new sort function that sorts persons\n\nUniquePersonList.java:\n* add new sort function that sorts the internal list\n\nAddCommandTest.java:\n* update test to include new sortPersonList function in Model\n\nSortCommandTest.java\n* create test to test equals and execute of SortCommand object\n\nSortCommandTestParser.java\n* create test to test SortCommandParser\n","fileTypesAndContributionMap":{"functional-code":{"insertions":116,"deletions":1},"test-code":{"insertions":133,"deletions":0}}}]},{"date":"2023-03-06","commitResults":[{"hash":"3da08e0007e2407e2e97c1214e2b96aded736e2d","isMergeCommit":true,"messageTitle":"Merge branch \u0027master\u0027 into add-sort-feature","messageBody":"","fileTypesAndContributionMap":{}},{"hash":"f3aad53b896a4e71dd46e8adc84d91b1573a91b6","isMergeCommit":false,"messageTitle":"Update sorts Update sorts to handle empty strings.","messageBody":"Currently, the sort makes use of natural ordering which places empty string at the front of the list. This is counter intuitive to the purpose of organising the list based on a category.\n\nThe user would want contacts that does not have the specified category to be at the back.\n\nLet\u0027s\n* update sort in UniquePersonList to place empty strings last.\n\nUniquePersonList.java:\n* update comparators to position empty strings at the end.\n","fileTypesAndContributionMap":{"functional-code":{"insertions":36,"deletions":4}}},{"hash":"9db4f047cf2c331fd7bd70af28bdc1235208472d","isMergeCommit":false,"messageTitle":"Remove unused import","messageBody":"UniquePersonList.java:\n* removed Comparator import\n","fileTypesAndContributionMap":{"functional-code":{"insertions":0,"deletions":1}}},{"hash":"16e9ebda296cf0e116b4943d94e4701422eee074","isMergeCommit":false,"messageTitle":"Add more tests for new sort feature","messageBody":"AddressBookParserTest.java:\n* add test to check if parseCommand returns a SortCommand object\nSortCommandParserTest.java:\n* add test to check invalid category throws error\nUniquePersonListTtest.java:\n* add tests to ensure sort sorts in intended order\nTypicalPersons.java:\n* add an empty contact\nUniquePersonList.java:\n* replace switch with if-else\n","fileTypesAndContributionMap":{"functional-code":{"insertions":9,"deletions":22},"test-code":{"insertions":80,"deletions":0}}},{"hash":"8e5e4d4eb7a431b96fb6340c801f4ac8fbe393f5","isMergeCommit":false,"messageTitle":"remove trailing whitespace","messageBody":"","fileTypesAndContributionMap":{"test-code":{"insertions":1,"deletions":1}}}]},{"date":"2023-03-07","commitResults":[{"hash":"7f1d030b72b827bfa55af0762340f03eab77318c","isMergeCommit":false,"messageTitle":"Update sort feature Update sort feature with ability to sort by GitHub Profile and improve code quality. * Replaced \"magic strings\" with static constants. * Changed success message to indicate category that is sorted by.","messageBody":"Person.java:\n* declare constants for category names and list for existing categories\n\nSortCommandParser.java:\n* replace magic string with constant\n\nSortCommand.java:\n* add category to success message\n\nUniquePersonList.java:\n* replace magic strings with constants\n* add github profile as a sort option\n\nUniquePersonList.java:\n* replace magic strings with constants\n* add test to test sorting by github profile\n","fileTypesAndContributionMap":{"functional-code":{"insertions":38,"deletions":15},"test-code":{"insertions":24,"deletions":4}}},{"hash":"43a7ae51264af999d1b2b9b3566eaa23e0794236","isMergeCommit":false,"messageTitle":"Update SortCommand tests","messageBody":"SortCommandTest.java:\n* replace magic strings with constants\n* add test for sort by github profile\n* update tests with new success message\n","fileTypesAndContributionMap":{"test-code":{"insertions":27,"deletions":11}}},{"hash":"f8812390a21d70a1e01c5405bc206d590a548f65","isMergeCommit":false,"messageTitle":"Change success message","messageBody":"SortCommand.java:\n* change success message to match the style of other commands\n","fileTypesAndContributionMap":{"functional-code":{"insertions":2,"deletions":2}}},{"hash":"16a5f1a78dc48abfa36591616d6b3b80a9a5e8f4","isMergeCommit":false,"messageTitle":"Update tests","messageBody":"SortCommandTest.java:\n* update tests to handle new success message\n","fileTypesAndContributionMap":{"test-code":{"insertions":5,"deletions":5}}},{"hash":"6300f63a0b67911f04eda72006add48679f38578","isMergeCommit":false,"messageTitle":"Fix sort to handle multiple contacts with empty strings in chosen category","messageBody":"UniquePersonList.java:\n* add clause to sort multiple contacts with empty strings in chosen category by name\n","fileTypesAndContributionMap":{"functional-code":{"insertions":12,"deletions":4}}},{"hash":"fa1f0127580c6d17813a615b13cd7d43c0ee1afd","isMergeCommit":false,"messageTitle":"Add test to test if multiple contacts with empty strings in chosen category is sorted correctly","messageBody":"UniquePersonListTest.java:\n* add second empty contact to tests\n\nTypicalPersons.java:\n* add second empty contact constant\n","fileTypesAndContributionMap":{"test-code":{"insertions":18,"deletions":1}}}]},{"date":"2023-03-10","commitResults":[{"hash":"d02e308985139a2c256c1206c2133638ad9fddaa","isMergeCommit":true,"messageTitle":"Merge pull request #94 from nus-jeff/branch-UpdateUG","messageBody":"Update UserGuide.md for find command","fileTypesAndContributionMap":{}}]},{"date":"2023-03-15","commitResults":[{"hash":"533bc4f3772deebc34adcad2b42033efa20ef68f","isMergeCommit":true,"messageTitle":"Merge pull request #102 from cmang12/update-UG","messageBody":"Update list in UserGuide.md","fileTypesAndContributionMap":{}}]}],"nus-jeff":[{"date":"2023-03-01","commitResults":[{"hash":"381fb31493d9e322db619ac1c95ce208b65409a7","isMergeCommit":true,"messageTitle":"Merge pull request #60 from cmang12/update-About-Us","messageBody":"Update about us","fileTypesAndContributionMap":{}},{"hash":"9390c686a34d21ad456f93e6dd509e6155aa6158","isMergeCommit":false,"messageTitle":"Update find features in UserGuide.md","messageBody":"","fileTypesAndContributionMap":{"docs":{"insertions":25,"deletions":14}}},{"hash":"99a2b9fd20e44fb4a01e2b6cf909cb1b52eb63bc","isMergeCommit":false,"messageTitle":"Update Command summary in UserGuide.md for find","messageBody":"","fileTypesAndContributionMap":{"docs":{"insertions":1,"deletions":1}}},{"hash":"090640add8d860cb6b5136f9f6f88d690bc99303","isMergeCommit":true,"messageTitle":"Merge branch \u0027master\u0027 into branch-UpdateUG","messageBody":"","fileTypesAndContributionMap":{}},{"hash":"5eec1f31283ea9db6400921e668b77210eb834a8","isMergeCommit":true,"messageTitle":"Merge pull request #62 from cmang12/update-UG","messageBody":"Update UserGuide.md","fileTypesAndContributionMap":{}},{"hash":"bcef1087f283f74e69bf1cf47ac9e47f3239f136","isMergeCommit":true,"messageTitle":"Fix merge conflict","messageBody":"","fileTypesAndContributionMap":{}},{"hash":"4c76d80b44847a0028dc5ece16b68564c487d667","isMergeCommit":false,"messageTitle":"Update AboutUs.md and add nus-jeff.png to docs/images","messageBody":"","fileTypesAndContributionMap":{"docs":{"insertions":4,"deletions":5}}},{"hash":"b3cb0e7672f1cfbb5cea146eb31eb25376f918e2","isMergeCommit":false,"messageTitle":"Add skeketal PPP for nus-jeff","messageBody":"","fileTypesAndContributionMap":{"docs":{"insertions":37,"deletions":0}}},{"hash":"373e64e110c74b084f1a0d93c4c86b228a563e4e","isMergeCommit":false,"messageTitle":"Fix build error","messageBody":"","fileTypesAndContributionMap":{"docs":{"insertions":9,"deletions":8}}},{"hash":"ae7002a4ad4e027e9ed9f1a3a2185b4e6549276e","isMergeCommit":true,"messageTitle":"Merge pull request #64 from cmang12/add-skeletal-PPP","messageBody":"Add skeletal ppp","fileTypesAndContributionMap":{}},{"hash":"04b19fc7807f6fac8e702304919ae9a3124734a5","isMergeCommit":false,"messageTitle":"Fix build error","messageBody":"","fileTypesAndContributionMap":{"docs":{"insertions":0,"deletions":1}}},{"hash":"660810c578270e5cc42edf1c7cc104a49b88e309","isMergeCommit":true,"messageTitle":"Merge branch \u0027master\u0027 into branch-UpdatePersonal","messageBody":"","fileTypesAndContributionMap":{}}]},{"date":"2023-03-02","commitResults":[{"hash":"f96cd00298adf9bdf262becf35434a604d6d8ef8","isMergeCommit":true,"messageTitle":"Merge pull request #68 from cmang12/update-About-Us","messageBody":"Update AboutUs.md","fileTypesAndContributionMap":{}},{"hash":"c621ff5fd2a8793ee7e889689e95611740003237","isMergeCommit":true,"messageTitle":"Merge pull request #67 from cmang12/update-DG","messageBody":"Update use cases in DeveloperGuide.md","fileTypesAndContributionMap":{}}]},{"date":"2023-03-03","commitResults":[{"hash":"bb36a58547775e04516cff6d3ebb553ca07da914","isMergeCommit":false,"messageTitle":"Update Developer Guide with U05, U11 and U14","messageBody":"","fileTypesAndContributionMap":{"docs":{"insertions":44,"deletions":1}}},{"hash":"ded10c6df5a6d89193844b4a3c10fcff5e4fa5a0","isMergeCommit":false,"messageTitle":"Fix numbering format of UC11 and UC14","messageBody":"","fileTypesAndContributionMap":{"docs":{"insertions":2,"deletions":2}}},{"hash":"0c98cb5637b5ae760526d6619407c9219bcc7b8e","isMergeCommit":false,"messageTitle":"Fix formatting issue of U05 and UC11","messageBody":"","fileTypesAndContributionMap":{"docs":{"insertions":5,"deletions":2}}},{"hash":"cfaf0ee647fbf659bf228986d9aabc97b8de3521","isMergeCommit":true,"messageTitle":"Fix merge conflict","messageBody":"","fileTypesAndContributionMap":{}},{"hash":"d07ba97bcfa0cce2565ca21d8f983d782087934b","isMergeCommit":false,"messageTitle":"Add fullstop to use case statements","messageBody":"","fileTypesAndContributionMap":{"docs":{"insertions":14,"deletions":14}}},{"hash":"3e14f7cf2baf6a68e57b7cd881ceaf00475eaf75","isMergeCommit":false,"messageTitle":"Fix formatting for UC07","messageBody":"","fileTypesAndContributionMap":{"docs":{"insertions":1,"deletions":0}}},{"hash":"2afac01630ee4b78ccdc9499045939a9829547f2","isMergeCommit":false,"messageTitle":"Fix formatting for UC05, UC11 and UC14, edit UC11","messageBody":"","fileTypesAndContributionMap":{"docs":{"insertions":6,"deletions":6}}}]},{"date":"2023-03-04","commitResults":[{"hash":"771046e4175eb6db2ba9b1d61d1045119253b139","isMergeCommit":true,"messageTitle":"Merge pull request #74 from chia-yh/add-seedu-address-model-github","messageBody":"Add GitHubProfile class to model.person package","fileTypesAndContributionMap":{}},{"hash":"7a46dfbf66dc012226fccdb81c7796ce8a117fe0","isMergeCommit":true,"messageTitle":"Merge pull request #75 from chia-yh/add-seedu-address-model-language","messageBody":"Add Language class to model.tag","fileTypesAndContributionMap":{}}]},{"date":"2023-03-06","commitResults":[{"hash":"dc226c60f33d09327ad3db37ad025fa61d1b27b8","isMergeCommit":true,"messageTitle":"Merge pull request #76 from chia-yh/update-person-addcommand-editcommand","messageBody":"Update Person class to utilise new classes","fileTypesAndContributionMap":{}}]},{"date":"2023-03-08","commitResults":[{"hash":"488e6ef8c09dead99c11d133769c6fe2d8343ab0","isMergeCommit":true,"messageTitle":"Merge pull request #82 from chia-yh/update-person-addcommand-editcommand","messageBody":"Update edit to cumulatively add languages","fileTypesAndContributionMap":{}}]},{"date":"2023-03-10","commitResults":[{"hash":"1f2a17909cb210586edf5308a2f34827ad7de738","isMergeCommit":false,"messageTitle":"Rework FindCommand to search each individual fields","messageBody":"","fileTypesAndContributionMap":{"functional-code":{"insertions":354,"deletions":21},"other":{"insertions":2,"deletions":1},"test-code":{"insertions":6,"deletions":5}}},{"hash":"811881262b4f74fbd9f4d4de2c26b19a6b21a6c7","isMergeCommit":false,"messageTitle":"Refactor FindCommandParser and PersonContainsKeywordsPredicate","messageBody":"","fileTypesAndContributionMap":{"functional-code":{"insertions":30,"deletions":53},"test-code":{"insertions":158,"deletions":10}}},{"hash":"06add762ea22460a13c65bd8cfb332d03887c872","isMergeCommit":false,"messageTitle":"Update test case for testEquals method in FindCommandTest","messageBody":"","fileTypesAndContributionMap":{"test-code":{"insertions":56,"deletions":84}}},{"hash":"4a4da2fbc0e44f2f2428c2cfb982b58566097bdd","isMergeCommit":false,"messageTitle":"Update UserGuide.md for find command","messageBody":"","fileTypesAndContributionMap":{"docs":{"insertions":18,"deletions":19}}},{"hash":"d63f53ea8a4dc60e85c911c3fb807228787399bd","isMergeCommit":false,"messageTitle":"Edit UserGuide.md to fix issues given in PR comments","messageBody":"","fileTypesAndContributionMap":{"docs":{"insertions":3,"deletions":2}}}]},{"date":"2023-03-12","commitResults":[{"hash":"ad2ebe3ebe81d970c27b5f031cd985ea5acf52c6","isMergeCommit":false,"messageTitle":"Update FindCommandParser.java so that multiple keywords in the same flag works","messageBody":"","fileTypesAndContributionMap":{"functional-code":{"insertions":33,"deletions":7},"docs":{"insertions":2,"deletions":1}}},{"hash":"11a7832201c406615bee975842e0c3460cffee3f","isMergeCommit":true,"messageTitle":"Fix merge conflict \u0026 update user guide to show correct find command format","messageBody":"","fileTypesAndContributionMap":{}},{"hash":"122fcbcd734c1e26a4d6c173d02d2b3904d54345","isMergeCommit":false,"messageTitle":"Update FindCommand.java to show correct find command usage message","messageBody":"","fileTypesAndContributionMap":{"functional-code":{"insertions":2,"deletions":2}}},{"hash":"650cca9f248f6488dd1d043aed0c0a7805840e0d","isMergeCommit":false,"messageTitle":"Add and update test cases relating to find command","messageBody":"","fileTypesAndContributionMap":{"functional-code":{"insertions":0,"deletions":4},"other":{"insertions":1,"deletions":2},"test-code":{"insertions":822,"deletions":15}}},{"hash":"5dad70b32cad730a5fc078cb96ddb750f1985dec","isMergeCommit":true,"messageTitle":"Merge branch \u0027master\u0027 into branch-FindCommand","messageBody":"","fileTypesAndContributionMap":{}}]},{"date":"2023-03-13","commitResults":[{"hash":"19e077b81e61fa50b061abd502b0b763c9104377","isMergeCommit":false,"messageTitle":"Fix checkstyle errors and add test case for convertArgumentsIntoList method in StringUtil","messageBody":"","fileTypesAndContributionMap":{"functional-code":{"insertions":7,"deletions":6},"test-code":{"insertions":145,"deletions":60}}},{"hash":"cdbfab7e47179f81320ce7f1d630d985256c244f","isMergeCommit":false,"messageTitle":"Fix checkstyle error","messageBody":"","fileTypesAndContributionMap":{"test-code":{"insertions":0,"deletions":1}}}]},{"date":"2023-03-14","commitResults":[{"hash":"fafc4a6b0a5e41ff8a01df3bb7409c41f4c61a55","isMergeCommit":false,"messageTitle":"Fix formatting based on PR review suggestions","messageBody":"","fileTypesAndContributionMap":{"test-code":{"insertions":128,"deletions":56}}}]},{"date":"2023-03-16","commitResults":[{"hash":"cfeb280f33cbc45cb94b6bb6ed8d08637da29fdc","isMergeCommit":false,"messageTitle":"Update UserGuide.md and DeveloperGuide.md to reflect latest find implementation","messageBody":"","fileTypesAndContributionMap":{"docs":{"insertions":10,"deletions":4}}},{"hash":"b34ecf81ae1b58cef9f735e1c73475c651a3417b","isMergeCommit":false,"messageTitle":"Update UserGuide.md based on PR review comments","messageBody":"","fileTypesAndContributionMap":{"docs":{"insertions":3,"deletions":3}}}]}]},"authorFileTypeContributionMap":{"cmang12":{"docs":104,"functional-code":194,"test-code":221},"huanghao1998":{"docs":192,"functional-code":918,"test-code":802},"chia-yh":{"docs":211,"functional-code":709,"test-code":796,"other":1},"dillongoh":{"docs":100,"functional-code":164,"test-code":266},"nus-jeff":{"docs":127,"functional-code":360,"test-code":1127}},"authorContributionVariance":{"cmang12":6366.503,"huanghao1998":46708.363,"chia-yh":53711.805,"dillongoh":3867.0054,"nus-jeff":49178.32},"authorDisplayNameMap":{"cmang12":"CS2103T-T12-4 CARM.. ANG","huanghao1998":"CS2103T-T12-4 HUAN.. HAO","chia-yh":"CS2103T-T12-4 CHIA..HONG","dillongoh":"CS2103T-T12-4 DILL.. WEE","nus-jeff":"CS2103T-T12-4 JEFF.. LEE"}}
