{"authorDailyContributionsMap":{"weekiat-douze":[{"date":"2023-03-01","commitResults":[{"hash":"d769c6419e5cba44fca6520e0fd26ba121123c3c","isMergeCommit":false,"messageTitle":"Update UserGuide.md for Delete-Image, View-Image, Import commands","messageBody":"","fileTypesAndContributionMap":{"docs":{"insertions":54,"deletions":0}}}]},{"date":"2023-03-03","commitResults":[{"hash":"2e8791bfb45768889c1163e38de174d7e08bf93a","isMergeCommit":true,"messageTitle":"Merge pull request #15 from SHni99/v1.1","messageBody":"V1.1 [Shenghan]","fileTypesAndContributionMap":{}},{"hash":"cf54b5777e080efadfb8f9c783555472f85ffbbc","isMergeCommit":false,"messageTitle":"Update AboutUs.md change name and link","messageBody":"","fileTypesAndContributionMap":{"docs":{"insertions":10,"deletions":16}}}]},{"date":"2023-03-05","commitResults":[{"hash":"fca5cb2fca139e1e989598a0886c7e689b34729e","isMergeCommit":true,"messageTitle":"Merge pull request #18 from SHni99/v1.1","messageBody":"Update About us file","fileTypesAndContributionMap":{}}]},{"date":"2023-03-13","commitResults":[{"hash":"1c68d59b47aaa578bc020277e9133f97fe7edc75","isMergeCommit":false,"messageTitle":"Add Image Model","messageBody":"","fileTypesAndContributionMap":{"functional-code":{"insertions":63,"deletions":12},"test-code":{"insertions":13,"deletions":1}}},{"hash":"cd46036a6421532a55daaef04011afa0c7e70e5a","isMergeCommit":true,"messageTitle":"Merge commit \u0027242ba3189468000720a6e8dcddf476e5b72c8f22\u0027 into v1.2","messageBody":"","fileTypesAndContributionMap":{}}]},{"date":"2023-03-14","commitResults":[{"hash":"bd6a3f8806f05c587090edf7988b4bb5e95db72a","isMergeCommit":false,"messageTitle":"Add \"Add-image\" function","messageBody":"","fileTypesAndContributionMap":{"functional-code":{"insertions":207,"deletions":4},"test-code":{"insertions":15,"deletions":9}}},{"hash":"36ef8faff5db705f0a46688ede3b9d78e1eab01b","isMergeCommit":true,"messageTitle":"Merge commit \u0027be12a2e60083cbac1c45b7142cd4f9cce0343673\u0027 into v1.2","messageBody":"","fileTypesAndContributionMap":{}}]},{"date":"2023-03-15","commitResults":[{"hash":"0eaf1cd64e64d731bab6202c4c53210952c8c173","isMergeCommit":false,"messageTitle":"Update add-image function to show on GUI","messageBody":"","fileTypesAndContributionMap":{"functional-code":{"insertions":5,"deletions":2}}},{"hash":"6b38119d6c59f55fb5c058d8e3feded9855129ec","isMergeCommit":false,"messageTitle":"Change PersonalPane so added image shows on the right panel","messageBody":"","fileTypesAndContributionMap":{"functional-code":{"insertions":1,"deletions":2}}},{"hash":"305d6ab00e34f618f2a50088f2347a6a8db3be97","isMergeCommit":false,"messageTitle":"Update deleteImage to handle case where image is not found","messageBody":"","fileTypesAndContributionMap":{"functional-code":{"insertions":7,"deletions":2}}},{"hash":"6c0114fae5a6bd047cd743c0d8eb254bc211036f","isMergeCommit":false,"messageTitle":"Fix invalid path during add-image","messageBody":"","fileTypesAndContributionMap":{"functional-code":{"insertions":27,"deletions":32}}},{"hash":"3887fde76f9214f190cd850da255ba24dcbd3c12","isMergeCommit":false,"messageTitle":"Fix checkstyle for ImageUtil","messageBody":"","fileTypesAndContributionMap":{"functional-code":{"insertions":5,"deletions":2}}},{"hash":"42c37c1f6c344bb57d05b6d773b0d8f17a2f50c4","isMergeCommit":true,"messageTitle":"Merge pull request #41 from pkpaing/v1.2","messageBody":"Added Import Command (Phone)","fileTypesAndContributionMap":{}},{"hash":"c35bd267d48efd607adb2aa5656083c4bb2eb1d8","isMergeCommit":false,"messageTitle":"Fix add-image no longer remove filtered list","messageBody":"","fileTypesAndContributionMap":{"functional-code":{"insertions":1,"deletions":1}}},{"hash":"7d216ecf93cbed134d2f65cd9b70517fc200fd83","isMergeCommit":true,"messageTitle":"Merge commit \u002742c37c1f6c344bb57d05b6d773b0d8f17a2f50c4\u0027 into v1.2","messageBody":"","fileTypesAndContributionMap":{}},{"hash":"738c48dfc276df86430cba07a3e61f51741734e2","isMergeCommit":true,"messageTitle":"Merge pull request #46 from hongshenggg/master","messageBody":"v1.2 Edit Person toString method to not show image","fileTypesAndContributionMap":{}}]},{"date":"2023-03-19","commitResults":[{"hash":"ba5437e43b3ede0da6ce8b15b4fa0b3a6702936c","isMergeCommit":true,"messageTitle":"Merge pull request #49 from SHni99/v1.2b","messageBody":"[v1.2b] Expand tag pane in personal pane","fileTypesAndContributionMap":{}}]},{"date":"2023-03-21","commitResults":[{"hash":"83a206f888d67a8fc308915b73ebbda4b1b36bd4","isMergeCommit":false,"messageTitle":"Fix Add-Image does not work on jar","messageBody":"","fileTypesAndContributionMap":{"functional-code":{"insertions":108,"deletions":9}}}]},{"date":"2023-03-22","commitResults":[{"hash":"42bcc308cfed3b0b8062f5c570e9838754db3ce2","isMergeCommit":false,"messageTitle":"Change AddImageCommandParser to check for failure due to permissions","messageBody":"","fileTypesAndContributionMap":{"functional-code":{"insertions":5,"deletions":3}}},{"hash":"5c42fd9e6408f4d10f8af6dcad0d5cdff54f1d4c","isMergeCommit":false,"messageTitle":"Move image copying to AddImageCommand from AddImageCommandParser","messageBody":"","fileTypesAndContributionMap":{"functional-code":{"insertions":30,"deletions":34}}},{"hash":"fcfabe7b44c6c4ab2b1971176a3c12071eb705f4","isMergeCommit":true,"messageTitle":"Merge commit \u0027762432b7301e589ba4c0e9d2d67a9a129c1038b4\u0027 into v1.3","messageBody":"","fileTypesAndContributionMap":{}},{"hash":"58116f625518c6986023011d3343d11f0c306f6e","isMergeCommit":false,"messageTitle":"Add add-image implementation section to DevelopGuide.md","messageBody":"","fileTypesAndContributionMap":{"docs":{"insertions":152,"deletions":0}}},{"hash":"247806500f91fe44f3ea636680a40f2d1dc4b387","isMergeCommit":true,"messageTitle":"Merge pull request #63 from SHni99/v1.3","messageBody":"[V1.3] Push latest changes to create JAR file","fileTypesAndContributionMap":{}},{"hash":"42bbb8edcf477d056cedd09785842e7261f91658","isMergeCommit":true,"messageTitle":"Merge commit \u0027247806500f91fe44f3ea636680a40f2d1dc4b387\u0027 into v1.3","messageBody":"","fileTypesAndContributionMap":{}},{"hash":"9b74e9c7b3df8aaea2e8c606d9e76c561ce7d95a","isMergeCommit":false,"messageTitle":"Enable assertions in team repo","messageBody":"","fileTypesAndContributionMap":{"other":{"insertions":4,"deletions":0}}}]},{"date":"2023-03-23","commitResults":[{"hash":"39a62fcbe273cda125a658739ee4246b56c14312","isMergeCommit":true,"messageTitle":"Merge pull request #65 from hongshenggg/master","messageBody":"Add delete-image feature to DeveloperGuide","fileTypesAndContributionMap":{}}]}],"hongshenggg":[{"date":"2023-03-01","commitResults":[{"hash":"67a3672f01a911724449113e478bec9098b24362","isMergeCommit":false,"messageTitle":"Add photo for AboutUs.md","messageBody":"","fileTypesAndContributionMap":{"docs":{"insertions":50,"deletions":4}}},{"hash":"666827e20a507cff83d193fb0a1735cbd5d0e47f","isMergeCommit":false,"messageTitle":"Add headings for PPP","messageBody":"","fileTypesAndContributionMap":{"docs":{"insertions":11,"deletions":45}}},{"hash":"d85d85ef4b1e87eea13691915301785b595b7c77","isMergeCommit":false,"messageTitle":"Update UserGuide.md","messageBody":"","fileTypesAndContributionMap":{"docs":{"insertions":15,"deletions":184}}},{"hash":"98d64426c0df46c6653e417d8c16ecbb2b29b1be","isMergeCommit":false,"messageTitle":"Correct styling errors","messageBody":"","fileTypesAndContributionMap":{"docs":{"insertions":4,"deletions":4}}}]},{"date":"2023-03-02","commitResults":[{"hash":"a8eed0b6c9541b508cd283217ac27804e032cadc","isMergeCommit":true,"messageTitle":"Merge pull request #13 from weekiat-douze/v1.1","messageBody":"v1.1 [weekiat-douze]","fileTypesAndContributionMap":{}}]},{"date":"2023-03-10","commitResults":[{"hash":"6bdc2dbe014b93766cc5276774c23e087126b819","isMergeCommit":true,"messageTitle":"Merge pull request #28 from SHni99/v1.2","messageBody":"V1.2 [Sheng han]","fileTypesAndContributionMap":{}}]},{"date":"2023-03-14","commitResults":[{"hash":"c4fd2c2635f959a90985dbd21c31c21def2d8836","isMergeCommit":true,"messageTitle":"Merge pull request #31 from SHni99/v1.2","messageBody":"V1.2 [Add in individual pane] ","fileTypesAndContributionMap":{}},{"hash":"316989db0f021190c3154243babf0c8b0209dc62","isMergeCommit":true,"messageTitle":"Merge pull request #32 from SHni99/v1.2","messageBody":"V1.2 [Changes in person card class to fix image implementation]","fileTypesAndContributionMap":{}},{"hash":"be12a2e60083cbac1c45b7142cd4f9cce0343673","isMergeCommit":true,"messageTitle":"Merge pull request #33 from SHni99/v1.2","messageBody":"v1.2 [Fix bug for disappearing personal pane upon scrolling]","fileTypesAndContributionMap":{}},{"hash":"73aa8ce48768ee6a7f6330b8014b9185e6c257a8","isMergeCommit":false,"messageTitle":"Initial implementation for delete-image","messageBody":"","fileTypesAndContributionMap":{"functional-code":{"insertions":126,"deletions":5}}},{"hash":"71c264354a3a93e9872103a2cc5aa378e36156fe","isMergeCommit":true,"messageTitle":"Merge branch \u0027master\u0027 of https://github.com/AY2223S2-CS2103-F11-4/tp into branch-image-features","messageBody":"","fileTypesAndContributionMap":{}},{"hash":"479ae381985d234a02d00f874699b5df113753a9","isMergeCommit":false,"messageTitle":"Add padding in PersonListCard.fxml","messageBody":"","fileTypesAndContributionMap":{"functional-code":{"insertions":3,"deletions":0}}},{"hash":"070fe6319f7146216da90af858e62fd0cfc140eb","isMergeCommit":false,"messageTitle":"Show the correct image on the PersonalPane view","messageBody":"","fileTypesAndContributionMap":{"functional-code":{"insertions":1,"deletions":2}}},{"hash":"962e67c66a65519715748cddd0859bfbae8b082a","isMergeCommit":false,"messageTitle":"Attempt to fix errors highlighted when creating PR","messageBody":"","fileTypesAndContributionMap":{"functional-code":{"insertions":34,"deletions":9}}},{"hash":"776e4961f8dce8d2a1824f8e703d85508a4a5f24","isMergeCommit":false,"messageTitle":"Attempt to fix PR errors 2","messageBody":"","fileTypesAndContributionMap":{"functional-code":{"insertions":5,"deletions":4},"test-code":{"insertions":5,"deletions":0}}},{"hash":"1200c62eeff9ea8af6c716e38c18ed04592a47e5","isMergeCommit":true,"messageTitle":"Merge pull request #34 from hongshenggg/branch-image-features","messageBody":"Add-image and delete-image features","fileTypesAndContributionMap":{}}]},{"date":"2023-03-15","commitResults":[{"hash":"06bb733dee2dc3a84cc2362075a1b10a7aba83af","isMergeCommit":true,"messageTitle":"Merge pull request #35 from weekiat-douze/v1.2","messageBody":"v1.2 [Add-Image Function]","fileTypesAndContributionMap":{}},{"hash":"852cfdbc45dfeccf3a4336376307a4e1e71179b5","isMergeCommit":true,"messageTitle":"Merge add-image feature from master branch","messageBody":"","fileTypesAndContributionMap":{}},{"hash":"54a05279d51054b451772a9a23338de01a232d62","isMergeCommit":true,"messageTitle":"Merge pull request #36 from weekiat-douze/v1.2","messageBody":"V1.2 [Add-image with GUI]","fileTypesAndContributionMap":{}},{"hash":"0ad9afb6365124ea9901d4ab6de61cc206888b2d","isMergeCommit":true,"messageTitle":"Merge master branch","messageBody":"","fileTypesAndContributionMap":{}},{"hash":"8bca4eeb66f5aeda840aba2ec227652f393f2ac0","isMergeCommit":false,"messageTitle":"Implement delete-image feature","messageBody":"","fileTypesAndContributionMap":{"functional-code":{"insertions":44,"deletions":7}}},{"hash":"b9b957fa2c73adc5d9b5de5f16edb9541909babf","isMergeCommit":true,"messageTitle":"Merge pull request #37 from hongshenggg/branch-image-features","messageBody":"Feature: Delete Image","fileTypesAndContributionMap":{}},{"hash":"90c209798d23d83f356ac2943950a10a0f9eb3b6","isMergeCommit":true,"messageTitle":"Merge pull request #42 from weekiat-douze/v1.2","messageBody":"Fix invalid path during add-image","fileTypesAndContributionMap":{}},{"hash":"a3ef7dbf337827069c238dd8e36f71df55a76f94","isMergeCommit":false,"messageTitle":"Edit Person toString method to not show image file","messageBody":"","fileTypesAndContributionMap":{"functional-code":{"insertions":1,"deletions":3}}},{"hash":"ea9d23e12cafb15a10c983578444ab4aa2e69e4a","isMergeCommit":true,"messageTitle":"Merge pull request #43 from weekiat-douze/v1.2","messageBody":"V1.2 [Fix add-image list filter]","fileTypesAndContributionMap":{}}]},{"date":"2023-03-23","commitResults":[{"hash":"399a543810c1d5a4e067726fb7688f244895eb80","isMergeCommit":false,"messageTitle":"Add delete-image feature to DeveloperGuide","messageBody":"","fileTypesAndContributionMap":{"docs":{"insertions":165,"deletions":9}}},{"hash":"8c1ea2b25af68095b075604c5cde1680ad2a6a8a","isMergeCommit":false,"messageTitle":"Fix checkstyle errors for PR","messageBody":"","fileTypesAndContributionMap":{"docs":{"insertions":28,"deletions":29}}}]}],"SHni99":[{"date":"2023-02-17","commitResults":[{"hash":"625c26f0560ecd59a96b29958397b8fde9f7d318","isMergeCommit":false,"messageTitle":"Add addressbook to team organization","messageBody":"","fileTypesAndContributionMap":{"functional-code":{"insertions":1,"deletions":1},"other":{"insertions":20,"deletions":0}}},{"hash":"ef0e398f674a0e9c9f7aa07c96b694f9e616eac1","isMergeCommit":false,"messageTitle":"Add new line at the end of file in tp folder","messageBody":"","fileTypesAndContributionMap":{"functional-code":{"insertions":0,"deletions":1},"other":{"insertions":3,"deletions":3}}},{"hash":"8c4e5fc80da236ae2c4335fab7eb9ff7b22d8c46","isMergeCommit":false,"messageTitle":"Add codecov markdown to readme","messageBody":"","fileTypesAndContributionMap":{"other":{"insertions":6,"deletions":0},"docs":{"insertions":14,"deletions":9}}}]},{"date":"2023-03-01","commitResults":[{"hash":"67e18e928d2efc34f11e34b3cb7e344c72b1eee6","isMergeCommit":false,"messageTitle":"Update photo and add UI","messageBody":"","fileTypesAndContributionMap":{"docs":{"insertions":45,"deletions":376}}},{"hash":"21a7bb9794f5c52111f0885319fa1fa4711091ac","isMergeCommit":true,"messageTitle":"Merge pull request #11 from hongshenggg/v1.1","messageBody":"V1.1","fileTypesAndContributionMap":{}}]},{"date":"2023-03-02","commitResults":[{"hash":"9fe44e0a5ceb33229983a752dc3fd79be59c7d2a","isMergeCommit":false,"messageTitle":"Update on ppp","messageBody":"","fileTypesAndContributionMap":{"docs":{"insertions":3,"deletions":183}}},{"hash":"708426a41b203355027d1c52ef66857d614fbdd4","isMergeCommit":true,"messageTitle":"Update user guide","messageBody":"","fileTypesAndContributionMap":{}},{"hash":"c37039a6ae3bcceb94703283d45643211cb034fd","isMergeCommit":false,"messageTitle":"Update user md file","messageBody":"","fileTypesAndContributionMap":{"docs":{"insertions":25,"deletions":40}}}]},{"date":"2023-03-03","commitResults":[{"hash":"f8881d991f19813aa6572f4d69a80ce3f7d12604","isMergeCommit":true,"messageTitle":"Merge pull request #16 from weekiat-douze/v1.1","messageBody":"Update AboutUs.md and README.md","fileTypesAndContributionMap":{}},{"hash":"14d58a048516f3184f116996b67ab8d46393d8e6","isMergeCommit":true,"messageTitle":"Merge pull request #14 from pkpaing/v1.1","messageBody":"V1.1 [Phone]","fileTypesAndContributionMap":{}},{"hash":"e8ea9bcedd702c2b6a0a2832fb3bec242d1a2392","isMergeCommit":true,"messageTitle":"Merge pull request #17 from pkpaing/v1.1","messageBody":"Updated names for pkpaing.png, castryl.md and pkpaing.md","fileTypesAndContributionMap":{}}]},{"date":"2023-03-05","commitResults":[{"hash":"aed766654adec2a4b89346194e50914e5b34dcc2","isMergeCommit":false,"messageTitle":"Rename of image file to meet website requirement","messageBody":"","fileTypesAndContributionMap":{"docs":{"insertions":1,"deletions":1}}}]},{"date":"2023-03-09","commitResults":[{"hash":"50adb7ea2b3ab836ef2d25d334cb9bd0647bf7ee","isMergeCommit":false,"messageTitle":"Add in bookface style","messageBody":"","fileTypesAndContributionMap":{"functional-code":{"insertions":61,"deletions":56}}},{"hash":"731d5dd2284a7e79771458c25c94fc22587ff7a0","isMergeCommit":false,"messageTitle":"Add default image layout to main screen","messageBody":"","fileTypesAndContributionMap":{"functional-code":{"insertions":48,"deletions":24}}},{"hash":"fc51cf4f9668771083e1c17c62fd571107b5a87a","isMergeCommit":false,"messageTitle":"Add changes to person list panel of the main screen","messageBody":"","fileTypesAndContributionMap":{"functional-code":{"insertions":164,"deletions":9}}},{"hash":"50eb24182c149930ee4b4a5a4739223930d367dc","isMergeCommit":false,"messageTitle":"Set up demo for personal pane","messageBody":"","fileTypesAndContributionMap":{"functional-code":{"insertions":41,"deletions":32}}},{"hash":"041973c6884b3d78c040074268e29e9be12c1601","isMergeCommit":false,"messageTitle":"Fix pull request error","messageBody":"","fileTypesAndContributionMap":{"functional-code":{"insertions":8,"deletions":8}}},{"hash":"da49ba16a8cab5c1ab01964bb95416276bcf240b","isMergeCommit":false,"messageTitle":"Update on design layout","messageBody":"","fileTypesAndContributionMap":{"functional-code":{"insertions":6,"deletions":12}}}]},{"date":"2023-03-10","commitResults":[{"hash":"65f1e26893f6f652cd0f21b52c144cbab26b9d4a","isMergeCommit":false,"messageTitle":"Update md files","messageBody":"","fileTypesAndContributionMap":{"functional-code":{"insertions":59,"deletions":30},"docs":{"insertions":15,"deletions":29}}},{"hash":"5d79d05d4eaf0d321440b2d0f7b9571d81eb7a2c","isMergeCommit":false,"messageTitle":"Correct to bug","messageBody":"","fileTypesAndContributionMap":{"functional-code":{"insertions":2,"deletions":1}}},{"hash":"df04bb7b4e5f57e0ce6e6137600db1aae774cec4","isMergeCommit":false,"messageTitle":"Fix minor issues","messageBody":"","fileTypesAndContributionMap":{"functional-code":{"insertions":1,"deletions":2}}},{"hash":"86570e666a28539cb3b77a3014d0f149629a84ef","isMergeCommit":false,"messageTitle":"Fix minor issues in command file","messageBody":"","fileTypesAndContributionMap":{"functional-code":{"insertions":2,"deletions":2},"test-code":{"insertions":10,"deletions":0}}}]},{"date":"2023-03-13","commitResults":[{"hash":"242ba3189468000720a6e8dcddf476e5b72c8f22","isMergeCommit":true,"messageTitle":"Merge pull request #29 from pkpaing/v1.2","messageBody":"Updated DeveloperGuide.md","fileTypesAndContributionMap":{}},{"hash":"944f79a3c7177657b4cc3c543c364fe9a87bc837","isMergeCommit":false,"messageTitle":"Add in individual pane for selected users","messageBody":"","fileTypesAndContributionMap":{"functional-code":{"insertions":32,"deletions":11}}},{"hash":"22491680aed6addd1e49d3ed2c3d8573286569ff","isMergeCommit":true,"messageTitle":"Merge branch \u0027master\u0027 into v1.2","messageBody":"","fileTypesAndContributionMap":{}},{"hash":"d8166479b9106d19076fac1168b4b8e6b051a2ad","isMergeCommit":true,"messageTitle":"Merge pull request #30 from weekiat-douze/v1.2","messageBody":"V1.2 [Add Image Model]","fileTypesAndContributionMap":{}},{"hash":"538440e9234d99b27d0995ee68464e54a6a7681c","isMergeCommit":true,"messageTitle":"Merge branch \u0027master\u0027 into v1.2","messageBody":"","fileTypesAndContributionMap":{}},{"hash":"1b65c97b9f194863268ffab4be248846accaf72b","isMergeCommit":false,"messageTitle":"Fix check style errors","messageBody":"","fileTypesAndContributionMap":{"functional-code":{"insertions":0,"deletions":5}}}]},{"date":"2023-03-14","commitResults":[{"hash":"bbefaf39db1cc56c279c6ea5fc3807117e2050cf","isMergeCommit":false,"messageTitle":"Changes in person card class to fix image implementation","messageBody":"","fileTypesAndContributionMap":{"functional-code":{"insertions":8,"deletions":4}}},{"hash":"241fce548c7dbb2842bae835c4f04b33634d3389","isMergeCommit":false,"messageTitle":"Fix bug for disappearing personal pane upon scrolling","messageBody":"","fileTypesAndContributionMap":{"functional-code":{"insertions":8,"deletions":4}}}]},{"date":"2023-03-15","commitResults":[{"hash":"0dd2889d58d80a27b00e42c9e732ef82b9626967","isMergeCommit":true,"messageTitle":"Merge pull request #38 from AY2223S2-CS2103-F11-4/branch-image-features","messageBody":"Feature: Delete-image","fileTypesAndContributionMap":{}},{"hash":"64598e76546125b184a66e3f40c9b2663b6a8b7f","isMergeCommit":false,"messageTitle":"Add status variable to Person class","messageBody":"","fileTypesAndContributionMap":{"functional-code":{"insertions":166,"deletions":61},"docs":{"insertions":1,"deletions":1},"test-code":{"insertions":50,"deletions":20}}},{"hash":"1258f778ec9895c8498084961531fdb70e45cce8","isMergeCommit":false,"messageTitle":"Fix right pane in main window screen","messageBody":"","fileTypesAndContributionMap":{"functional-code":{"insertions":6,"deletions":1}}},{"hash":"c23bfbe190f05d5a9ad00b5be27b869ebe62fdef","isMergeCommit":true,"messageTitle":"Merge branch \u0027master\u0027 into v1.2b","messageBody":"","fileTypesAndContributionMap":{}}]},{"date":"2023-03-16","commitResults":[{"hash":"79e64025199ffb1d16c1410674a3c8b0acff2e04","isMergeCommit":false,"messageTitle":"Add in status varaible in Person","messageBody":"","fileTypesAndContributionMap":{"functional-code":{"insertions":154,"deletions":124},"test-code":{"insertions":164,"deletions":105}}},{"hash":"aaa14aea10767888473d7e5faeed704a8834a9c8","isMergeCommit":false,"messageTitle":"Resize the main screen and fix bugs","messageBody":"","fileTypesAndContributionMap":{"functional-code":{"insertions":22,"deletions":21}}},{"hash":"7dbf0d0c009612614f1ca96e41b27e3234daf48b","isMergeCommit":true,"messageTitle":"Merge branch \u0027master\u0027 into v1.2b","messageBody":"","fileTypesAndContributionMap":{}}]},{"date":"2023-03-17","commitResults":[{"hash":"6f99b2a1a231462fa74e6ef554499768d1f06b97","isMergeCommit":true,"messageTitle":"Merge pull request #48 from pkpaing/v1.2","messageBody":"More specific error messages for Import command","fileTypesAndContributionMap":{}},{"hash":"d3919269498117d7571064cf5615b7000061b399","isMergeCommit":false,"messageTitle":"Expand tag pane in personal pane","messageBody":"","fileTypesAndContributionMap":{"functional-code":{"insertions":30,"deletions":3},"docs":{"insertions":48,"deletions":24}}},{"hash":"99300ca104818294f66dc75f8765e109894ff4f9","isMergeCommit":false,"messageTitle":"Add in live changes to the model","messageBody":"","fileTypesAndContributionMap":{"functional-code":{"insertions":38,"deletions":6}}},{"hash":"76ca83fa989cad9d1f847b14e7f4341e588e609f","isMergeCommit":false,"messageTitle":"Finalise with live event change on update of command","messageBody":"","fileTypesAndContributionMap":{"functional-code":{"insertions":52,"deletions":19}}},{"hash":"a0818b18729239c939e8fbd58e2c5e3bc0475a28","isMergeCommit":false,"messageTitle":"Fix bugs","messageBody":"","fileTypesAndContributionMap":{"functional-code":{"insertions":19,"deletions":10},"test-code":{"insertions":12,"deletions":1}}},{"hash":"763a0b0b3677533c16afcbf7180c6cb89937c0ba","isMergeCommit":false,"messageTitle":"Fix error in terminal","messageBody":"","fileTypesAndContributionMap":{"functional-code":{"insertions":1,"deletions":1}}}]},{"date":"2023-03-21","commitResults":[{"hash":"762432b7301e589ba4c0e9d2d67a9a129c1038b4","isMergeCommit":true,"messageTitle":"Merge pull request #55 from weekiat-douze/v1.3","messageBody":"Fix Add-Image does not work on jar","tags":["v1.2.1"],"fileTypesAndContributionMap":{}}]},{"date":"2023-03-22","commitResults":[{"hash":"5930e9bc0b42f7aae42a49d1a5279eca4b7f308b","isMergeCommit":false,"messageTitle":"Change gui settings","messageBody":"","fileTypesAndContributionMap":{"functional-code":{"insertions":71,"deletions":11}}},{"hash":"d12e8de5e487205bf9c6c2aec393f8cec5953954","isMergeCommit":false,"messageTitle":"Fix bugs in Person class","messageBody":"","fileTypesAndContributionMap":{"functional-code":{"insertions":9,"deletions":10},"other":{"insertions":0,"deletions":0},"test-code":{"insertions":3,"deletions":2}}}]},{"date":"2023-03-23","commitResults":[{"hash":"2811d2237f129d1d7398e5ab8b60acf0a9a31d23","isMergeCommit":true,"messageTitle":"Merge pull request #64 from weekiat-douze/v1.3","messageBody":"[V1.3] Add-image DG and Optimised Add-Image command","fileTypesAndContributionMap":{}},{"hash":"189aca2aa25563edc81b6d2ce364ad7e90aad8f5","isMergeCommit":true,"messageTitle":"Merge pull request #66 from pkpaing/v1.3","messageBody":"[v1.3] Updated DG (Import), Fixed Import command bug","fileTypesAndContributionMap":{}},{"hash":"b55331b86a0c5355b05a7e8e6552f9a0d2a2612c","isMergeCommit":false,"messageTitle":"Create UML diagrams","messageBody":"","fileTypesAndContributionMap":{"functional-code":{"insertions":2,"deletions":2},"docs":{"insertions":111,"deletions":0}}},{"hash":"0ae6d6787789c0406746af36a7736d9c9b63fbd4","isMergeCommit":true,"messageTitle":"Merge branch \u0027master\u0027 of github.com:AY2223S2-CS2103-F11-4/tp","messageBody":"","fileTypesAndContributionMap":{}},{"hash":"f8e873c3b5ae94032dd6c277d31e59f0f40dde2a","isMergeCommit":false,"messageTitle":"Update DG with design details","messageBody":"","fileTypesAndContributionMap":{"docs":{"insertions":59,"deletions":0}}},{"hash":"289d059f7b613cdf2a7cb44178d7ad3129afe967","isMergeCommit":false,"messageTitle":"Fix checkstyle","messageBody":"","fileTypesAndContributionMap":{"docs":{"insertions":2,"deletions":2}}}]}],"castryl":[],"pkpaing":[{"date":"2023-03-01","commitResults":[{"hash":"b808d17cb757dbd972b40bd4c5839ec7e0e71999","isMergeCommit":false,"messageTitle":"Added to AboutUs.md file and Teams directory","messageBody":"","fileTypesAndContributionMap":{"docs":{"insertions":50,"deletions":4}}},{"hash":"f6e82eb96967556d45c4b9c6b4f1a68efacc4c4c","isMergeCommit":false,"messageTitle":"Added to AboutUs.md file and Teams directory","messageBody":"","fileTypesAndContributionMap":{"docs":{"insertions":1,"deletions":1}}}]},{"date":"2023-03-02","commitResults":[{"hash":"0c19347f9b9f70e89ebc8d92fea92b971f2a568a","isMergeCommit":false,"messageTitle":"Further edited PPP","messageBody":"","fileTypesAndContributionMap":{"docs":{"insertions":16,"deletions":19}}},{"hash":"3492a5b8a0ddabeb9f91974038d37810e770855c","isMergeCommit":false,"messageTitle":"Updated Command Summary portion of UserGuide.md","messageBody":"","fileTypesAndContributionMap":{"docs":{"insertions":12,"deletions":191}}}]},{"date":"2023-03-03","commitResults":[{"hash":"15304864761afef48cc8f2e1400f70781110b509","isMergeCommit":true,"messageTitle":"Update user guide","messageBody":"","fileTypesAndContributionMap":{}},{"hash":"7077f8dd1386dac51458c89ac5c25eb27ece5a3e","isMergeCommit":true,"messageTitle":"Commit","messageBody":"","fileTypesAndContributionMap":{}},{"hash":"93bbe1da8f79b57055397c64103c7e2efc080675","isMergeCommit":false,"messageTitle":"Updated config.yml","messageBody":"","fileTypesAndContributionMap":{"docs":{"insertions":0,"deletions":0}}},{"hash":"7fff7abd487fec3051ad3bc3891fe73cab6cfbc6","isMergeCommit":false,"messageTitle":"Updated names for pkpaing.png, castryl.md and pkpaing.md","messageBody":"","fileTypesAndContributionMap":{"docs":{"insertions":41,"deletions":0}}},{"hash":"d9d5802ae63cf4c1aea9ad3c44a2da2b493d6ae1","isMergeCommit":false,"messageTitle":"Updated names for pkpaing.png, castryl.md and pkpaing.md","messageBody":"","fileTypesAndContributionMap":{"docs":{"insertions":54,"deletions":13}}},{"hash":"9ccbd42d55691e42daba029319eea9d87d09cd5f","isMergeCommit":false,"messageTitle":"Updated names for pkpaing.png, castryl.md and pkpaing.md","messageBody":"","fileTypesAndContributionMap":{"docs":{"insertions":5,"deletions":5}}},{"hash":"5f4faa0945809925174f6cf752adada926d839bf","isMergeCommit":true,"messageTitle":"Merge branch \u0027master\u0027 into v1.1","messageBody":"","fileTypesAndContributionMap":{}},{"hash":"5c982fd752aeffa5ec2f03777a540c2fa0b453b6","isMergeCommit":false,"messageTitle":"Updated names for pkpaing.png, castryl.md and pkpaing.md","messageBody":"","fileTypesAndContributionMap":{"docs":{"insertions":1,"deletions":3}}},{"hash":"22c6db41a938eb69929def3cd1a88098b12f7b37","isMergeCommit":true,"messageTitle":"Merge branch \u0027v1.1\u0027 of https://github.com/pkpaing/tp into v1.1","messageBody":"","fileTypesAndContributionMap":{}}]},{"date":"2023-03-12","commitResults":[{"hash":"0eb80522eddbb7e4f0894b3239112bc867ca3aab","isMergeCommit":false,"messageTitle":"Updated DeveloperGuide.md","messageBody":"","fileTypesAndContributionMap":{"docs":{"insertions":131,"deletions":10}}},{"hash":"e82b34d7622744b584b81df90d20b801913ad7c2","isMergeCommit":false,"messageTitle":"Updated DeveloperGuide.md","messageBody":"","fileTypesAndContributionMap":{"docs":{"insertions":0,"deletions":1}}},{"hash":"34a7e207b7033701b12cabe1c980c64b5eded0c3","isMergeCommit":false,"messageTitle":"Updated DeveloperGuide.md","messageBody":"","fileTypesAndContributionMap":{"docs":{"insertions":72,"deletions":49}}},{"hash":"a312c0e86843c113143b426f1141df1c7151784e","isMergeCommit":false,"messageTitle":"Updated DeveloperGuide.md","messageBody":"","fileTypesAndContributionMap":{"docs":{"insertions":2,"deletions":2}}}]},{"date":"2023-03-15","commitResults":[{"hash":"02bc19c8ec127751bb7ea575ebecab20901fae27","isMergeCommit":false,"messageTitle":"Added Import command","messageBody":"","fileTypesAndContributionMap":{"functional-code":{"insertions":174,"deletions":9},"test-code":{"insertions":22,"deletions":0}}},{"hash":"f8d20073e4d881d22b80763a50efac32093a7a24","isMergeCommit":true,"messageTitle":"Merge branch \u0027master\u0027 of github.com:AY2223S2-CS2103-F11-4/tp","messageBody":"","fileTypesAndContributionMap":{}},{"hash":"6986487f4ce06f59cb6eede711241c92fc9124c8","isMergeCommit":false,"messageTitle":"Edited ImportCommand, SocContacts, ChsContacts","messageBody":"","fileTypesAndContributionMap":{"functional-code":{"insertions":28,"deletions":28}}},{"hash":"1e676c0fb6f55de7923d38dd05ddb64cbb2291e1","isMergeCommit":true,"messageTitle":"Merge branch \u0027master\u0027 of github.com:AY2223S2-CS2103-F11-4/tp into v1.2","messageBody":"","fileTypesAndContributionMap":{}},{"hash":"7c0ca28ee35a4849157e48b8dc758e6e6bc5de8e","isMergeCommit":false,"messageTitle":"Fixed Checkstyle","messageBody":"","fileTypesAndContributionMap":{"functional-code":{"insertions":2,"deletions":2}}},{"hash":"f5e2b554b13f77de658d05c1b8d85264d20991fe","isMergeCommit":false,"messageTitle":"Fixed CheckStyle","messageBody":"","fileTypesAndContributionMap":{"functional-code":{"insertions":36,"deletions":36}}},{"hash":"3a58fcfe81101811fb688238273b16e0c5638845","isMergeCommit":false,"messageTitle":"Fixed Checkstyle","messageBody":"","fileTypesAndContributionMap":{"functional-code":{"insertions":5,"deletions":5}}},{"hash":"b531495d0314f0a267011fb2cdb2869ba91766af","isMergeCommit":false,"messageTitle":"Fixed Checkstyle","messageBody":"","fileTypesAndContributionMap":{"functional-code":{"insertions":0,"deletions":1}}},{"hash":"fb10bf3341f901ef2df057abaf2ebadddf3642ab","isMergeCommit":false,"messageTitle":"Fixed Checkstyle","messageBody":"","fileTypesAndContributionMap":{"test-code":{"insertions":4,"deletions":6}}},{"hash":"2926b658999682a124f96e4113dcad927716243f","isMergeCommit":false,"messageTitle":"Fixed Checkstyle","messageBody":"","fileTypesAndContributionMap":{"test-code":{"insertions":1,"deletions":0}}}]},{"date":"2023-03-16","commitResults":[{"hash":"892a6f689975cbecbc03b705bcf2b8a40d51f8f6","isMergeCommit":false,"messageTitle":"More specific error messages for Import command","messageBody":"","fileTypesAndContributionMap":{"functional-code":{"insertions":6,"deletions":2}}}]},{"date":"2023-03-17","commitResults":[{"hash":"a830966a616fa052126447cce2b10ffa461a7d4a","isMergeCommit":true,"messageTitle":"Merge pull request #47 from SHni99/v1.2b","messageBody":"V1.2b [Add status variable in Person class]","fileTypesAndContributionMap":{}},{"hash":"927d95dc2aba2f19cb59d109808c04655b7194e4","isMergeCommit":true,"messageTitle":"Merge branch \u0027master\u0027 of github.com:AY2223S2-CS2103-F11-4/tp into v1.2","messageBody":"","fileTypesAndContributionMap":{}}]},{"date":"2023-03-23","commitResults":[{"hash":"dd2e92b8dc829feb7af99f3281e12a4f219b5654","isMergeCommit":false,"messageTitle":"Updated DG (Import), Fixed Import command bug","messageBody":"","fileTypesAndContributionMap":{"functional-code":{"insertions":3,"deletions":1},"docs":{"insertions":154,"deletions":0}}},{"hash":"e875e7981bc657518fa58feb0b876947661bd3e9","isMergeCommit":false,"messageTitle":"Fixed Checkstyle","messageBody":"","fileTypesAndContributionMap":{"docs":{"insertions":9,"deletions":9}}},{"hash":"96e7b6410f8adbf67d83bafb0f9a645059be3396","isMergeCommit":true,"messageTitle":"Merge pull request #67 from SHni99/v1.3","messageBody":"V1.3 [Update DG]","fileTypesAndContributionMap":{}}]}]},"authorFileTypeContributionMap":{"weekiat-douze":{"docs":176,"functional-code":351,"test-code":13,"other":4},"hongshenggg":{"docs":187,"functional-code":178,"test-code":5},"SHni99":{"docs":269,"functional-code":671,"test-code":192,"other":26},"castryl":{"docs":0,"functional-code":0,"test-code":0},"pkpaing":{"docs":359,"functional-code":167,"test-code":21}},"authorContributionVariance":{"weekiat-douze":3428.9006,"hongshenggg":5038.9194,"SHni99":23110.629,"castryl":0.0,"pkpaing":7512.2563},"authorDisplayNameMap":{"weekiat-douze":"CS2103-F11-4 LUM ..KIAT","hongshenggg":"CS2103-F11-4 LEE ..HENG","SHni99":"CS2103-F11-4 NI S..GHAN","castryl":"CS2103-F11-4 LOW .. IAN","pkpaing":"CS2103-F11-4 PHON..QMAN"}}
