{"authorDailyContributionsMap":{"weekiat-douze":[{"date":"2023-03-01","commitResults":[{"hash":"d769c6419e5cba44fca6520e0fd26ba121123c3c","isMergeCommit":false,"messageTitle":"Update UserGuide.md for Delete-Image, View-Image, Import commands","messageBody":"","fileTypesAndContributionMap":{"docs":{"insertions":54,"deletions":0}}}]},{"date":"2023-03-03","commitResults":[{"hash":"2e8791bfb45768889c1163e38de174d7e08bf93a","isMergeCommit":true,"messageTitle":"Merge pull request #15 from SHni99/v1.1","messageBody":"V1.1 [Shenghan]","fileTypesAndContributionMap":{}},{"hash":"cf54b5777e080efadfb8f9c783555472f85ffbbc","isMergeCommit":false,"messageTitle":"Update AboutUs.md change name and link","messageBody":"","fileTypesAndContributionMap":{"docs":{"insertions":10,"deletions":16}}}]},{"date":"2023-03-05","commitResults":[{"hash":"fca5cb2fca139e1e989598a0886c7e689b34729e","isMergeCommit":true,"messageTitle":"Merge pull request #18 from SHni99/v1.1","messageBody":"Update About us file","fileTypesAndContributionMap":{}}]},{"date":"2023-03-13","commitResults":[{"hash":"1c68d59b47aaa578bc020277e9133f97fe7edc75","isMergeCommit":false,"messageTitle":"Add Image Model","messageBody":"","fileTypesAndContributionMap":{"functional-code":{"insertions":63,"deletions":12},"test-code":{"insertions":13,"deletions":1}}},{"hash":"cd46036a6421532a55daaef04011afa0c7e70e5a","isMergeCommit":true,"messageTitle":"Merge commit \u0027242ba3189468000720a6e8dcddf476e5b72c8f22\u0027 into v1.2","messageBody":"","fileTypesAndContributionMap":{}}]},{"date":"2023-03-14","commitResults":[{"hash":"bd6a3f8806f05c587090edf7988b4bb5e95db72a","isMergeCommit":false,"messageTitle":"Add \"Add-image\" function","messageBody":"","fileTypesAndContributionMap":{"functional-code":{"insertions":207,"deletions":4},"test-code":{"insertions":15,"deletions":9}}},{"hash":"36ef8faff5db705f0a46688ede3b9d78e1eab01b","isMergeCommit":true,"messageTitle":"Merge commit \u0027be12a2e60083cbac1c45b7142cd4f9cce0343673\u0027 into v1.2","messageBody":"","fileTypesAndContributionMap":{}}]},{"date":"2023-03-15","commitResults":[{"hash":"0eaf1cd64e64d731bab6202c4c53210952c8c173","isMergeCommit":false,"messageTitle":"Update add-image function to show on GUI","messageBody":"","fileTypesAndContributionMap":{"functional-code":{"insertions":5,"deletions":2}}},{"hash":"6b38119d6c59f55fb5c058d8e3feded9855129ec","isMergeCommit":false,"messageTitle":"Change PersonalPane so added image shows on the right panel","messageBody":"","fileTypesAndContributionMap":{"functional-code":{"insertions":1,"deletions":2}}},{"hash":"305d6ab00e34f618f2a50088f2347a6a8db3be97","isMergeCommit":false,"messageTitle":"Update deleteImage to handle case where image is not found","messageBody":"","fileTypesAndContributionMap":{"functional-code":{"insertions":7,"deletions":2}}},{"hash":"6c0114fae5a6bd047cd743c0d8eb254bc211036f","isMergeCommit":false,"messageTitle":"Fix invalid path during add-image","messageBody":"","fileTypesAndContributionMap":{"functional-code":{"insertions":27,"deletions":32}}},{"hash":"3887fde76f9214f190cd850da255ba24dcbd3c12","isMergeCommit":false,"messageTitle":"Fix checkstyle for ImageUtil","messageBody":"","fileTypesAndContributionMap":{"functional-code":{"insertions":5,"deletions":2}}},{"hash":"42c37c1f6c344bb57d05b6d773b0d8f17a2f50c4","isMergeCommit":true,"messageTitle":"Merge pull request #41 from pkpaing/v1.2","messageBody":"Added Import Command (Phone)","fileTypesAndContributionMap":{}},{"hash":"c35bd267d48efd607adb2aa5656083c4bb2eb1d8","isMergeCommit":false,"messageTitle":"Fix add-image no longer remove filtered list","messageBody":"","fileTypesAndContributionMap":{"functional-code":{"insertions":1,"deletions":1}}},{"hash":"7d216ecf93cbed134d2f65cd9b70517fc200fd83","isMergeCommit":true,"messageTitle":"Merge commit \u002742c37c1f6c344bb57d05b6d773b0d8f17a2f50c4\u0027 into v1.2","messageBody":"","fileTypesAndContributionMap":{}},{"hash":"738c48dfc276df86430cba07a3e61f51741734e2","isMergeCommit":true,"messageTitle":"Merge pull request #46 from hongshenggg/master","messageBody":"v1.2 Edit Person toString method to not show image","fileTypesAndContributionMap":{}}]},{"date":"2023-03-19","commitResults":[{"hash":"ba5437e43b3ede0da6ce8b15b4fa0b3a6702936c","isMergeCommit":true,"messageTitle":"Merge pull request #49 from SHni99/v1.2b","messageBody":"[v1.2b] Expand tag pane in personal pane","fileTypesAndContributionMap":{}}]},{"date":"2023-03-21","commitResults":[{"hash":"83a206f888d67a8fc308915b73ebbda4b1b36bd4","isMergeCommit":false,"messageTitle":"Fix Add-Image does not work on jar","messageBody":"","fileTypesAndContributionMap":{"functional-code":{"insertions":108,"deletions":9}}}]},{"date":"2023-03-22","commitResults":[{"hash":"42bcc308cfed3b0b8062f5c570e9838754db3ce2","isMergeCommit":false,"messageTitle":"Change AddImageCommandParser to check for failure due to permissions","messageBody":"","fileTypesAndContributionMap":{"functional-code":{"insertions":5,"deletions":3}}},{"hash":"5c42fd9e6408f4d10f8af6dcad0d5cdff54f1d4c","isMergeCommit":false,"messageTitle":"Move image copying to AddImageCommand from AddImageCommandParser","messageBody":"","fileTypesAndContributionMap":{"functional-code":{"insertions":30,"deletions":34}}},{"hash":"fcfabe7b44c6c4ab2b1971176a3c12071eb705f4","isMergeCommit":true,"messageTitle":"Merge commit \u0027762432b7301e589ba4c0e9d2d67a9a129c1038b4\u0027 into v1.3","messageBody":"","fileTypesAndContributionMap":{}},{"hash":"58116f625518c6986023011d3343d11f0c306f6e","isMergeCommit":false,"messageTitle":"Add add-image implementation section to DevelopGuide.md","messageBody":"","fileTypesAndContributionMap":{"docs":{"insertions":152,"deletions":0}}},{"hash":"247806500f91fe44f3ea636680a40f2d1dc4b387","isMergeCommit":true,"messageTitle":"Merge pull request #63 from SHni99/v1.3","messageBody":"[V1.3] Push latest changes to create JAR file","fileTypesAndContributionMap":{}},{"hash":"42bbb8edcf477d056cedd09785842e7261f91658","isMergeCommit":true,"messageTitle":"Merge commit \u0027247806500f91fe44f3ea636680a40f2d1dc4b387\u0027 into v1.3","messageBody":"","fileTypesAndContributionMap":{}},{"hash":"9b74e9c7b3df8aaea2e8c606d9e76c561ce7d95a","isMergeCommit":false,"messageTitle":"Enable assertions in team repo","messageBody":"","fileTypesAndContributionMap":{"other":{"insertions":4,"deletions":0}}}]},{"date":"2023-03-23","commitResults":[{"hash":"39a62fcbe273cda125a658739ee4246b56c14312","isMergeCommit":true,"messageTitle":"Merge pull request #65 from hongshenggg/master","messageBody":"Add delete-image feature to DeveloperGuide","fileTypesAndContributionMap":{}}]},{"date":"2023-03-24","commitResults":[{"hash":"f61e4ac7eb9bc0042ac85b028b3c408a2caeefb6","isMergeCommit":false,"messageTitle":"Update DG Sequence Diagram for Add Image feature","messageBody":"","fileTypesAndContributionMap":{"docs":{"insertions":4,"deletions":1}}}]},{"date":"2023-03-25","commitResults":[{"hash":"6c958dce87345da645fecbc3b720d48e4be3d861","isMergeCommit":true,"messageTitle":"Merge commit \u002793b847e405e9e69cb6444183ca5e7ccd98a6b73b\u0027 into v1.3","messageBody":"","fileTypesAndContributionMap":{}}]},{"date":"2023-03-26","commitResults":[{"hash":"8fe2135adab44d3072a973442a4b8e84e47e5180","isMergeCommit":true,"messageTitle":"Merge pull request #73 from SHni99/v1.3","messageBody":"V1.3 [Upgrade edit command to have more functions]","fileTypesAndContributionMap":{}},{"hash":"38afbc28914a1df20b024cd423f763796db86aca","isMergeCommit":true,"messageTitle":"Merge commit \u00278fe2135adab44d3072a973442a4b8e84e47e5180\u0027 into v1.3","messageBody":"","fileTypesAndContributionMap":{}}]},{"date":"2023-03-29","commitResults":[{"hash":"a56b90e8193b775dedc30590ebc1965e1ee37781","isMergeCommit":false,"messageTitle":"Fix incorrect find by tags","messageBody":"","fileTypesAndContributionMap":{"functional-code":{"insertions":10,"deletions":1}}},{"hash":"88b2ffccba7888512ff671372ebd5310fa0b6610","isMergeCommit":false,"messageTitle":"Fix UserGuide.md for Add and Add-Image","messageBody":"","fileTypesAndContributionMap":{"functional-code":{"insertions":1,"deletions":1},"docs":{"insertions":9,"deletions":8}}},{"hash":"d7ec491a8ce4014bd89ea3999ae8d8322d45af3c","isMergeCommit":false,"messageTitle":"Remove Test Prints","messageBody":"","fileTypesAndContributionMap":{"functional-code":{"insertions":0,"deletions":1}}},{"hash":"80834093b31f054f4dd82042e2da25b3d3b3e547","isMergeCommit":false,"messageTitle":"Update landing page","messageBody":"","fileTypesAndContributionMap":{"docs":{"insertions":12,"deletions":8}}},{"hash":"4d39c94b3cdd800111c007580ae3dc9475bc794b","isMergeCommit":false,"messageTitle":"Change landing page title","messageBody":"","fileTypesAndContributionMap":{"docs":{"insertions":1,"deletions":1}}},{"hash":"d0f7de9cc0b92fc604177b420357b5cb9ac39e10","isMergeCommit":false,"messageTitle":"Update landing page to link to UG \u0026 DG","messageBody":"","fileTypesAndContributionMap":{"docs":{"insertions":3,"deletions":2}}},{"hash":"c66597c585c4326e6de60f6e671b2df853095714","isMergeCommit":false,"messageTitle":"Add header for User Guide","messageBody":"","fileTypesAndContributionMap":{"docs":{"insertions":1,"deletions":1}}}]},{"date":"2023-03-30","commitResults":[{"hash":"a771d33f03bc7cbad42d2b8a084c60ad102d393b","isMergeCommit":false,"messageTitle":"Add assert in getTagName","messageBody":"","fileTypesAndContributionMap":{"functional-code":{"insertions":1,"deletions":0}}},{"hash":"8cf094ddae284ffe30ef3a3c4f4d0be7341bd857","isMergeCommit":false,"messageTitle":"Fix example command for add-image in UserGuide","messageBody":"","fileTypesAndContributionMap":{"docs":{"insertions":1,"deletions":1}}}]},{"date":"2023-03-31","commitResults":[{"hash":"1e7fcc8ce8dd5a6e85ad2be9005fd21d119c3f01","isMergeCommit":true,"messageTitle":"Merge commit \u002781a4875f85e2690e4740b1e7177973ef796657fd\u0027 into v1.3","messageBody":"# Conflicts:\n#\tdocs/UserGuide.md\n","fileTypesAndContributionMap":{}}]},{"date":"2023-04-02","commitResults":[{"hash":"3a693ff9a595eb07454b4a268bdbc8f2711de1bf","isMergeCommit":true,"messageTitle":"Merge pull request #139 from AY2223S2-CS2103-F11-4/branch-DG-find-feature","messageBody":"Branch dg find feature","fileTypesAndContributionMap":{}},{"hash":"08eb07dc3790e98ee960fb188fa435c216f31bd8","isMergeCommit":false,"messageTitle":"Add check against non-image files with correct extension","messageBody":"","fileTypesAndContributionMap":{"functional-code":{"insertions":10,"deletions":2}}},{"hash":"dcf0ac61395c3abf02ddb6785533957cad000d76","isMergeCommit":true,"messageTitle":"Merge commit \u00273a693ff9a595eb07454b4a268bdbc8f2711de1bf\u0027 into v1.4","messageBody":"","fileTypesAndContributionMap":{}},{"hash":"d876b9c76fe1bb5d92bfb6764729d66504d60f95","isMergeCommit":false,"messageTitle":"Update equals method for AddImageCommand and improved checks in constructor","messageBody":"","fileTypesAndContributionMap":{"functional-code":{"insertions":19,"deletions":3}}},{"hash":"28bde566aef947685bb92ad69c078cb08b74914b","isMergeCommit":false,"messageTitle":"Update AddImageCommandParser to check for empty paths","messageBody":"","fileTypesAndContributionMap":{"functional-code":{"insertions":3,"deletions":0}}},{"hash":"9a7eed97e41fff521f6c8a9650382dd0075f2460","isMergeCommit":false,"messageTitle":"Add tests for AddImageCommand class","messageBody":"","fileTypesAndContributionMap":{"test-code":{"insertions":74,"deletions":0}}},{"hash":"a94be9dfd1f04ab7f5c1c22dfbd5cb4bdf8d5dfd","isMergeCommit":false,"messageTitle":"Add tests for AddImageCommandParser class","messageBody":"","fileTypesAndContributionMap":{"test-code":{"insertions":61,"deletions":0}}}]},{"date":"2023-04-04","commitResults":[{"hash":"57536985429605a691eba0f09c60117414f970aa","isMergeCommit":false,"messageTitle":"Add Tests for ImageUtil","messageBody":"","fileTypesAndContributionMap":{"test-code":{"insertions":43,"deletions":0}}},{"hash":"433c9437ac6c678f24a2f853caade76a6e5be06a","isMergeCommit":true,"messageTitle":"Merge commit \u00275c58197049e2b2b87d0833a32dff7b3485bf94df\u0027 into v1.4","messageBody":"","fileTypesAndContributionMap":{}}]},{"date":"2023-04-05","commitResults":[{"hash":"bf6f675b92be143676872f36eb221b4882864c9e","isMergeCommit":false,"messageTitle":"Add test for Image.class","messageBody":"","fileTypesAndContributionMap":{"functional-code":{"insertions":3,"deletions":0},"test-code":{"insertions":14,"deletions":0}}},{"hash":"b0041bdf5f6fe53e16ab2bed7f00ec698e1c0d52","isMergeCommit":false,"messageTitle":"Add details to add-image section of UserGuide.md","messageBody":"","fileTypesAndContributionMap":{"docs":{"insertions":32,"deletions":8}}},{"hash":"d063bf41f058c09e58ab8a199ce3b25cb7e59c91","isMergeCommit":false,"messageTitle":"Change title of User Guide to prevent repetition when deployed","messageBody":"","fileTypesAndContributionMap":{"docs":{"insertions":4,"deletions":1}}},{"hash":"864ae70a8dc608acaee732558cbc058c17cbe2c3","isMergeCommit":false,"messageTitle":"Change title of Developer Guide to prevent duplicate when deployed","messageBody":"","fileTypesAndContributionMap":{"docs":{"insertions":4,"deletions":1}}},{"hash":"b96146dba4584dad40fe73dc460a9ea56a9a400d","isMergeCommit":false,"messageTitle":"Add Windows guide for image path copy","messageBody":"","fileTypesAndContributionMap":{"docs":{"insertions":5,"deletions":3}}},{"hash":"7a6ed0f8de5f4a1ad7ed10f6787651341cc08f70","isMergeCommit":false,"messageTitle":"Add planned enhancement section to DeveloperGuide.md","messageBody":"","fileTypesAndContributionMap":{"docs":{"insertions":13,"deletions":0}}},{"hash":"9526f73d61b97fffd3602b150231ac5c840b190d","isMergeCommit":false,"messageTitle":"Correct spelling in DG","messageBody":"","fileTypesAndContributionMap":{"docs":{"insertions":3,"deletions":3}}}]},{"date":"2023-04-06","commitResults":[{"hash":"b89a153339d2dd5a690413c791d50d7bce13f214","isMergeCommit":false,"messageTitle":"Update wordings in UserGuide","messageBody":"","fileTypesAndContributionMap":{"docs":{"insertions":2,"deletions":2}}},{"hash":"bc846ac4a72ca5634dabd334356f1db636900e8f","isMergeCommit":false,"messageTitle":"Create profile_pictures directory when application starts","messageBody":"","fileTypesAndContributionMap":{"functional-code":{"insertions":6,"deletions":2}}},{"hash":"c80f22e905617669b401b4db1ec3741458f1a993","isMergeCommit":false,"messageTitle":"Fix for codecov check","messageBody":"","fileTypesAndContributionMap":{"functional-code":{"insertions":0,"deletions":4}}},{"hash":"f29dba3b8906c1b5f5fd20b930bbd2880d8f3007","isMergeCommit":false,"messageTitle":"Update PPP weekiat-douze.md","messageBody":"","fileTypesAndContributionMap":{"docs":{"insertions":77,"deletions":11}}},{"hash":"75d965cc9aadfd9b1f9572e5a4cf3a1ee8730d9f","isMergeCommit":true,"messageTitle":"Merge commit \u002778df707e1b6584753fc3eb798fb54d678a3a9c6f\u0027 into v1.4","messageBody":"","fileTypesAndContributionMap":{}},{"hash":"ed14119573647713421d4e388fbb3a53206d93a8","isMergeCommit":true,"messageTitle":"Merge pull request #148 from hongshenggg/master","messageBody":"Updates to the DG","fileTypesAndContributionMap":{}},{"hash":"82dfc2dde492d3c0fcae751805edfe006e4688da","isMergeCommit":true,"messageTitle":"Merge pull request #149 from hongshenggg/master","messageBody":"Complete PPP for hongshenggg.md","fileTypesAndContributionMap":{}},{"hash":"7504cfffc7be915b117835edb333488a2d599f44","isMergeCommit":false,"messageTitle":"Change PPP to adhere to format","messageBody":"","fileTypesAndContributionMap":{"docs":{"insertions":9,"deletions":6}}},{"hash":"b24beb9dd94c0204c9bb103700911e24ddc4b63f","isMergeCommit":true,"messageTitle":"Merge commit \u002782dfc2dde492d3c0fcae751805edfe006e4688da\u0027 into v1.4","messageBody":"","fileTypesAndContributionMap":{}},{"hash":"1dc338d354a717c821d347e8a431618894db1340","isMergeCommit":false,"messageTitle":"Formatting PPP","messageBody":"","fileTypesAndContributionMap":{"docs":{"insertions":6,"deletions":1}}},{"hash":"dfd30490c6ffb7d29acd1b35941efd245197247e","isMergeCommit":false,"messageTitle":"Moved Diagram to optional extract section","messageBody":"","fileTypesAndContributionMap":{"docs":{"insertions":22,"deletions":21}}},{"hash":"d1d68d747f04e946e316f9a51010f18a1a199446","isMergeCommit":true,"messageTitle":"Merge commit \u0027d0849b92fd563d8d53acd05e430bf6138428e0a2\u0027 into v1.4","messageBody":"","fileTypesAndContributionMap":{}},{"hash":"00ff473d0e9b5142b5691e397444763440d52f26","isMergeCommit":false,"messageTitle":"Improve PPP formatting","messageBody":"","fileTypesAndContributionMap":{"docs":{"insertions":6,"deletions":6}}},{"hash":"f67b6ba9f1e5ddfed3efe7d67d6e2a468d585433","isMergeCommit":true,"messageTitle":"Merge pull request #151 from hongshenggg/master","messageBody":"Update PPP","fileTypesAndContributionMap":{}},{"hash":"f743d2790c8b300d103aeed4e873e4ea09d283da","isMergeCommit":true,"messageTitle":"Merge commit \u0027f67b6ba9f1e5ddfed3efe7d67d6e2a468d585433\u0027 into v1.4","messageBody":"","fileTypesAndContributionMap":{}},{"hash":"93f0e5340e936e4e4fe3fcb3e0a5b96ca3d9dcc0","isMergeCommit":true,"messageTitle":"Merge pull request #153 from hongshenggg/master","messageBody":"Attempt to remove top bar when converting to pdf","fileTypesAndContributionMap":{}},{"hash":"d5373191feb9ded7017b03d28ccd5d97ca9ba03d","isMergeCommit":false,"messageTitle":"Update PPP","messageBody":"","fileTypesAndContributionMap":{"docs":{"insertions":13,"deletions":14}}}]}],"hongshenggg":[{"date":"2023-03-01","commitResults":[{"hash":"67a3672f01a911724449113e478bec9098b24362","isMergeCommit":false,"messageTitle":"Add photo for AboutUs.md","messageBody":"","fileTypesAndContributionMap":{"docs":{"insertions":50,"deletions":4}}},{"hash":"666827e20a507cff83d193fb0a1735cbd5d0e47f","isMergeCommit":false,"messageTitle":"Add headings for PPP","messageBody":"","fileTypesAndContributionMap":{"docs":{"insertions":11,"deletions":45}}},{"hash":"d85d85ef4b1e87eea13691915301785b595b7c77","isMergeCommit":false,"messageTitle":"Update UserGuide.md","messageBody":"","fileTypesAndContributionMap":{"docs":{"insertions":15,"deletions":184}}},{"hash":"98d64426c0df46c6653e417d8c16ecbb2b29b1be","isMergeCommit":false,"messageTitle":"Correct styling errors","messageBody":"","fileTypesAndContributionMap":{"docs":{"insertions":4,"deletions":4}}}]},{"date":"2023-03-02","commitResults":[{"hash":"a8eed0b6c9541b508cd283217ac27804e032cadc","isMergeCommit":true,"messageTitle":"Merge pull request #13 from weekiat-douze/v1.1","messageBody":"v1.1 [weekiat-douze]","fileTypesAndContributionMap":{}}]},{"date":"2023-03-10","commitResults":[{"hash":"6bdc2dbe014b93766cc5276774c23e087126b819","isMergeCommit":true,"messageTitle":"Merge pull request #28 from SHni99/v1.2","messageBody":"V1.2 [Sheng han]","fileTypesAndContributionMap":{}}]},{"date":"2023-03-14","commitResults":[{"hash":"c4fd2c2635f959a90985dbd21c31c21def2d8836","isMergeCommit":true,"messageTitle":"Merge pull request #31 from SHni99/v1.2","messageBody":"V1.2 [Add in individual pane] ","fileTypesAndContributionMap":{}},{"hash":"316989db0f021190c3154243babf0c8b0209dc62","isMergeCommit":true,"messageTitle":"Merge pull request #32 from SHni99/v1.2","messageBody":"V1.2 [Changes in person card class to fix image implementation]","fileTypesAndContributionMap":{}},{"hash":"be12a2e60083cbac1c45b7142cd4f9cce0343673","isMergeCommit":true,"messageTitle":"Merge pull request #33 from SHni99/v1.2","messageBody":"v1.2 [Fix bug for disappearing personal pane upon scrolling]","fileTypesAndContributionMap":{}},{"hash":"73aa8ce48768ee6a7f6330b8014b9185e6c257a8","isMergeCommit":false,"messageTitle":"Initial implementation for delete-image","messageBody":"","fileTypesAndContributionMap":{"functional-code":{"insertions":126,"deletions":5}}},{"hash":"71c264354a3a93e9872103a2cc5aa378e36156fe","isMergeCommit":true,"messageTitle":"Merge branch \u0027master\u0027 of https://github.com/AY2223S2-CS2103-F11-4/tp into branch-image-features","messageBody":"","fileTypesAndContributionMap":{}},{"hash":"479ae381985d234a02d00f874699b5df113753a9","isMergeCommit":false,"messageTitle":"Add padding in PersonListCard.fxml","messageBody":"","fileTypesAndContributionMap":{"functional-code":{"insertions":3,"deletions":0}}},{"hash":"070fe6319f7146216da90af858e62fd0cfc140eb","isMergeCommit":false,"messageTitle":"Show the correct image on the PersonalPane view","messageBody":"","fileTypesAndContributionMap":{"functional-code":{"insertions":1,"deletions":2}}},{"hash":"962e67c66a65519715748cddd0859bfbae8b082a","isMergeCommit":false,"messageTitle":"Attempt to fix errors highlighted when creating PR","messageBody":"","fileTypesAndContributionMap":{"functional-code":{"insertions":34,"deletions":9}}},{"hash":"776e4961f8dce8d2a1824f8e703d85508a4a5f24","isMergeCommit":false,"messageTitle":"Attempt to fix PR errors 2","messageBody":"","fileTypesAndContributionMap":{"functional-code":{"insertions":5,"deletions":4},"test-code":{"insertions":5,"deletions":0}}},{"hash":"1200c62eeff9ea8af6c716e38c18ed04592a47e5","isMergeCommit":true,"messageTitle":"Merge pull request #34 from hongshenggg/branch-image-features","messageBody":"Add-image and delete-image features","fileTypesAndContributionMap":{}}]},{"date":"2023-03-15","commitResults":[{"hash":"06bb733dee2dc3a84cc2362075a1b10a7aba83af","isMergeCommit":true,"messageTitle":"Merge pull request #35 from weekiat-douze/v1.2","messageBody":"v1.2 [Add-Image Function]","fileTypesAndContributionMap":{}},{"hash":"852cfdbc45dfeccf3a4336376307a4e1e71179b5","isMergeCommit":true,"messageTitle":"Merge add-image feature from master branch","messageBody":"","fileTypesAndContributionMap":{}},{"hash":"54a05279d51054b451772a9a23338de01a232d62","isMergeCommit":true,"messageTitle":"Merge pull request #36 from weekiat-douze/v1.2","messageBody":"V1.2 [Add-image with GUI]","fileTypesAndContributionMap":{}},{"hash":"0ad9afb6365124ea9901d4ab6de61cc206888b2d","isMergeCommit":true,"messageTitle":"Merge master branch","messageBody":"","fileTypesAndContributionMap":{}},{"hash":"8bca4eeb66f5aeda840aba2ec227652f393f2ac0","isMergeCommit":false,"messageTitle":"Implement delete-image feature","messageBody":"","fileTypesAndContributionMap":{"functional-code":{"insertions":44,"deletions":7}}},{"hash":"b9b957fa2c73adc5d9b5de5f16edb9541909babf","isMergeCommit":true,"messageTitle":"Merge pull request #37 from hongshenggg/branch-image-features","messageBody":"Feature: Delete Image","fileTypesAndContributionMap":{}},{"hash":"90c209798d23d83f356ac2943950a10a0f9eb3b6","isMergeCommit":true,"messageTitle":"Merge pull request #42 from weekiat-douze/v1.2","messageBody":"Fix invalid path during add-image","fileTypesAndContributionMap":{}},{"hash":"a3ef7dbf337827069c238dd8e36f71df55a76f94","isMergeCommit":false,"messageTitle":"Edit Person toString method to not show image file","messageBody":"","fileTypesAndContributionMap":{"functional-code":{"insertions":1,"deletions":3}}},{"hash":"ea9d23e12cafb15a10c983578444ab4aa2e69e4a","isMergeCommit":true,"messageTitle":"Merge pull request #43 from weekiat-douze/v1.2","messageBody":"V1.2 [Fix add-image list filter]","fileTypesAndContributionMap":{}}]},{"date":"2023-03-23","commitResults":[{"hash":"399a543810c1d5a4e067726fb7688f244895eb80","isMergeCommit":false,"messageTitle":"Add delete-image feature to DeveloperGuide","messageBody":"","fileTypesAndContributionMap":{"docs":{"insertions":165,"deletions":9}}},{"hash":"8c1ea2b25af68095b075604c5cde1680ad2a6a8a","isMergeCommit":false,"messageTitle":"Fix checkstyle errors for PR","messageBody":"","fileTypesAndContributionMap":{"docs":{"insertions":28,"deletions":29}}}]},{"date":"2023-03-25","commitResults":[{"hash":"93b847e405e9e69cb6444183ca5e7ccd98a6b73b","isMergeCommit":true,"messageTitle":"Merge pull request #68 from SHni99/v1.3","messageBody":"V1.3 [Add tag colours to labels]","fileTypesAndContributionMap":{}},{"hash":"32d09a0ebf398be9a3c5e9fc0627ac6b57af79aa","isMergeCommit":false,"messageTitle":"Update UserGuide","messageBody":"","fileTypesAndContributionMap":{"docs":{"insertions":90,"deletions":51}}},{"hash":"d0fd67e0cf57547519bc2a4d4340a1dfaf1d5f2c","isMergeCommit":false,"messageTitle":"Update UG","messageBody":"","fileTypesAndContributionMap":{"docs":{"insertions":1,"deletions":0}}},{"hash":"dcfcf222238dc40893fc836b9100c4507007397c","isMergeCommit":false,"messageTitle":"Fix UG","messageBody":"","fileTypesAndContributionMap":{"docs":{"insertions":1,"deletions":3}}},{"hash":"be61f5bb7b0741d37b338cb8623eea501d918b1d","isMergeCommit":false,"messageTitle":"Fix Userguide","messageBody":"","fileTypesAndContributionMap":{"docs":{"insertions":4,"deletions":4}}},{"hash":"88ffb901d79d14c36b2c4a3af0170b89e34fdb0a","isMergeCommit":false,"messageTitle":"Implement find to search by prefix and keyword pairs","messageBody":"Find command searches only by name.\n\nThe user might want to search and filter by other means, such\nas by the list of people taking a particular class, but the user\nis limited to only filtering the list of contacts by their name.\n\nLet\u0027s change the existing find command to search via different\nprefixes provided by the user. These prefixes used for the find\ncommand will be similar to the ones used by the add command.\n\nThis will allow users to filter their contacts list in a manner\nmore specific to their requirements.\n\nUG will also be updated to reflect these changes to the find command.\n","fileTypesAndContributionMap":{"functional-code":{"insertions":191,"deletions":63},"other":{"insertions":19,"deletions":5},"docs":{"insertions":24,"deletions":10},"test-code":{"insertions":6,"deletions":5}}}]},{"date":"2023-03-26","commitResults":[{"hash":"0b16f859944e71c01cc9a78b46fb2b2dd6c1aa88","isMergeCommit":false,"messageTitle":"Fix checkstyle errors","messageBody":"","fileTypesAndContributionMap":{"functional-code":{"insertions":41,"deletions":27},"other":{"insertions":43,"deletions":36},"test-code":{"insertions":19,"deletions":38}}},{"hash":"f94149dcf6cd44699bfcb08704cc968ffe8a3d1c","isMergeCommit":false,"messageTitle":"Fix UG command summary for find command","messageBody":"","fileTypesAndContributionMap":{"docs":{"insertions":1,"deletions":1}}},{"hash":"713115c204b57c92f9de8245bebffd262338f697","isMergeCommit":true,"messageTitle":"Merge pull request #71 from SHni99/v1.3","messageBody":"V1.3 [Bug fixes in personal pane + modify tag in edit parser]","fileTypesAndContributionMap":{}},{"hash":"d643166498f3152082176465aa3e604d617e3137","isMergeCommit":true,"messageTitle":"Merge branch \u0027master\u0027 of https://github.com/AY2223S2-CS2103-F11-4/tp","messageBody":"","fileTypesAndContributionMap":{}}]},{"date":"2023-03-29","commitResults":[{"hash":"a7d8fdca780cc3cb2045d234176a246cdedc8139","isMergeCommit":true,"messageTitle":"Merge branch \u0027master\u0027 of https://github.com/AY2223S2-CS2103-F11-4/tp","messageBody":"","fileTypesAndContributionMap":{}},{"hash":"7a8df79ad6ac7fec2c5265f333382b52b126903d","isMergeCommit":true,"messageTitle":"Merge pull request #75 from weekiat-douze/v1.3","messageBody":"[V1.3] Fix Find by Tag and Updated UG","fileTypesAndContributionMap":{}}]},{"date":"2023-03-30","commitResults":[{"hash":"fa48dc7f08d53d127c10ba244971d9e60c1c5ced","isMergeCommit":true,"messageTitle":"Merge pull request #81 from SHni99/v1.3","messageBody":"[v1.3] Fix bugs to edit command","fileTypesAndContributionMap":{}},{"hash":"2b1950d3bd6c831d474d04819a3de7bf6c48eff2","isMergeCommit":true,"messageTitle":"Merge branch \u0027master\u0027 of https://github.com/AY2223S2-CS2103-F11-4/tp","messageBody":"","fileTypesAndContributionMap":{}}]},{"date":"2023-03-31","commitResults":[{"hash":"81a4875f85e2690e4740b1e7177973ef796657fd","isMergeCommit":true,"messageTitle":"Merge pull request #82 from SHni99/v1.3","messageBody":"[v1.3] Set character limits to input variables","tags":["v1.3"],"fileTypesAndContributionMap":{}}]},{"date":"2023-04-01","commitResults":[{"hash":"ff25131e638ba0b536f2eab23e0cbc218a6d0c32","isMergeCommit":true,"messageTitle":"Merge branch \u0027master\u0027 of https://github.com/AY2223S2-CS2103-F11-4/tp","messageBody":"","fileTypesAndContributionMap":{}}]},{"date":"2023-04-02","commitResults":[{"hash":"5f2fc644d869ed95bcf7cf64c347e2e9724c8c69","isMergeCommit":false,"messageTitle":"Fix error message for invalid delete-image input","messageBody":"","fileTypesAndContributionMap":{"functional-code":{"insertions":1,"deletions":2}}},{"hash":"d29482d900fd416e73feca51f8e7afeeb830c940","isMergeCommit":false,"messageTitle":"Fix up skeletal structure for DG","messageBody":"","fileTypesAndContributionMap":{"docs":{"insertions":265,"deletions":205}}},{"hash":"6e1265850f36807e37f8f2535333dfc41f8847df","isMergeCommit":false,"messageTitle":"Update DG to include find feature implementation","messageBody":"","fileTypesAndContributionMap":{"functional-code":{"insertions":6,"deletions":6},"other":{"insertions":10,"deletions":10},"docs":{"insertions":130,"deletions":4}}},{"hash":"cc138883ec1b9186524ec8053ca3e1dc2312b9d4","isMergeCommit":false,"messageTitle":"Update hongshenggg.md PPP initial draft","messageBody":"","fileTypesAndContributionMap":{"docs":{"insertions":97,"deletions":30}}},{"hash":"2fc8613399e00516729d017df23848be477197c5","isMergeCommit":true,"messageTitle":"Merge branch \u0027master\u0027 of https://github.com/AY2223S2-CS2103-F11-4/tp","messageBody":"","fileTypesAndContributionMap":{}},{"hash":"df24cb7cd4c91c1e94f82010010d7ff53a954f98","isMergeCommit":false,"messageTitle":"Update hongshenggg.md PPP to include find sequence diagram","messageBody":"","fileTypesAndContributionMap":{"docs":{"insertions":5,"deletions":0}}},{"hash":"94729edd25241a5420b5f024ed4937872ec111b0","isMergeCommit":false,"messageTitle":"Update build.gradle file to better reflect name of application","messageBody":"","fileTypesAndContributionMap":{"other":{"insertions":1,"deletions":1}}},{"hash":"aca414f355252cbe52ae7f536bc0df3e14a7c285","isMergeCommit":false,"messageTitle":"Add unit tests for DeleteImageCommandParser and FindCommandParser","messageBody":"","fileTypesAndContributionMap":{"functional-code":{"insertions":14,"deletions":0},"test-code":{"insertions":92,"deletions":0}}}]},{"date":"2023-04-04","commitResults":[{"hash":"fd72037751721accc1ca9ccb8e4881acaf66aa79","isMergeCommit":false,"messageTitle":"Fix #118, fix #117","messageBody":"","fileTypesAndContributionMap":{"functional-code":{"insertions":1,"deletions":1},"docs":{"insertions":1,"deletions":1}}},{"hash":"55e1d534bbefc9ba0c56f5818c9695891ff886dc","isMergeCommit":false,"messageTitle":"Fix #88","messageBody":"","fileTypesAndContributionMap":{"docs":{"insertions":4,"deletions":1}}},{"hash":"e71efe696d56504bce8a8dcb574986025d384a15","isMergeCommit":false,"messageTitle":"Fix #134, #121, #102","messageBody":"","fileTypesAndContributionMap":{"docs":{"insertions":29,"deletions":6}}},{"hash":"e77759df82faca9fe7128128eca2c9c0189a6739","isMergeCommit":false,"messageTitle":"Fix #103, #101","messageBody":"","fileTypesAndContributionMap":{"functional-code":{"insertions":1,"deletions":2}}},{"hash":"8a859557e32b8826d02d0380d98732c8f274e90b","isMergeCommit":false,"messageTitle":"Fix checkstyle errors","messageBody":"","fileTypesAndContributionMap":{"functional-code":{"insertions":0,"deletions":2},"test-code":{"insertions":3,"deletions":7}}},{"hash":"f95add04269e384b63c20c12fbc74e5897e8532e","isMergeCommit":false,"messageTitle":"Add back to top links to DG","messageBody":"","fileTypesAndContributionMap":{"docs":{"insertions":24,"deletions":3}}}]},{"date":"2023-04-05","commitResults":[{"hash":"bf2bda75c694b1570ee231e358638ff471d25066","isMergeCommit":false,"messageTitle":"Update invalid index message to be more informative","messageBody":"","fileTypesAndContributionMap":{"functional-code":{"insertions":1,"deletions":1}}},{"hash":"c2717d8d4f450a731bc6c1b4bf7fad9294333298","isMergeCommit":false,"messageTitle":"Fix #115, Fix #100, Fix #95","messageBody":"","fileTypesAndContributionMap":{"docs":{"insertions":8,"deletions":2}}},{"hash":"b51776f6767b82063c7e8ed5cdb0d06206a5f65f","isMergeCommit":true,"messageTitle":"Merge branch \u0027master\u0027 of https://github.com/AY2223S2-CS2103-F11-4/tp","messageBody":"","fileTypesAndContributionMap":{}},{"hash":"1e00fa7a721a9bc4f92abc64aa5c69ce53cde62a","isMergeCommit":false,"messageTitle":"Standardise formating for features example","messageBody":"","fileTypesAndContributionMap":{"docs":{"insertions":4,"deletions":3}}}]},{"date":"2023-04-06","commitResults":[{"hash":"a7faaadb0295a88a71fb28f948367c7c73921287","isMergeCommit":false,"messageTitle":"Add activity diagram for find and add delete feature implementation","messageBody":"","fileTypesAndContributionMap":{"docs":{"insertions":52,"deletions":12}}},{"hash":"b026e20dc3ca6cc2a2d2baa3f1e377e2486602c2","isMergeCommit":false,"messageTitle":"Update DG to have only one mention of the PlantUML limitation","messageBody":"","fileTypesAndContributionMap":{"docs":{"insertions":11,"deletions":11}}},{"hash":"34ed06ce27accf6c16becca9f5d0e439a872305d","isMergeCommit":false,"messageTitle":"Complete PPP for hongshenggg.md","messageBody":"","fileTypesAndContributionMap":{"docs":{"insertions":53,"deletions":8}}},{"hash":"646d354cc8228d0397810a3e4ee3b384a9eee695","isMergeCommit":false,"messageTitle":"Fix documentation AB-3 header","messageBody":"","fileTypesAndContributionMap":{"docs":{"insertions":1,"deletions":3}}},{"hash":"d0849b92fd563d8d53acd05e430bf6138428e0a2","isMergeCommit":true,"messageTitle":"Merge pull request #150 from weekiat-douze/v1.4","messageBody":"V1.4 Add PPP for weekiat-douze.md","fileTypesAndContributionMap":{}},{"hash":"05178f5a9a96bbc6d7e23d2e244ac5040255a87b","isMergeCommit":false,"messageTitle":"Update PPP","messageBody":"","fileTypesAndContributionMap":{"docs":{"insertions":33,"deletions":66}}},{"hash":"ee54e5535ba22e6bb579972be038d3394ec1134e","isMergeCommit":true,"messageTitle":"Merge pull request #152 from weekiat-douze/v1.4","messageBody":"V1.4 PPP Formatting","fileTypesAndContributionMap":{}},{"hash":"3fa6b6ee6a9eb56c130678bc5babb3e0eefaedcb","isMergeCommit":true,"messageTitle":"Merge pull request #154 from hongshenggg/master","messageBody":"Edit spacing-unit in initialize.scss","fileTypesAndContributionMap":{}},{"hash":"0df15ebf1507af6a11b9160a49846a77a4f2b19e","isMergeCommit":true,"messageTitle":"Merge pull request #155 from weekiat-douze/v1.4","messageBody":"V1.4 Update Font Weight for documentation","fileTypesAndContributionMap":{}}]}],"SHni99":[{"date":"2023-02-17","commitResults":[{"hash":"625c26f0560ecd59a96b29958397b8fde9f7d318","isMergeCommit":false,"messageTitle":"Add addressbook to team organization","messageBody":"","fileTypesAndContributionMap":{"functional-code":{"insertions":1,"deletions":1},"other":{"insertions":20,"deletions":0}}},{"hash":"ef0e398f674a0e9c9f7aa07c96b694f9e616eac1","isMergeCommit":false,"messageTitle":"Add new line at the end of file in tp folder","messageBody":"","fileTypesAndContributionMap":{"functional-code":{"insertions":0,"deletions":1},"other":{"insertions":3,"deletions":3}}},{"hash":"8c4e5fc80da236ae2c4335fab7eb9ff7b22d8c46","isMergeCommit":false,"messageTitle":"Add codecov markdown to readme","messageBody":"","fileTypesAndContributionMap":{"other":{"insertions":6,"deletions":0},"docs":{"insertions":14,"deletions":9}}}]},{"date":"2023-03-01","commitResults":[{"hash":"67e18e928d2efc34f11e34b3cb7e344c72b1eee6","isMergeCommit":false,"messageTitle":"Update photo and add UI","messageBody":"","fileTypesAndContributionMap":{"docs":{"insertions":45,"deletions":376}}},{"hash":"21a7bb9794f5c52111f0885319fa1fa4711091ac","isMergeCommit":true,"messageTitle":"Merge pull request #11 from hongshenggg/v1.1","messageBody":"V1.1","fileTypesAndContributionMap":{}}]},{"date":"2023-03-02","commitResults":[{"hash":"9fe44e0a5ceb33229983a752dc3fd79be59c7d2a","isMergeCommit":false,"messageTitle":"Update on ppp","messageBody":"","fileTypesAndContributionMap":{"docs":{"insertions":3,"deletions":183}}},{"hash":"708426a41b203355027d1c52ef66857d614fbdd4","isMergeCommit":true,"messageTitle":"Update user guide","messageBody":"","fileTypesAndContributionMap":{}},{"hash":"c37039a6ae3bcceb94703283d45643211cb034fd","isMergeCommit":false,"messageTitle":"Update user md file","messageBody":"","fileTypesAndContributionMap":{"docs":{"insertions":25,"deletions":40}}}]},{"date":"2023-03-03","commitResults":[{"hash":"f8881d991f19813aa6572f4d69a80ce3f7d12604","isMergeCommit":true,"messageTitle":"Merge pull request #16 from weekiat-douze/v1.1","messageBody":"Update AboutUs.md and README.md","fileTypesAndContributionMap":{}},{"hash":"14d58a048516f3184f116996b67ab8d46393d8e6","isMergeCommit":true,"messageTitle":"Merge pull request #14 from pkpaing/v1.1","messageBody":"V1.1 [Phone]","fileTypesAndContributionMap":{}},{"hash":"e8ea9bcedd702c2b6a0a2832fb3bec242d1a2392","isMergeCommit":true,"messageTitle":"Merge pull request #17 from pkpaing/v1.1","messageBody":"Updated names for pkpaing.png, castryl.md and pkpaing.md","fileTypesAndContributionMap":{}}]},{"date":"2023-03-05","commitResults":[{"hash":"aed766654adec2a4b89346194e50914e5b34dcc2","isMergeCommit":false,"messageTitle":"Rename of image file to meet website requirement","messageBody":"","fileTypesAndContributionMap":{"docs":{"insertions":1,"deletions":1}}}]},{"date":"2023-03-09","commitResults":[{"hash":"50adb7ea2b3ab836ef2d25d334cb9bd0647bf7ee","isMergeCommit":false,"messageTitle":"Add in bookface style","messageBody":"","fileTypesAndContributionMap":{"functional-code":{"insertions":61,"deletions":56}}},{"hash":"731d5dd2284a7e79771458c25c94fc22587ff7a0","isMergeCommit":false,"messageTitle":"Add default image layout to main screen","messageBody":"","fileTypesAndContributionMap":{"functional-code":{"insertions":48,"deletions":24}}},{"hash":"fc51cf4f9668771083e1c17c62fd571107b5a87a","isMergeCommit":false,"messageTitle":"Add changes to person list panel of the main screen","messageBody":"","fileTypesAndContributionMap":{"functional-code":{"insertions":164,"deletions":9}}},{"hash":"50eb24182c149930ee4b4a5a4739223930d367dc","isMergeCommit":false,"messageTitle":"Set up demo for personal pane","messageBody":"","fileTypesAndContributionMap":{"functional-code":{"insertions":41,"deletions":32}}},{"hash":"041973c6884b3d78c040074268e29e9be12c1601","isMergeCommit":false,"messageTitle":"Fix pull request error","messageBody":"","fileTypesAndContributionMap":{"functional-code":{"insertions":8,"deletions":8}}},{"hash":"da49ba16a8cab5c1ab01964bb95416276bcf240b","isMergeCommit":false,"messageTitle":"Update on design layout","messageBody":"","fileTypesAndContributionMap":{"functional-code":{"insertions":6,"deletions":12}}}]},{"date":"2023-03-10","commitResults":[{"hash":"65f1e26893f6f652cd0f21b52c144cbab26b9d4a","isMergeCommit":false,"messageTitle":"Update md files","messageBody":"","fileTypesAndContributionMap":{"functional-code":{"insertions":59,"deletions":30},"docs":{"insertions":15,"deletions":29}}},{"hash":"5d79d05d4eaf0d321440b2d0f7b9571d81eb7a2c","isMergeCommit":false,"messageTitle":"Correct to bug","messageBody":"","fileTypesAndContributionMap":{"functional-code":{"insertions":2,"deletions":1}}},{"hash":"df04bb7b4e5f57e0ce6e6137600db1aae774cec4","isMergeCommit":false,"messageTitle":"Fix minor issues","messageBody":"","fileTypesAndContributionMap":{"functional-code":{"insertions":1,"deletions":2}}},{"hash":"86570e666a28539cb3b77a3014d0f149629a84ef","isMergeCommit":false,"messageTitle":"Fix minor issues in command file","messageBody":"","fileTypesAndContributionMap":{"functional-code":{"insertions":2,"deletions":2},"test-code":{"insertions":10,"deletions":0}}}]},{"date":"2023-03-13","commitResults":[{"hash":"242ba3189468000720a6e8dcddf476e5b72c8f22","isMergeCommit":true,"messageTitle":"Merge pull request #29 from pkpaing/v1.2","messageBody":"Updated DeveloperGuide.md","fileTypesAndContributionMap":{}},{"hash":"944f79a3c7177657b4cc3c543c364fe9a87bc837","isMergeCommit":false,"messageTitle":"Add in individual pane for selected users","messageBody":"","fileTypesAndContributionMap":{"functional-code":{"insertions":32,"deletions":11}}},{"hash":"22491680aed6addd1e49d3ed2c3d8573286569ff","isMergeCommit":true,"messageTitle":"Merge branch \u0027master\u0027 into v1.2","messageBody":"","fileTypesAndContributionMap":{}},{"hash":"d8166479b9106d19076fac1168b4b8e6b051a2ad","isMergeCommit":true,"messageTitle":"Merge pull request #30 from weekiat-douze/v1.2","messageBody":"V1.2 [Add Image Model]","fileTypesAndContributionMap":{}},{"hash":"538440e9234d99b27d0995ee68464e54a6a7681c","isMergeCommit":true,"messageTitle":"Merge branch \u0027master\u0027 into v1.2","messageBody":"","fileTypesAndContributionMap":{}},{"hash":"1b65c97b9f194863268ffab4be248846accaf72b","isMergeCommit":false,"messageTitle":"Fix check style errors","messageBody":"","fileTypesAndContributionMap":{"functional-code":{"insertions":0,"deletions":5}}}]},{"date":"2023-03-14","commitResults":[{"hash":"bbefaf39db1cc56c279c6ea5fc3807117e2050cf","isMergeCommit":false,"messageTitle":"Changes in person card class to fix image implementation","messageBody":"","fileTypesAndContributionMap":{"functional-code":{"insertions":8,"deletions":4}}},{"hash":"241fce548c7dbb2842bae835c4f04b33634d3389","isMergeCommit":false,"messageTitle":"Fix bug for disappearing personal pane upon scrolling","messageBody":"","fileTypesAndContributionMap":{"functional-code":{"insertions":8,"deletions":4}}}]},{"date":"2023-03-15","commitResults":[{"hash":"0dd2889d58d80a27b00e42c9e732ef82b9626967","isMergeCommit":true,"messageTitle":"Merge pull request #38 from AY2223S2-CS2103-F11-4/branch-image-features","messageBody":"Feature: Delete-image","fileTypesAndContributionMap":{}},{"hash":"64598e76546125b184a66e3f40c9b2663b6a8b7f","isMergeCommit":false,"messageTitle":"Add status variable to Person class","messageBody":"","fileTypesAndContributionMap":{"functional-code":{"insertions":166,"deletions":61},"docs":{"insertions":1,"deletions":1},"test-code":{"insertions":50,"deletions":20}}},{"hash":"1258f778ec9895c8498084961531fdb70e45cce8","isMergeCommit":false,"messageTitle":"Fix right pane in main window screen","messageBody":"","fileTypesAndContributionMap":{"functional-code":{"insertions":6,"deletions":1}}},{"hash":"c23bfbe190f05d5a9ad00b5be27b869ebe62fdef","isMergeCommit":true,"messageTitle":"Merge branch \u0027master\u0027 into v1.2b","messageBody":"","fileTypesAndContributionMap":{}}]},{"date":"2023-03-16","commitResults":[{"hash":"79e64025199ffb1d16c1410674a3c8b0acff2e04","isMergeCommit":false,"messageTitle":"Add in status varaible in Person","messageBody":"","fileTypesAndContributionMap":{"functional-code":{"insertions":154,"deletions":124},"test-code":{"insertions":164,"deletions":105}}},{"hash":"aaa14aea10767888473d7e5faeed704a8834a9c8","isMergeCommit":false,"messageTitle":"Resize the main screen and fix bugs","messageBody":"","fileTypesAndContributionMap":{"functional-code":{"insertions":22,"deletions":21}}},{"hash":"7dbf0d0c009612614f1ca96e41b27e3234daf48b","isMergeCommit":true,"messageTitle":"Merge branch \u0027master\u0027 into v1.2b","messageBody":"","fileTypesAndContributionMap":{}}]},{"date":"2023-03-17","commitResults":[{"hash":"6f99b2a1a231462fa74e6ef554499768d1f06b97","isMergeCommit":true,"messageTitle":"Merge pull request #48 from pkpaing/v1.2","messageBody":"More specific error messages for Import command","fileTypesAndContributionMap":{}},{"hash":"d3919269498117d7571064cf5615b7000061b399","isMergeCommit":false,"messageTitle":"Expand tag pane in personal pane","messageBody":"","fileTypesAndContributionMap":{"functional-code":{"insertions":30,"deletions":3},"docs":{"insertions":48,"deletions":24}}},{"hash":"99300ca104818294f66dc75f8765e109894ff4f9","isMergeCommit":false,"messageTitle":"Add in live changes to the model","messageBody":"","fileTypesAndContributionMap":{"functional-code":{"insertions":38,"deletions":6}}},{"hash":"76ca83fa989cad9d1f847b14e7f4341e588e609f","isMergeCommit":false,"messageTitle":"Finalise with live event change on update of command","messageBody":"","fileTypesAndContributionMap":{"functional-code":{"insertions":52,"deletions":19}}},{"hash":"a0818b18729239c939e8fbd58e2c5e3bc0475a28","isMergeCommit":false,"messageTitle":"Fix bugs","messageBody":"","fileTypesAndContributionMap":{"functional-code":{"insertions":19,"deletions":10},"test-code":{"insertions":12,"deletions":1}}},{"hash":"763a0b0b3677533c16afcbf7180c6cb89937c0ba","isMergeCommit":false,"messageTitle":"Fix error in terminal","messageBody":"","fileTypesAndContributionMap":{"functional-code":{"insertions":1,"deletions":1}}}]},{"date":"2023-03-21","commitResults":[{"hash":"762432b7301e589ba4c0e9d2d67a9a129c1038b4","isMergeCommit":true,"messageTitle":"Merge pull request #55 from weekiat-douze/v1.3","messageBody":"Fix Add-Image does not work on jar","tags":["v1.2.1"],"fileTypesAndContributionMap":{}}]},{"date":"2023-03-22","commitResults":[{"hash":"5930e9bc0b42f7aae42a49d1a5279eca4b7f308b","isMergeCommit":false,"messageTitle":"Change gui settings","messageBody":"","fileTypesAndContributionMap":{"functional-code":{"insertions":71,"deletions":11}}},{"hash":"d12e8de5e487205bf9c6c2aec393f8cec5953954","isMergeCommit":false,"messageTitle":"Fix bugs in Person class","messageBody":"","fileTypesAndContributionMap":{"functional-code":{"insertions":9,"deletions":10},"other":{"insertions":0,"deletions":0},"test-code":{"insertions":3,"deletions":2}}}]},{"date":"2023-03-23","commitResults":[{"hash":"2811d2237f129d1d7398e5ab8b60acf0a9a31d23","isMergeCommit":true,"messageTitle":"Merge pull request #64 from weekiat-douze/v1.3","messageBody":"[V1.3] Add-image DG and Optimised Add-Image command","fileTypesAndContributionMap":{}},{"hash":"189aca2aa25563edc81b6d2ce364ad7e90aad8f5","isMergeCommit":true,"messageTitle":"Merge pull request #66 from pkpaing/v1.3","messageBody":"[v1.3] Updated DG (Import), Fixed Import command bug","fileTypesAndContributionMap":{}},{"hash":"b55331b86a0c5355b05a7e8e6552f9a0d2a2612c","isMergeCommit":false,"messageTitle":"Create UML diagrams","messageBody":"","fileTypesAndContributionMap":{"functional-code":{"insertions":2,"deletions":2},"docs":{"insertions":111,"deletions":0}}},{"hash":"0ae6d6787789c0406746af36a7736d9c9b63fbd4","isMergeCommit":true,"messageTitle":"Merge branch \u0027master\u0027 of github.com:AY2223S2-CS2103-F11-4/tp","messageBody":"","fileTypesAndContributionMap":{}},{"hash":"f8e873c3b5ae94032dd6c277d31e59f0f40dde2a","isMergeCommit":false,"messageTitle":"Update DG with design details","messageBody":"","fileTypesAndContributionMap":{"docs":{"insertions":59,"deletions":0}}},{"hash":"289d059f7b613cdf2a7cb44178d7ad3129afe967","isMergeCommit":false,"messageTitle":"Fix checkstyle","messageBody":"","fileTypesAndContributionMap":{"docs":{"insertions":2,"deletions":2}}}]},{"date":"2023-03-25","commitResults":[{"hash":"d25172eac82d78b2d8e75c53434c12e9124bb85d","isMergeCommit":false,"messageTitle":"Add tag colours to create different tags","messageBody":"","fileTypesAndContributionMap":{"functional-code":{"insertions":114,"deletions":41}}},{"hash":"b88719e1faa0f0ac8af4f5383690b4220d0071e0","isMergeCommit":false,"messageTitle":"Add commitment/cca tag","messageBody":"","fileTypesAndContributionMap":{"functional-code":{"insertions":48,"deletions":30}}},{"hash":"3b22782e7970d2e81fbf3881afa76bfbf79bc776","isMergeCommit":false,"messageTitle":"Fix checkstyle","messageBody":"","fileTypesAndContributionMap":{"functional-code":{"insertions":8,"deletions":1}}},{"hash":"841cd7ec5f2b594ece4b20d4b6305ab49f09dc8e","isMergeCommit":false,"messageTitle":"Update on user guide","messageBody":"","fileTypesAndContributionMap":{"docs":{"insertions":90,"deletions":64}}},{"hash":"26f37b151178a1c766d4e9dfc935925a8a6158a8","isMergeCommit":false,"messageTitle":"Change add to the right pane","messageBody":"","fileTypesAndContributionMap":{"functional-code":{"insertions":63,"deletions":28}}},{"hash":"810310ca12a226b40bf348e4bf2b2321dde1d9d3","isMergeCommit":false,"messageTitle":"Fix address hidden contents","messageBody":"","fileTypesAndContributionMap":{"functional-code":{"insertions":8,"deletions":12}}},{"hash":"8b6bd78ea1868904eb2cf6020228ef599eaf72b2","isMergeCommit":true,"messageTitle":"Merge pull request #69 from hongshenggg/master","messageBody":"Update UG to include the initial portions of the UG, and to better reflect the current state of features","fileTypesAndContributionMap":{}}]},{"date":"2023-03-26","commitResults":[{"hash":"df3c5c0b1eb3c4ff6b4777d349428c7b6c2a47d7","isMergeCommit":false,"messageTitle":"Resolve address hidden problem","messageBody":"","fileTypesAndContributionMap":{"functional-code":{"insertions":9,"deletions":4}}},{"hash":"549ebd7a3e7fd45cf006784160940a9916da6e14","isMergeCommit":false,"messageTitle":"Fix tags parser in edit command parser","messageBody":"","fileTypesAndContributionMap":{"functional-code":{"insertions":12,"deletions":5}}},{"hash":"bd75a1044d625194c49ea73301ef11332fe50471","isMergeCommit":true,"messageTitle":"Merge pull request #70 from hongshenggg/master","messageBody":"Implement find command to find by prefix and keyword pairs","fileTypesAndContributionMap":{}},{"hash":"342d5f2e73b58fca1f7fc4cf348112094a1c8f99","isMergeCommit":true,"messageTitle":"Merge branch \u0027master\u0027 into v1.3","messageBody":"","fileTypesAndContributionMap":{}},{"hash":"4a74fcd2213ad39774c448ce4d90d527006e5625","isMergeCommit":false,"messageTitle":"Edit tag function worked properly","messageBody":"","fileTypesAndContributionMap":{"functional-code":{"insertions":69,"deletions":17}}},{"hash":"46a561733c2bf947fc3c68b5ea48324e87fc4887","isMergeCommit":false,"messageTitle":"Fix bugs and checkstyle","messageBody":"","fileTypesAndContributionMap":{"functional-code":{"insertions":30,"deletions":8},"test-code":{"insertions":26,"deletions":19}}},{"hash":"396994140f4f1b0ef39b0e202d20bcfda43a5de5","isMergeCommit":true,"messageTitle":"Merge branch \u0027master\u0027 of github.com:AY2223S2-CS2103-F11-4/tp into v1.3","messageBody":"","fileTypesAndContributionMap":{}},{"hash":"9acfbede5122458c340390d4ef132eba4b617a4b","isMergeCommit":true,"messageTitle":"Merge pull request #72 from hongshenggg/master","messageBody":"Fix UG command summary for find command","fileTypesAndContributionMap":{}},{"hash":"3f62d1674ef3c87e3a5c017d90d38f0d48e66630","isMergeCommit":true,"messageTitle":"Merge branch \u0027master\u0027 of github.com:AY2223S2-CS2103-F11-4/tp into v1.3","messageBody":"","fileTypesAndContributionMap":{}},{"hash":"47105a222630df484fb01278cc76688f5060445a","isMergeCommit":false,"messageTitle":"Fix error in test","messageBody":"","fileTypesAndContributionMap":{"test-code":{"insertions":19,"deletions":20}}},{"hash":"4ae1210d55db241844aeaeb5a5fa3d75f7175ece","isMergeCommit":true,"messageTitle":"Merge pull request #74 from weekiat-douze/v1.3","messageBody":"Update DG Diagram for Add Image","fileTypesAndContributionMap":{}}]},{"date":"2023-03-29","commitResults":[{"hash":"f955d2a802d48e91f1305e54421ee9b66cac9fbb","isMergeCommit":true,"messageTitle":"Merge pull request #79 from weekiat-douze/v1.3","messageBody":"Add header for User Guide","fileTypesAndContributionMap":{}}]},{"date":"2023-03-30","commitResults":[{"hash":"059f55235b18e657ca2e5b10da6fcff6ef47304e","isMergeCommit":true,"messageTitle":"Merge pull request #80 from pkpaing/v1.3","messageBody":"[v1.3] Updated Documentation, Removed Clear Command ","fileTypesAndContributionMap":{}},{"hash":"7ea8198df71cbec14491750bfd956b86a3a33795","isMergeCommit":false,"messageTitle":"Fix bugs to edit command","messageBody":"","fileTypesAndContributionMap":{"functional-code":{"insertions":32,"deletions":27},"docs":{"insertions":20,"deletions":17}}},{"hash":"f36eeb2abdc09be598fc5596181be3ec162c6c77","isMergeCommit":true,"messageTitle":"Update user guide conflict","messageBody":"","fileTypesAndContributionMap":{}},{"hash":"418a00c1a2cb747d1ce8aa3b9231ec000c249d8d","isMergeCommit":false,"messageTitle":"Set character limits to input variables","messageBody":"","fileTypesAndContributionMap":{"functional-code":{"insertions":26,"deletions":26},"test-code":{"insertions":2,"deletions":2}}}]},{"date":"2023-03-31","commitResults":[{"hash":"d3887c7aaf5d739797af6c7abe55b9e5ca5f2ca5","isMergeCommit":true,"messageTitle":"Merge pull request #83 from weekiat-douze/v1.3","messageBody":"Update Example for Add Image in User Guide","fileTypesAndContributionMap":{}},{"hash":"863740287c8e66c18882e2a93819e502ccfe2423","isMergeCommit":true,"messageTitle":"Merge pull request #84 from pkpaing/v1.3","messageBody":"Added images for imported contacts","tags":["v1.3.1"],"fileTypesAndContributionMap":{}}]},{"date":"2023-04-05","commitResults":[{"hash":"5f212ae64047aae9e595dd70d768252c9d443b79","isMergeCommit":true,"messageTitle":"Merge pull request #142 from hongshenggg/master","messageBody":"Bug fixes","fileTypesAndContributionMap":{}},{"hash":"8fe0a016026bf6befa383d70cb36238c6f9f9e84","isMergeCommit":true,"messageTitle":"Merge pull request #141 from weekiat-douze/v1.4","messageBody":"V1.4 Fix Add-Image type check and added test cases","fileTypesAndContributionMap":{}},{"hash":"ea1802c65a0eae43c8a6727199f040f3571309c7","isMergeCommit":false,"messageTitle":"Update README.md","messageBody":"","fileTypesAndContributionMap":{"docs":{"insertions":1,"deletions":1}}},{"hash":"a8c3d86765ef84dc6b325280e7076932f3e03bba","isMergeCommit":true,"messageTitle":"Merge pull request #143 from hongshenggg/master","messageBody":"Fix some of the documentation bugs labelled in the commit message","fileTypesAndContributionMap":{}},{"hash":"34983f08ef6e3b082546f8b618895d381aa0fd6d","isMergeCommit":false,"messageTitle":"fix bug for wrong index","messageBody":"","fileTypesAndContributionMap":{"functional-code":{"insertions":6,"deletions":15}}},{"hash":"96b706c4838f0932eb2f58b8510f9c492ccc939a","isMergeCommit":false,"messageTitle":"Change to index.md and user guide","messageBody":"","fileTypesAndContributionMap":{"functional-code":{"insertions":3,"deletions":1},"docs":{"insertions":9,"deletions":1}}}]},{"date":"2023-04-06","commitResults":[{"hash":"a9bc9e00dfd4ebbcedb96f400b54f7fae84a823b","isMergeCommit":false,"messageTitle":"Fix address wrapping issue","messageBody":"","fileTypesAndContributionMap":{"functional-code":{"insertions":9,"deletions":9},"docs":{"insertions":5,"deletions":3}}},{"hash":"7929ba3b6bef2856111069ecce4d8a8679b5b8e4","isMergeCommit":true,"messageTitle":"Merge pull request #144 from weekiat-douze/v1.4","messageBody":"V1.4 Update UserGuide and DeveloperGuide","fileTypesAndContributionMap":{}},{"hash":"1f7170fd97580593250f203b41d182c713f85446","isMergeCommit":false,"messageTitle":"Add test to edit command","messageBody":"","fileTypesAndContributionMap":{"functional-code":{"insertions":2,"deletions":6},"test-code":{"insertions":30,"deletions":29}}},{"hash":"11d6dd524a4374e40050ddbe8136cf41d9bd2355","isMergeCommit":true,"messageTitle":"Merge branch \u0027master\u0027 of github.com:AY2223S2-CS2103-F11-4/tp","messageBody":"","fileTypesAndContributionMap":{}},{"hash":"9ac0608eea182c5925cffab8bfe9b7f5fd6ef651","isMergeCommit":true,"messageTitle":"Merge branch \u0027master\u0027 into v1.4","messageBody":"","fileTypesAndContributionMap":{}},{"hash":"7a9a2d0060c8893d9f3696f9fe53e79b3a407637","isMergeCommit":false,"messageTitle":"change gui setting","messageBody":"","fileTypesAndContributionMap":{"functional-code":{"insertions":3,"deletions":3}}},{"hash":"5746f408691501d50d04246344fee7dc2a8b6110","isMergeCommit":true,"messageTitle":"Merge pull request #146 from pkpaing/v1.4","messageBody":"V1.4 Some bug fixes","fileTypesAndContributionMap":{}}]}],"castryl":[],"pkpaing":[{"date":"2023-03-01","commitResults":[{"hash":"b808d17cb757dbd972b40bd4c5839ec7e0e71999","isMergeCommit":false,"messageTitle":"Added to AboutUs.md file and Teams directory","messageBody":"","fileTypesAndContributionMap":{"docs":{"insertions":50,"deletions":4}}},{"hash":"f6e82eb96967556d45c4b9c6b4f1a68efacc4c4c","isMergeCommit":false,"messageTitle":"Added to AboutUs.md file and Teams directory","messageBody":"","fileTypesAndContributionMap":{"docs":{"insertions":1,"deletions":1}}}]},{"date":"2023-03-02","commitResults":[{"hash":"0c19347f9b9f70e89ebc8d92fea92b971f2a568a","isMergeCommit":false,"messageTitle":"Further edited PPP","messageBody":"","fileTypesAndContributionMap":{"docs":{"insertions":16,"deletions":19}}},{"hash":"3492a5b8a0ddabeb9f91974038d37810e770855c","isMergeCommit":false,"messageTitle":"Updated Command Summary portion of UserGuide.md","messageBody":"","fileTypesAndContributionMap":{"docs":{"insertions":12,"deletions":191}}}]},{"date":"2023-03-03","commitResults":[{"hash":"15304864761afef48cc8f2e1400f70781110b509","isMergeCommit":true,"messageTitle":"Update user guide","messageBody":"","fileTypesAndContributionMap":{}},{"hash":"7077f8dd1386dac51458c89ac5c25eb27ece5a3e","isMergeCommit":true,"messageTitle":"Commit","messageBody":"","fileTypesAndContributionMap":{}},{"hash":"93bbe1da8f79b57055397c64103c7e2efc080675","isMergeCommit":false,"messageTitle":"Updated config.yml","messageBody":"","fileTypesAndContributionMap":{"docs":{"insertions":0,"deletions":0}}},{"hash":"7fff7abd487fec3051ad3bc3891fe73cab6cfbc6","isMergeCommit":false,"messageTitle":"Updated names for pkpaing.png, castryl.md and pkpaing.md","messageBody":"","fileTypesAndContributionMap":{"docs":{"insertions":41,"deletions":0}}},{"hash":"d9d5802ae63cf4c1aea9ad3c44a2da2b493d6ae1","isMergeCommit":false,"messageTitle":"Updated names for pkpaing.png, castryl.md and pkpaing.md","messageBody":"","fileTypesAndContributionMap":{"docs":{"insertions":54,"deletions":13}}},{"hash":"9ccbd42d55691e42daba029319eea9d87d09cd5f","isMergeCommit":false,"messageTitle":"Updated names for pkpaing.png, castryl.md and pkpaing.md","messageBody":"","fileTypesAndContributionMap":{"docs":{"insertions":5,"deletions":5}}},{"hash":"5f4faa0945809925174f6cf752adada926d839bf","isMergeCommit":true,"messageTitle":"Merge branch \u0027master\u0027 into v1.1","messageBody":"","fileTypesAndContributionMap":{}},{"hash":"5c982fd752aeffa5ec2f03777a540c2fa0b453b6","isMergeCommit":false,"messageTitle":"Updated names for pkpaing.png, castryl.md and pkpaing.md","messageBody":"","fileTypesAndContributionMap":{"docs":{"insertions":1,"deletions":3}}},{"hash":"22c6db41a938eb69929def3cd1a88098b12f7b37","isMergeCommit":true,"messageTitle":"Merge branch \u0027v1.1\u0027 of https://github.com/pkpaing/tp into v1.1","messageBody":"","fileTypesAndContributionMap":{}}]},{"date":"2023-03-12","commitResults":[{"hash":"0eb80522eddbb7e4f0894b3239112bc867ca3aab","isMergeCommit":false,"messageTitle":"Updated DeveloperGuide.md","messageBody":"","fileTypesAndContributionMap":{"docs":{"insertions":131,"deletions":10}}},{"hash":"e82b34d7622744b584b81df90d20b801913ad7c2","isMergeCommit":false,"messageTitle":"Updated DeveloperGuide.md","messageBody":"","fileTypesAndContributionMap":{"docs":{"insertions":0,"deletions":1}}},{"hash":"34a7e207b7033701b12cabe1c980c64b5eded0c3","isMergeCommit":false,"messageTitle":"Updated DeveloperGuide.md","messageBody":"","fileTypesAndContributionMap":{"docs":{"insertions":72,"deletions":49}}},{"hash":"a312c0e86843c113143b426f1141df1c7151784e","isMergeCommit":false,"messageTitle":"Updated DeveloperGuide.md","messageBody":"","fileTypesAndContributionMap":{"docs":{"insertions":2,"deletions":2}}}]},{"date":"2023-03-15","commitResults":[{"hash":"02bc19c8ec127751bb7ea575ebecab20901fae27","isMergeCommit":false,"messageTitle":"Added Import command","messageBody":"","fileTypesAndContributionMap":{"functional-code":{"insertions":174,"deletions":9},"test-code":{"insertions":22,"deletions":0}}},{"hash":"f8d20073e4d881d22b80763a50efac32093a7a24","isMergeCommit":true,"messageTitle":"Merge branch \u0027master\u0027 of github.com:AY2223S2-CS2103-F11-4/tp","messageBody":"","fileTypesAndContributionMap":{}},{"hash":"6986487f4ce06f59cb6eede711241c92fc9124c8","isMergeCommit":false,"messageTitle":"Edited ImportCommand, SocContacts, ChsContacts","messageBody":"","fileTypesAndContributionMap":{"functional-code":{"insertions":28,"deletions":28}}},{"hash":"1e676c0fb6f55de7923d38dd05ddb64cbb2291e1","isMergeCommit":true,"messageTitle":"Merge branch \u0027master\u0027 of github.com:AY2223S2-CS2103-F11-4/tp into v1.2","messageBody":"","fileTypesAndContributionMap":{}},{"hash":"7c0ca28ee35a4849157e48b8dc758e6e6bc5de8e","isMergeCommit":false,"messageTitle":"Fixed Checkstyle","messageBody":"","fileTypesAndContributionMap":{"functional-code":{"insertions":2,"deletions":2}}},{"hash":"f5e2b554b13f77de658d05c1b8d85264d20991fe","isMergeCommit":false,"messageTitle":"Fixed CheckStyle","messageBody":"","fileTypesAndContributionMap":{"functional-code":{"insertions":36,"deletions":36}}},{"hash":"3a58fcfe81101811fb688238273b16e0c5638845","isMergeCommit":false,"messageTitle":"Fixed Checkstyle","messageBody":"","fileTypesAndContributionMap":{"functional-code":{"insertions":5,"deletions":5}}},{"hash":"b531495d0314f0a267011fb2cdb2869ba91766af","isMergeCommit":false,"messageTitle":"Fixed Checkstyle","messageBody":"","fileTypesAndContributionMap":{"functional-code":{"insertions":0,"deletions":1}}},{"hash":"fb10bf3341f901ef2df057abaf2ebadddf3642ab","isMergeCommit":false,"messageTitle":"Fixed Checkstyle","messageBody":"","fileTypesAndContributionMap":{"test-code":{"insertions":4,"deletions":6}}},{"hash":"2926b658999682a124f96e4113dcad927716243f","isMergeCommit":false,"messageTitle":"Fixed Checkstyle","messageBody":"","fileTypesAndContributionMap":{"test-code":{"insertions":1,"deletions":0}}}]},{"date":"2023-03-16","commitResults":[{"hash":"892a6f689975cbecbc03b705bcf2b8a40d51f8f6","isMergeCommit":false,"messageTitle":"More specific error messages for Import command","messageBody":"","fileTypesAndContributionMap":{"functional-code":{"insertions":6,"deletions":2}}}]},{"date":"2023-03-17","commitResults":[{"hash":"a830966a616fa052126447cce2b10ffa461a7d4a","isMergeCommit":true,"messageTitle":"Merge pull request #47 from SHni99/v1.2b","messageBody":"V1.2b [Add status variable in Person class]","fileTypesAndContributionMap":{}},{"hash":"927d95dc2aba2f19cb59d109808c04655b7194e4","isMergeCommit":true,"messageTitle":"Merge branch \u0027master\u0027 of github.com:AY2223S2-CS2103-F11-4/tp into v1.2","messageBody":"","fileTypesAndContributionMap":{}}]},{"date":"2023-03-23","commitResults":[{"hash":"dd2e92b8dc829feb7af99f3281e12a4f219b5654","isMergeCommit":false,"messageTitle":"Updated DG (Import), Fixed Import command bug","messageBody":"","fileTypesAndContributionMap":{"functional-code":{"insertions":3,"deletions":1},"docs":{"insertions":154,"deletions":0}}},{"hash":"e875e7981bc657518fa58feb0b876947661bd3e9","isMergeCommit":false,"messageTitle":"Fixed Checkstyle","messageBody":"","fileTypesAndContributionMap":{"docs":{"insertions":9,"deletions":9}}},{"hash":"96e7b6410f8adbf67d83bafb0f9a645059be3396","isMergeCommit":true,"messageTitle":"Merge pull request #67 from SHni99/v1.3","messageBody":"V1.3 [Update DG]","fileTypesAndContributionMap":{}}]},{"date":"2023-03-29","commitResults":[{"hash":"23513798fe8be4f7646b1d6d910f66b3f2e56145","isMergeCommit":false,"messageTitle":"Removed clear command","messageBody":"","fileTypesAndContributionMap":{"functional-code":{"insertions":0,"deletions":27},"test-code":{"insertions":0,"deletions":42}}},{"hash":"108610c644ed3d6795eeb8ab518d62a5195d53d3","isMergeCommit":true,"messageTitle":"Merge branch \u0027master\u0027 of github.com:AY2223S2-CS2103-F11-4/tp into v1.3","messageBody":"","fileTypesAndContributionMap":{}},{"hash":"ca844de187ad5112714cfce1cf89e48444574d6c","isMergeCommit":false,"messageTitle":"Updated documentation, removed Clear command","messageBody":"","fileTypesAndContributionMap":{"docs":{"insertions":40,"deletions":25}}}]},{"date":"2023-03-31","commitResults":[{"hash":"44c87cee2953fea6b8f65a6eb8518b8315086824","isMergeCommit":false,"messageTitle":"Added images for imported contacts","messageBody":"","fileTypesAndContributionMap":{"functional-code":{"insertions":4,"deletions":4}}},{"hash":"d4db36de52710b1d9f5006f75120027997989664","isMergeCommit":true,"messageTitle":"Merge branch \u0027master\u0027 of github.com:AY2223S2-CS2103-F11-4/tp into v1.3","messageBody":"","fileTypesAndContributionMap":{}}]},{"date":"2023-04-02","commitResults":[{"hash":"2dd96b86f2445e5a25bd649aa765c2e156cbfd9a","isMergeCommit":true,"messageTitle":"Merge pull request #137 from hongshenggg/master","messageBody":"Fix error message that gets shown when user enters invalid input for delete-image, and fix up DG skeletal structure","fileTypesAndContributionMap":{}},{"hash":"804f23f9a64a6328d6945077d6332565f8f2dc53","isMergeCommit":true,"messageTitle":"Merge pull request #138 from hongshenggg/DG-find-feature","messageBody":"Dg find feature","fileTypesAndContributionMap":{}}]},{"date":"2023-04-04","commitResults":[{"hash":"5c58197049e2b2b87d0833a32dff7b3485bf94df","isMergeCommit":true,"messageTitle":"Merge pull request #140 from hongshenggg/master","messageBody":"Initial draft for PPP","fileTypesAndContributionMap":{}}]},{"date":"2023-04-06","commitResults":[{"hash":"78df707e1b6584753fc3eb798fb54d678a3a9c6f","isMergeCommit":true,"messageTitle":"Merge pull request #145 from SHni99/v1.4","messageBody":"V1.4 [Fix bugs from PE-D]","fileTypesAndContributionMap":{}},{"hash":"8896d8c1882fb55f1d0d4c4ff4b1bda9b1fc937b","isMergeCommit":false,"messageTitle":"Fixed #85, #108","messageBody":"","fileTypesAndContributionMap":{"functional-code":{"insertions":4,"deletions":4},"docs":{"insertions":21,"deletions":11}}},{"hash":"fe236b7f2ea4782b8c3a7207d91cc948e4485e88","isMergeCommit":false,"messageTitle":"Fixed links at top of UG","messageBody":"","fileTypesAndContributionMap":{"docs":{"insertions":10,"deletions":9}}},{"hash":"9064c764061adfeb4cbf5337521d717b14b4f615","isMergeCommit":false,"messageTitle":"Fixed #91 grammar error","messageBody":"","fileTypesAndContributionMap":{"docs":{"insertions":3,"deletions":3}}},{"hash":"3a116606e91bdc9f5509010185a03d091b03944a","isMergeCommit":false,"messageTitle":"Codecov for imported contacts","messageBody":"","fileTypesAndContributionMap":{"test-code":{"insertions":48,"deletions":0}}},{"hash":"257d0cbca693c131320763d4eb75bde8e71f31c3","isMergeCommit":false,"messageTitle":"Checkstyle","messageBody":"","fileTypesAndContributionMap":{"test-code":{"insertions":3,"deletions":2}}},{"hash":"257a11d7916c04e1f97f9478317ca6d802484983","isMergeCommit":false,"messageTitle":"Checkstyle","messageBody":"","fileTypesAndContributionMap":{"test-code":{"insertions":2,"deletions":2}}},{"hash":"d5125ff6e186ef3dbe543c2521971dcf5180efa8","isMergeCommit":false,"messageTitle":"Checkstyle","messageBody":"","fileTypesAndContributionMap":{"test-code":{"insertions":0,"deletions":2}}}]}]},"authorFileTypeContributionMap":{"weekiat-douze":{"docs":281,"functional-code":394,"test-code":205,"other":4},"hongshenggg":{"docs":729,"functional-code":430,"test-code":121,"other":2},"SHni99":{"docs":204,"functional-code":861,"test-code":225,"other":26},"castryl":{"docs":0,"functional-code":0,"test-code":0},"pkpaing":{"docs":251,"functional-code":171,"test-code":68}},"authorContributionVariance":{"weekiat-douze":3794.653,"hongshenggg":23613.299,"SHni99":22067.207,"castryl":0.0,"pkpaing":5996.734},"authorDisplayNameMap":{"weekiat-douze":"CS2103-F11-4 LUM ..KIAT","hongshenggg":"CS2103-F11-4 LEE ..HENG","SHni99":"CS2103-F11-4 NI S..GHAN","castryl":"CS2103-F11-4 LOW .. IAN","pkpaing":"CS2103-F11-4 PHON..QMAN"}}
