[{"path":"README.md","fileType":"docs","lines":[{"lineNumber":1,"author":{"gitId":"-"},"content":"[![CI Status](https://github.com/se-edu/addressbook-level3/workflows/Java%20CI/badge.svg)](https://github.com/se-edu/addressbook-level3/actions)","lastModifiedDate":"2020-05-23"},{"lineNumber":2,"author":{"gitId":"-"},"content":"","lastModifiedDate":"2020-05-23"},{"lineNumber":3,"author":{"gitId":"-"},"content":"![Ui](docs/images/Ui.png)","lastModifiedDate":"2020-05-23"},{"lineNumber":4,"author":{"gitId":"-"},"content":"","lastModifiedDate":"2020-05-23"},{"lineNumber":5,"author":{"gitId":"-"},"content":"* This is **a sample project for Software Engineering (SE) students**.\u003cbr\u003e","lastModifiedDate":"2020-05-23"},{"lineNumber":6,"author":{"gitId":"-"},"content":"  Example usages:","lastModifiedDate":"2020-05-23"},{"lineNumber":7,"author":{"gitId":"-"},"content":"  * as a starting point of a course project (as opposed to writing everything from scratch)","lastModifiedDate":"2020-05-23"},{"lineNumber":8,"author":{"gitId":"-"},"content":"  * as a case study","lastModifiedDate":"2020-05-23"},{"lineNumber":9,"author":{"gitId":"-"},"content":"* The project simulates an ongoing software project for a desktop application (called _AddressBook_) used for managing contact details.","lastModifiedDate":"2020-05-23"},{"lineNumber":10,"author":{"gitId":"-"},"content":"  * It is **written in OOP fashion**. It provides a **reasonably well-written** code base **bigger** (around 6 KLoC) than what students usually write in beginner-level SE modules, without being overwhelmingly big.","lastModifiedDate":"2020-05-23"},{"lineNumber":11,"author":{"gitId":"-"},"content":"  * It comes with a **reasonable level of user and developer documentation**.","lastModifiedDate":"2020-05-23"},{"lineNumber":12,"author":{"gitId":"-"},"content":"* It is named `AddressBook Level 3` (`AB3` for short) because it was initially created as a part of a series of `AddressBook` projects (`Level 1`, `Level 2`, `Level 3` ...).","lastModifiedDate":"2020-05-23"},{"lineNumber":13,"author":{"gitId":"-"},"content":"* For the detailed documentation of this project, see the **[Address Book Product Website](https://se-education.org/addressbook-level3)**.","lastModifiedDate":"2020-05-23"},{"lineNumber":14,"author":{"gitId":"-"},"content":"* This project is a **part of the se-education.org** initiative. If you would like to contribute code to this project, see [se-education.org](https://se-education.org#https://se-education.org/#contributing) for more info.","lastModifiedDate":"2020-05-23"},{"lineNumber":15,"author":{"gitId":"joellow88"},"content":"* This project is based on the AddressBook-Level3 project created by the [SE-EDU initiative](https://se-education.org).","lastModifiedDate":"2023-03-02"}],"authorContributionMap":{"joellow88":1,"-":14}},{"path":"docs/AboutUs.md","fileType":"docs","lines":[{"lineNumber":1,"author":{"gitId":"-"},"content":"---","lastModifiedDate":"2020-05-23"},{"lineNumber":2,"author":{"gitId":"-"},"content":"layout: page","lastModifiedDate":"2020-05-23"},{"lineNumber":3,"author":{"gitId":"joellow88"},"content":"#About Us","lastModifiedDate":"2023-03-02"},{"lineNumber":4,"author":{"gitId":"-"},"content":"---","lastModifiedDate":"2020-05-23"},{"lineNumber":5,"author":{"gitId":"-"},"content":"","lastModifiedDate":"2020-05-23"},{"lineNumber":6,"author":{"gitId":"joellow88"},"content":"# About us","lastModifiedDate":"2023-03-02"},{"lineNumber":7,"author":{"gitId":"-"},"content":"We are a team based in the [School of Computing, National University of Singapore](http://www.comp.nus.edu.sg).","lastModifiedDate":"2020-05-23"},{"lineNumber":8,"author":{"gitId":"-"},"content":"","lastModifiedDate":"2020-05-23"},{"lineNumber":9,"author":{"gitId":"-"},"content":"You can reach us at the email `seer[at]comp.nus.edu.sg`","lastModifiedDate":"2020-06-17"},{"lineNumber":10,"author":{"gitId":"-"},"content":"","lastModifiedDate":"2020-06-17"},{"lineNumber":11,"author":{"gitId":"-"},"content":"## Project team","lastModifiedDate":"2020-06-07"},{"lineNumber":12,"author":{"gitId":"-"},"content":"","lastModifiedDate":"2020-05-23"},{"lineNumber":13,"author":{"gitId":"joellow88"},"content":"### Joel Low","lastModifiedDate":"2023-03-02"},{"lineNumber":14,"author":{"gitId":"-"},"content":"","lastModifiedDate":"2020-05-23"},{"lineNumber":15,"author":{"gitId":"joellow88"},"content":"\u003cimg src\u003d\"images/joellow88.png\" width\u003d\"200px\"\u003e","lastModifiedDate":"2023-03-02"},{"lineNumber":16,"author":{"gitId":"-"},"content":"","lastModifiedDate":"2020-05-23"},{"lineNumber":17,"author":{"gitId":"joellow88"},"content":"[[github](https://github.com/joellow88)]","lastModifiedDate":"2023-03-02"},{"lineNumber":18,"author":{"gitId":"joellow88"},"content":"[[portfolio](team/joellow88.md)]","lastModifiedDate":"2023-03-02"},{"lineNumber":19,"author":{"gitId":"-"},"content":"","lastModifiedDate":"2020-05-23"},{"lineNumber":20,"author":{"gitId":"joellow88"},"content":"* Role: Developer","lastModifiedDate":"2023-03-02"},{"lineNumber":21,"author":{"gitId":"-"},"content":"","lastModifiedDate":"2020-05-23"},{"lineNumber":22,"author":{"gitId":"Acerizm"},"content":"### Haiqel","lastModifiedDate":"2023-03-03"},{"lineNumber":23,"author":{"gitId":"-"},"content":"","lastModifiedDate":"2020-05-23"},{"lineNumber":24,"author":{"gitId":"Acerizm"},"content":"\u003cimg src\u003d\"images/Acerizm.png\" width\u003d\"200px\"\u003e","lastModifiedDate":"2023-03-03"},{"lineNumber":25,"author":{"gitId":"-"},"content":"","lastModifiedDate":"2020-05-23"},{"lineNumber":26,"author":{"gitId":"Acerizm"},"content":"[[github](http://github.com/Acerizm)]","lastModifiedDate":"2023-03-03"},{"lineNumber":27,"author":{"gitId":"Acerizm"},"content":"[[portfolio](team/Acerizm.md)]","lastModifiedDate":"2023-03-03"},{"lineNumber":28,"author":{"gitId":"-"},"content":"","lastModifiedDate":"2020-05-23"},{"lineNumber":29,"author":{"gitId":"Acerizm"},"content":"* Role: Developer","lastModifiedDate":"2023-03-03"},{"lineNumber":30,"author":{"gitId":"-"},"content":"","lastModifiedDate":"2020-05-23"},{"lineNumber":31,"author":{"gitId":"-"},"content":"### Johnny Doe","lastModifiedDate":"2020-05-23"},{"lineNumber":32,"author":{"gitId":"-"},"content":"","lastModifiedDate":"2020-05-23"},{"lineNumber":33,"author":{"gitId":"-"},"content":"\u003cimg src\u003d\"images/johndoe.png\" width\u003d\"200px\"\u003e","lastModifiedDate":"2020-06-17"},{"lineNumber":34,"author":{"gitId":"-"},"content":"","lastModifiedDate":"2020-05-23"},{"lineNumber":35,"author":{"gitId":"-"},"content":"[[github](http://github.com/johndoe)] [[portfolio](team/johndoe.md)]","lastModifiedDate":"2020-06-17"},{"lineNumber":36,"author":{"gitId":"-"},"content":"","lastModifiedDate":"2020-05-23"},{"lineNumber":37,"author":{"gitId":"-"},"content":"* Role: Developer","lastModifiedDate":"2020-05-23"},{"lineNumber":38,"author":{"gitId":"-"},"content":"* Responsibilities: Data","lastModifiedDate":"2020-05-23"},{"lineNumber":39,"author":{"gitId":"-"},"content":"","lastModifiedDate":"2020-05-23"},{"lineNumber":40,"author":{"gitId":"-"},"content":"### Jean Doe","lastModifiedDate":"2020-06-17"},{"lineNumber":41,"author":{"gitId":"-"},"content":"","lastModifiedDate":"2020-05-23"},{"lineNumber":42,"author":{"gitId":"-"},"content":"\u003cimg src\u003d\"images/johndoe.png\" width\u003d\"200px\"\u003e","lastModifiedDate":"2020-06-17"},{"lineNumber":43,"author":{"gitId":"-"},"content":"","lastModifiedDate":"2020-05-23"},{"lineNumber":44,"author":{"gitId":"-"},"content":"[[github](http://github.com/johndoe)]","lastModifiedDate":"2020-06-17"},{"lineNumber":45,"author":{"gitId":"-"},"content":"[[portfolio](team/johndoe.md)]","lastModifiedDate":"2020-05-23"},{"lineNumber":46,"author":{"gitId":"-"},"content":"","lastModifiedDate":"2020-05-23"},{"lineNumber":47,"author":{"gitId":"-"},"content":"* Role: Developer","lastModifiedDate":"2020-05-23"},{"lineNumber":48,"author":{"gitId":"-"},"content":"* Responsibilities: Dev Ops + Threading","lastModifiedDate":"2020-05-23"},{"lineNumber":49,"author":{"gitId":"-"},"content":"","lastModifiedDate":"2020-05-23"},{"lineNumber":50,"author":{"gitId":"-"},"content":"### James Doe","lastModifiedDate":"2020-06-17"},{"lineNumber":51,"author":{"gitId":"-"},"content":"","lastModifiedDate":"2020-05-23"},{"lineNumber":52,"author":{"gitId":"-"},"content":"\u003cimg src\u003d\"images/johndoe.png\" width\u003d\"200px\"\u003e","lastModifiedDate":"2020-06-17"},{"lineNumber":53,"author":{"gitId":"-"},"content":"","lastModifiedDate":"2020-05-23"},{"lineNumber":54,"author":{"gitId":"-"},"content":"[[github](http://github.com/johndoe)]","lastModifiedDate":"2020-06-17"},{"lineNumber":55,"author":{"gitId":"-"},"content":"[[portfolio](team/johndoe.md)]","lastModifiedDate":"2020-05-23"},{"lineNumber":56,"author":{"gitId":"-"},"content":"","lastModifiedDate":"2020-05-23"},{"lineNumber":57,"author":{"gitId":"-"},"content":"* Role: Developer","lastModifiedDate":"2020-05-23"},{"lineNumber":58,"author":{"gitId":"-"},"content":"* Responsibilities: UI","lastModifiedDate":"2020-05-23"}],"authorContributionMap":{"joellow88":7,"-":46,"Acerizm":5}},{"path":"docs/team/Acerizm.md","fileType":"docs","lines":[{"lineNumber":1,"author":{"gitId":"Acerizm"},"content":"---","lastModifiedDate":"2023-03-03"},{"lineNumber":2,"author":{"gitId":"Acerizm"},"content":"layout: page","lastModifiedDate":"2023-03-03"},{"lineNumber":3,"author":{"gitId":"Acerizm"},"content":"title: Haiqel\u0027s Project Portfolio Page","lastModifiedDate":"2023-03-03"},{"lineNumber":4,"author":{"gitId":"Acerizm"},"content":"---","lastModifiedDate":"2023-03-03"},{"lineNumber":5,"author":{"gitId":"Acerizm"},"content":"","lastModifiedDate":"2023-03-03"},{"lineNumber":6,"author":{"gitId":"Acerizm"},"content":"### Project: MODcheck","lastModifiedDate":"2023-03-03"},{"lineNumber":7,"author":{"gitId":"Acerizm"},"content":"","lastModifiedDate":"2023-03-03"},{"lineNumber":8,"author":{"gitId":"Acerizm"},"content":"MODcheck is a desktop app to allow students to easily check the module coordinators, professors and teaching ","lastModifiedDate":"2023-03-03"},{"lineNumber":9,"author":{"gitId":"Acerizm"},"content":"assistants in the modules they are taking. ","lastModifiedDate":"2023-03-03"},{"lineNumber":10,"author":{"gitId":"Acerizm"},"content":"","lastModifiedDate":"2023-03-03"},{"lineNumber":11,"author":{"gitId":"Acerizm"},"content":"Given below are my contributions to the project.","lastModifiedDate":"2023-03-03"},{"lineNumber":12,"author":{"gitId":"Acerizm"},"content":"","lastModifiedDate":"2023-03-03"},{"lineNumber":13,"author":{"gitId":"Acerizm"},"content":"* **Code contributed**: ","lastModifiedDate":"2023-03-03"},{"lineNumber":14,"author":{"gitId":"Acerizm"},"content":"    * To be added soon","lastModifiedDate":"2023-03-03"},{"lineNumber":15,"author":{"gitId":"Acerizm"},"content":"","lastModifiedDate":"2023-03-03"},{"lineNumber":16,"author":{"gitId":"Acerizm"},"content":"* **Enhancements to existing features**:","lastModifiedDate":"2023-03-03"},{"lineNumber":17,"author":{"gitId":"Acerizm"},"content":"    * To be added soon","lastModifiedDate":"2023-03-03"},{"lineNumber":18,"author":{"gitId":"Acerizm"},"content":"","lastModifiedDate":"2023-03-03"},{"lineNumber":19,"author":{"gitId":"Acerizm"},"content":"* **Documentation**:","lastModifiedDate":"2023-03-03"},{"lineNumber":20,"author":{"gitId":"Acerizm"},"content":"    * User Guide:","lastModifiedDate":"2023-03-03"},{"lineNumber":21,"author":{"gitId":"Acerizm"},"content":"        * To be added soon","lastModifiedDate":"2023-03-03"},{"lineNumber":22,"author":{"gitId":"Acerizm"},"content":"    * Developer Guide:","lastModifiedDate":"2023-03-03"},{"lineNumber":23,"author":{"gitId":"Acerizm"},"content":"        * To be added soon","lastModifiedDate":"2023-03-03"},{"lineNumber":24,"author":{"gitId":"Acerizm"},"content":"","lastModifiedDate":"2023-03-03"},{"lineNumber":25,"author":{"gitId":"Acerizm"},"content":"* **Project management**:","lastModifiedDate":"2023-03-03"},{"lineNumber":26,"author":{"gitId":"Acerizm"},"content":"    * To be added soon","lastModifiedDate":"2023-03-03"},{"lineNumber":27,"author":{"gitId":"Acerizm"},"content":"","lastModifiedDate":"2023-03-03"},{"lineNumber":28,"author":{"gitId":"Acerizm"},"content":"* **Community**:","lastModifiedDate":"2023-03-03"},{"lineNumber":29,"author":{"gitId":"Acerizm"},"content":"    * To be added soon","lastModifiedDate":"2023-03-03"},{"lineNumber":30,"author":{"gitId":"Acerizm"},"content":"","lastModifiedDate":"2023-03-03"},{"lineNumber":31,"author":{"gitId":"Acerizm"},"content":"* **Tools**:","lastModifiedDate":"2023-03-03"},{"lineNumber":32,"author":{"gitId":"Acerizm"},"content":"    * To be added soon","lastModifiedDate":"2023-03-03"},{"lineNumber":33,"author":{"gitId":"Acerizm"},"content":"","lastModifiedDate":"2023-03-03"}],"authorContributionMap":{"Acerizm":33}},{"path":"docs/team/joellow88.md","fileType":"docs","lines":[{"lineNumber":1,"author":{"gitId":"joellow88"},"content":"---","lastModifiedDate":"2023-03-02"},{"lineNumber":2,"author":{"gitId":"joellow88"},"content":"layout: page","lastModifiedDate":"2023-03-02"},{"lineNumber":3,"author":{"gitId":"joellow88"},"content":"title: Joel Low\u0027s Project Portfolio Page","lastModifiedDate":"2023-03-02"},{"lineNumber":4,"author":{"gitId":"joellow88"},"content":"---","lastModifiedDate":"2023-03-02"},{"lineNumber":5,"author":{"gitId":"joellow88"},"content":"","lastModifiedDate":"2023-03-02"},{"lineNumber":6,"author":{"gitId":"joellow88"},"content":"### Project: MODcheck","lastModifiedDate":"2023-03-02"},{"lineNumber":7,"author":{"gitId":"joellow88"},"content":"","lastModifiedDate":"2023-03-02"},{"lineNumber":8,"author":{"gitId":"joellow88"},"content":"MODcheck is a desktop app to allow students to easily check the module coordinators, professors and teaching ","lastModifiedDate":"2023-03-02"},{"lineNumber":9,"author":{"gitId":"joellow88"},"content":"assistants in the modules they are taking. ","lastModifiedDate":"2023-03-02"},{"lineNumber":10,"author":{"gitId":"joellow88"},"content":"","lastModifiedDate":"2023-03-02"},{"lineNumber":11,"author":{"gitId":"joellow88"},"content":"Given below are my contributions to the project.","lastModifiedDate":"2023-03-02"},{"lineNumber":12,"author":{"gitId":"joellow88"},"content":"","lastModifiedDate":"2023-03-02"},{"lineNumber":13,"author":{"gitId":"joellow88"},"content":"* **Code contributed**: ","lastModifiedDate":"2023-03-02"},{"lineNumber":14,"author":{"gitId":"joellow88"},"content":"    * To be added soon","lastModifiedDate":"2023-03-02"},{"lineNumber":15,"author":{"gitId":"joellow88"},"content":"","lastModifiedDate":"2023-03-02"},{"lineNumber":16,"author":{"gitId":"joellow88"},"content":"* **Enhancements to existing features**:","lastModifiedDate":"2023-03-02"},{"lineNumber":17,"author":{"gitId":"joellow88"},"content":"    * To be added soon","lastModifiedDate":"2023-03-02"},{"lineNumber":18,"author":{"gitId":"joellow88"},"content":"","lastModifiedDate":"2023-03-02"},{"lineNumber":19,"author":{"gitId":"joellow88"},"content":"* **Documentation**:","lastModifiedDate":"2023-03-02"},{"lineNumber":20,"author":{"gitId":"joellow88"},"content":"    * User Guide:","lastModifiedDate":"2023-03-02"},{"lineNumber":21,"author":{"gitId":"joellow88"},"content":"        * To be added soon","lastModifiedDate":"2023-03-02"},{"lineNumber":22,"author":{"gitId":"joellow88"},"content":"    * Developer Guide:","lastModifiedDate":"2023-03-02"},{"lineNumber":23,"author":{"gitId":"joellow88"},"content":"        * To be added soon","lastModifiedDate":"2023-03-02"},{"lineNumber":24,"author":{"gitId":"joellow88"},"content":"","lastModifiedDate":"2023-03-02"},{"lineNumber":25,"author":{"gitId":"joellow88"},"content":"* **Project management**:","lastModifiedDate":"2023-03-02"},{"lineNumber":26,"author":{"gitId":"joellow88"},"content":"    * To be added soon","lastModifiedDate":"2023-03-02"},{"lineNumber":27,"author":{"gitId":"joellow88"},"content":"","lastModifiedDate":"2023-03-02"},{"lineNumber":28,"author":{"gitId":"joellow88"},"content":"* **Community**:","lastModifiedDate":"2023-03-02"},{"lineNumber":29,"author":{"gitId":"joellow88"},"content":"    * To be added soon","lastModifiedDate":"2023-03-02"},{"lineNumber":30,"author":{"gitId":"joellow88"},"content":"","lastModifiedDate":"2023-03-02"},{"lineNumber":31,"author":{"gitId":"joellow88"},"content":"* **Tools**:","lastModifiedDate":"2023-03-02"},{"lineNumber":32,"author":{"gitId":"joellow88"},"content":"    * To be added soon","lastModifiedDate":"2023-03-02"},{"lineNumber":33,"author":{"gitId":"joellow88"},"content":"","lastModifiedDate":"2023-03-02"}],"authorContributionMap":{"joellow88":33}}]
