{"authorDailyContributionsMap":{"elvern18":[{"date":"2023-03-03","commitResults":[{"hash":"1476315fba97f487a122ffb770ca8c6fc75a1566","isMergeCommit":false,"messageTitle":"upload image and update AboutUs","messageBody":"","fileTypesAndContributionMap":{"docs":{"insertions":5,"deletions":5}}},{"hash":"94c73470944271e74a3771e0af80501e438657b3","isMergeCommit":false,"messageTitle":"add developer\u0027s portfolio in team folder","messageBody":"","fileTypesAndContributionMap":{"docs":{"insertions":33,"deletions":0}}}]},{"date":"2023-03-04","commitResults":[{"hash":"7f51473de10ac8979eee7d380d578af9febc3d23","isMergeCommit":false,"messageTitle":"Reupload elvern18 image to .png file","messageBody":"","fileTypesAndContributionMap":{"docs":{"insertions":1,"deletions":1}}},{"hash":"79a03c76eb8e20d9cc0afabc9878f17fbc937bca","isMergeCommit":true,"messageTitle":"Merge pull request #29 from Acerizm/branch-update-DeveloperGuide","messageBody":"update developer guide","fileTypesAndContributionMap":{}},{"hash":"f07e80f4dd3627d83a651d5f550ddc682ce99914","isMergeCommit":false,"messageTitle":"Update DeveloperGuide","messageBody":"","fileTypesAndContributionMap":{"docs":{"insertions":17,"deletions":10}}},{"hash":"f7ba7502e33a8f2f6721bc0c6ae20a83e4a3375f","isMergeCommit":true,"messageTitle":"Merge pull request #34 from Acerizm/branch-remove-AB3-UG","messageBody":"remove all `addressbook` and `AB3` references in UG","fileTypesAndContributionMap":{}},{"hash":"8ad69f833cbfac5faebfa7e7ce517b6e7b2d7d5d","isMergeCommit":false,"messageTitle":"Edit delete and clear in UserGuide","messageBody":"","fileTypesAndContributionMap":{"docs":{"insertions":8,"deletions":1}}}]},{"date":"2023-03-05","commitResults":[{"hash":"2a8d0472cb83d25ac0bce41fca091290bd6b0c53","isMergeCommit":true,"messageTitle":"Merge branch \u0027master\u0027 into wk-7-DG","messageBody":"","fileTypesAndContributionMap":{}},{"hash":"22de22aec3252481e37ac58e975023ccbe1e85c1","isMergeCommit":false,"messageTitle":"Update docs/DeveloperGuide.md","messageBody":"Co-authored-by: Haiqel \u003c34855234+Acerizm@users.noreply.github.com\u003e","fileTypesAndContributionMap":{"docs":{"insertions":1,"deletions":1}}},{"hash":"c3d99c33ff519adbd6c2aeef9bd64cb40d042902","isMergeCommit":false,"messageTitle":"Update docs/DeveloperGuide.md","messageBody":"Co-authored-by: Haiqel \u003c34855234+Acerizm@users.noreply.github.com\u003e","fileTypesAndContributionMap":{"docs":{"insertions":1,"deletions":1}}}]},{"date":"2023-03-15","commitResults":[{"hash":"dac0b1a59013aa746c4bcc59e3244c9729b38f8c","isMergeCommit":false,"messageTitle":"Add Delete by multiple index command","messageBody":"","fileTypesAndContributionMap":{"functional-code":{"insertions":4,"deletions":0}}},{"hash":"0093aa8184c025b307484f2a95218d6dda14c7a8","isMergeCommit":false,"messageTitle":"Add Delete by multiple index command","messageBody":"","fileTypesAndContributionMap":{"functional-code":{"insertions":103,"deletions":6}}},{"hash":"2318c127e8a99f80093e624e9c5663812db69a73","isMergeCommit":false,"messageTitle":"Add new functions","messageBody":"","fileTypesAndContributionMap":{"functional-code":{"insertions":3,"deletions":4}}},{"hash":"ad074198eca2d8cb226d5364903afd7febfcbdee","isMergeCommit":false,"messageTitle":"update Delete multiple and single index commands","messageBody":"","fileTypesAndContributionMap":{"functional-code":{"insertions":64,"deletions":40}}},{"hash":"805f5fa312f963b7dc42b78318a06e932e81d27e","isMergeCommit":false,"messageTitle":"update Delete multiple index command","messageBody":"","fileTypesAndContributionMap":{"functional-code":{"insertions":24,"deletions":12}}},{"hash":"a4568410607c2a9c580665d787e1d83bcb0bfea6","isMergeCommit":false,"messageTitle":"update delete tests","messageBody":"","fileTypesAndContributionMap":{"functional-code":{"insertions":0,"deletions":5},"test-code":{"insertions":11,"deletions":17}}},{"hash":"89e4125c4dc85bfe9c2f9013d688400969d434cd","isMergeCommit":false,"messageTitle":"add prompt of proper way to use delete","messageBody":"","fileTypesAndContributionMap":{"functional-code":{"insertions":5,"deletions":1}}},{"hash":"15afc6b6098e400bf2ed360837a5f84aac4f73ad","isMergeCommit":true,"messageTitle":"Merge branch \u0027master\u0027 into branch-MultipleDelete","messageBody":"","fileTypesAndContributionMap":{}},{"hash":"664629e6ee9ff3297fc3aa847fc6e4e8dfd41fee","isMergeCommit":false,"messageTitle":"delete unnecessary class and ensure code follows checkstyle","messageBody":"","fileTypesAndContributionMap":{"functional-code":{"insertions":15,"deletions":29},"test-code":{"insertions":9,"deletions":1}}},{"hash":"c6e1d7b0c7de7ce87d30964d6ee119217571a0cf","isMergeCommit":true,"messageTitle":"merge completed","messageBody":"","fileTypesAndContributionMap":{}},{"hash":"b16ec54cf98cb7a217e7e5f4eca50fd0cde93102","isMergeCommit":false,"messageTitle":"edit test case","messageBody":"","fileTypesAndContributionMap":{"functional-code":{"insertions":0,"deletions":1},"test-code":{"insertions":1,"deletions":1}}},{"hash":"b5097c244ef21a66c523fcd78be28a671bb5c898","isMergeCommit":false,"messageTitle":"update test cases","messageBody":"","fileTypesAndContributionMap":{"functional-code":{"insertions":1,"deletions":1},"test-code":{"insertions":7,"deletions":11}}}]},{"date":"2023-03-16","commitResults":[{"hash":"e17a74d86362401b8222d977f0b51f61d05d139c","isMergeCommit":false,"messageTitle":"edit import statements to adhere to checkstyle","messageBody":"","fileTypesAndContributionMap":{"test-code":{"insertions":9,"deletions":1}}},{"hash":"27eada6ac5fc5bd3b52d098bce0f1eed96418868","isMergeCommit":false,"messageTitle":"update delete multiple index to allow undo command to work for it","messageBody":"","fileTypesAndContributionMap":{"functional-code":{"insertions":18,"deletions":3},"test-code":{"insertions":4,"deletions":0}}}]},{"date":"2023-03-23","commitResults":[{"hash":"4881025cc3a34db3205e86284964c686e6fa237b","isMergeCommit":false,"messageTitle":"create tests for DeleteMultipleIndexCommand","messageBody":"","fileTypesAndContributionMap":{"test-code":{"insertions":40,"deletions":0}}},{"hash":"6a140204411cbf6f1a610ece44e5ebd8e4daa433","isMergeCommit":false,"messageTitle":"edit to adhere to checkstyle","messageBody":"","fileTypesAndContributionMap":{"test-code":{"insertions":0,"deletions":3}}}]},{"date":"2023-03-24","commitResults":[{"hash":"405aeb0d0381791bab4039bbd3e19dce094cfd75","isMergeCommit":false,"messageTitle":"update Dev Guide for DeleteMultiple command","messageBody":"","fileTypesAndContributionMap":{"docs":{"insertions":25,"deletions":1}}},{"hash":"5619fde0fcefe8c64095cf9f3a69db4a0322dbf5","isMergeCommit":false,"messageTitle":"add logging","messageBody":"","fileTypesAndContributionMap":{"test-code":{"insertions":1,"deletions":0}}},{"hash":"093a734322de1f4775b32db0db8515cf60b3ea28","isMergeCommit":true,"messageTitle":"Merge pull request #86 from elvern18/branch-UpdateDeleteDevGuide","messageBody":"update Dev Guide for DeleteMultiple command","fileTypesAndContributionMap":{}}]}],"joellow88":[{"date":"2023-03-02","commitResults":[{"hash":"329319d39bd64f369b4d2f5ec46adf0fc058cb1f","isMergeCommit":false,"messageTitle":"Update README.md","messageBody":"","fileTypesAndContributionMap":{"docs":{"insertions":1,"deletions":0}}},{"hash":"1ebd958e49a23eb785c2f2629a447c1cb1f27e17","isMergeCommit":false,"messageTitle":"Add Ppp skeleton to docs/team Update AboutUs.md","messageBody":"","fileTypesAndContributionMap":{"docs":{"insertions":40,"deletions":7}}}]},{"date":"2023-03-03","commitResults":[{"hash":"ba4b80327236c92619a08de1b5b2552256e36e6d","isMergeCommit":true,"messageTitle":"Merge pull request #13 from Acerizm/branch-update-AboutUs-PPP-Haiqel","messageBody":"update AboutUs to include Haiqel\u0027s details","fileTypesAndContributionMap":{}}]},{"date":"2023-03-04","commitResults":[{"hash":"3d4a5e116f2b334774b4c004ac0eea91250ec8f6","isMergeCommit":true,"messageTitle":"Merge pull request #27 from Acerizm/branch-update-readme","messageBody":"update ReadMe with new skeleton","fileTypesAndContributionMap":{}},{"hash":"d8e4af042ab77aaea1b782f0292bd7029b18d1d7","isMergeCommit":true,"messageTitle":"Merge pull request #28 from Acerizm/branch-update-config","messageBody":"update config.yml to remove traces of \"AB3\"","fileTypesAndContributionMap":{}},{"hash":"5575ace0043db2f75b7f275154953d7e23604229","isMergeCommit":true,"messageTitle":"Merge pull request #25 from Acerizm/branch-update-UG","messageBody":"update UserGuide for filter command","fileTypesAndContributionMap":{}},{"hash":"2edb45ab880865239d45459a8aea3e45fdeaaefd","isMergeCommit":true,"messageTitle":"Merge pull request #32 from Gibson0918/branch-Update-User-Guide","messageBody":"Update UserGuide.md","fileTypesAndContributionMap":{}},{"hash":"78797782e2bf7209b0dc0c80243c5cf7b583ae46","isMergeCommit":true,"messageTitle":"Merge pull request #31 from Gibson0918/branch-Update-Developer-Guide","messageBody":"Update DeveloperGuide.md","fileTypesAndContributionMap":{}}]},{"date":"2023-03-05","commitResults":[{"hash":"8486110c628cbd8bcf6af8b03d3c2b99cfc0fcad","isMergeCommit":false,"messageTitle":"Update DG with more user stories, use cases, NFRs","messageBody":"","fileTypesAndContributionMap":{"docs":{"insertions":56,"deletions":19}}},{"hash":"e03493bf4b7c5c11dd6796465f9de867f4c320c1","isMergeCommit":false,"messageTitle":"Update edit command in UserGuide and README","messageBody":"","fileTypesAndContributionMap":{"docs":{"insertions":21,"deletions":15}}},{"hash":"e485aea18073f2bcf4fe8ba7f9171fe2fbe06c50","isMergeCommit":true,"messageTitle":"Merge pull request #43 from joellow88/wk-7-DG","messageBody":"Update DG with more user stories, use cases, NFRs","fileTypesAndContributionMap":{}}]},{"date":"2023-03-14","commitResults":[{"hash":"6b4bfd81e5dcd308a5b8d47eab59c777c1be88f4","isMergeCommit":false,"messageTitle":"Add support for Undo Command in ModCheck","messageBody":"Modcheck does not support undo.\n\nUser who accidentally made typos has to reverse their changes manually.\nThis may not be easy to do in some cases (Eg: clear).\n\nLets add a UndoManager into ModelManager.\nThat acts as a simple version control to support undo and redo.\n\nIn the future, support for redo can be added.\nOptimisations can also be done to reduce memory usage of UndoManager.\n","fileTypesAndContributionMap":{"functional-code":{"insertions":128,"deletions":1}}},{"hash":"ec64e16b614509193a375e599029959d878fa5b5","isMergeCommit":false,"messageTitle":"Update undo command so it shows the command that was undone.","messageBody":"","fileTypesAndContributionMap":{"functional-code":{"insertions":56,"deletions":26}}},{"hash":"46dd46716d9ec5cae017e2f7bc240e01ab52527a","isMergeCommit":false,"messageTitle":"Update files to meet checkstyle requirement","messageBody":"","fileTypesAndContributionMap":{"functional-code":{"insertions":8,"deletions":7}}},{"hash":"b85f5379549202e21049a5de001b3ef3f94e213c","isMergeCommit":false,"messageTitle":"Add support for redo command in ModCheck","messageBody":"TODO: Add test cases for UndoManager, ModelManager, Undo and Redo command.\nUpdate UG for ModCheck to include undo feature\n","fileTypesAndContributionMap":{"functional-code":{"insertions":74,"deletions":2},"test-code":{"insertions":17,"deletions":0}}},{"hash":"088c5d692b1144dd0d42d2902a2bbcf67220ca16","isMergeCommit":false,"messageTitle":"Add JUnit tests","messageBody":"Add JUnit tests for UndoCommand, RedoCommand, and UndoManager.\n","fileTypesAndContributionMap":{"functional-code":{"insertions":40,"deletions":1},"test-code":{"insertions":169,"deletions":0}}},{"hash":"d40223f2999d472d4a5ad187f5a11afff718670c","isMergeCommit":false,"messageTitle":"Update README.md to include documentation about undo and redo.","messageBody":"","fileTypesAndContributionMap":{"docs":{"insertions":18,"deletions":2}}}]},{"date":"2023-03-16","commitResults":[{"hash":"878982ba24593d77efcfc6d95498cf12f06e5342","isMergeCommit":false,"messageTitle":"Edit UserGuide.md to include undo and redo commands","messageBody":"","fileTypesAndContributionMap":{"docs":{"insertions":30,"deletions":11}}},{"hash":"6eb7d5051bc639212f3fe1d4b8c974cbbe7be3e5","isMergeCommit":false,"messageTitle":"Change toString() method of person to return description instead of address","messageBody":"Fixes issue of undo and redo message showing \"Address\" instead of \"Description\".\n","fileTypesAndContributionMap":{"functional-code":{"insertions":1,"deletions":1}}},{"hash":"7b2c0c817249b556da7780f9c8b493cea62f1f9d","isMergeCommit":false,"messageTitle":"Refactor Undo and Redo to use Undoable interface.","messageBody":"Undo and Redo calls a few extra functions in ModelManager.\nThese functions are not originally part of the Model interface and had to be added.\n\nThe Model interface suffers from high coupling. Implementing the Model interface\n necessitates implementing the undo functionality, which may not be desirable.\n\nLet\u0027s extract the undo functionality into an Undoable interface.\nThe ModelManager will implement both the Model and Undoable interface.\n\nThis allows future models to be developed without the need for undo functionality.\nIt also allows other objects to be marked undoable.\n","fileTypesAndContributionMap":{"functional-code":{"insertions":50,"deletions":31},"test-code":{"insertions":2,"deletions":1}}},{"hash":"ac8973eb3b8db146ad1bd84cc7c2417efcee416a","isMergeCommit":true,"messageTitle":"Merge pull request #68 from elvern18/branch-MultipleDelete","messageBody":"Add delete by multiple indexes functionality","fileTypesAndContributionMap":{}}]},{"date":"2023-03-17","commitResults":[{"hash":"2a0e6284701a4f54a3da5d1e9ddb2d40fcbcc1c8","isMergeCommit":true,"messageTitle":"Merge pull request #69 from joellow88/add-undo-command","messageBody":"Update undo functionality","tags":["v1.0"],"fileTypesAndContributionMap":{}}]},{"date":"2023-03-23","commitResults":[{"hash":"69b3fe1568184d865cf2175d6aeea71ceb7bcbe4","isMergeCommit":false,"messageTitle":"Update developer guide with implementation of undo and redo","messageBody":"","fileTypesAndContributionMap":{"docs":{"insertions":71,"deletions":57}}}]},{"date":"2023-03-24","commitResults":[{"hash":"d52f62bee8db1b842fbab7c57336ea549f88bb36","isMergeCommit":false,"messageTitle":"Removed sequence diagram for undo/redo in developer guide.","messageBody":"To be added again in the future.\n","fileTypesAndContributionMap":{"docs":{"insertions":0,"deletions":8}}},{"hash":"541310bfda326ab1f05212cec6c3d816dd574d19","isMergeCommit":false,"messageTitle":"Enable assertions in build.gradle file","messageBody":"","fileTypesAndContributionMap":{"other":{"insertions":4,"deletions":0}}},{"hash":"0e69638426ae79ebb2e5eb2b6d386d78dbf5acc4","isMergeCommit":true,"messageTitle":"Merge pull request #87 from Gibson0918/Update-DG","messageBody":"Update DeveloperGuide.md","fileTypesAndContributionMap":{}}]}],"Statspadders":[{"date":"2023-03-03","commitResults":[{"hash":"49649f4274cdbccb8906477177b6ce7b5ae530b5","isMergeCommit":false,"messageTitle":"UPDATE AboutUs.md","messageBody":"Add new member Wei Hao\n","fileTypesAndContributionMap":{"docs":{"insertions":6,"deletions":6}}},{"hash":"2a5bf069ee64d06eeeea3684f138f039f98a1762","isMergeCommit":false,"messageTitle":"ADD skeletal PPP","messageBody":"","fileTypesAndContributionMap":{"docs":{"insertions":33,"deletions":0}}},{"hash":"0a3338ee8bb727530ddda661e68c8da32c0eadb7","isMergeCommit":true,"messageTitle":"Merge pull request #16 from Acerizm/branch-fix-fileNames","messageBody":"rename Haiqel\u0027s files and github username with lowercase letters","fileTypesAndContributionMap":{}}]},{"date":"2023-03-04","commitResults":[{"hash":"abf33bcf9d9d7f7ee1666140590fe6f9592e32a6","isMergeCommit":true,"messageTitle":"Merge pull request #38 from Acerizm/branch-update-UG-2","messageBody":"remove remaining `address book` references","fileTypesAndContributionMap":{}}]},{"date":"2023-03-05","commitResults":[{"hash":"c39f3c21c8ad7071db88130c15107f2c29753ae3","isMergeCommit":false,"messageTitle":"UPDATE docs/UserGuide.md","messageBody":"Add modcheck userguide for the add command.\n","fileTypesAndContributionMap":{"docs":{"insertions":4,"deletions":4}}},{"hash":"3c823800482db6d45263e17178cf78233d993c31","isMergeCommit":false,"messageTitle":"UPDATE docs/DeveloperGuide.md","messageBody":"Add Use Case for Adding Person to ModCheck\n","fileTypesAndContributionMap":{"docs":{"insertions":21,"deletions":0}}},{"hash":"95dbf874cc09119f86341734bca0efbb324202e5","isMergeCommit":false,"messageTitle":"UPDATE CliSyntax.java","messageBody":"Changing AB3 format to ModCheck format\nAdd feature now works for ModCheck\n","fileTypesAndContributionMap":{"functional-code":{"insertions":3,"deletions":3},"docs":{"insertions":1,"deletions":1}}}]},{"date":"2023-03-06","commitResults":[{"hash":"690ccd6305cfe4859c88bb82b8d6092a541c1f8d","isMergeCommit":false,"messageTitle":"UPDATE CliSyntax.java","messageBody":"","fileTypesAndContributionMap":{"functional-code":{"insertions":2,"deletions":2},"docs":{"insertions":3,"deletions":3}}}]},{"date":"2023-03-07","commitResults":[{"hash":"6365be2413c890d5551c558e23d1cd8ddedd4684","isMergeCommit":true,"messageTitle":"Merge pull request #44 from Statspadders/branch-week-8-create-new-contact","messageBody":"UPDATE CliSyntax.java","fileTypesAndContributionMap":{}}]},{"date":"2023-03-13","commitResults":[{"hash":"89b94ed4b49a45baa149cadaf4c8c376428d34b4","isMergeCommit":false,"messageTitle":"Add m/ [module tags] to ADD command","messageBody":"","fileTypesAndContributionMap":{"functional-code":{"insertions":242,"deletions":21},"test-code":{"insertions":29,"deletions":11}}},{"hash":"c3766a34ab01017d63b46799d24f90f133c354de","isMergeCommit":false,"messageTitle":"UPDATE checkstyle errors","messageBody":"","fileTypesAndContributionMap":{"functional-code":{"insertions":28,"deletions":20}}},{"hash":"e36ecf1948d5f1a388fe59dc8e4cf94bc05a7f09","isMergeCommit":false,"messageTitle":"UPDATE checkstyle error","messageBody":"","fileTypesAndContributionMap":{"functional-code":{"insertions":6,"deletions":8}}},{"hash":"89424c99106f2d4c760a517d13b408b93c1bae69","isMergeCommit":false,"messageTitle":"Update EditCommandParser.java","messageBody":"","fileTypesAndContributionMap":{"functional-code":{"insertions":1,"deletions":1}}},{"hash":"adc09eb77ef506ae55d3226203b51d14fd5975f7","isMergeCommit":false,"messageTitle":"UPDATE Checkstyle","messageBody":"","fileTypesAndContributionMap":{"test-code":{"insertions":18,"deletions":11}}}]},{"date":"2023-03-14","commitResults":[{"hash":"38efed6708ce96de0bef898c992837d3805e55f7","isMergeCommit":false,"messageTitle":"Update UserGuide.md","messageBody":"","fileTypesAndContributionMap":{"docs":{"insertions":17,"deletions":6}}}]},{"date":"2023-03-23","commitResults":[{"hash":"1e9eef4015930b89e93bf8365b03e8ab47485a9d","isMergeCommit":false,"messageTitle":"Update DeveloperGuide.md","messageBody":"Update use case for add, and include new use case for dark/light mode\n","fileTypesAndContributionMap":{"docs":{"insertions":15,"deletions":3}}}]},{"date":"2023-03-24","commitResults":[{"hash":"fba940b6da99868710c114cc8a256213983d2126","isMergeCommit":true,"messageTitle":"Merge pull request #76 from elvern18/branch-DeleteTests","messageBody":"create tests for DeleteMultipleIndexCommand","fileTypesAndContributionMap":{}},{"hash":"30d4164223b84dae73b902cf8e4accfc1d9fee68","isMergeCommit":true,"messageTitle":"Merge pull request #81 from Statspadders/branch-update-dg","messageBody":"Update DeveloperGuide.md","fileTypesAndContributionMap":{}}]}],"Acerizm":[{"date":"2023-03-02","commitResults":[{"hash":"62f2f533b86653fb04fc26d0fdf6057e3ea1026b","isMergeCommit":true,"messageTitle":"Merge pull request #11 from joellow88/wk-7-update-docs to master branch","messageBody":"Merging Joel\u0027s creation of AboutUs.md and PPP Skeleton","fileTypesAndContributionMap":{}}]},{"date":"2023-03-03","commitResults":[{"hash":"bd3e1fee58ef04387b5bd107ba758e1d99e00f5b","isMergeCommit":false,"messageTitle":"update AboutUs to include Haiqel\u0027s details","messageBody":"","fileTypesAndContributionMap":{"docs":{"insertions":38,"deletions":6}}},{"hash":"ef9c23d42f5d08e644785fb6de21cc511952397c","isMergeCommit":true,"messageTitle":"Merge pull request #15 from Gibson0918/branch-Week-7 to master","messageBody":"Add Week 7 requirements","fileTypesAndContributionMap":{}},{"hash":"f97cfd48d743ff13a1010b289443a40171f49e19","isMergeCommit":false,"messageTitle":"rename Haiqel\u0027s files and github username with lowercase letters","messageBody":"","fileTypesAndContributionMap":{"docs":{"insertions":1,"deletions":1}}},{"hash":"7249473177a86722bedb6b5e17df41d95092460d","isMergeCommit":false,"messageTitle":"update remaining references of github username with proper lowercase letters","messageBody":"","fileTypesAndContributionMap":{"docs":{"insertions":2,"deletions":2}}},{"hash":"1e59839d0876c2392d84e14bfc73d7c77e79be8a","isMergeCommit":true,"messageTitle":"Merge pull request #17 from Statspadders/branch-week-7","messageBody":"update AboutUs.md","fileTypesAndContributionMap":{}},{"hash":"1dd7991c28673975bff6583820d04e70a77bc984","isMergeCommit":true,"messageTitle":"Merge remote-tracking branch \u0027origin/master\u0027 into branch-fix-fileNames","messageBody":"","fileTypesAndContributionMap":{}},{"hash":"2710755b9afc56b88f789cba35fdd7c21b589586","isMergeCommit":true,"messageTitle":"Merge pull request #18 from Statspadders/branch-week-7","messageBody":"add skeletal PPP","fileTypesAndContributionMap":{}},{"hash":"07e8886f4bf912a9c9ab0e7fcaa464380ca832d1","isMergeCommit":true,"messageTitle":"Merge pull request #19 from elvern18/branch-week-7","messageBody":"upload image and update AboutUs","fileTypesAndContributionMap":{}},{"hash":"df60376f1d21e221438d10d51c9d4fb1966aa011","isMergeCommit":false,"messageTitle":"update UserGuide to include filter command and add images for filter command","messageBody":"","fileTypesAndContributionMap":{"docs":{"insertions":12,"deletions":2}}},{"hash":"bf80e090863d4458754fe9af050055034748e174","isMergeCommit":false,"messageTitle":"update command summary to include filter command in UserGuide","messageBody":"","fileTypesAndContributionMap":{"docs":{"insertions":2,"deletions":1}}},{"hash":"3ca4a050a5180c9e093613f6a70631618d8439e4","isMergeCommit":false,"messageTitle":"modify and create the skeleton of the updated ReadMe","messageBody":"","fileTypesAndContributionMap":{"docs":{"insertions":7,"deletions":13}}},{"hash":"5febdb6c44043d75ba58a131883412a4834e55f6","isMergeCommit":false,"messageTitle":"update ReadMe to include commands and usages","messageBody":"","fileTypesAndContributionMap":{"docs":{"insertions":175,"deletions":3}}},{"hash":"1a19590c09e99c9a4907541341d2c2985a439d30","isMergeCommit":false,"messageTitle":"update key features in ReadMe.md","messageBody":"","fileTypesAndContributionMap":{"docs":{"insertions":9,"deletions":0}}},{"hash":"984595918ff5a13578a9c8345ba3e64d251cba0c","isMergeCommit":false,"messageTitle":"correct spelling errors in ReadMe.md","messageBody":"","fileTypesAndContributionMap":{"docs":{"insertions":1,"deletions":1}}},{"hash":"92d7d5ce340bc96a891ff7ee6b4fe9c2e9a06488","isMergeCommit":false,"messageTitle":"add a user story and a use case description in DeveloperGuide","messageBody":"","fileTypesAndContributionMap":{"docs":{"insertions":36,"deletions":14}}},{"hash":"9a30c1552774c4173f12b75baafba51d8392fa3b","isMergeCommit":false,"messageTitle":"add additional non-functional requirement","messageBody":"","fileTypesAndContributionMap":{"docs":{"insertions":3,"deletions":1}}}]},{"date":"2023-03-04","commitResults":[{"hash":"28fc1374b4865e8530701bdc654a13ab5b3b8ab2","isMergeCommit":true,"messageTitle":"Merge pull request #21 from Gibson0918/branch-Week-7","messageBody":"changed to lowercase","fileTypesAndContributionMap":{}},{"hash":"269cbb8937c88339b59bb266a39373fe2fb722ec","isMergeCommit":false,"messageTitle":"update non-functional requirements with better precision and removed vague requirements in DeveloperGuide","messageBody":"","fileTypesAndContributionMap":{"docs":{"insertions":1,"deletions":2}}},{"hash":"25c2ba90fbb7b3b84f220d256aaaa7ef2227fc62","isMergeCommit":true,"messageTitle":"Merge branch \u0027master\u0027 into branch-update-DeveloperGuide","messageBody":"","fileTypesAndContributionMap":{}},{"hash":"736e6f4129d918e3a0a40b78336f6657e6b56dd3","isMergeCommit":true,"messageTitle":"Merge pull request #33 from elvern18/branch-ReuploadImage","messageBody":"Reupload elvern18 image to .png file","fileTypesAndContributionMap":{}},{"hash":"6ddaec8f3ebd1565e8ba976ce719061f9073c351","isMergeCommit":false,"messageTitle":"remove all `addressbook` and `AB3` references in UG","messageBody":"","fileTypesAndContributionMap":{"docs":{"insertions":7,"deletions":11}}},{"hash":"f26ff8d0659a2df39f39154bdaff791f28c7c3bb","isMergeCommit":true,"messageTitle":"Merge pull request #36 from elvern18/branch-UpdateDeveloperGuide","messageBody":"Update DeveloperGuide","fileTypesAndContributionMap":{}},{"hash":"85c1edf6cf19361088c38d47955ae3fd95b1449f","isMergeCommit":true,"messageTitle":"Merge pull request #37 from elvern18/branch-UpdateUserGuide","messageBody":"Edit delete and clear in UserGuide","fileTypesAndContributionMap":{}},{"hash":"dbda99adfcd7fbf8e02a0792c976467ea18bf9ef","isMergeCommit":false,"messageTitle":"remove remaining `address book` references","messageBody":"","fileTypesAndContributionMap":{"docs":{"insertions":6,"deletions":6}}}]},{"date":"2023-03-05","commitResults":[{"hash":"9be3b4693f00178ce4debfd17d6072b3bd0a7a1e","isMergeCommit":true,"messageTitle":"Merge pull request #40 from Statspadders/branch-week-7-updateUG","messageBody":"UPDATE docs/UserGuide.md","fileTypesAndContributionMap":{}},{"hash":"e154e2ddd92b1af4e27274ba557c4ef220411957","isMergeCommit":true,"messageTitle":"Merge pull request #41 from Statspadders/branch-week-7-updateDG","messageBody":"UPDATE docs/DeveloperGuide.md","fileTypesAndContributionMap":{}},{"hash":"993041e604b24936ebff1e5be520a200b9ce0f16","isMergeCommit":true,"messageTitle":"Merge pull request #42 from joellow88/wk-7-UG","messageBody":"Update edit command in UserGuide and README","fileTypesAndContributionMap":{}}]},{"date":"2023-03-11","commitResults":[{"hash":"465e747102fb91600f5482a1369239bbb771944a","isMergeCommit":true,"messageTitle":"Merge pull request #50 from Gibson0918/branch-Update-Developer-Guide","messageBody":"Update DeveloperGuide.md","fileTypesAndContributionMap":{}},{"hash":"fba3eb7f56b8efc90a3cf654556a326e5e50578b","isMergeCommit":true,"messageTitle":"Merge pull request #49 from Gibson0918/branch-Update-User-Guide","messageBody":"Updated UserGuide to reflect changes made to viewCommand","fileTypesAndContributionMap":{}}]},{"date":"2023-03-13","commitResults":[{"hash":"0ce9b85e4eeca50989992975bae8062c4b65d1c7","isMergeCommit":false,"messageTitle":"add basic functionality of filter command","messageBody":"","fileTypesAndContributionMap":{"functional-code":{"insertions":115,"deletions":0}}},{"hash":"1433bfeb7fc53f329843ec7580d1125811aeb954","isMergeCommit":false,"messageTitle":"update filter command to handle other attributes","messageBody":"","fileTypesAndContributionMap":{"functional-code":{"insertions":184,"deletions":23}}},{"hash":"c3b19967d6225df5405224555ba845e43b76c9dc","isMergeCommit":false,"messageTitle":"update filter command to allow multiple filtering of tags at the same time","messageBody":"","fileTypesAndContributionMap":{"functional-code":{"insertions":2,"deletions":2}}},{"hash":"19bf6b319edab26bb01e9974389ea562817985f8","isMergeCommit":false,"messageTitle":"update filterCommandParser to correctly get the prefix that the student enters","messageBody":"","fileTypesAndContributionMap":{"functional-code":{"insertions":14,"deletions":7}}},{"hash":"e9d1c40cc1324b8e2d8a0e4250272be1f15f8c07","isMergeCommit":false,"messageTitle":"update filter command\u0027s error message and change `address` references to `description`","messageBody":"","fileTypesAndContributionMap":{"other":{"insertions":1,"deletions":0}}},{"hash":"a75830497166f4650ef2a6b0db755296dcca425b","isMergeCommit":false,"messageTitle":"update filter command\u0027s error message and change `address` references to `description`","messageBody":"","fileTypesAndContributionMap":{"functional-code":{"insertions":54,"deletions":18}}}]},{"date":"2023-03-14","commitResults":[{"hash":"f2afc311ed0a7c9213ae39a69d78c95be696c5df","isMergeCommit":true,"messageTitle":"Merge pull request #53 from Statspadders/branch-week9-Addv1.2b","messageBody":"Add m/ [module tags] to ADD command","fileTypesAndContributionMap":{}},{"hash":"8a3e4bfc9bb7430917104e16cdd92d212c42a697","isMergeCommit":false,"messageTitle":"add integration test cases for filter command and updated code quality to meet checkstyle requirements","messageBody":"","fileTypesAndContributionMap":{"functional-code":{"insertions":63,"deletions":43},"test-code":{"insertions":73,"deletions":0}}}]},{"date":"2023-03-15","commitResults":[{"hash":"4cb919e30f2ddd1fd4405623b465e385011d7c54","isMergeCommit":false,"messageTitle":"add test cases for filterCommandParser","messageBody":"","fileTypesAndContributionMap":{"functional-code":{"insertions":57,"deletions":43},"test-code":{"insertions":154,"deletions":0}}},{"hash":"b513f0b3503de57d23f2f1552323326a268ee058","isMergeCommit":false,"messageTitle":"update ReadMe and add more pictures for filter command","messageBody":"","fileTypesAndContributionMap":{"functional-code":{"insertions":3,"deletions":6},"docs":{"insertions":36,"deletions":9}}},{"hash":"552e50cb5679c05ffb6583b73b42d496049214d4","isMergeCommit":true,"messageTitle":"Merge pull request #58 from joellow88/add-undo-command","messageBody":"Add undo command","fileTypesAndContributionMap":{}},{"hash":"e6d75c36e9605b3d3ddf926e9a3eb9cb0ebb7ccc","isMergeCommit":true,"messageTitle":"Merge branch \u0027master\u0027 into branch-filter-command","messageBody":"","fileTypesAndContributionMap":{}},{"hash":"288b4818c07d31b84b02cb564698f156e359c11d","isMergeCommit":false,"messageTitle":"update filterCommandTest to use the correct message inside test cases","messageBody":"","fileTypesAndContributionMap":{"test-code":{"insertions":3,"deletions":3}}},{"hash":"a651a77d24a8618cd6ec7ffd65387145796e7a84","isMergeCommit":true,"messageTitle":"Merge pull request #63 from Acerizm/branch-filter-command","messageBody":"Add filter command","fileTypesAndContributionMap":{}}]},{"date":"2023-03-24","commitResults":[{"hash":"2d1e90fffd2733a6ec0596929c533c9eb8a990f2","isMergeCommit":true,"messageTitle":"Merge pull request #83 from joellow88/enable-assertions","messageBody":"Enable assertions in build.gradle file","fileTypesAndContributionMap":{}},{"hash":"a2ba905539f789adfa0299516e0b1ff71c59563d","isMergeCommit":true,"messageTitle":"Merge pull request #82 from joellow88/update-dg-undoCommand","messageBody":"Update developer guide for undo command","fileTypesAndContributionMap":{}}]}],"Gibson0918":[{"date":"2023-03-03","commitResults":[{"hash":"50179aea316161b5f38132456cab18f9b6c55b4e","isMergeCommit":false,"messageTitle":"Add Week 7 requirements","messageBody":"","fileTypesAndContributionMap":{"docs":{"insertions":39,"deletions":4}}},{"hash":"eb9c0ce42552cbe66089e341970ccbf1ba8c2ff0","isMergeCommit":false,"messageTitle":"changed to lowercase","messageBody":"","fileTypesAndContributionMap":{"docs":{"insertions":1,"deletions":1}}}]},{"date":"2023-03-04","commitResults":[{"hash":"b2d36649c8312b6fe9a7304acf838b5e17e2adc9","isMergeCommit":false,"messageTitle":"Update AboutUs.md","messageBody":"","fileTypesAndContributionMap":{"docs":{"insertions":1,"deletions":1}}},{"hash":"a3488e182d3e2cf1b3d36da018e873a306d0b1a8","isMergeCommit":false,"messageTitle":"Update DeveloperGuide.md","messageBody":"","fileTypesAndContributionMap":{"docs":{"insertions":65,"deletions":9}}},{"hash":"68531bd647318b9c03da4004ce8f6578b419ad1e","isMergeCommit":false,"messageTitle":"Update UserGuide.md","messageBody":"","fileTypesAndContributionMap":{"docs":{"insertions":6,"deletions":0}}},{"hash":"dcd4df1d9b8e60bea1e89348f0ecc111fc7dbef4","isMergeCommit":false,"messageTitle":"update user stories","messageBody":"","fileTypesAndContributionMap":{"docs":{"insertions":9,"deletions":9}}},{"hash":"53a2463f0384304472b84a3f19b608671242673d","isMergeCommit":false,"messageTitle":"Added images and update commands in UG","messageBody":"","fileTypesAndContributionMap":{"docs":{"insertions":5,"deletions":0}}},{"hash":"e53e019206b8547022b9d71ff7af075390132f05","isMergeCommit":false,"messageTitle":"Fix view command to be the same as the command in the image","messageBody":"","fileTypesAndContributionMap":{"docs":{"insertions":2,"deletions":2}}},{"hash":"3e1f04d6d978cf9a1a3410639eb783e5a42d10f3","isMergeCommit":false,"messageTitle":"Update view command to be the same as the one in UG","messageBody":"","fileTypesAndContributionMap":{"docs":{"insertions":4,"deletions":4}}}]},{"date":"2023-03-05","commitResults":[{"hash":"c6dc55dbdd6963f873ad4adc7f17352670ad5d05","isMergeCommit":false,"messageTitle":"Add base code View Command method","messageBody":"","fileTypesAndContributionMap":{"functional-code":{"insertions":90,"deletions":0}}}]},{"date":"2023-03-07","commitResults":[{"hash":"f2d99cb3065e1027e2e4cd7d4c756fd978797d2d","isMergeCommit":false,"messageTitle":"Completed View Command","messageBody":"Index class: Made Index implement Comparable to allow for zero-based Indexing.\n\nMessages Class: Added success and failure message for view command\n\nViewCommand Class: Update ViewCommand to handle multiple inputs such as View 1 2 to display contact details of multiple people.\n\nMatchNamePredicate: Created a new Predicate class to handle the filtering of names in order to display the results according on the UI.\n","fileTypesAndContributionMap":{"functional-code":{"insertions":90,"deletions":14}}},{"hash":"8375b7e1b5ecc190c5266f59e6ed073dcd4fd55c","isMergeCommit":false,"messageTitle":"Update ViewCommandParser to satisfy checkstyle","messageBody":"","fileTypesAndContributionMap":{"functional-code":{"insertions":5,"deletions":4}}},{"hash":"4eec4b1ef1347ba3e41fbc4961ad7beaf5858eb1","isMergeCommit":false,"messageTitle":"Update ViewCommand to satisfy checkstyle","messageBody":"","fileTypesAndContributionMap":{"functional-code":{"insertions":9,"deletions":10}}},{"hash":"839cb69444e1d836f5bb38290caefd3cc630ae7d","isMergeCommit":false,"messageTitle":"Updated UserGuide to reflect changes made to viewCommand","messageBody":"","fileTypesAndContributionMap":{"docs":{"insertions":3,"deletions":2}}},{"hash":"37080e6a793e23a4114c039f4062be9fb622ae94","isMergeCommit":false,"messageTitle":"Update DeveloperGuide.md","messageBody":"","fileTypesAndContributionMap":{"docs":{"insertions":14,"deletions":17}}}]},{"date":"2023-03-10","commitResults":[{"hash":"deec08ed9bdf813bc4b59c1d1cf6b9638d8e2047","isMergeCommit":true,"messageTitle":"Merge pull request #48 from Gibson0918/branch-Adding-view-command","messageBody":"Added view command to MODCheck","fileTypesAndContributionMap":{}}]},{"date":"2023-03-24","commitResults":[{"hash":"d473eea9c1fc12decb701605da0ede23bdde3347","isMergeCommit":false,"messageTitle":"Update DeveloperGuide.md","messageBody":"","fileTypesAndContributionMap":{"docs":{"insertions":8,"deletions":8}}}]}]},"authorFileTypeContributionMap":{"elvern18":{"docs":80,"functional-code":173,"test-code":58},"joellow88":{"docs":203,"functional-code":291,"test-code":188,"other":4},"Statspadders":{"docs":85,"functional-code":246,"test-code":36},"Acerizm":{"docs":289,"functional-code":352,"test-code":227},"Gibson0918":{"docs":86,"functional-code":167,"test-code":0}},"authorContributionVariance":{"elvern18":3877.4778,"joellow88":8952.132,"Statspadders":4260.822,"Acerizm":10327.746,"Gibson0918":1305.9324},"authorDisplayNameMap":{"elvern18":"CS2103-F10-3 TAN ..VERN","joellow88":"CS2103-F10-3 JOEL..O YU","Statspadders":"CS2103-F10-3 TOH .. HAO","Acerizm":"CS2103-F10-3 HAIQ..AFFI","Gibson0918":"CS2103-F10-3 GIBS..YANG"}}
