{"authorDailyContributionsMap":{"ZhuLeYao":[{"date":"2023-03-03","commitResults":[{"hash":"3130e0570f7dea350852b24f5dd5fd5011c11689","messageTitle":"Add Le Yao\u0027s AboutUs","messageBody":"","fileTypesAndContributionMap":{"docs":{"insertions":3,"deletions":5}}},{"hash":"c708b0ca1b2b3c93d44e7922268b265ba629184a","messageTitle":"Edit UG","messageBody":"","fileTypesAndContributionMap":{"docs":{"insertions":1,"deletions":1}}},{"hash":"f2aae4386def5bf6093171cc4b96d8e9e2753a0d","messageTitle":"Add Le Yao\u0027s PPP","messageBody":"","fileTypesAndContributionMap":{"docs":{"insertions":32,"deletions":0}}},{"hash":"50548b14f1e89784bb0269f898512050941fe360","messageTitle":"Update DG","messageBody":"","fileTypesAndContributionMap":{"docs":{"insertions":36,"deletions":13}}},{"hash":"1cb9891109fbe7061628414c686bfbef55c65d0f","messageTitle":"Add new line at EOF","messageBody":"","fileTypesAndContributionMap":{"docs":{"insertions":1,"deletions":1}}},{"hash":"44e13c67e0c89624033ef61029bcaf215639d17f","messageTitle":"Update responsibilities","messageBody":"","fileTypesAndContributionMap":{"docs":{"insertions":7,"deletions":8}}}]}],"ChinJunAn":[{"date":"2023-02-21","commitResults":[{"hash":"a50b495d04158037c8615ed5a21e791ccf0bf646","messageTitle":"Update AboutUs.md","messageBody":"","fileTypesAndContributionMap":{"docs":{"insertions":4,"deletions":6}}},{"hash":"5d9c47290a289427e3fed2c0871706d3dd31a4b7","messageTitle":"Update README.md","messageBody":"","fileTypesAndContributionMap":{"docs":{"insertions":18,"deletions":10}}},{"hash":"318ababc3741fbfa8dc1d5f000fb2155902915eb","messageTitle":"Update UserGuide.md","messageBody":"","fileTypesAndContributionMap":{"docs":{"insertions":17,"deletions":4}}},{"hash":"72ab33a28db556761860aad631095fdd36a38f89","messageTitle":"Create chinjunan.md","messageBody":"","fileTypesAndContributionMap":{"docs":{"insertions":30,"deletions":0}}},{"hash":"78a52f33c3cb0d78c68bd8bb57e991de780b16c7","messageTitle":"Create chinjunan.md","messageBody":"","fileTypesAndContributionMap":{"docs":{"insertions":29,"deletions":0}}},{"hash":"77e43c51a95e9dfefcc45d79fd4406fee3147c76","messageTitle":"Update DeveloperGuide.md","messageBody":"","fileTypesAndContributionMap":{"docs":{"insertions":9,"deletions":1}}}]},{"date":"2023-03-01","commitResults":[{"hash":"9807efba611936e5667eb5d709796ae0c02520e6","messageTitle":"Add UI mock up and update README","messageBody":"","fileTypesAndContributionMap":{"docs":{"insertions":4,"deletions":4}}},{"hash":"91d1fbf026095bb7e0826f1bf1a4313dcbf42838","messageTitle":"Remove mention of route generation","messageBody":"","fileTypesAndContributionMap":{"docs":{"insertions":4,"deletions":5}}}]},{"date":"2023-03-03","commitResults":[{"hash":"65fd55826db2deb8b6545da02ca99b9df2f8a38d","messageTitle":"Add responsibilities and modify PPP.","messageBody":"","fileTypesAndContributionMap":{"docs":{"insertions":2,"deletions":13}}}]}],"dohaduong":[{"date":"2023-03-02","commitResults":[{"hash":"d265c520fa570df3d66313aa22d5249455487368","messageTitle":"Update Ha Duong\u0027s info","messageBody":"","fileTypesAndContributionMap":{"docs":{"insertions":41,"deletions":6}}},{"hash":"5f6f33a4bdbbcfc8d49602ac50de2e5c5d56c6c1","messageTitle":"Update DG","messageBody":"","fileTypesAndContributionMap":{"docs":{"insertions":12,"deletions":1}}},{"hash":"20fa15a82b41e97f7c255440a71615e6414cfa3e","messageTitle":"Update DG","messageBody":"","fileTypesAndContributionMap":{"docs":{"insertions":4,"deletions":4}}},{"hash":"05b2eb8ac04886d12661bf4db7cb50e615d829b5","messageTitle":"Update DG","messageBody":"","fileTypesAndContributionMap":{"docs":{"insertions":2,"deletions":0}}},{"hash":"17c3ac6ca5b47314c0ea42ad5c2f67bda42db3d2","messageTitle":"Update DG: User stories, use cases, glossary","messageBody":"","fileTypesAndContributionMap":{"docs":{"insertions":5,"deletions":5}}},{"hash":"fc5e162ff97b5a05259423b78cc9d884af8761ad","messageTitle":"Update NFR, README.md, _config.yml","messageBody":"","fileTypesAndContributionMap":{"docs":{"insertions":2,"deletions":1}}},{"hash":"afb2b65cc30c7a37d8ba65d548ecd94713f2424b","messageTitle":"Update project title and DG","messageBody":"","fileTypesAndContributionMap":{"docs":{"insertions":1,"deletions":1}}},{"hash":"25d28e1987e4a5097471924c02b2a06deacb0cf5","messageTitle":"Update project title and DG","messageBody":"","fileTypesAndContributionMap":{"docs":{"insertions":3,"deletions":2}}}]},{"date":"2023-03-03","commitResults":[{"hash":"f8b0afe703648da4262dc309e6b42f38600b60ce","messageTitle":"Update use case","messageBody":"","fileTypesAndContributionMap":{"docs":{"insertions":50,"deletions":16}}},{"hash":"76450dc8311752881c5fc5a6d5f32bc4014c52fd","messageTitle":"Change UC format to toggle list","messageBody":"","fileTypesAndContributionMap":{"docs":{"insertions":29,"deletions":12}}},{"hash":"f5d5081388c566404b80421c3d1e4c6354f5163f","messageTitle":"Change UC format to toggle list","messageBody":"","fileTypesAndContributionMap":{"docs":{"insertions":1,"deletions":0}}},{"hash":"e269f542a3de552d8b2f8c0e5999a65ccfaf2975","messageTitle":"Update DG - use case","messageBody":"","fileTypesAndContributionMap":{"docs":{"insertions":1,"deletions":1}}},{"hash":"7e98665f333f22bdcc289bc638cd012940e9a018","messageTitle":"Update DG - use case","messageBody":"","fileTypesAndContributionMap":{"docs":{"insertions":1,"deletions":1}}},{"hash":"b3035b730b85fc24d8aa55896587d651afc0bca4","messageTitle":"Update DG - use case","messageBody":"","fileTypesAndContributionMap":{"docs":{"insertions":2,"deletions":2}}},{"hash":"3186fc4af26739c62a9b5d8c129ce0f49a9b8cdf","messageTitle":"Update DG - use case","messageBody":"","fileTypesAndContributionMap":{"docs":{"insertions":2,"deletions":2}}},{"hash":"3aed6897869b7d89072fc17248907779366936c2","messageTitle":"Update DG - use case","messageBody":"","fileTypesAndContributionMap":{"docs":{"insertions":2,"deletions":4}}}]}],"c0j0s":[{"date":"2023-02-20","commitResults":[{"hash":"c76405f026e48bb232fee5cbd4d8ca1196fd8b51","messageTitle":"Add developer profile","messageBody":"","fileTypesAndContributionMap":{"docs":{"insertions":36,"deletions":0}}}]},{"date":"2023-03-03","commitResults":[{"hash":"cc91b985c7235bd4f52128531649689e1d517d71","messageTitle":"Add c0j0s profile to aboutus","messageBody":"","fileTypesAndContributionMap":{"docs":{"insertions":4,"deletions":5}}}]}],"zuohui48":[{"date":"2023-03-02","commitResults":[{"hash":"834974daad5c1ae2812cbc266f13d33e99a3aab8","messageTitle":"Add Zuohui\u0027s information","messageBody":"","fileTypesAndContributionMap":{"docs":{"insertions":43,"deletions":0}}}]},{"date":"2023-03-03","commitResults":[{"hash":"8ca7b279a73c7d728e58464cb9b1d16fb3b07500","messageTitle":"Update zuohui\u0027s responsibilities","messageBody":"","fileTypesAndContributionMap":{"docs":{"insertions":1,"deletions":0}}},{"hash":"d1888e518fe18ca2fb7f4f90bf6adbfc46eb0120","messageTitle":"Update image file name","messageBody":"","fileTypesAndContributionMap":{"docs":{"insertions":1,"deletions":1}}},{"hash":"64123da1a079741f2ff9b4b92808a30c328d27ca","messageTitle":"Remove dummy data from ab3","messageBody":"","fileTypesAndContributionMap":{"docs":{"insertions":0,"deletions":9}}}]}]},"authorFileTypeContributionMap":{"ZhuLeYao":{"docs":62,"functional-code":0,"test-code":0},"ChinJunAn":{"docs":73,"functional-code":0,"test-code":0},"dohaduong":{"docs":96,"functional-code":0,"test-code":0,"other":1},"c0j0s":{"docs":40,"functional-code":0,"test-code":0},"zuohui48":{"docs":40,"functional-code":0,"test-code":0}},"authorContributionVariance":{"ZhuLeYao":725.76,"ChinJunAn":1012.7553,"dohaduong":1391.0399,"c0j0s":82.8,"zuohui48":119.42222},"authorDisplayNameMap":{"ZhuLeYao":"CS2103-F11-2 ZHU .. YAO","ChinJunAn":"CS2103-F11-2 CHIN..N AN","dohaduong":"CS2103-F11-2 DO H..UONG","c0j0s":"CS2103-F11-2 CHEN..HENG","zuohui48":"CS2103-F11-2 CHEN.. HUI"}}
