{"authorDailyContributionsMap":{"ZhuLeYao":[{"date":"2023-03-03","commitResults":[{"hash":"3130e0570f7dea350852b24f5dd5fd5011c11689","isMergeCommit":false,"messageTitle":"Add Le Yao\u0027s AboutUs","messageBody":"","fileTypesAndContributionMap":{"docs":{"insertions":3,"deletions":5}}},{"hash":"c708b0ca1b2b3c93d44e7922268b265ba629184a","isMergeCommit":false,"messageTitle":"Edit UG","messageBody":"","fileTypesAndContributionMap":{"docs":{"insertions":1,"deletions":1}}},{"hash":"f2aae4386def5bf6093171cc4b96d8e9e2753a0d","isMergeCommit":false,"messageTitle":"Add Le Yao\u0027s PPP","messageBody":"","fileTypesAndContributionMap":{"docs":{"insertions":32,"deletions":0}}},{"hash":"50548b14f1e89784bb0269f898512050941fe360","isMergeCommit":false,"messageTitle":"Update DG","messageBody":"","fileTypesAndContributionMap":{"docs":{"insertions":36,"deletions":13}}},{"hash":"1cb9891109fbe7061628414c686bfbef55c65d0f","isMergeCommit":false,"messageTitle":"Add new line at EOF","messageBody":"","fileTypesAndContributionMap":{"docs":{"insertions":1,"deletions":1}}},{"hash":"021c40c563b3ad84c7912cb1af6dbbea2ea2ccb3","isMergeCommit":true,"messageTitle":"Merge pull request #27 from ZhuLeYao/add-leyao-aboutus","messageBody":"Add Le Yao\u0027s AboutUs","fileTypesAndContributionMap":{}},{"hash":"6e7b4d3bc8c8be71d03754a87f8018ca0d15d568","isMergeCommit":true,"messageTitle":"Merge pull request #28 from ZhuLeYao/add-leyao-PPP","messageBody":"Add Le Yao\u0027s PPP","fileTypesAndContributionMap":{}},{"hash":"fd124a114a4d7fb798d34fc65a25c94e1dced12e","isMergeCommit":true,"messageTitle":"Merge pull request #29 from ZhuLeYao/update-UG","messageBody":"Edit UG","fileTypesAndContributionMap":{}},{"hash":"564ce65ccca1339f49f00dcc53c596208e22c4fc","isMergeCommit":true,"messageTitle":"Merge pull request #30 from ZhuLeYao/update-DG","messageBody":"Update DG","fileTypesAndContributionMap":{}},{"hash":"44e13c67e0c89624033ef61029bcaf215639d17f","isMergeCommit":false,"messageTitle":"Update responsibilities","messageBody":"","fileTypesAndContributionMap":{"docs":{"insertions":7,"deletions":8}}}]},{"date":"2023-03-10","commitResults":[{"hash":"d989e68e6935b3adb55d930915bc47ffa551c1db","isMergeCommit":false,"messageTitle":"Add DeliveryJob","messageBody":"","fileTypesAndContributionMap":{"functional-code":{"insertions":46,"deletions":0}}},{"hash":"3897de1626bb9643ee88244563b7c4690ca8ee48","isMergeCommit":false,"messageTitle":"Extends Person with Customer and DeliveryMan","messageBody":"","fileTypesAndContributionMap":{"functional-code":{"insertions":72,"deletions":0}}},{"hash":"9083a5efb702b50d4c4ebfb19baa53388c7181c0","isMergeCommit":false,"messageTitle":"Refactor DeliveryJob","messageBody":"","fileTypesAndContributionMap":{"other":{"insertions":1,"deletions":1}}},{"hash":"070991ffa690252ecd6025ce237ffb2360834669","isMergeCommit":false,"messageTitle":"Add interface of delivery list","messageBody":"","fileTypesAndContributionMap":{"functional-code":{"insertions":14,"deletions":0}}},{"hash":"e0e6e04b728d945a2785f6ba2c95f0bf7f8713d1","isMergeCommit":false,"messageTitle":"Edit to pass CI test","messageBody":"","fileTypesAndContributionMap":{"docs":{"insertions":9,"deletions":9}}},{"hash":"c6e962de293c6c4f1e939db07bf2b8f08c97e0bb","isMergeCommit":false,"messageTitle":"Edit to pass CI","messageBody":"","fileTypesAndContributionMap":{"functional-code":{"insertions":51,"deletions":6},"other":{"insertions":29,"deletions":2}}},{"hash":"d6c12d8a8f367d4eaf79cbc35a995eb7a57cbcf1","isMergeCommit":false,"messageTitle":"Add immutable variables of deliveryjobs","messageBody":"","fileTypesAndContributionMap":{"functional-code":{"insertions":212,"deletions":0}}},{"hash":"6e451b26da2b15c3ec03492bac66720a2f188cef","isMergeCommit":false,"messageTitle":"Edit to pass CI test","messageBody":"","fileTypesAndContributionMap":{"functional-code":{"insertions":8,"deletions":4}}},{"hash":"fa7967a1b64fe8738c81801044f17516c11f7c4c","isMergeCommit":false,"messageTitle":"Edit to pass CI test","messageBody":"","fileTypesAndContributionMap":{"functional-code":{"insertions":3,"deletions":3}}},{"hash":"59f913614685a16cd877ff46267373114b389c25","isMergeCommit":false,"messageTitle":"Edit to pass CI test","messageBody":"","fileTypesAndContributionMap":{"functional-code":{"insertions":3,"deletions":3}}},{"hash":"4b7bff7995a99fa5e86e7c7d493414dff44512d4","isMergeCommit":true,"messageTitle":"Merge pull request #55 from ZhuLeYao/Add-delivery-jobs","messageBody":"Add delivery jobs","fileTypesAndContributionMap":{}}]}],"ChinJunAn":[{"date":"2023-02-21","commitResults":[{"hash":"a50b495d04158037c8615ed5a21e791ccf0bf646","isMergeCommit":false,"messageTitle":"Update AboutUs.md","messageBody":"","fileTypesAndContributionMap":{"docs":{"insertions":4,"deletions":6}}},{"hash":"00e6d2d4317b3667ca3d5bb133b78af179fa5d68","isMergeCommit":true,"messageTitle":"Merge branch \u0027branch-AboutUs\u0027 of https://github.com/ChinJunAn/tp into branch-AboutUs","messageBody":"","fileTypesAndContributionMap":{}},{"hash":"5d9c47290a289427e3fed2c0871706d3dd31a4b7","isMergeCommit":false,"messageTitle":"Update README.md","messageBody":"","fileTypesAndContributionMap":{"docs":{"insertions":18,"deletions":10}}},{"hash":"318ababc3741fbfa8dc1d5f000fb2155902915eb","isMergeCommit":false,"messageTitle":"Update UserGuide.md","messageBody":"","fileTypesAndContributionMap":{"docs":{"insertions":17,"deletions":4}}},{"hash":"72ab33a28db556761860aad631095fdd36a38f89","isMergeCommit":false,"messageTitle":"Create chinjunan.md","messageBody":"","fileTypesAndContributionMap":{"docs":{"insertions":30,"deletions":0}}},{"hash":"78a52f33c3cb0d78c68bd8bb57e991de780b16c7","isMergeCommit":false,"messageTitle":"Create chinjunan.md","messageBody":"","fileTypesAndContributionMap":{"docs":{"insertions":29,"deletions":0}}},{"hash":"77e43c51a95e9dfefcc45d79fd4406fee3147c76","isMergeCommit":false,"messageTitle":"Update DeveloperGuide.md","messageBody":"","fileTypesAndContributionMap":{"docs":{"insertions":9,"deletions":1}}}]},{"date":"2023-03-01","commitResults":[{"hash":"b72f5e3783c10fceb4eedba57fdfd5cd9d518325","isMergeCommit":true,"messageTitle":"Merge branch \u00271-create-ui-mock-ups\u0027 of https://github.com/ChinJunAn/tp into 1-create-ui-mock-ups","messageBody":"# Conflicts:\n#\tdocs/team/chinjunan.md\n","fileTypesAndContributionMap":{}},{"hash":"9807efba611936e5667eb5d709796ae0c02520e6","isMergeCommit":false,"messageTitle":"Add UI mock up and update README","messageBody":"","fileTypesAndContributionMap":{"docs":{"insertions":4,"deletions":4}}},{"hash":"91d1fbf026095bb7e0826f1bf1a4313dcbf42838","isMergeCommit":false,"messageTitle":"Remove mention of route generation","messageBody":"","fileTypesAndContributionMap":{"docs":{"insertions":4,"deletions":5}}}]},{"date":"2023-03-02","commitResults":[{"hash":"aec8488f442369e8faf54ab881cd9845ece2ce9b","isMergeCommit":true,"messageTitle":"Merge pull request #3 from c0j0s/2-developer-profiles","messageBody":"Developer profile","fileTypesAndContributionMap":{}}]},{"date":"2023-03-03","commitResults":[{"hash":"65fd55826db2deb8b6545da02ca99b9df2f8a38d","isMergeCommit":false,"messageTitle":"Add responsibilities and modify PPP.","messageBody":"","fileTypesAndContributionMap":{"docs":{"insertions":2,"deletions":13}}}]},{"date":"2023-03-04","commitResults":[{"hash":"4729df207da2e148fb68ff2317542b90c488f371","isMergeCommit":false,"messageTitle":"Add controlsfx library and test notification","messageBody":"JavaFx does not come with native notification function.\n\nNotification function would allow users to be notified of incoming\ndeadlines or reminders.\n\nLet\u0027s\n* import the library into the base code\n* display test notification on app startup\n","fileTypesAndContributionMap":{"functional-code":{"insertions":12,"deletions":0},"other":{"insertions":1,"deletions":0}}}]},{"date":"2023-03-10","commitResults":[{"hash":"d5bb9e7ff623f6d90999b1ac0b7120d3f649efff","isMergeCommit":false,"messageTitle":"WIP","messageBody":"","fileTypesAndContributionMap":{"functional-code":{"insertions":433,"deletions":32}}}]},{"date":"2023-03-11","commitResults":[{"hash":"af574c87c883721aef19845d68f77a0c14f2e970","isMergeCommit":false,"messageTitle":"Remove Reminders","messageBody":"Misunderstood the architecture of AB3. Just require to add a new\ncomponent into the addressBook, \"reminderList\"\n","fileTypesAndContributionMap":{"functional-code":{"insertions":162,"deletions":287}}},{"hash":"ba2389f3b7262980fdf88a99911694e4a12f1342","isMergeCommit":false,"messageTitle":"Add \"add_reminder\" command to add reminders and notify when present local date time is after a reminder\u0027s date time. Notification will show after app is opened.","messageBody":"App requires notification function to remind user of specific things\n\nLet\u0027s:\n* add an \"add_reminder\" command\n* save reminders to hardrive in exiting Json configuration\n* retrieve reminders upon app start up\n","fileTypesAndContributionMap":{"functional-code":{"insertions":172,"deletions":30}}},{"hash":"a17dadb98a3a817538432ea7e092e4d4ab85305c","isMergeCommit":false,"messageTitle":"Add \"list_reminder\" and \"delete_reminder\" command. Correct coding style.","messageBody":"App does not have the function to display all reminders that have\ncurrently been added. Additionally, app does not have the ability to\ndelete reminders.\n\nLet\u0027s:\n* Add \"list_reminder\" command to list all reminders that have been\nadded.\n* Add \"delete_reminder\" command to delete reminders from the\nreminderList based on the index of the reminder.\n\nAlso, correct any Java coding style violations.\n","fileTypesAndContributionMap":{"functional-code":{"insertions":575,"deletions":474}}},{"hash":"8bff774d6bdfcd716cdea23c54a8d3c94c82a3b2","isMergeCommit":false,"messageTitle":"Correct CI error","messageBody":"","fileTypesAndContributionMap":{"docs":{"insertions":3,"deletions":3}}},{"hash":"6ff6f23cecddc81f98d6b155e3864433bcc96d15","isMergeCommit":true,"messageTitle":"Merge pull request #56 from ChinJunAn/notification","messageBody":"Add controlsfx library and test notification. \r\n\r\nUpdate:\r\n- Add \"add_reminder\", \"list_reminder\", and \"delete_reminder\" command for reminder function\r\n- abstracted notification function to allow other functions to use it\r\n- Corrected java code style violations","fileTypesAndContributionMap":{}}]},{"date":"2023-03-12","commitResults":[{"hash":"fc4345c612c62093794576559ae7fd61b5547f6c","isMergeCommit":false,"messageTitle":"Correct import styles. Remove wildcards.","messageBody":"","fileTypesAndContributionMap":{"functional-code":{"insertions":152,"deletions":102}}},{"hash":"5e397b503f2888b84d8cb53557e3e9d4d6251569","isMergeCommit":false,"messageTitle":"Fix test case for \"AddCommand\"","messageBody":"","fileTypesAndContributionMap":{"test-code":{"insertions":16,"deletions":0}}},{"hash":"abad28a30c86b53b501bb751c86eafc3bd92a968","isMergeCommit":false,"messageTitle":"Fix CI error","messageBody":"","fileTypesAndContributionMap":{"functional-code":{"insertions":0,"deletions":1}}},{"hash":"ec0ccbac5258d2b606127df256ffafede0081188","isMergeCommit":false,"messageTitle":"Fix CI error","messageBody":"","fileTypesAndContributionMap":{"functional-code":{"insertions":1,"deletions":0}}},{"hash":"d246f56bd35cf931345d7cb29913b300bab44092","isMergeCommit":false,"messageTitle":"fix CI error","messageBody":"","fileTypesAndContributionMap":{"functional-code":{"insertions":1,"deletions":2}}},{"hash":"e0ed4fbc7faf57b5ea47ef78683decbd79c14089","isMergeCommit":false,"messageTitle":"Fix according to checkstyle","messageBody":"","fileTypesAndContributionMap":{"functional-code":{"insertions":265,"deletions":186},"test-code":{"insertions":7,"deletions":0}}}]},{"date":"2023-03-14","commitResults":[{"hash":"11b26300d4bc0baa7e04e7aae029a85ccb7ce14c","isMergeCommit":true,"messageTitle":"Merge pull request #84 from c0j0s/83-job-system-add-sender-to-delivery-job-model","messageBody":"Add sender to delivery job model","fileTypesAndContributionMap":{}}]},{"date":"2023-03-15","commitResults":[{"hash":"085acf6e7d76ed2c3914d30ee5f6c93d6de979a5","isMergeCommit":false,"messageTitle":"Update README.md","messageBody":"","fileTypesAndContributionMap":{"docs":{"insertions":4,"deletions":5}}},{"hash":"6ce9032efca62b2a609a2b7783da6492c0b885dc","isMergeCommit":false,"messageTitle":"Update chinjunan.md","messageBody":"","fileTypesAndContributionMap":{"docs":{"insertions":18,"deletions":7}}},{"hash":"f9250ad4c38e4802ae15b5e8c8982f87a2c20f4e","isMergeCommit":false,"messageTitle":"Delete johndoe.md","messageBody":"","fileTypesAndContributionMap":{"docs":{"insertions":0,"deletions":46}}},{"hash":"5fc135e9210f278e376e836cf0c9c3a3a34893e1","isMergeCommit":false,"messageTitle":"Update DeveloperGuide.md","messageBody":"","fileTypesAndContributionMap":{"docs":{"insertions":66,"deletions":5}}},{"hash":"dbfce2ba8b71b9ca12eb83e21ee538b6636de6e8","isMergeCommit":false,"messageTitle":"Update DeveloperGuide.md","messageBody":"","fileTypesAndContributionMap":{"docs":{"insertions":9,"deletions":8}}},{"hash":"0f2eae5cc313a23dda15fb62504f844008ce1705","isMergeCommit":false,"messageTitle":"Update UserGuide.md","messageBody":"","fileTypesAndContributionMap":{"docs":{"insertions":35,"deletions":0}}},{"hash":"da53758bb521bdeda00f35f97603411511662732","isMergeCommit":false,"messageTitle":"Change how \"list_reminder\" is displayed","messageBody":"Previous version of the command would show all the reminders as\nnotification on the screen. This would bloat the screen if there was a\nlot of reminders in the app.\n\nLet\u0027s:\n* create a new window to display all the reminders when the\n\"list_reminder\" is called\n","fileTypesAndContributionMap":{"functional-code":{"insertions":197,"deletions":34},"other":{"insertions":12,"deletions":16},"test-code":{"insertions":13,"deletions":9}}}]},{"date":"2023-03-16","commitResults":[{"hash":"1c2627c2be8df2ad00067e52d0bd13e1f7faa277","isMergeCommit":false,"messageTitle":"Fix ReminderListWindow bug","messageBody":"","fileTypesAndContributionMap":{"functional-code":{"insertions":1,"deletions":1},"test-code":{"insertions":1,"deletions":1}}},{"hash":"f0e2a913faf9d47d496b2af1ea748ac2a84ae3b7","isMergeCommit":false,"messageTitle":"Fix test case","messageBody":"","fileTypesAndContributionMap":{"test-code":{"insertions":1,"deletions":1}}}]}],"dohaduong":[{"date":"2023-03-02","commitResults":[{"hash":"d265c520fa570df3d66313aa22d5249455487368","isMergeCommit":false,"messageTitle":"Update Ha Duong\u0027s info","messageBody":"","fileTypesAndContributionMap":{"docs":{"insertions":41,"deletions":6}}},{"hash":"daf10629f8eee47053d37d3d5091818a084d7571","isMergeCommit":true,"messageTitle":"Merge pull request #14 from ChinJunAn/1-create-ui-mock-ups","messageBody":"1 create UI mock ups","fileTypesAndContributionMap":{}},{"hash":"5f6f33a4bdbbcfc8d49602ac50de2e5c5d56c6c1","isMergeCommit":false,"messageTitle":"Update DG","messageBody":"","fileTypesAndContributionMap":{"docs":{"insertions":12,"deletions":1}}},{"hash":"20fa15a82b41e97f7c255440a71615e6414cfa3e","isMergeCommit":false,"messageTitle":"Update DG","messageBody":"","fileTypesAndContributionMap":{"docs":{"insertions":4,"deletions":4}}},{"hash":"112c16b1764bd14a8a6e8df726160b70d1f250e3","isMergeCommit":true,"messageTitle":"Merge pull request #17 from dohaduong/2-project-website","messageBody":"Merge Ha Duong\u0027s 2-project-website","fileTypesAndContributionMap":{}},{"hash":"a5d60c95454e908c2784df237f48b960acc647cc","isMergeCommit":true,"messageTitle":"Merge branch \u0027AY2223S2-CS2103-F11-2:master\u0027 into master","messageBody":"","fileTypesAndContributionMap":{}},{"hash":"0dd5527832364cf78f6c45fd7528f12aaed523cc","isMergeCommit":true,"messageTitle":"Merge branch \u0027master\u0027 of https://github.com/dohaduong/tp","messageBody":"","fileTypesAndContributionMap":{}},{"hash":"05b2eb8ac04886d12661bf4db7cb50e615d829b5","isMergeCommit":false,"messageTitle":"Update DG","messageBody":"","fileTypesAndContributionMap":{"docs":{"insertions":2,"deletions":0}}},{"hash":"17c3ac6ca5b47314c0ea42ad5c2f67bda42db3d2","isMergeCommit":false,"messageTitle":"Update DG: User stories, use cases, glossary","messageBody":"","fileTypesAndContributionMap":{"docs":{"insertions":5,"deletions":5}}},{"hash":"515fc84897003450661f7bfff3d44df02ac515c0","isMergeCommit":true,"messageTitle":"Merge pull request #20 from dohaduong/5-Update-DG","messageBody":"Update DG: Update user stories, use cases and glossary","fileTypesAndContributionMap":{}},{"hash":"fc5e162ff97b5a05259423b78cc9d884af8761ad","isMergeCommit":false,"messageTitle":"Update NFR, README.md, _config.yml","messageBody":"","fileTypesAndContributionMap":{"docs":{"insertions":2,"deletions":1}}},{"hash":"afb2b65cc30c7a37d8ba65d548ecd94713f2424b","isMergeCommit":false,"messageTitle":"Update project title and DG","messageBody":"","fileTypesAndContributionMap":{"docs":{"insertions":1,"deletions":1}}},{"hash":"25d28e1987e4a5097471924c02b2a06deacb0cf5","isMergeCommit":false,"messageTitle":"Update project title and DG","messageBody":"","fileTypesAndContributionMap":{"docs":{"insertions":3,"deletions":2}}}]},{"date":"2023-03-03","commitResults":[{"hash":"c611eaea19e2d2ee7d3428010390308091de369f","isMergeCommit":true,"messageTitle":"Merge pull request #22 from dohaduong/5-Update-DG","messageBody":"Update NFR, README.md, _config.yml ","fileTypesAndContributionMap":{}},{"hash":"f8b0afe703648da4262dc309e6b42f38600b60ce","isMergeCommit":false,"messageTitle":"Update use case","messageBody":"","fileTypesAndContributionMap":{"docs":{"insertions":50,"deletions":16}}},{"hash":"76450dc8311752881c5fc5a6d5f32bc4014c52fd","isMergeCommit":false,"messageTitle":"Change UC format to toggle list","messageBody":"","fileTypesAndContributionMap":{"docs":{"insertions":29,"deletions":12}}},{"hash":"f5d5081388c566404b80421c3d1e4c6354f5163f","isMergeCommit":false,"messageTitle":"Change UC format to toggle list","messageBody":"","fileTypesAndContributionMap":{"docs":{"insertions":1,"deletions":0}}},{"hash":"2390453f2442bc98ebd3d9321e0044ea1f56b905","isMergeCommit":true,"messageTitle":"Merge pull request #23 from dohaduong/5-Update-DG","messageBody":"Update more use cases","fileTypesAndContributionMap":{}},{"hash":"57736559fc40904a436a9c654f7d29cea3b1b2df","isMergeCommit":true,"messageTitle":"Merge branch \u0027master\u0027 into update-DG","messageBody":"","fileTypesAndContributionMap":{}},{"hash":"e269f542a3de552d8b2f8c0e5999a65ccfaf2975","isMergeCommit":false,"messageTitle":"Update DG - use case","messageBody":"","fileTypesAndContributionMap":{"docs":{"insertions":1,"deletions":1}}},{"hash":"7e98665f333f22bdcc289bc638cd012940e9a018","isMergeCommit":false,"messageTitle":"Update DG - use case","messageBody":"","fileTypesAndContributionMap":{"docs":{"insertions":1,"deletions":1}}},{"hash":"b3035b730b85fc24d8aa55896587d651afc0bca4","isMergeCommit":false,"messageTitle":"Update DG - use case","messageBody":"","fileTypesAndContributionMap":{"docs":{"insertions":2,"deletions":2}}},{"hash":"3186fc4af26739c62a9b5d8c129ce0f49a9b8cdf","isMergeCommit":false,"messageTitle":"Update DG - use case","messageBody":"","fileTypesAndContributionMap":{"docs":{"insertions":2,"deletions":2}}},{"hash":"3aed6897869b7d89072fc17248907779366936c2","isMergeCommit":false,"messageTitle":"Update DG - use case","messageBody":"","fileTypesAndContributionMap":{"docs":{"insertions":2,"deletions":4}}},{"hash":"99dfe8448b21e8b0d6db462e1ded155312ac2452","isMergeCommit":true,"messageTitle":"Merge pull request #32 from ChinJunAn/1-create-ui-mock-ups","messageBody":"Add responsibilities and modify PPP.","fileTypesAndContributionMap":{}},{"hash":"6535282e0fbfccce770b1979a81b97b36bfa22a5","isMergeCommit":true,"messageTitle":"Merge pull request #33 from c0j0s/2-developer-profiles","messageBody":"Add c0j0s profile to aboutus","fileTypesAndContributionMap":{}},{"hash":"718dbbf631d1682a7c5449037a82266e9cc81b36","isMergeCommit":true,"messageTitle":"Merge pull request #35 from ZhuLeYao/update-aboutus","messageBody":"Update responsibilities","fileTypesAndContributionMap":{}},{"hash":"8df57c8a185441bc04e0c945e4bc43488c2a1e80","isMergeCommit":true,"messageTitle":"Merge pull request #34 from dohaduong/5-Update-DG","messageBody":"Update use case","fileTypesAndContributionMap":{}},{"hash":"a97bf04c2f6545386edf13f317f78b18f5906c38","isMergeCommit":true,"messageTitle":"Merge pull request #36 from zuohui48/add-responsibilities","messageBody":"Update zuohui\u0027s responsibilities","fileTypesAndContributionMap":{}}]},{"date":"2023-03-09","commitResults":[{"hash":"218a0c366edc7d9db8337db5d0254a298bdc36c2","isMergeCommit":false,"messageTitle":"Add Chat button","messageBody":"","fileTypesAndContributionMap":{"functional-code":{"insertions":14,"deletions":4}}},{"hash":"2c3b5595a24fe5d5392540130ed949847c893789","isMergeCommit":false,"messageTitle":"Add Chat button No chat button to chat with contacts","messageBody":"Chat button allows users to chat with contacts more easily - only by\none click.\n\nLet\u0027s add chat button to each person list card.\n","fileTypesAndContributionMap":{"functional-code":{"insertions":1,"deletions":1}}}]},{"date":"2023-03-10","commitResults":[{"hash":"ed1f445e14ef71d154407277af28adb9f452158b","isMergeCommit":false,"messageTitle":"Edit color of chat button Color of chat button makes it tough to detect in dark mode","messageBody":"Changing the color will help user to optimize and use the Chat function easier\n\nLet\u0027s change the color of the button to something that is more eye-catching\n","fileTypesAndContributionMap":{"functional-code":{"insertions":1,"deletions":1}}},{"hash":"a5fc1cdc2f9bfc7e4abbfb76f658b104687d607f","isMergeCommit":false,"messageTitle":"Update UG","messageBody":"","fileTypesAndContributionMap":{"docs":{"insertions":6,"deletions":2}}},{"hash":"e83a1d06efe6e82a536030917c56893f17e2adfd","isMergeCommit":false,"messageTitle":"Update UG and delete chat function Chat function requires multi-user application - which is not applicable for Duke Driver","messageBody":"Deleting chat function will help to make sure that Duke Driver is for single-user use.\nMoreover, adding timetable and scheduling function will help user to keep track and\nsort jobs more easily.\n\nLet\u0027s:\n* Delete chat function\n* Upadte UG role\n* Start implementing timetable and scheduling function\n","fileTypesAndContributionMap":{"functional-code":{"insertions":0,"deletions":6}}},{"hash":"9b5bcd6367b99625f929a01bc54d4217a99150f4","isMergeCommit":true,"messageTitle":"Merge pull request #1 from dohaduong/Add-Chat-button-window","messageBody":"Update UG and delete chat function","fileTypesAndContributionMap":{}},{"hash":"b55ba526502fc95afaaea5f98d383a952c46abfb","isMergeCommit":true,"messageTitle":"Merge branch \u0027master\u0027 into branch-demo-timetable","messageBody":"","fileTypesAndContributionMap":{}},{"hash":"fe4cc19d056e2e62312b3e2f75d7a11064351620","isMergeCommit":false,"messageTitle":"Update use case for scheduling tasks","messageBody":"","fileTypesAndContributionMap":{"docs":{"insertions":3,"deletions":13}}},{"hash":"5bc42ec8b60491d947194f51a93ee1f59c1c0426","isMergeCommit":true,"messageTitle":"Merge branch \u0027branch-demo-timetable\u0027 of https://github.com/dohaduong/tp into branch-demo-timetable","messageBody":"","fileTypesAndContributionMap":{}},{"hash":"40c47623e8868b415adee2ef9ed6621386389cf5","isMergeCommit":false,"messageTitle":"Update use case for scheduling tasks","messageBody":"","fileTypesAndContributionMap":{"docs":{"insertions":1,"deletions":1}}},{"hash":"60bdcdde6afaafaf72e3dcab4cc35069db6b1cd2","isMergeCommit":false,"messageTitle":"Update use case TT1 for timetable/scheduling tasks","messageBody":"","fileTypesAndContributionMap":{"docs":{"insertions":1,"deletions":1}}},{"hash":"635e153278b13498d8cc5ae64cc36ce922598d05","isMergeCommit":true,"messageTitle":"Merge pull request #57 from dohaduong/branch-demo-timetable","messageBody":"Delete chat function, update UG","fileTypesAndContributionMap":{}}]},{"date":"2023-03-12","commitResults":[{"hash":"5c0675597e6025c51fe60e454210dbadfbe5e517","isMergeCommit":false,"messageTitle":"Add timetable button Timetable button helps to open a new window to display timetable (jobs sorted based on timing) and view scheduled jobs.","messageBody":"A separate menu will demarcate contact management and job scheduling functions of the app.\n\nLet\u0027s replicate the main window after selecting the job item in the job menu\n\nIt is done this way so we can still follow and extend from the existing code structure.\n","fileTypesAndContributionMap":{"functional-code":{"insertions":222,"deletions":0},"docs":{"insertions":3,"deletions":3}}},{"hash":"acf67a7915c32a74a065d8a7b33bd8b3707e3a6e","isMergeCommit":false,"messageTitle":"Update UG Chat function is deleted and replaced by Timetable function","messageBody":"Updating Timetable function in UG is necessary as it helps users to access the function more easily.\n\nLet\u0027s update and add Timetable function in UG\n","fileTypesAndContributionMap":{"docs":{"insertions":1,"deletions":1}}},{"hash":"718050c7cb313d2b823107bdb2cfd5b1e4803fd1","isMergeCommit":true,"messageTitle":"Merge branch \u0027master\u0027 of https://github.com/AY2223S2-CS2103-F11-2/tp into branch-timetable","messageBody":"","fileTypesAndContributionMap":{}},{"hash":"8fa711aaafb31b0314470a7ded01ec7fdb835ee6","isMergeCommit":false,"messageTitle":"Update to pass CI test TimetableWindow does not have blank line at end of file","messageBody":"One blank line at each file is needed to improve Code Quality\n\nLet\u0027s add missing blank line\n","fileTypesAndContributionMap":{"functional-code":{"insertions":4,"deletions":2}}},{"hash":"3eab999c5203c5641b7695dee38dbe66fece0f95","isMergeCommit":true,"messageTitle":"Merge branch \u0027master\u0027 into branch-timetable","messageBody":"","fileTypesAndContributionMap":{}},{"hash":"9b98ac16e486b87698518cc29d5713d7d74e95f1","isMergeCommit":true,"messageTitle":"Merge pull request #72 from dohaduong/branch-timetable","messageBody":"Update UG and add timetable button","fileTypesAndContributionMap":{}},{"hash":"fc6eaa39a67e297a076a518c7809912b6c5054a7","isMergeCommit":false,"messageTitle":"Update TimetableCommand Missing timetable command hinders users from using timetable function easily.","messageBody":"Add timetable command helps users to access timetable more easily from main window.\n\nLet\u0027s update timetable command\n","fileTypesAndContributionMap":{"functional-code":{"insertions":13,"deletions":0}}},{"hash":"d892a26cd2267c2b5f5ad08769e169be9b57561b","isMergeCommit":true,"messageTitle":"Merge branch \u0027branch-timetable\u0027 of https://github.com/dohaduong/tp into branch-timetable","messageBody":"","fileTypesAndContributionMap":{}},{"hash":"1a746ba0b5760c161d4a7acba58f03cbd3a6a199","isMergeCommit":true,"messageTitle":"Merge branch \u0027master\u0027 of https://github.com/AY2223S2-CS2103-F11-2/tp into branch-timetable","messageBody":"","fileTypesAndContributionMap":{}}]},{"date":"2023-03-13","commitResults":[{"hash":"0e5efc1ebc4fc47dba88f5268af217b15e80d18a","isMergeCommit":true,"messageTitle":"Merge branch \u0027master\u0027 of https://github.com/AY2223S2-CS2103-F11-2/tp into branch-timetable","messageBody":"","fileTypesAndContributionMap":{}},{"hash":"4db00ee1714fe784ba74289d30d9ad0514867ad7","isMergeCommit":false,"messageTitle":"Add timetable command Timetable is only shown when clicking on the corresponding button.","messageBody":"Adding a timetable command will help to enhance users\u0027 experience\nbecause users may opt for commands sometimes.\n\nLet\u0027s\n* add timetable command\n* enhance timetable command to open timetable window\n","fileTypesAndContributionMap":{"functional-code":{"insertions":106,"deletions":27},"test-code":{"insertions":1,"deletions":1}}},{"hash":"c52a90fd511c232c17c4da11d5035c34aa0a2eb2","isMergeCommit":false,"messageTitle":"Update according to Checkstyle and update AddressParserTest Import package is in incorrect order. AddressParserTest does not include timetable command.","messageBody":"Update import to be in correct order helps to improve code quality.\nUpdate AddressParserTest makes sure our timetable command is running well.\n\nLet\u0027s\n* Update import order\n* Update AddressParserTest to include timetable command\n","fileTypesAndContributionMap":{"functional-code":{"insertions":23,"deletions":16},"test-code":{"insertions":32,"deletions":7}}}]},{"date":"2023-03-14","commitResults":[{"hash":"fca1cc5878156e5220c8fda442c781cff735494b","isMergeCommit":false,"messageTitle":"Update structure of timetable window Timetable window has same structure as Main Window (old version).","messageBody":"Updating its structure will help users to view timetable more easily.\n\nLet\u0027s update structure and design of timetable window\n","fileTypesAndContributionMap":{"functional-code":{"insertions":69,"deletions":63}}},{"hash":"e6bca7520f500d69c07f98df20cbe872b0961c24","isMergeCommit":false,"messageTitle":"Update Timetable window Timetable window has the same structure as Main window.","messageBody":"A different design would help users to tell which window they are at.\n\nLet\u0027s\n* Update the timetable window to exclude Help, Exit, Stats, Timetable and command function\n* Add toggle list to timetable window to view jobs by month\n","fileTypesAndContributionMap":{"functional-code":{"insertions":72,"deletions":68}}},{"hash":"dd816feac41f226366e8474eb2aa5f985ccc2711","isMergeCommit":false,"messageTitle":"Update timetable window Timetable window has personListPanel.","messageBody":"Deleting the personListPanel is necessary as timetable is only related to jobs.\n\nLet\u0027s\n* Delete personList from timetable window\n","fileTypesAndContributionMap":{"functional-code":{"insertions":0,"deletions":1}}},{"hash":"242716110225f0246d3fdae6a4029c791961a4c2","isMergeCommit":false,"messageTitle":"Update timetable window Timetable window has personListPanel.","messageBody":"Changing the margin and padding of toggle list helps to centralize the timetable\n\nLet\u0027s\n* Delete personList from timetable window\n","fileTypesAndContributionMap":{"functional-code":{"insertions":8,"deletions":2}}},{"hash":"35ccf2d0d314eb807bfa2e9be57166b13bda5be4","isMergeCommit":false,"messageTitle":"Update timetable window design Timetable window has toggle list that is not in center.","messageBody":"Update the margin and padding helps to centralize the timetable\nand thus helps to enhance users\u0027 experience.\n\nLet\u0027s update timetable design by moving the timetable to the center.\n","fileTypesAndContributionMap":{"functional-code":{"insertions":1,"deletions":1}}},{"hash":"fe640b8331e60d1d2246c2d0a72789f25711eb8f","isMergeCommit":false,"messageTitle":"Update timetable window design Timetable window has toggle list that is not in center.","messageBody":"Update the margin and padding helps to centralize the timetable\nand thus helps to enhance users\u0027 experience.\n\nLet\u0027s update timetable design by moving the timetable to the center.\n","fileTypesAndContributionMap":{"functional-code":{"insertions":1,"deletions":1}}},{"hash":"21b260d7011451cfa5049c307c2067dcf855cb86","isMergeCommit":false,"messageTitle":"Delete unused import Unused import in TimetableWindow.java is not deleted.","messageBody":"Removing unused import helps to increase code quality.\n\nLet\u0027s delete unused imports\n","fileTypesAndContributionMap":{"functional-code":{"insertions":18,"deletions":32}}}]},{"date":"2023-03-15","commitResults":[{"hash":"5462f483d30f65a2b4919608c7c70088ff362fcb","isMergeCommit":false,"messageTitle":"Update model\u0027s ability to sort and group job list by date Model can only filter job list given Predicate.","messageBody":"Sorting and grouping job list by date will help to access job list more easily\nto create timetable.\n\nLet\u0027s\n* add sorting method to model\n* add sorting and grouping jobs by date to model\n","fileTypesAndContributionMap":{"functional-code":{"insertions":40,"deletions":8},"test-code":{"insertions":11,"deletions":0}}},{"hash":"2eb509d7eaa37b4a718c469fb9d73c8eab752ed6","isMergeCommit":false,"messageTitle":"Fix import style violations Import is in incorrect order and in wildcards.","messageBody":"Let\u0027s reorder import and remove wildcards\n","fileTypesAndContributionMap":{"functional-code":{"insertions":7,"deletions":5}}},{"hash":"abc622340928ffc1e54f05fff64a4938f812c52e","isMergeCommit":true,"messageTitle":"Merge pull request #86 from AY2223S2-CS2103-F11-2/78-main-window-add-delivery-job-detail-panel","messageBody":"Add delivery job detail panel","fileTypesAndContributionMap":{}}]},{"date":"2023-03-16","commitResults":[{"hash":"ae4d7bbe37e3e0fc486f4fdf8f226433b7f1a8f3","isMergeCommit":false,"messageTitle":"Update timetable window with corresponding job list Timetable is blank.","messageBody":"Update timetable with command to search for jobs in date and in week\nhelps users to utilize the timetable function.\n\nLet\u0027s:\n* add commandBox to timetable so users can search for date\n* update timetable function and model to show jobs in corresponding week\n","fileTypesAndContributionMap":{"functional-code":{"insertions":631,"deletions":35},"test-code":{"insertions":17,"deletions":1}}},{"hash":"077151874e937945041cfe66afec5d2ea96d80a0","isMergeCommit":true,"messageTitle":"Merge branch \u0027master\u0027 into setup-timetable-window","messageBody":"","fileTypesAndContributionMap":{}},{"hash":"093f8a14e0c7c080d8be1c8c2a05bd9df23e23af","isMergeCommit":true,"messageTitle":"Merge pull request #95 from c0j0s/79-logiccommand-as-a-user-i-can-add-delivery-jobs","messageBody":"Add person id to person model","fileTypesAndContributionMap":{}},{"hash":"df146384c3893b47d9516af660a54f84d77b61ec","isMergeCommit":false,"messageTitle":"Add date/day of month to timetable panel Timetable only displays day of week.","messageBody":"Adding day of month to timetable window helps users to view the timetable\nmore easily and track the progress.\n\nLet\u0027s\n* update timetable window to include day of month\n","fileTypesAndContributionMap":{"functional-code":{"insertions":120,"deletions":21},"test-code":{"insertions":5,"deletions":0}}},{"hash":"996be6d08e35923d16c5b7ba4f5937ab3bb38d64","isMergeCommit":false,"messageTitle":"Fix import violations","messageBody":"","fileTypesAndContributionMap":{"functional-code":{"insertions":5,"deletions":3}}},{"hash":"6e4fbfc3cd91e2fb79380cbc6c8b41168b87da40","isMergeCommit":true,"messageTitle":"Merge branch \u0027setup-timetable-window\u0027 of https://github.com/dohaduong/tp into setup-timetable-window","messageBody":"","fileTypesAndContributionMap":{}},{"hash":"d094e2973fb4d38bef70559849b52b3c8b4c905d","isMergeCommit":false,"messageTitle":"Add simple delivery job list panel for timetable window","messageBody":"","fileTypesAndContributionMap":{"functional-code":{"insertions":62,"deletions":3}}},{"hash":"ca6fbc6fe9b15c414ea9d6ba464a3eeb6faec176","isMergeCommit":true,"messageTitle":"Merge branch \u0027master\u0027 into setup-timetable-window","messageBody":"","fileTypesAndContributionMap":{}},{"hash":"bbfff82ff3c694a9687b6149606de0fa3f90fded","isMergeCommit":false,"messageTitle":"Solve conflict when merging 2 branches Conflicts with CommandResult constructor prevent merging branch to master","messageBody":"Solving these conflicts will help to merge the branch into master\n\nLet\u0027s resolve conflicts\n","fileTypesAndContributionMap":{"functional-code":{"insertions":3,"deletions":3}}},{"hash":"0f3d0f3d21bc7250686939eee6d64eb67f96a72c","isMergeCommit":false,"messageTitle":"Fix missing blank line at EOF error","messageBody":"","fileTypesAndContributionMap":{"functional-code":{"insertions":2,"deletions":2},"docs":{"insertions":1,"deletions":0}}},{"hash":"75d436bc90dbcc9fafac9f66b430bfc7ea708111","isMergeCommit":false,"messageTitle":"Fix missing blank line at EOF error","messageBody":"","fileTypesAndContributionMap":{"functional-code":{"insertions":0,"deletions":1}}},{"hash":"12842799b1dacb02f75cd1b208af9ad7f4adca8e","isMergeCommit":false,"messageTitle":"Fix missing blank line at EOF error and checkstyle error","messageBody":"","fileTypesAndContributionMap":{"functional-code":{"insertions":2,"deletions":2}}},{"hash":"dde489ef195e54fbffce4a7d189d2aa8689c36ce","isMergeCommit":false,"messageTitle":"Update command box in Timetable Command box in timetable is not executing timetabl command","messageBody":"Updating the timetable command helps users to use the function easier\n\nLet\u0027s update timetable command box\n","fileTypesAndContributionMap":{"functional-code":{"insertions":25,"deletions":10},"test-code":{"insertions":5,"deletions":0}}},{"hash":"8783cd08299c3bc1d3892f8cc842b98b752f5d52","isMergeCommit":false,"messageTitle":"Delete unused import","messageBody":"","fileTypesAndContributionMap":{"functional-code":{"insertions":1,"deletions":3}}},{"hash":"e250b82df3bf5577cb71eb838d8280db5a5698e1","isMergeCommit":true,"messageTitle":"Merge pull request #99 from c0j0s/80-logiccommand-as-a-user-i-can-delete-delivery-jobs","messageBody":"Add support for delete command","fileTypesAndContributionMap":{}},{"hash":"c56cfbf2b9394f629db14afe8f406c4b17794632","isMergeCommit":true,"messageTitle":"Merge branch \u0027master\u0027 into setup-timetable-window","messageBody":"","fileTypesAndContributionMap":{}},{"hash":"35c0f4311c735310c6d474c1d822f9daf72e6fd7","isMergeCommit":true,"messageTitle":"Resolve merging conflicts","messageBody":"","fileTypesAndContributionMap":{}},{"hash":"91178bdfc336c8fea6805e96d23e3127dffb0da8","isMergeCommit":true,"messageTitle":"Merge branch \u0027setup-timetable-window\u0027 of https://github.com/dohaduong/tp into setup-timetable-window","messageBody":"","fileTypesAndContributionMap":{}},{"hash":"9c41fc705280792147a9aae927fd369f88e268ef","isMergeCommit":false,"messageTitle":"Fix import violation","messageBody":"","fileTypesAndContributionMap":{"functional-code":{"insertions":2,"deletions":1}}},{"hash":"79e280f7bf79346c6f171d92281dfb175e8af7ae","isMergeCommit":false,"messageTitle":"Add DeliveryList Arraylist of Arraylist of delivery job is a complex structure/data type.","messageBody":"Encapsulation of such type would help to make it easier to work with.\n\nLet\u0027s add and update DeliveryList - a data type to represent such structure.\n","fileTypesAndContributionMap":{"functional-code":{"insertions":63,"deletions":43},"test-code":{"insertions":4,"deletions":3}}},{"hash":"62dee9f019d91a1a1648ae94ec52eee3e16d7f79","isMergeCommit":true,"messageTitle":"Merge pull request #85 from dohaduong/setup-timetable-window","messageBody":"Set up timetable window","fileTypesAndContributionMap":{}},{"hash":"acdfc02c9ddd99024312dd64eedd5cd60e85ec0f","isMergeCommit":false,"messageTitle":"Update Ha Duong responsibilities in UG, DG and README","messageBody":"","fileTypesAndContributionMap":{"docs":{"insertions":53,"deletions":21}}},{"hash":"bcb9f183c7a3fd5ca4135aaeabadb5b284826d80","isMergeCommit":false,"messageTitle":"Update timetable date command in main window Only timetable window can recognize timetable date command.","messageBody":"Adding timetable date command to main window makes it easier for users\nto use the timetable function.\nUsers will be able to access and change the focus date from main window.\n\nLet\u0027s add timetable date command to main window\n","fileTypesAndContributionMap":{"functional-code":{"insertions":7,"deletions":11},"docs":{"insertions":4,"deletions":4}}},{"hash":"924815cd536f0a5dfee82bfa77256a429051a85f","isMergeCommit":false,"messageTitle":"Fix import violations","messageBody":"","fileTypesAndContributionMap":{"functional-code":{"insertions":10,"deletions":1}}}]}],"c0j0s":[{"date":"2023-02-20","commitResults":[{"hash":"c76405f026e48bb232fee5cbd4d8ca1196fd8b51","isMergeCommit":false,"messageTitle":"Add developer profile","messageBody":"","fileTypesAndContributionMap":{"docs":{"insertions":36,"deletions":0}}}]},{"date":"2023-02-21","commitResults":[{"hash":"f15a5f246f5fbd255589829256abb78168846f19","isMergeCommit":true,"messageTitle":"Merge pull request #6 from ChinJunAn/branch-AboutUs","messageBody":"Jun An\u0027s practise iteration","fileTypesAndContributionMap":{}}]},{"date":"2023-03-03","commitResults":[{"hash":"cc91b985c7235bd4f52128531649689e1d517d71","isMergeCommit":false,"messageTitle":"Add c0j0s profile to aboutus","messageBody":"","fileTypesAndContributionMap":{"docs":{"insertions":4,"deletions":5}}},{"hash":"9cf1052ae99fb346a30b204c14820693a168f45f","isMergeCommit":false,"messageTitle":"Update c0j0s info in aboutus","messageBody":"","fileTypesAndContributionMap":{"docs":{"insertions":1,"deletions":0}}},{"hash":"912d82efadca6e48b3351d4b0571658615a8dc18","isMergeCommit":false,"messageTitle":"Update use cases","messageBody":"rename duke driver to system.\nadd a view job details use case.\nstandardize formatting.\n","fileTypesAndContributionMap":{"docs":{"insertions":41,"deletions":53}}}]},{"date":"2023-03-05","commitResults":[{"hash":"e3ba4a6c4cce7fca4ce9b31317688f930e2fb39b","isMergeCommit":true,"messageTitle":"Merge pull request #40 from c0j0s/2-developer-profiles","messageBody":"Update c0j0s info in aboutus","fileTypesAndContributionMap":{}}]},{"date":"2023-03-06","commitResults":[{"hash":"e8fed46fd67ad384f9f385ffc11dc31254da107a","isMergeCommit":false,"messageTitle":"Add delivery job and package model","messageBody":"","fileTypesAndContributionMap":{"functional-code":{"insertions":139,"deletions":0},"other":{"insertions":1,"deletions":1},"test-code":{"insertions":48,"deletions":0}}},{"hash":"5eb2abe308ae7426c39cf8f58dfe80d4618b4e2e","isMergeCommit":false,"messageTitle":"Resolve check style issues","messageBody":"","fileTypesAndContributionMap":{"functional-code":{"insertions":17,"deletions":17}}},{"hash":"514f68d362a61074453693e2bccc8cceedf39889","isMergeCommit":true,"messageTitle":"Merge pull request #39 from AY2223S2-CS2103-F11-2/38-standardise-use-case-formats","messageBody":"Standardise use case formats","fileTypesAndContributionMap":{}},{"hash":"8c8dfb56cffbb118d2e8cd22a2a0fc3f4986071d","isMergeCommit":true,"messageTitle":"Merge remote-tracking branch \u0027upstream/master\u0027 into 45-defining-delivery-job-model","messageBody":"","fileTypesAndContributionMap":{}},{"hash":"b3fe1061e31533404ea28dc0f017f261485a6cdb","isMergeCommit":false,"messageTitle":"Resolve check style issues in docs","messageBody":"","fileTypesAndContributionMap":{"docs":{"insertions":15,"deletions":15}}}]},{"date":"2023-03-08","commitResults":[{"hash":"cc43795a68fe0cab125b835d506808e854c3c9ec","isMergeCommit":false,"messageTitle":"Add sample job data","messageBody":"","fileTypesAndContributionMap":{"functional-code":{"insertions":59,"deletions":0}}}]},{"date":"2023-03-09","commitResults":[{"hash":"48a78cfbf599f9060744c6aa7b26abe2ea09b85e","isMergeCommit":true,"messageTitle":"Merge branch \u002745-defining-delivery-job-model\u0027 into 48-expand-storage-for-job-list","messageBody":"","fileTypesAndContributionMap":{}},{"hash":"344deb9871d0d1296ec6d4c2106b5c32d7117197","isMergeCommit":false,"messageTitle":"Add reading from delivery system storage","messageBody":"","fileTypesAndContributionMap":{"functional-code":{"insertions":579,"deletions":96},"other":{"insertions":12,"deletions":8},"docs":{"insertions":8,"deletions":0},"test-code":{"insertions":78,"deletions":35}}}]},{"date":"2023-03-11","commitResults":[{"hash":"0b8a0578a805ba845df380f7a2c6442655fa9bd1","isMergeCommit":true,"messageTitle":"Merge branch \u0027master\u0027 into 48-expand-storage-for-job-list","messageBody":"","fileTypesAndContributionMap":{}},{"hash":"46912957bbbffa5bcefdb6abe15a8201533e9c9f","isMergeCommit":false,"messageTitle":"Add support for adding jobs to delivery system","messageBody":"","fileTypesAndContributionMap":{"functional-code":{"insertions":57,"deletions":114},"test-code":{"insertions":93,"deletions":31}}},{"hash":"a2f371c3941e58f75d5d175f37095db9d80e33b3","isMergeCommit":false,"messageTitle":"Add create and delete job interface in model manager","messageBody":"","fileTypesAndContributionMap":{"functional-code":{"insertions":154,"deletions":17},"test-code":{"insertions":61,"deletions":3}}},{"hash":"18e1570fcc6a0683019750f2a6cc1189c8c104d8","isMergeCommit":true,"messageTitle":"Merge remote-tracking branch \u0027upstream/master\u0027 into 48-expand-storage-for-job-list","messageBody":"","fileTypesAndContributionMap":{}},{"hash":"d26f17567db9cce91f72a424e4a48294ecd3336f","isMergeCommit":false,"messageTitle":"Rename setDeliveryJobs to setDeliveryJob","messageBody":"","fileTypesAndContributionMap":{"functional-code":{"insertions":3,"deletions":3},"test-code":{"insertions":26,"deletions":0}}}]},{"date":"2023-03-12","commitResults":[{"hash":"568851944a2ddf997504ca496f788f3065cd64c1","isMergeCommit":false,"messageTitle":"Move JsonAdaptedReminder to storage/model folder","messageBody":"","fileTypesAndContributionMap":{"functional-code":{"insertions":1,"deletions":1},"other":{"insertions":0,"deletions":0}}},{"hash":"6e3bb5a4f6f568c0ea81d51083ade050e70cd9ff","isMergeCommit":false,"messageTitle":"Add saving function to delivery job system","messageBody":"","fileTypesAndContributionMap":{"functional-code":{"insertions":121,"deletions":48},"test-code":{"insertions":11,"deletions":1}}},{"hash":"52fbdfc06ee9ab3e0375ff7f1029954b8880ca8e","isMergeCommit":true,"messageTitle":"Merge pull request #69 from ChinJunAn/master","messageBody":"Fixed import style violations.","fileTypesAndContributionMap":{}},{"hash":"661df12098a0d8845f9a5f13530f3690fa56c8ac","isMergeCommit":true,"messageTitle":"Merge remote-tracking branch \u0027upstream/master\u0027 into 64-storage-saving-delivery-jobs","messageBody":"","fileTypesAndContributionMap":{}},{"hash":"15c26922e07803b2e503dbc66cd754b243e3387f","isMergeCommit":false,"messageTitle":"Merge earning entity to delivery jobs","messageBody":"","fileTypesAndContributionMap":{"functional-code":{"insertions":101,"deletions":23},"test-code":{"insertions":8,"deletions":8}}},{"hash":"3abe7f7acb7051f7b8f27b3a62449d3afa732f4d","isMergeCommit":false,"messageTitle":"Fix issue with json conversion for earning","messageBody":"","fileTypesAndContributionMap":{"functional-code":{"insertions":14,"deletions":37},"test-code":{"insertions":64,"deletions":48}}},{"hash":"0eba4f20d95179476f92b23075851e1eb60df586","isMergeCommit":true,"messageTitle":"Merge pull request #65 from c0j0s/64-storage-saving-delivery-jobs","messageBody":"[Storage] Add ability to save delivery jobs","fileTypesAndContributionMap":{}},{"hash":"da8ee048c9bb5b201134bbeaf81434a5351c4e5f","isMergeCommit":false,"messageTitle":"Add job list view to main window","messageBody":"","fileTypesAndContributionMap":{"functional-code":{"insertions":338,"deletions":55}}},{"hash":"806bbc16328b433affe954566f68b561bfef1dbe","isMergeCommit":true,"messageTitle":"Merge branch \u0027master\u0027 into 75-job-system-define-main-job-list-window-fxml","messageBody":"","fileTypesAndContributionMap":{}},{"hash":"ee116042f6340765ee4ff641b334aad753548bd1","isMergeCommit":false,"messageTitle":"Fix deleted menu item","messageBody":"","fileTypesAndContributionMap":{"functional-code":{"insertions":11,"deletions":2},"other":{"insertions":10,"deletions":5}}},{"hash":"6919669c1b8f11869d2554a6611cbed0a43360cd","isMergeCommit":false,"messageTitle":"Update StatisticsWindow.css","messageBody":"","fileTypesAndContributionMap":{"functional-code":{"insertions":1,"deletions":1}}}]},{"date":"2023-03-13","commitResults":[{"hash":"6812fd638b7d7ea5acbd5b5fb0b6f4e5dfe3b0d0","isMergeCommit":true,"messageTitle":"Merge pull request #77 from c0j0s/75-job-system-define-main-job-list-window-fxml","messageBody":"Add job list view to main window","fileTypesAndContributionMap":{}}]},{"date":"2023-03-14","commitResults":[{"hash":"a509a6bb48babb916c51b55f6a40ee457341861b","isMergeCommit":true,"messageTitle":"Merge pull request #81 from dohaduong/branch-timetable","messageBody":"Add timetable command","fileTypesAndContributionMap":{}},{"hash":"5eff5669588dba07fa209723a72c8b2f1e928fde","isMergeCommit":false,"messageTitle":"Add sender to delivery job model","messageBody":"","fileTypesAndContributionMap":{"functional-code":{"insertions":43,"deletions":41},"test-code":{"insertions":6,"deletions":0}}},{"hash":"7ca9cfadabd787ee5ee464eae1c3501ca73f64d9","isMergeCommit":false,"messageTitle":"Add simple detail view to main window","messageBody":"","fileTypesAndContributionMap":{"functional-code":{"insertions":292,"deletions":5}}},{"hash":"24bab9bded0e5f376d7e9d74e0202cc78e5b24bb","isMergeCommit":true,"messageTitle":"Merge remote-tracking branch \u0027upstream/master\u0027 into 78-main-window-add-delivery-job-detail-panel","messageBody":"","fileTypesAndContributionMap":{}}]},{"date":"2023-03-15","commitResults":[{"hash":"1e7d871979b34a8acc0bff9b5c4bc50a6d61c402","isMergeCommit":true,"messageTitle":"Merge pull request #93 from ChinJunAn/notification","messageBody":"Change how \"list_reminder\" is displayed","fileTypesAndContributionMap":{}},{"hash":"9ed43635b837b750f2be59a38f79da68f6e2390f","isMergeCommit":true,"messageTitle":"Merge pull request #92 from ChinJunAn/71-update-ug-and-dg","messageBody":"Update documentation","fileTypesAndContributionMap":{}}]},{"date":"2023-03-16","commitResults":[{"hash":"14a36fbea53cdc6fe9b69c2640445f0f89f5a418","isMergeCommit":false,"messageTitle":"Add person id to person model","messageBody":"","fileTypesAndContributionMap":{"functional-code":{"insertions":179,"deletions":55},"test-code":{"insertions":36,"deletions":21}}},{"hash":"e7ccf6bc9b4c68591b1caf6f0c3dc0c5e6f83f91","isMergeCommit":false,"messageTitle":"Add create job command","messageBody":"","fileTypesAndContributionMap":{"functional-code":{"insertions":117,"deletions":39},"other":{"insertions":52,"deletions":21},"test-code":{"insertions":63,"deletions":28}}},{"hash":"7e90033974c8f554b1c8d24eedd2ae640b85beb6","isMergeCommit":true,"messageTitle":"Merge pull request #90 from zuohui48/display-total-jobs","messageBody":"Display total number of jobs in statistics window","fileTypesAndContributionMap":{}},{"hash":"67a92944b39ebc9f0ad0ddb37c179ef1c17b202a","isMergeCommit":true,"messageTitle":"Merge remote-tracking branch \u0027upstream/master\u0027 into 79-logiccommand-as-a-user-i-can-add-delivery-jobs","messageBody":"","fileTypesAndContributionMap":{}},{"hash":"d0524ed3a1e5a549972048c626701adcfd2f2c1f","isMergeCommit":false,"messageTitle":"Remove unused imports","messageBody":"","fileTypesAndContributionMap":{"test-code":{"insertions":0,"deletions":1}}},{"hash":"28789248709743b68c63a70c36038129d7b9047e","isMergeCommit":false,"messageTitle":"Add support for delete command","messageBody":"","fileTypesAndContributionMap":{"functional-code":{"insertions":110,"deletions":10},"other":{"insertions":32,"deletions":6}}}]},{"date":"2023-03-17","commitResults":[{"hash":"c6bd5b15ddaf2b9fe52495e4769c8816c266fac7","isMergeCommit":true,"messageTitle":"Merge pull request #101 from dohaduong/update-UG-DG-Readme","messageBody":"Add timetable date command to main window, update Ha Duong responsibilities","fileTypesAndContributionMap":{}},{"hash":"d1fdec3aac6ca362c7f5ded9afcedfd1e4f31e86","isMergeCommit":true,"messageTitle":"Merge pull request #96 from ChinJunAn/master","messageBody":"Fix ReminderListWindow bug","fileTypesAndContributionMap":{}}]}],"zuohui48":[{"date":"2023-03-02","commitResults":[{"hash":"834974daad5c1ae2812cbc266f13d33e99a3aab8","isMergeCommit":false,"messageTitle":"Add Zuohui\u0027s information","messageBody":"","fileTypesAndContributionMap":{"docs":{"insertions":43,"deletions":0}}}]},{"date":"2023-03-03","commitResults":[{"hash":"32ec048a03a09092739c7feb21b84969fa236cea","isMergeCommit":true,"messageTitle":"Merge pull request #21 from zuohui48/add-zuohui-info","messageBody":"Add Zuohui\u0027s information","fileTypesAndContributionMap":{}},{"hash":"8ca7b279a73c7d728e58464cb9b1d16fb3b07500","isMergeCommit":false,"messageTitle":"Update zuohui\u0027s responsibilities","messageBody":"","fileTypesAndContributionMap":{"docs":{"insertions":1,"deletions":0}}},{"hash":"d1888e518fe18ca2fb7f4f90bf6adbfc46eb0120","isMergeCommit":false,"messageTitle":"Update image file name","messageBody":"","fileTypesAndContributionMap":{"docs":{"insertions":1,"deletions":1}}},{"hash":"64123da1a079741f2ff9b4b92808a30c328d27ca","isMergeCommit":false,"messageTitle":"Remove dummy data from ab3","messageBody":"","fileTypesAndContributionMap":{"docs":{"insertions":0,"deletions":9}}},{"hash":"f5fb2d26bcbabe4a6be18b9fd053f684e63e3eb5","isMergeCommit":true,"messageTitle":"Merge pull request #37 from zuohui48/master","messageBody":"Update image file name","fileTypesAndContributionMap":{}},{"hash":"5e6e9ebfd69f299a56263cbb676cd841db378cca","isMergeCommit":false,"messageTitle":"Rename PPP skeleton file","messageBody":"","fileTypesAndContributionMap":{"docs":{"insertions":0,"deletions":0}}},{"hash":"db76c1ee129f5633ef902b4cbddb440b873fdfbc","isMergeCommit":true,"messageTitle":"Merge branch \u0027AY2223S2-CS2103-F11-2:master\u0027 into master","messageBody":"","fileTypesAndContributionMap":{}}]},{"date":"2023-03-04","commitResults":[{"hash":"e7615048557a0232741565ad935746d862167afb","isMergeCommit":true,"messageTitle":"Merge pull request #43 from zuohui48/master","messageBody":"Rename skeleton PPP file","fileTypesAndContributionMap":{}}]},{"date":"2023-03-11","commitResults":[{"hash":"68bf4a6e770d4226d7aa31a4ec0cd99b8c0db6b3","isMergeCommit":false,"messageTitle":"Add Statistic Button to main window","messageBody":"Statistic button to open a new window to display the current statistics\n","fileTypesAndContributionMap":{"functional-code":{"insertions":3,"deletions":0}}},{"hash":"1477561bd8efd07978805c2aec1c02d0952c0a79","isMergeCommit":false,"messageTitle":"Add stats menu to main window","messageBody":"Stats menu to open a new window to display statistics through\nstatistics button in main window\n","fileTypesAndContributionMap":{"functional-code":{"insertions":224,"deletions":0}}}]},{"date":"2023-03-12","commitResults":[{"hash":"d7a7134961066bbb19e84132d5e4bb06374464fe","isMergeCommit":true,"messageTitle":"Merge pull request #61 from zuohui48/add-statistic-button","messageBody":"Add Statistic Button to main window","fileTypesAndContributionMap":{}},{"hash":"628f0534132fc44b9ad8b8acaee4eb1b03e50470","isMergeCommit":true,"messageTitle":"Merge branch \u0027master\u0027 into add-statistic-window","messageBody":"","fileTypesAndContributionMap":{}},{"hash":"fb777d2f5f616fd8592d0278c972d3ea0b1176f4","isMergeCommit":false,"messageTitle":"Delete StatsCommand.java","messageBody":"","fileTypesAndContributionMap":{"functional-code":{"insertions":0,"deletions":2}}},{"hash":"3816246601f0a64cc49162e2ad41e5115427dccd","isMergeCommit":true,"messageTitle":"Merge pull request #62 from zuohui48/add-statistic-window","messageBody":"Add stats menu to main window","fileTypesAndContributionMap":{}}]},{"date":"2023-03-14","commitResults":[{"hash":"f2a2f1b0043aa1634fc81ea1f79c11e4d5dede28","isMergeCommit":false,"messageTitle":"Display total number of jobs in statistics window","messageBody":"","fileTypesAndContributionMap":{"functional-code":{"insertions":51,"deletions":3}}}]},{"date":"2023-03-15","commitResults":[{"hash":"d9add7c398e5ded54bdb4c71230d584e2340d21c","isMergeCommit":false,"messageTitle":"Add Job list to Statistic Window","messageBody":"","fileTypesAndContributionMap":{"functional-code":{"insertions":49,"deletions":20}}},{"hash":"50ff82c114a900379f53fc482ccf0455a91407e2","isMergeCommit":false,"messageTitle":"Add stats command","messageBody":"","fileTypesAndContributionMap":{"functional-code":{"insertions":52,"deletions":19},"test-code":{"insertions":7,"deletions":9}}},{"hash":"4c8b0a3c6350823a12cc125e36aa0c4da3669355","isMergeCommit":false,"messageTitle":"fix CI test","messageBody":"","fileTypesAndContributionMap":{"functional-code":{"insertions":4,"deletions":0}}},{"hash":"621ad458fb9dcde899825716e1ae35ae8c31effd","isMergeCommit":false,"messageTitle":"Make compatible with new DeliveryJobListPanel constructor","messageBody":"","fileTypesAndContributionMap":{"functional-code":{"insertions":8,"deletions":1}}},{"hash":"dd6af166bf08015c420bd4d686eae45b926626ae","isMergeCommit":true,"messageTitle":"Merge branch \u0027master\u0027 into display-total-jobs","messageBody":"","fileTypesAndContributionMap":{}},{"hash":"36ba46ec5434d98cddda2f779c3ea76584325a64","isMergeCommit":false,"messageTitle":"Update CommandResult.java","messageBody":"","fileTypesAndContributionMap":{"functional-code":{"insertions":1,"deletions":1}}},{"hash":"6cccee966fab084236edbdaebcfde161630bb19a","isMergeCommit":false,"messageTitle":"Update MainWindow.java","messageBody":"","fileTypesAndContributionMap":{"functional-code":{"insertions":1,"deletions":0}}},{"hash":"8e5869a012363902a77162e49f9477e2d862d3cf","isMergeCommit":false,"messageTitle":"Update CommandResult.java","messageBody":"","fileTypesAndContributionMap":{"functional-code":{"insertions":1,"deletions":1}}},{"hash":"d2faba1d14600f2f6298e6d81d11f2d53e2094fc","isMergeCommit":false,"messageTitle":"Update CommandResult to be compatible","messageBody":"","fileTypesAndContributionMap":{"functional-code":{"insertions":6,"deletions":6}}},{"hash":"59a2f3ef46360319da0077fb998e6c8fb84d5ebd","isMergeCommit":false,"messageTitle":"Fix checkstyle","messageBody":"","fileTypesAndContributionMap":{"functional-code":{"insertions":18,"deletions":6}}},{"hash":"46fa8c9b04536463462c55207149773d7845d837","isMergeCommit":false,"messageTitle":"fix checkstyle","messageBody":"","fileTypesAndContributionMap":{"functional-code":{"insertions":1,"deletions":1}}},{"hash":"d1c3152cdd2303c21587df7bfb8178df44d6cceb","isMergeCommit":false,"messageTitle":"make Tests compatible","messageBody":"","fileTypesAndContributionMap":{"test-code":{"insertions":36,"deletions":10}}},{"hash":"28e674074627b997b22bbf402ad48316365e21de","isMergeCommit":false,"messageTitle":"fix checkstyle","messageBody":"","fileTypesAndContributionMap":{"test-code":{"insertions":1,"deletions":1}}},{"hash":"54f7531981573a7acb2cd4d283036d3fd72951d5","isMergeCommit":false,"messageTitle":"fix Test checkstyle","messageBody":"","fileTypesAndContributionMap":{"test-code":{"insertions":21,"deletions":7}}},{"hash":"f449bbd4142de8962cb2ca9707290c250c97124d","isMergeCommit":false,"messageTitle":"Fix imports order","messageBody":"","fileTypesAndContributionMap":{"test-code":{"insertions":3,"deletions":3}}}]}]},"authorFileTypeContributionMap":{"ZhuLeYao":{"docs":49,"functional-code":420,"test-code":0},"ChinJunAn":{"docs":178,"functional-code":940,"test-code":8},"dohaduong":{"docs":123,"functional-code":1058,"test-code":61,"other":1},"c0j0s":{"docs":76,"functional-code":1955,"test-code":398,"other":4},"zuohui48":{"docs":40,"functional-code":368,"test-code":48}},"authorContributionVariance":{"ZhuLeYao":7809.635,"ChinJunAn":119881.66,"dohaduong":51042.31,"c0j0s":72649.81,"zuohui48":4451.888},"authorDisplayNameMap":{"ZhuLeYao":"CS2103-F11-2 ZHU .. YAO","ChinJunAn":"CS2103-F11-2 CHIN..N AN","dohaduong":"CS2103-F11-2 DO H..UONG","c0j0s":"CS2103-F11-2 CHEN..HENG","zuohui48":"CS2103-F11-2 CHEN.. HUI"}}
