{"authorDailyContributionsMap":{"Sheemo":[{"date":"2023-03-02","commitResults":[{"hash":"ef4f03d4fe4d40fede5d173302c44b8888659b93","isMergeCommit":false,"messageTitle":"Update \u0027README.md\u0027 description","messageBody":"","fileTypesAndContributionMap":{"docs":{"insertions":5,"deletions":10}}},{"hash":"cc7f01b86c926d10a980bbf31444e94d4565e1e6","isMergeCommit":true,"messageTitle":"Merge pull request #30 from Sheemo/readme-description","messageBody":"Update \u0027README.md\u0027 description","fileTypesAndContributionMap":{}},{"hash":"b4b7d61232f472a814f0a3d116f77e11693561c5","isMergeCommit":true,"messageTitle":"Merge pull request #28 from EvitanRelta/readme-badge","messageBody":"Update \u0027README\u0027 badge","fileTypesAndContributionMap":{}}]},{"date":"2023-03-15","commitResults":[{"hash":"38af86b3774935acdc1dace10371c94f1c6d024b","isMergeCommit":false,"messageTitle":"Make Person use empty Optionals when fields are not supplied","messageBody":"","fileTypesAndContributionMap":{"functional-code":{"insertions":64,"deletions":28},"test-code":{"insertions":19,"deletions":12}}},{"hash":"b77e591457be85d1ff68312405622dffccb9b177","isMergeCommit":false,"messageTitle":"Add Tests for Missing Fields","messageBody":"","fileTypesAndContributionMap":{"functional-code":{"insertions":0,"deletions":3},"test-code":{"insertions":43,"deletions":31}}},{"hash":"cd2114d48fff772498f7f9ba1002a6942fb1ab0b","isMergeCommit":false,"messageTitle":"Fix Checkstyle violations","messageBody":"","fileTypesAndContributionMap":{"test-code":{"insertions":28,"deletions":2}}}]},{"date":"2023-03-22","commitResults":[{"hash":"8bb74b61a7872d64f486ce0a2cae3816f8313e08","isMergeCommit":false,"messageTitle":"Update DeveloperGuide with Remark use case","messageBody":"","fileTypesAndContributionMap":{"docs":{"insertions":25,"deletions":1}}}]},{"date":"2023-03-24","commitResults":[{"hash":"87305a8718b5b8974bb203eb999bb9c7e67bd549","isMergeCommit":true,"messageTitle":"Merge pull request #79 from wendy0107/update-developer-guide-v1.2","messageBody":"Update DG (v1.2 features - delete feature)","fileTypesAndContributionMap":{}}]}],"wendy0107":[{"date":"2023-03-14","commitResults":[{"hash":"08df868e5a1feb6fe9bfd1f7fc5cf3796358bade","isMergeCommit":false,"messageTitle":"Make phone number optional - wip","messageBody":"","fileTypesAndContributionMap":{"functional-code":{"insertions":13,"deletions":15}}},{"hash":"9e9f930b312f13dcfd5a41d3b0d3fc5596cf5187","isMergeCommit":false,"messageTitle":"Fix checkstyle and JUnit test errors","messageBody":"","fileTypesAndContributionMap":{"functional-code":{"insertions":29,"deletions":27},"test-code":{"insertions":0,"deletions":46}}},{"hash":"1bda9df2a8776ff0749c2d7655636576b8f6bb16","isMergeCommit":false,"messageTitle":"Add JUnit test for optional prefixes","messageBody":"","fileTypesAndContributionMap":{"functional-code":{"insertions":1,"deletions":1},"test-code":{"insertions":18,"deletions":2}}}]},{"date":"2023-03-15","commitResults":[{"hash":"d4553580b275030f4c599299e4a84064bec9379d","isMergeCommit":false,"messageTitle":"Fix and add JUnit tests for optional prefixes","messageBody":"","fileTypesAndContributionMap":{"functional-code":{"insertions":2,"deletions":3},"test-code":{"insertions":80,"deletions":19}}},{"hash":"e65a069a0c60097e8eb0e82527a9994952591ad5","isMergeCommit":true,"messageTitle":"Merge branch \u0027master\u0027 into optional-prefixes","messageBody":"","fileTypesAndContributionMap":{}},{"hash":"1f00b4fb2d29ed32702c72930e79d32b8a89b428","isMergeCommit":false,"messageTitle":"Fix checkstyle errors in tests","messageBody":"","fileTypesAndContributionMap":{"test-code":{"insertions":12,"deletions":23}}},{"hash":"c4ee831f27a61bbf4206b4491ba04a70d85a4bd1","isMergeCommit":true,"messageTitle":"Merge branch \u0027optional-prefixes\u0027 of https://github.com/wendy0107/tp into optional-prefixes","messageBody":"","fileTypesAndContributionMap":{}}]},{"date":"2023-03-16","commitResults":[{"hash":"15a6e493c3d747be3cb0128d56934ec2cf5c99d6","isMergeCommit":true,"messageTitle":"Merge pull request #48 from wendy0107/optional-prefixes","messageBody":"Optional prefixes","fileTypesAndContributionMap":{}},{"hash":"1790f0d8343e9a831b4a807c5eb1c1412193a4e9","isMergeCommit":true,"messageTitle":"Merge branch \u0027master\u0027 of https://github.com/wendy0107/tp","messageBody":"","fileTypesAndContributionMap":{}},{"hash":"4f8edc94cf44a9bb5ab5c5700b3234808f4b8f02","isMergeCommit":false,"messageTitle":"Implement basic functionality of adding subject","messageBody":"","fileTypesAndContributionMap":{"functional-code":{"insertions":231,"deletions":19},"other":{"insertions":1,"deletions":1},"test-code":{"insertions":58,"deletions":14}}},{"hash":"dc266e0368ddb47045de5b13cc5fb2708c457f6e","isMergeCommit":true,"messageTitle":"Merge pull request #51 from Bentimate/show-cmd","messageBody":"Add show command","fileTypesAndContributionMap":{}},{"hash":"511be98333e5f23e292744301cbb4f1b490c97c4","isMergeCommit":false,"messageTitle":"Add java fxml for subjects","messageBody":"","fileTypesAndContributionMap":{"functional-code":{"insertions":14,"deletions":0}}}]},{"date":"2023-03-17","commitResults":[{"hash":"78da1a1d4d021547eb5e6d557706160405db738f","isMergeCommit":false,"messageTitle":"FIx checkstyle issues in main and fix padding between subjects and tags","messageBody":"","fileTypesAndContributionMap":{"functional-code":{"insertions":41,"deletions":11}}},{"hash":"9d2e3e490ea3239ec0efd72fd663f7f18a585566","isMergeCommit":true,"messageTitle":"Merge branch \u0027master\u0027 of https://github.com/wendy0107/tp","messageBody":"","fileTypesAndContributionMap":{}},{"hash":"5c3a1e7146f7244fa5cfd7e170ed6bb96638cca6","isMergeCommit":true,"messageTitle":"Merge branch \u0027master\u0027 into subject-tag","messageBody":"","fileTypesAndContributionMap":{}}]},{"date":"2023-03-18","commitResults":[{"hash":"8031a0c9e474afcd9d69e10028afb17cf1027f93","isMergeCommit":false,"messageTitle":"Fix subject tag display in Ui","messageBody":"","fileTypesAndContributionMap":{"functional-code":{"insertions":4,"deletions":5}}},{"hash":"dc6837127080f579402ab43d24b5c695931df75a","isMergeCommit":true,"messageTitle":"Merge branch \u0027master\u0027 of https://github.com/wendy0107/tp","messageBody":"","fileTypesAndContributionMap":{}},{"hash":"52de85a4da38367e6e5035461e2b08044177e646","isMergeCommit":true,"messageTitle":"Merge branch \u0027master\u0027 into subject-tag","messageBody":"","fileTypesAndContributionMap":{}}]},{"date":"2023-03-20","commitResults":[{"hash":"e098ffad0ad0fbc0cc14b49907088d21be34ed35","isMergeCommit":false,"messageTitle":"Fix checkstyle errors","messageBody":"","fileTypesAndContributionMap":{"functional-code":{"insertions":2,"deletions":2},"test-code":{"insertions":7,"deletions":3}}},{"hash":"344bae726954ca8db6cb8dcafd8174a080f5176d","isMergeCommit":true,"messageTitle":"Merge branch \u0027subject-tag\u0027 of https://github.com/wendy0107/tp into subject-tag","messageBody":"","fileTypesAndContributionMap":{}}]},{"date":"2023-03-21","commitResults":[{"hash":"2c78dd9c34e762add2568dc0bc71a0f1ed31ee70","isMergeCommit":false,"messageTitle":"Fix one JUnit test","messageBody":"","fileTypesAndContributionMap":{"functional-code":{"insertions":10,"deletions":7},"test-code":{"insertions":6,"deletions":5}}},{"hash":"45cde636eb1f5bc6a02868d623243e8a4874f9b2","isMergeCommit":true,"messageTitle":"Merge branch \u0027master\u0027 of https://github.com/wendy0107/tp","messageBody":"","fileTypesAndContributionMap":{}}]},{"date":"2023-03-22","commitResults":[{"hash":"55fb238f9924dd6caa9034960da8ffbb489498e7","isMergeCommit":false,"messageTitle":"Update class diagrams to include subject, education and remark","messageBody":"","fileTypesAndContributionMap":{"docs":{"insertions":18,"deletions":2}}},{"hash":"4fe133c0daa6d913ba014d994885c3f23cad94f5","isMergeCommit":false,"messageTitle":"Add a skeleton documentation for Add feature in Developer\u0027s guide (as of v1.2)","messageBody":"","fileTypesAndContributionMap":{"docs":{"insertions":167,"deletions":21}}}]},{"date":"2023-03-24","commitResults":[{"hash":"e1140a8fac3ac95756c008585293d27100823db5","isMergeCommit":false,"messageTitle":"Update user stories in DG","messageBody":"","fileTypesAndContributionMap":{"functional-code":{"insertions":2,"deletions":1},"docs":{"insertions":96,"deletions":81},"test-code":{"insertions":3,"deletions":0}}},{"hash":"14905aa4de5f3b90eda7edc181a7a4cbc3586d87","isMergeCommit":false,"messageTitle":"Update DG with edit feature","messageBody":"","fileTypesAndContributionMap":{"docs":{"insertions":122,"deletions":2}}},{"hash":"de2df7ef8ec1f53daca54352d6b763a8199a6592","isMergeCommit":true,"messageTitle":"Merge branch \u0027master\u0027 of https://github.com/wendy0107/tp","messageBody":"","fileTypesAndContributionMap":{}},{"hash":"9dadd1abea0ee7fcded7e77506cbc8536f1ec045","isMergeCommit":true,"messageTitle":"Merge branch \u0027master\u0027 into update-developer-guide-v1.2","messageBody":"","fileTypesAndContributionMap":{}},{"hash":"54ed6f9218b68dde51bd39eb8ba32f4f26c6a6d5","isMergeCommit":false,"messageTitle":"Update DG with proposed implementation for sort feature","messageBody":"","fileTypesAndContributionMap":{"docs":{"insertions":29,"deletions":2}}},{"hash":"0914e0fdb2138123d99bbfb1337ef356cc54db50","isMergeCommit":false,"messageTitle":"Update DG with find feature","messageBody":"","fileTypesAndContributionMap":{"docs":{"insertions":47,"deletions":1}}},{"hash":"3149b942f81de9e4f40433b620b76297bca77578","isMergeCommit":false,"messageTitle":"Update DG with remark command","messageBody":"","fileTypesAndContributionMap":{"docs":{"insertions":34,"deletions":1}}},{"hash":"505065acc296134bdf5b707375da3b395f5cafb1","isMergeCommit":false,"messageTitle":"Add placeholders for delete, list features in DG","messageBody":"","fileTypesAndContributionMap":{"docs":{"insertions":107,"deletions":39}}},{"hash":"219784dd364403171e1f4310a81086a38bda671f","isMergeCommit":false,"messageTitle":"Fix checkstyle trailing whitespace in Remark","messageBody":"","fileTypesAndContributionMap":{"functional-code":{"insertions":0,"deletions":1}}},{"hash":"48ff63414d03b5260af1877f783cdba978403dab","isMergeCommit":true,"messageTitle":"Merge pull request #66 from wendy0107/update-developer-guide-v1.2","messageBody":"Update developer guide with v1.2","tags":["v1.2.1"],"fileTypesAndContributionMap":{}},{"hash":"5a7a895a6f19842dd873d8283a5a2299482396be","isMergeCommit":false,"messageTitle":"Edit table of contents, fix some indexing errors, add delete feature to DG","messageBody":"","fileTypesAndContributionMap":{"docs":{"insertions":88,"deletions":65}}}]}],"Bentimate":[{"date":"2023-03-03","commitResults":[{"hash":"57237f374a117e7b91ef8eb11a5f2a87c2304549","isMergeCommit":false,"messageTitle":"Update Developer Guide - Added new NFRs -Added new terms in Glossary","messageBody":"","fileTypesAndContributionMap":{"docs":{"insertions":9,"deletions":3}}},{"hash":"2f395df06c10fadea1a37ad6f8f0d3d982145193","isMergeCommit":true,"messageTitle":"Merge pull request #34 from Bentimate/DeveloperGuide-NFR\u0026Glossary","messageBody":"Update NFR and Glossary of Developer Guide","fileTypesAndContributionMap":{}},{"hash":"091b1aa1316acb21cd93d87b44ecffa2d560bb2b","isMergeCommit":false,"messageTitle":"Update Developer Guide -Added some user stories pertaining to v1.2","messageBody":"","fileTypesAndContributionMap":{"docs":{"insertions":16,"deletions":8}}},{"hash":"02cc9c36abb3a81bd93fa2024e518a06c9a0f604","isMergeCommit":true,"messageTitle":"Merge pull request #35 from Bentimate/DeveloperGuide-NFR\u0026Glossary","messageBody":"Update Developer Guide","fileTypesAndContributionMap":{}}]},{"date":"2023-03-14","commitResults":[{"hash":"385b1bf89e318dd42242b5582f163d231fedf643","isMergeCommit":false,"messageTitle":"Add remark command","messageBody":"","fileTypesAndContributionMap":{"functional-code":{"insertions":224,"deletions":22},"test-code":{"insertions":216,"deletions":12}}},{"hash":"4fd20d4f9ee49673a0b939f674acb8bedb0d2ec5","isMergeCommit":true,"messageTitle":"Merge pull request #49 from Bentimate/remark-cmd","messageBody":"Add remark command","fileTypesAndContributionMap":{}}]},{"date":"2023-03-15","commitResults":[{"hash":"be0dcfd770987b4fc8d80e1da8cf7c76565de307","isMergeCommit":false,"messageTitle":"Add show command","messageBody":"Added `show` command to show the remarks of a student\n","fileTypesAndContributionMap":{"functional-code":{"insertions":106,"deletions":0}}}]},{"date":"2023-03-16","commitResults":[{"hash":"263ee68dd728edfbfdc01f2b3c581576ade0d5b2","isMergeCommit":false,"messageTitle":"Bug fixes","messageBody":"Fixed some bugs to correct output\n","fileTypesAndContributionMap":{"functional-code":{"insertions":12,"deletions":14}}},{"hash":"3fe2c5bc53dc7cb69dc9f999998b0b91d7bd117c","isMergeCommit":false,"messageTitle":"Update MultiFieldContainsKeywordsPredicate.java","messageBody":"Updated class to not consider address and phone number for find command.\n","fileTypesAndContributionMap":{"functional-code":{"insertions":3,"deletions":3}}},{"hash":"595fae7ddc59487d47263addcb3dd6fb66957281","isMergeCommit":true,"messageTitle":"Merge branch \u0027master\u0027 of https://github.com/alextang809/tp into pr/52","messageBody":"","fileTypesAndContributionMap":{}},{"hash":"56632483cd3b5f72754f802b66024dd8fe3bf77f","isMergeCommit":true,"messageTitle":"Merge pull request #52 from alextang809/master","messageBody":"Add partial find","fileTypesAndContributionMap":{}}]},{"date":"2023-03-22","commitResults":[{"hash":"d1d1b551ecb02e1a990ce6b705cc155d225d6159","isMergeCommit":false,"messageTitle":"Changed getRemark() to getOptionalRemark() in Person class","messageBody":"","fileTypesAndContributionMap":{"functional-code":{"insertions":6,"deletions":7}}},{"hash":"518eb3e872f6219dafad74919b0aafd4f31d6ed8","isMergeCommit":true,"messageTitle":"Merge remote-tracking branch \u0027upstream/master\u0027","messageBody":"# Conflicts:\n#\tsrc/main/java/seedu/address/model/person/Person.java\n","fileTypesAndContributionMap":{}}]},{"date":"2023-03-24","commitResults":[{"hash":"26dc844ea8ba16bb9476eb925543b99d4f4a4c8b","isMergeCommit":true,"messageTitle":"Merge branch \u0027AY2223S2-CS2103T-W12-2:master\u0027 into master","messageBody":"","fileTypesAndContributionMap":{}},{"hash":"af44f35fe5eb8103ec8f1b591c0ada98cc11bb30","isMergeCommit":true,"messageTitle":"Merge remote-tracking branch \u0027upstream/master\u0027","messageBody":"","fileTypesAndContributionMap":{}},{"hash":"6127e45ff9db0ff28cc0b3b3bdbf111d0cac6643","isMergeCommit":true,"messageTitle":"Merge branch \u0027master\u0027 of https://github.com/Bentimate/tp","messageBody":"","fileTypesAndContributionMap":{}},{"hash":"55b8d4147ea3a809e38106c26aae09ea2e42fba3","isMergeCommit":false,"messageTitle":"Update Developers Guide for Find Command","messageBody":"","fileTypesAndContributionMap":{"docs":{"insertions":27,"deletions":4}}},{"hash":"0ba9c4fb8f034caf5e41da6bd8ebd0f99a803dc1","isMergeCommit":true,"messageTitle":"Merge pull request #75 from Bentimate/Update-Dev-Guide-find-cmd","messageBody":"Update dev guide find cmd","fileTypesAndContributionMap":{}}]}],"alextang809":[{"date":"2023-03-03","commitResults":[{"hash":"e3047a3974fbf12164c953702f41c9809daf2468","isMergeCommit":false,"messageTitle":"Update product scope, and user stories","messageBody":"","fileTypesAndContributionMap":{"docs":{"insertions":17,"deletions":9}}}]},{"date":"2023-03-14","commitResults":[{"hash":"5e8f9818746f3811bf9c63450944da27badf4e24","isMergeCommit":false,"messageTitle":"Update javaFX library","messageBody":"Based on: https://github.com/nus-cs2103-AY2223S2/forum/issues/221\n","fileTypesAndContributionMap":{"other":{"insertions":1,"deletions":1}}}]},{"date":"2023-03-15","commitResults":[{"hash":"9964220bcd682a9fe837e0e5b94d92e0099ba0dd","isMergeCommit":false,"messageTitle":"Update partial find feature, have commented the part for tags","messageBody":"","fileTypesAndContributionMap":{"functional-code":{"insertions":86,"deletions":4},"test-code":{"insertions":32,"deletions":12}}},{"hash":"fe386ddf20ea35c21850779fc23668f92291ff20","isMergeCommit":true,"messageTitle":"Merge pull request #1 from AY2223S2-CS2103T-W12-2/master","messageBody":"Update font","fileTypesAndContributionMap":{}}]},{"date":"2023-03-16","commitResults":[{"hash":"9bcff55263c01ebd877aa6010530c3cc32371d3e","isMergeCommit":false,"messageTitle":"Fix bugs","messageBody":"","fileTypesAndContributionMap":{"functional-code":{"insertions":3,"deletions":1}}},{"hash":"9ace37fa931ce0cfb2199393b847ae9585689dbe","isMergeCommit":true,"messageTitle":"Merge branch \u0027master\u0027 of https://github.com/alextang809/tp","messageBody":"","fileTypesAndContributionMap":{}},{"hash":"5f41adfe3d6404b8f477df28554ff81f03769068","isMergeCommit":false,"messageTitle":"fix bug","messageBody":"","fileTypesAndContributionMap":{"functional-code":{"insertions":3,"deletions":1}}},{"hash":"50928a54af39ebcd974687a361411cb098de35c5","isMergeCommit":false,"messageTitle":"fix checkstyle error","messageBody":"","fileTypesAndContributionMap":{"functional-code":{"insertions":43,"deletions":16},"test-code":{"insertions":2,"deletions":1}}},{"hash":"3fdc3e12ed64f185795d2ae00ac6d53c2684da95","isMergeCommit":false,"messageTitle":"fix checkstyle error","messageBody":"","fileTypesAndContributionMap":{"functional-code":{"insertions":2,"deletions":3}}},{"hash":"35787e69a07bee3d9169b460a6767d507858e81a","isMergeCommit":false,"messageTitle":"fix checkstyle error","messageBody":"","fileTypesAndContributionMap":{"functional-code":{"insertions":1,"deletions":1}}},{"hash":"842c1906e904d1f63dbb692db1d40820291e07f7","isMergeCommit":false,"messageTitle":"fix checkstyle error","messageBody":"","fileTypesAndContributionMap":{"functional-code":{"insertions":4,"deletions":3}}},{"hash":"00b0d36a16c769613e5d94ac934de1a1ca12f554","isMergeCommit":false,"messageTitle":"fix checkstyle error","messageBody":"","fileTypesAndContributionMap":{"test-code":{"insertions":2,"deletions":1}}},{"hash":"f0d195d9e84eae855946042685d08dbc529af533","isMergeCommit":false,"messageTitle":"fix checkstyle error","messageBody":"","fileTypesAndContributionMap":{"test-code":{"insertions":16,"deletions":39}}},{"hash":"d17d0bd9670652c2cfb6a61edb2926f8f05e2ee0","isMergeCommit":false,"messageTitle":"fix checkstyle error","messageBody":"","fileTypesAndContributionMap":{"test-code":{"insertions":0,"deletions":2}}},{"hash":"9bfbc78dc82df8ca8823c25cbe6d12c32b26ea26","isMergeCommit":false,"messageTitle":"fix checkstyle error","messageBody":"","fileTypesAndContributionMap":{"test-code":{"insertions":7,"deletions":6}}},{"hash":"7d3a3258ec8fbbe8d78fd808b740cdc8cbc46865","isMergeCommit":false,"messageTitle":"fix checkstyle error","messageBody":"","fileTypesAndContributionMap":{"test-code":{"insertions":3,"deletions":3}}},{"hash":"7e17feadfdfa535341f59116f5ce78bdffaa95e6","isMergeCommit":false,"messageTitle":"fix checkstyle error","messageBody":"","fileTypesAndContributionMap":{"test-code":{"insertions":2,"deletions":0}}}]},{"date":"2023-03-24","commitResults":[{"hash":"b53d276bcc34e388c5267839c02128eb6d1b96cf","isMergeCommit":true,"messageTitle":"Merge pull request #76 from EvitanRelta/w10-update-dg","messageBody":"Add \"Add a new student\" use case to DG","fileTypesAndContributionMap":{}}]}],"EvitanRelta":[{"date":"2023-03-01","commitResults":[{"hash":"a24f2c9304624accf3ebd06e141da293361e5875","isMergeCommit":false,"messageTitle":"Update \u0027AboutUs\u0027 page \u0026 add skeletal PPP","messageBody":"","fileTypesAndContributionMap":{"docs":{"insertions":193,"deletions":26}}},{"hash":"acb4a30fb9204fb9f84fb79b675023adeddfccfb","isMergeCommit":false,"messageTitle":"Update RepoSense link for all PPP","messageBody":"","fileTypesAndContributionMap":{"docs":{"insertions":5,"deletions":5}}},{"hash":"53d1bb0efcc5c9421a7622dbec62ec9d42b66f88","isMergeCommit":true,"messageTitle":"Merge pull request #21 from EvitanRelta/update-about-us","messageBody":"Update `AboutUs` page \u0026 add skeletal PPP","fileTypesAndContributionMap":{}}]},{"date":"2023-03-02","commitResults":[{"hash":"bcb235358143b21c1ca44fc8fe82350ebfe8be69","isMergeCommit":false,"messageTitle":"Update \u0027README\u0027 badge","messageBody":"","fileTypesAndContributionMap":{"docs":{"insertions":5,"deletions":1}}}]},{"date":"2023-03-06","commitResults":[{"hash":"724f49b414aacd61c2a1d9b26882fec7d38ae54e","isMergeCommit":true,"messageTitle":"Merge branch \u0027master\u0027 into update-dg","messageBody":"","fileTypesAndContributionMap":{}},{"hash":"1058ce0d9e3b48cf4353c3dd4c0f95733badace8","isMergeCommit":false,"messageTitle":"Update \u0027Product scope\u0027 \u0026 \u0027User stories\u0027 to match the info in our Google Doc","messageBody":"","fileTypesAndContributionMap":{"docs":{"insertions":21,"deletions":22}}},{"hash":"1cd4ac565a3c0e111af0742f1dd3dd61a29ec4c9","isMergeCommit":true,"messageTitle":"Merge pull request #36 from alextang809/update-dg","messageBody":"Update product scope, and user stories","fileTypesAndContributionMap":{}},{"hash":"ac6046cc00844edda04360021b41e5a5a6428f69","isMergeCommit":false,"messageTitle":"Update \u0027Use Case\u0027 section in DG","messageBody":"","fileTypesAndContributionMap":{"docs":{"insertions":15,"deletions":12}}},{"hash":"fefde7b8e3e24d397f10d5c9cf4a3d83049c62ee","isMergeCommit":true,"messageTitle":"Merge pull request #37 from EvitanRelta/update-dg-use-case","messageBody":"Update `Use Case` section in DG","fileTypesAndContributionMap":{}},{"hash":"17cab317ccc2d85cc742ea71c9779a6f02259876","isMergeCommit":false,"messageTitle":"Fix notes in \u0027Feature\u0027 section of UG","messageBody":"","fileTypesAndContributionMap":{"docs":{"insertions":14,"deletions":14}}},{"hash":"5a11270cca63c36da161e8385fc9402e9122bc4c","isMergeCommit":false,"messageTitle":"Add more features to UG","messageBody":"","fileTypesAndContributionMap":{"docs":{"insertions":22,"deletions":0}}},{"hash":"63c26d242ff063255a90c72dce6cad1df6d1f03d","isMergeCommit":false,"messageTitle":"Add \u0027Commany sumary\u0027 section to UG","messageBody":"","fileTypesAndContributionMap":{"docs":{"insertions":11,"deletions":0}}},{"hash":"ef3caa6e13cf5eb74fe2cbe50e64b32de91dacc9","isMergeCommit":false,"messageTitle":"Replace ellipsis characters in UG","messageBody":"","fileTypesAndContributionMap":{"docs":{"insertions":3,"deletions":3}}},{"hash":"4165e843c07ea60062f2bbc6df53f725f2f8ae93","isMergeCommit":true,"messageTitle":"Merge pull request #38 from EvitanRelta/update-ug","messageBody":"Add missing features \u0026 `Command summary` section in UG","fileTypesAndContributionMap":{}}]},{"date":"2023-03-15","commitResults":[{"hash":"138c2ce4119187335695638753a93d29e4c64c65","isMergeCommit":true,"messageTitle":"Merge pull request #50 from alextang809/fix-mac-font","messageBody":"Fix corrupted fonts on Mac","fileTypesAndContributionMap":{}},{"hash":"0fa474f0cf625085bd20862c1ca73f055649ea53","isMergeCommit":false,"messageTitle":"Copy \u0027Tag\u0027 class to \u0027EducationLevel\u0027 field class","messageBody":"","fileTypesAndContributionMap":{"functional-code":{"insertions":54,"deletions":0}}}]},{"date":"2023-03-17","commitResults":[{"hash":"6822e2ab9dddffdd8b538144f48c89aedc78402a","isMergeCommit":false,"messageTitle":"Rename \u0027Person::getRemark\u0027 to \u0027::getOptionalRemark\u0027","messageBody":"","fileTypesAndContributionMap":{"functional-code":{"insertions":6,"deletions":6},"test-code":{"insertions":5,"deletions":5}}},{"hash":"70388edce214a0c158155ea8dfd86a28bed217c6","isMergeCommit":false,"messageTitle":"Redesign \u0027remark\u0027 field to use \u0027Optional\u0027","messageBody":"","fileTypesAndContributionMap":{"functional-code":{"insertions":10,"deletions":9},"test-code":{"insertions":6,"deletions":6}}},{"hash":"bb46234a59e48b76ac437d394dc87abc547953b9","isMergeCommit":false,"messageTitle":"Allow adding of remarks via the \u0027add\u0027 command","messageBody":"","fileTypesAndContributionMap":{"functional-code":{"insertions":18,"deletions":3}}},{"hash":"4892f4ba114915d0933fc51372e7407d53dd05fe","isMergeCommit":false,"messageTitle":"Include \u0027remark\u0027 field in \u0027Person::hashCode\u0027","messageBody":"","fileTypesAndContributionMap":{"functional-code":{"insertions":1,"deletions":1}}},{"hash":"d173fd00cf66cddfaa704c94f342325497025fcb","isMergeCommit":false,"messageTitle":"Fix \u0027Person::toString\u0027 displaying empty fields","messageBody":"","fileTypesAndContributionMap":{"functional-code":{"insertions":7,"deletions":9}}},{"hash":"58ea00aabce097efec010fc6574a93c5347631a8","isMergeCommit":true,"messageTitle":"Merge branch \u0027fix-person-tostring\u0027 into education-level-tag","messageBody":"","fileTypesAndContributionMap":{}},{"hash":"42ba2618221d3f58826d5aa8a02e096385bae96d","isMergeCommit":false,"messageTitle":"Rename properties \u0026 methods in \u0027Education\u0027 class","messageBody":"","fileTypesAndContributionMap":{"functional-code":{"insertions":12,"deletions":12}}},{"hash":"ecef43d29684f1579ca1ddde55e502b9e8b89cf4","isMergeCommit":false,"messageTitle":"Add \u0027education\u0027 field to \u0027Person\u0027","messageBody":"","fileTypesAndContributionMap":{"functional-code":{"insertions":10,"deletions":2}}},{"hash":"b591fdcf182156a5472f33ccf6442314cb7941cb","isMergeCommit":false,"messageTitle":"Integrate the new \u0027education\u0027 field into codebase","messageBody":"","fileTypesAndContributionMap":{"functional-code":{"insertions":48,"deletions":15},"test-code":{"insertions":14,"deletions":1}}},{"hash":"afcff7589ea24a2e47edd8864226c6ac081f1d82","isMergeCommit":false,"messageTitle":"Remove prefix/suffix in \u0027Education::toString\u0027","messageBody":"","fileTypesAndContributionMap":{"functional-code":{"insertions":1,"deletions":1}}},{"hash":"c2d8ea1a5d46f7dae103ede8bc4681121acf4c15","isMergeCommit":false,"messageTitle":"Allow spaces in \u0027Education\u0027 value","messageBody":"","fileTypesAndContributionMap":{"functional-code":{"insertions":3,"deletions":2}}},{"hash":"dba9595405d033b7ce7607a71ab3f3f8596e248a","isMergeCommit":false,"messageTitle":"Update storage tests to accommodate \u0027education\u0027 field","messageBody":"","fileTypesAndContributionMap":{"test-code":{"insertions":15,"deletions":13}}},{"hash":"9079ee526e7b7889981611682b271fb97da53571","isMergeCommit":false,"messageTitle":"Display education field as a tag","messageBody":"","fileTypesAndContributionMap":{"functional-code":{"insertions":3,"deletions":0}}},{"hash":"f13a623a11ffcb040f1f367932879e8b1cfdbbae","isMergeCommit":false,"messageTitle":"Allow \u0027education\u0027 field to be set by \u0027add\u0027 command","messageBody":"","fileTypesAndContributionMap":{"functional-code":{"insertions":20,"deletions":2}}},{"hash":"cd9bc1211e0e2676196ca8e7aacc9e006d990c4c","isMergeCommit":false,"messageTitle":"Allow \u0027education\u0027 field to be edited by \u0027edit\u0027 command","messageBody":"","fileTypesAndContributionMap":{"functional-code":{"insertions":6,"deletions":2}}},{"hash":"868cfa3fc62f5785229f0abec6b47dda4c227a4c","isMergeCommit":true,"messageTitle":"Merge pull request #56 from EvitanRelta/use-optionals-in-remarks","messageBody":"Use `Optional` in the remark field","fileTypesAndContributionMap":{}},{"hash":"17f466d3cf887cb832f6d46967392991405f0506","isMergeCommit":false,"messageTitle":"Fix \u0027Person::toString\u0027 displaying empty fields","messageBody":"","fileTypesAndContributionMap":{"functional-code":{"insertions":7,"deletions":9}}},{"hash":"a7d1c95f0aeff9a898fe0b4f00a3c125a88f3cff","isMergeCommit":false,"messageTitle":"Update \u0027add\u0027 \u0026 \u0027edit\u0027 command\u0027s usage-message","messageBody":"","fileTypesAndContributionMap":{"functional-code":{"insertions":11,"deletions":3}}}]},{"date":"2023-03-20","commitResults":[{"hash":"132cd1bc03d777000cf3a82b83a9b1f93af548e4","isMergeCommit":true,"messageTitle":"Merge pull request #58 from EvitanRelta/fix-person-tostring","messageBody":"Fix `Person::toString` display empty fields","fileTypesAndContributionMap":{}},{"hash":"e1edcdc47baa854bc2d37db98aab8c55b759c231","isMergeCommit":true,"messageTitle":"Merge remote-tracking branch \u0027upstream/master\u0027 into education-level-tag","messageBody":"","fileTypesAndContributionMap":{}}]},{"date":"2023-03-21","commitResults":[{"hash":"98f40a00e7210ea0930c39e8e447531b5c5299b2","isMergeCommit":true,"messageTitle":"Merge pull request #63 from EvitanRelta/education-level-tag","messageBody":"Add education level tag","fileTypesAndContributionMap":{}},{"hash":"0a995dd781f701991b5f85ae599a53d400bc4a3e","isMergeCommit":false,"messageTitle":"Fix accidental reverting of \u0027javaFxVersion\u0027","messageBody":"\u0027javaFxVersion\u0027 was updated to version 16 in PR #50 at commit\n5e8f9818746f3811bf9c63450944da27badf4e24, but was accidentally reverted\nby commit 4f8edc94cf44a9bb5ab5c5700b3234808f4b8f02.\n\nThis fixes that reversion.\n","fileTypesAndContributionMap":{"other":{"insertions":1,"deletions":1}}},{"hash":"2fc18d6343fc9e1df6a4bcc1fef345e396d91268","isMergeCommit":false,"messageTitle":"Fix checkstyle","messageBody":"","fileTypesAndContributionMap":{"functional-code":{"insertions":1,"deletions":1},"test-code":{"insertions":6,"deletions":1}}},{"hash":"c16729f15384336800313b086e438137ae6ae3c1","isMergeCommit":false,"messageTitle":"Remove icon artifacts from PR #64","messageBody":"The artifacts from PR #64 were introduced in commit\n8031a0c9e474afcd9d69e10028afb17cf1027f93.\n","fileTypesAndContributionMap":{"functional-code":{"insertions":0,"deletions":2}}}]},{"date":"2023-03-22","commitResults":[{"hash":"3359aeca8117b05af4cb08e1b886fecb0a91136e","isMergeCommit":false,"messageTitle":"Fix JavaDoc mistypes in \u0027Subject\u0027","messageBody":"","fileTypesAndContributionMap":{"functional-code":{"insertions":6,"deletions":6}}},{"hash":"aa0698bc054d7cd824b49030c589f1d3781649fb","isMergeCommit":false,"messageTitle":"Fix \u0027PersonUtil::getPersonDetails\u0027","messageBody":"Which caused \u0027AddressBookParserTest::parseCommand_add\u0027 to fail\n","fileTypesAndContributionMap":{"test-code":{"insertions":7,"deletions":3}}},{"hash":"0a66d3c7ed6295e0283b2a3baa2d4d57e4949bbb","isMergeCommit":false,"messageTitle":"Remove \u0027VALID_EMPTY\u0027 phone, email, address","messageBody":"","fileTypesAndContributionMap":{"test-code":{"insertions":12,"deletions":25}}},{"hash":"0fb35b1a1cdcb7dd52a3c4f07690dcd5c88b7633","isMergeCommit":false,"messageTitle":"Differentiate no-change vs reset fields in \u0027EditPersonDescriptor\u0027","messageBody":"","fileTypesAndContributionMap":{"functional-code":{"insertions":34,"deletions":11},"test-code":{"insertions":16,"deletions":9}}},{"hash":"0554560e27cd5990907902ebb2d20fcd2f2eb7c5","isMergeCommit":false,"messageTitle":"Fix the parse-reset-field tests in \u0027EditCommandParserTest\u0027","messageBody":"","fileTypesAndContributionMap":{"test-code":{"insertions":3,"deletions":3}}},{"hash":"66701aac43f345a7dfafbb8797234389af8fa976","isMergeCommit":false,"messageTitle":"Fix bugs causing edit testcases to fail","messageBody":"","fileTypesAndContributionMap":{"test-code":{"insertions":22,"deletions":12}}},{"hash":"5693ab7559673e7427b18eb440ba4f1508da0943","isMergeCommit":false,"messageTitle":"Fix bug causing \u0027AddressBookParserTest::parseCommand_edit\u0027 test to fail","messageBody":"Test command had the arguments \"s/t/\" which was being parsed as a\nsubject arg. with the value \"t/\", instead of an empty subject and tag\narg.\n\nCaused by AB3 team not suffixing their \"t/\" arg with space, and when\nthat tag code was copied by us, the \"s/\" arg also didn\u0027t have a space.\n","fileTypesAndContributionMap":{"test-code":{"insertions":2,"deletions":2}}},{"hash":"b93cfbae9eb4f3d2957420507c3c24a3f149a83e","isMergeCommit":false,"messageTitle":"Refactor all \u0027Person\u0027 constants in \u0027TypicalPersons\u0027 class","messageBody":"","fileTypesAndContributionMap":{"test-code":{"insertions":96,"deletions":30}}},{"hash":"5742d00709175963ac5af1a76404adea7279066c","isMergeCommit":false,"messageTitle":"Change remarks of typical person to differ from default in \u0027PersonBuilder\u0027","messageBody":"","fileTypesAndContributionMap":{"test-code":{"insertions":1,"deletions":1}}},{"hash":"49d5f5041b0da4b586c933fb98c8dbba23ce1a9e","isMergeCommit":false,"messageTitle":"Fix parsing of subjects JSON property","messageBody":"\u0027subjects\u0027 JSON property was incorrectly named as \u0027subject\u0027 at commit\n4f8edc94cf44a9bb5ab5c5700b3234808f4b8f02.\n","fileTypesAndContributionMap":{"functional-code":{"insertions":1,"deletions":1}}},{"hash":"0c1c495eeed63200940767c40c6692ba9d223cfe","isMergeCommit":true,"messageTitle":"Merge pull request #70 from Sheemo/edit-developer-guide","messageBody":"Update DeveloperGuide with Remark use case","fileTypesAndContributionMap":{}},{"hash":"519139d8663ae75b50e3e72cc2065f69188fd5b5","isMergeCommit":true,"messageTitle":"Merge remote-tracking branch \u0027upstream/master\u0027 into wenli-subject-tag","messageBody":"","fileTypesAndContributionMap":{}},{"hash":"471f30defa4fcf440ab1eaf2e9fa37e2af2e5c56","isMergeCommit":false,"messageTitle":"Add education values to test persons","messageBody":"","fileTypesAndContributionMap":{"test-code":{"insertions":19,"deletions":0}}},{"hash":"91f6e5fdca557aa813bbe83476bcf050f4d0bfea","isMergeCommit":false,"messageTitle":"Integrate code with education code","messageBody":"","fileTypesAndContributionMap":{"functional-code":{"insertions":8,"deletions":2},"test-code":{"insertions":11,"deletions":0}}},{"hash":"0a20bd6d0c8d38e2c29712b4e337799806ef2a4b","isMergeCommit":true,"messageTitle":"Merge pull request #54 from wendy0107/subject-tag","messageBody":"Subject tag","fileTypesAndContributionMap":{}},{"hash":"dec63766de0f1037bdaa2d95e623542633a4bce3","isMergeCommit":false,"messageTitle":"Set missing person fields as \u0027null\u0027 in savefile","messageBody":"","fileTypesAndContributionMap":{"functional-code":{"insertions":38,"deletions":42}}},{"hash":"3a07257a41049d309d6a4b4fd32566fdcba182e5","isMergeCommit":false,"messageTitle":"Exclude missing fields in savefile","messageBody":"","fileTypesAndContributionMap":{"functional-code":{"insertions":3,"deletions":0}}},{"hash":"b95e422e9d33854d086afdc4bfc2e3596627e1fd","isMergeCommit":false,"messageTitle":"Set fields\u0027 \u0027isValid\u0027 methods to return false on empty str","messageBody":"","fileTypesAndContributionMap":{"functional-code":{"insertions":4,"deletions":4}}},{"hash":"a028c74862f9face9ae8f3b8209079a5ce44fa90","isMergeCommit":true,"messageTitle":"Merge pull request #73 from EvitanRelta/fix-empty-str-json-fields","messageBody":"Fix empty string fields in JSON savefile","fileTypesAndContributionMap":{}}]},{"date":"2023-03-24","commitResults":[{"hash":"882389b3788fb8d42755a2b1de2255aae9392f9e","isMergeCommit":false,"messageTitle":"Add \u0027Add a new student\u0027 use case to DG","messageBody":"","fileTypesAndContributionMap":{"docs":{"insertions":36,"deletions":0}}},{"hash":"ef218b1ecae00a01c589c703fc80d97e7b03f4c2","isMergeCommit":false,"messageTitle":"Enable assertions for Gradle","messageBody":"","fileTypesAndContributionMap":{"other":{"insertions":4,"deletions":0}}},{"hash":"69796f3830881130e7274b57519101c2dc05aad6","isMergeCommit":true,"messageTitle":"Merge pull request #78 from EvitanRelta/enable-gradle-assertions","messageBody":"Enable assertions for Gradle","fileTypesAndContributionMap":{}}]}]},"authorFileTypeContributionMap":{"Sheemo":{"docs":26,"functional-code":44,"test-code":54},"wendy0107":{"docs":578,"functional-code":269,"test-code":109},"Bentimate":{"docs":35,"functional-code":288,"test-code":193},"alextang809":{"docs":1,"functional-code":118,"test-code":30,"other":1},"EvitanRelta":{"docs":257,"functional-code":256,"test-code":201,"other":4}},"authorContributionVariance":{"Sheemo":1437.805,"wendy0107":17969.508,"Bentimate":6279.4517,"alextang809":1191.4099,"EvitanRelta":8765.601},"authorDisplayNameMap":{"Sheemo":"CS2103T-W12-2 SZE ..HONG","wendy0107":"CS2103T-W12-2 NG W..N LI","Bentimate":"CS2103T-W12-2 BENN.. JIE","alextang809":"CS2103T-W12-2 TANG..CHUN","EvitanRelta":"CS2103T-W12-2 TAN ..HAUN"}}
