{"authorDailyContributionsMap":{"Sheemo":[{"date":"2023-03-02","commitResults":[{"hash":"ef4f03d4fe4d40fede5d173302c44b8888659b93","isMergeCommit":false,"messageTitle":"Update \u0027README.md\u0027 description","messageBody":"","fileTypesAndContributionMap":{"docs":{"insertions":5,"deletions":10}}},{"hash":"cc7f01b86c926d10a980bbf31444e94d4565e1e6","isMergeCommit":true,"messageTitle":"Merge pull request #30 from Sheemo/readme-description","messageBody":"Update \u0027README.md\u0027 description","fileTypesAndContributionMap":{}},{"hash":"b4b7d61232f472a814f0a3d116f77e11693561c5","isMergeCommit":true,"messageTitle":"Merge pull request #28 from EvitanRelta/readme-badge","messageBody":"Update \u0027README\u0027 badge","fileTypesAndContributionMap":{}}]}],"wendy0107":[],"Bentimate":[{"date":"2023-03-03","commitResults":[{"hash":"57237f374a117e7b91ef8eb11a5f2a87c2304549","isMergeCommit":false,"messageTitle":"Update Developer Guide - Added new NFRs -Added new terms in Glossary","messageBody":"","fileTypesAndContributionMap":{"docs":{"insertions":9,"deletions":3}}},{"hash":"2f395df06c10fadea1a37ad6f8f0d3d982145193","isMergeCommit":true,"messageTitle":"Merge pull request #34 from Bentimate/DeveloperGuide-NFR\u0026Glossary","messageBody":"Update NFR and Glossary of Developer Guide","fileTypesAndContributionMap":{}},{"hash":"091b1aa1316acb21cd93d87b44ecffa2d560bb2b","isMergeCommit":false,"messageTitle":"Update Developer Guide -Added some user stories pertaining to v1.2","messageBody":"","fileTypesAndContributionMap":{"docs":{"insertions":16,"deletions":8}}},{"hash":"02cc9c36abb3a81bd93fa2024e518a06c9a0f604","isMergeCommit":true,"messageTitle":"Merge pull request #35 from Bentimate/DeveloperGuide-NFR\u0026Glossary","messageBody":"Update Developer Guide","fileTypesAndContributionMap":{}}]}],"alextang809":[{"date":"2023-03-03","commitResults":[{"hash":"e3047a3974fbf12164c953702f41c9809daf2468","isMergeCommit":false,"messageTitle":"Update product scope, and user stories","messageBody":"","fileTypesAndContributionMap":{"docs":{"insertions":17,"deletions":9}}}]}],"EvitanRelta":[{"date":"2023-03-01","commitResults":[{"hash":"a24f2c9304624accf3ebd06e141da293361e5875","isMergeCommit":false,"messageTitle":"Update \u0027AboutUs\u0027 page \u0026 add skeletal PPP","messageBody":"","fileTypesAndContributionMap":{"docs":{"insertions":193,"deletions":26}}},{"hash":"acb4a30fb9204fb9f84fb79b675023adeddfccfb","isMergeCommit":false,"messageTitle":"Update RepoSense link for all PPP","messageBody":"","fileTypesAndContributionMap":{"docs":{"insertions":5,"deletions":5}}},{"hash":"53d1bb0efcc5c9421a7622dbec62ec9d42b66f88","isMergeCommit":true,"messageTitle":"Merge pull request #21 from EvitanRelta/update-about-us","messageBody":"Update `AboutUs` page \u0026 add skeletal PPP","fileTypesAndContributionMap":{}}]},{"date":"2023-03-02","commitResults":[{"hash":"bcb235358143b21c1ca44fc8fe82350ebfe8be69","isMergeCommit":false,"messageTitle":"Update \u0027README\u0027 badge","messageBody":"","fileTypesAndContributionMap":{"docs":{"insertions":5,"deletions":1}}}]},{"date":"2023-03-06","commitResults":[{"hash":"724f49b414aacd61c2a1d9b26882fec7d38ae54e","isMergeCommit":true,"messageTitle":"Merge branch \u0027master\u0027 into update-dg","messageBody":"","fileTypesAndContributionMap":{}},{"hash":"1058ce0d9e3b48cf4353c3dd4c0f95733badace8","isMergeCommit":false,"messageTitle":"Update \u0027Product scope\u0027 \u0026 \u0027User stories\u0027 to match the info in our Google Doc","messageBody":"","fileTypesAndContributionMap":{"docs":{"insertions":21,"deletions":22}}},{"hash":"1cd4ac565a3c0e111af0742f1dd3dd61a29ec4c9","isMergeCommit":true,"messageTitle":"Merge pull request #36 from alextang809/update-dg","messageBody":"Update product scope, and user stories","fileTypesAndContributionMap":{}},{"hash":"ac6046cc00844edda04360021b41e5a5a6428f69","isMergeCommit":false,"messageTitle":"Update \u0027Use Case\u0027 section in DG","messageBody":"","fileTypesAndContributionMap":{"docs":{"insertions":15,"deletions":12}}},{"hash":"fefde7b8e3e24d397f10d5c9cf4a3d83049c62ee","isMergeCommit":true,"messageTitle":"Merge pull request #37 from EvitanRelta/update-dg-use-case","messageBody":"Update `Use Case` section in DG","fileTypesAndContributionMap":{}},{"hash":"17cab317ccc2d85cc742ea71c9779a6f02259876","isMergeCommit":false,"messageTitle":"Fix notes in \u0027Feature\u0027 section of UG","messageBody":"","fileTypesAndContributionMap":{"docs":{"insertions":14,"deletions":14}}},{"hash":"5a11270cca63c36da161e8385fc9402e9122bc4c","isMergeCommit":false,"messageTitle":"Add more features to UG","messageBody":"","fileTypesAndContributionMap":{"docs":{"insertions":22,"deletions":0}}},{"hash":"63c26d242ff063255a90c72dce6cad1df6d1f03d","isMergeCommit":false,"messageTitle":"Add \u0027Commany sumary\u0027 section to UG","messageBody":"","fileTypesAndContributionMap":{"docs":{"insertions":11,"deletions":0}}},{"hash":"ef3caa6e13cf5eb74fe2cbe50e64b32de91dacc9","isMergeCommit":false,"messageTitle":"Replace ellipsis characters in UG","messageBody":"","fileTypesAndContributionMap":{"docs":{"insertions":3,"deletions":3}}},{"hash":"4165e843c07ea60062f2bbc6df53f725f2f8ae93","isMergeCommit":true,"messageTitle":"Merge pull request #38 from EvitanRelta/update-ug","messageBody":"Add missing features \u0026 `Command summary` section in UG","fileTypesAndContributionMap":{}}]}]},"authorFileTypeContributionMap":{"Sheemo":{"docs":5,"functional-code":0,"test-code":0},"wendy0107":{"docs":0,"functional-code":0,"test-code":0},"Bentimate":{"docs":9,"functional-code":0,"test-code":0},"alextang809":{"docs":2,"functional-code":0,"test-code":0},"EvitanRelta":{"docs":278,"functional-code":0,"test-code":0}},"authorContributionVariance":{"Sheemo":11.805555,"wendy0107":0.0,"Bentimate":68.0,"alextang809":35.469135,"EvitanRelta":3530.9995},"authorDisplayNameMap":{"Sheemo":"CS2103T-W12-2 SZE ..HONG","wendy0107":"CS2103T-W12-2 NG W..N LI","Bentimate":"CS2103T-W12-2 BENN.. JIE","alextang809":"CS2103T-W12-2 TANG..CHUN","EvitanRelta":"CS2103T-W12-2 TAN ..HAUN"}}
