{"authorDailyContributionsMap":{"mynameizzhafeez":[{"date":"2023-02-17","commitResults":[{"hash":"ea57773b564fbd05137bd52c7408b315c92269de","isMergeCommit":false,"messageTitle":"Add getUser() function to AddressBook","messageBody":"","fileTypesAndContributionMap":{"functional-code":{"insertions":27,"deletions":2}}},{"hash":"e807450cc9fcb2cf2c2a5116d2d11bf44788e09e","isMergeCommit":false,"messageTitle":"Update sample data to include user and 100 persons","messageBody":"","fileTypesAndContributionMap":{"functional-code":{"insertions":509,"deletions":18}}},{"hash":"c9a157e8b19ccd91d2f2cef2ca1df2ed82e8c9cb","isMergeCommit":false,"messageTitle":"Update test cases to include user","messageBody":"","fileTypesAndContributionMap":{"test-code":{"insertions":21,"deletions":3}}},{"hash":"593e50a9a5a74379bb7b8d7f91e7ef5ad1d115e6","isMergeCommit":false,"messageTitle":"Update json serialiser to accept user data","messageBody":"","fileTypesAndContributionMap":{"functional-code":{"insertions":6,"deletions":1}}},{"hash":"4d18155fc9d46720cf6441f85986f3c889e4f044","isMergeCommit":true,"messageTitle":"Merge pull request #1 from mynameizzhafeez/user-storage","messageBody":"User storage","fileTypesAndContributionMap":{}},{"hash":"6c9fb61024a6ce097582edfedf58712365a90815","isMergeCommit":true,"messageTitle":"Merge pull request #7 from russelltankaimin/user-profile","messageBody":"Set up User Profile, Group Tags and Module Tags","fileTypesAndContributionMap":{}},{"hash":"f1ce211fb9d93c8d7526235f0e3eb08af19fec8a","isMergeCommit":true,"messageTitle":"Merge branch \u0027user-storage\u0027 into master","messageBody":"","fileTypesAndContributionMap":{}},{"hash":"607717e61095d03b6c931d456b9da7a1647cbd57","isMergeCommit":true,"messageTitle":"Merge remote-tracking branch \u0027origin/master\u0027","messageBody":"","fileTypesAndContributionMap":{}},{"hash":"e10afec352c45b88868cfc249af5d734f892708d","isMergeCommit":false,"messageTitle":"Update storage methods for User Profile","messageBody":"","fileTypesAndContributionMap":{"functional-code":{"insertions":230,"deletions":52}}},{"hash":"d6a896bbe2cdc08ed80be164381fe01891c57065","isMergeCommit":false,"messageTitle":"Update models for User Profile","messageBody":"","fileTypesAndContributionMap":{"functional-code":{"insertions":523,"deletions":27}}},{"hash":"a69be84c3c84d17630dc95e6a2ab30740bdfb9e3","isMergeCommit":false,"messageTitle":"Make small change to PersonCard","messageBody":"","fileTypesAndContributionMap":{"functional-code":{"insertions":2,"deletions":2}}},{"hash":"eedaebe3f1b57b5704f3b9d9ddb5b20a1ce328c0","isMergeCommit":false,"messageTitle":"Update storage tests","messageBody":"","fileTypesAndContributionMap":{"test-code":{"insertions":37,"deletions":11}}},{"hash":"e39e35afa750ec184c34ca9c1a36aef42f07874a","isMergeCommit":false,"messageTitle":"Fix hash values","messageBody":"","fileTypesAndContributionMap":{"functional-code":{"insertions":2,"deletions":1}}},{"hash":"3abfedbfc912b59b9b3e0fc35133b5ffacae0a8a","isMergeCommit":false,"messageTitle":"Rename AddressBook to EduMate on test directory","messageBody":"","fileTypesAndContributionMap":{"other":{"insertions":43,"deletions":43},"test-code":{"insertions":239,"deletions":239}}},{"hash":"2954ce3a3d78a6c305de73298ec3bd30ad98c43a","isMergeCommit":false,"messageTitle":"Rename AddressBook to EduMate on main directory","messageBody":"","fileTypesAndContributionMap":{"functional-code":{"insertions":168,"deletions":168}}},{"hash":"a1ec5e92d0c03ea3845387780f3712f3d19c21cd","isMergeCommit":false,"messageTitle":"Rename AddressBook to EduMate in docs directory","messageBody":"","fileTypesAndContributionMap":{"docs":{"insertions":23,"deletions":23}}},{"hash":"af6d09ef8f06bce16df722a55c9df54fd9f934ea","isMergeCommit":false,"messageTitle":"Rename AddressBook to EduMate in build.gradle file","messageBody":"","fileTypesAndContributionMap":{"other":{"insertions":1,"deletions":1}}},{"hash":"a60d54dd7ca01ca17b74d6642b33bd12bc83aea2","isMergeCommit":false,"messageTitle":"Fix tags CSS","messageBody":"","fileTypesAndContributionMap":{"functional-code":{"insertions":2,"deletions":2}}}]},{"date":"2023-02-18","commitResults":[{"hash":"4b8fcd5c169bb0bbe9d8239f7d88bb210b9cc8c0","isMergeCommit":true,"messageTitle":"Merge pull request #32 from russelltankaimin/person-builder-overhaul","messageBody":"Person class overhaul","fileTypesAndContributionMap":{}}]},{"date":"2023-02-19","commitResults":[{"hash":"ae5651f6aaed12e629b10bdd950cda3d5431e497","isMergeCommit":false,"messageTitle":"Modify and create new test cases","messageBody":"","fileTypesAndContributionMap":{"test-code":{"insertions":297,"deletions":141}}},{"hash":"67872e1f82071d6f7322f5ec4f319df3c7b49d96","isMergeCommit":false,"messageTitle":"Small change to JsonAdaptedUser","messageBody":"","fileTypesAndContributionMap":{"functional-code":{"insertions":0,"deletions":1}}},{"hash":"60b0598f62d956b57b1405ac4243cf760b590996","isMergeCommit":false,"messageTitle":"Fix issues with edit command","messageBody":"","fileTypesAndContributionMap":{"functional-code":{"insertions":3,"deletions":7}}},{"hash":"db3bc26e49fa778fc34980d9759678f883b43d3a","isMergeCommit":false,"messageTitle":"Edit sample data","messageBody":"","fileTypesAndContributionMap":{"functional-code":{"insertions":67,"deletions":721}}},{"hash":"896817aac95a9c27a45f0e19722156467f406721","isMergeCommit":false,"messageTitle":"Implement choice of different sizes for sample EduMate","messageBody":"","fileTypesAndContributionMap":{"functional-code":{"insertions":1,"deletions":1}}},{"hash":"f3384622803c6c684ad4751cfa27b6e4c960fa18","isMergeCommit":false,"messageTitle":"Add blank line to EOF of json file","messageBody":"","fileTypesAndContributionMap":{"test-code":{"insertions":2,"deletions":0}}},{"hash":"cea315334e305284d4a6de99eca229ad57616df3","isMergeCommit":false,"messageTitle":"Create tests for TelegramHandle","messageBody":"","fileTypesAndContributionMap":{"test-code":{"insertions":33,"deletions":1}}},{"hash":"c0ce92185b57e8300227915948c8e42074a39c66","isMergeCommit":false,"messageTitle":"Fix checkstyle on TelegramHandleTest","messageBody":"","fileTypesAndContributionMap":{"test-code":{"insertions":2,"deletions":3}}},{"hash":"050c7cfa4ce05bceb4f66681f10167042df2e803","isMergeCommit":false,"messageTitle":"Update test methods","messageBody":"","fileTypesAndContributionMap":{"test-code":{"insertions":55,"deletions":53}}},{"hash":"f176a0f99cbf9d6b78270d5679d82e04b4acd523","isMergeCommit":false,"messageTitle":"Improve test coverage","messageBody":"","fileTypesAndContributionMap":{"test-code":{"insertions":413,"deletions":302}}},{"hash":"886b369b0a6abebc4cd0d31a6aa0dc87a5039baf","isMergeCommit":false,"messageTitle":"Remove print statements from Edit Command","messageBody":"","fileTypesAndContributionMap":{"functional-code":{"insertions":1,"deletions":3}}},{"hash":"0f8dd17c405f43d3eb30a17343f6ce5dcc1c0caa","isMergeCommit":false,"messageTitle":"Update name change from Bob to Bart","messageBody":"","fileTypesAndContributionMap":{"test-code":{"insertions":16,"deletions":16}}},{"hash":"fe490c6fd25ebbba8852083eede2f50a458aa035","isMergeCommit":false,"messageTitle":"Submit individual deliverables for v1.1","messageBody":"","fileTypesAndContributionMap":{"docs":{"insertions":53,"deletions":2}}},{"hash":"62d8585749a2298855869f090aa874f23961036f","isMergeCommit":true,"messageTitle":"Merge branch \u0027AY2223S2-CS2103T-W14-2:master\u0027 into testing","messageBody":"","fileTypesAndContributionMap":{}},{"hash":"169b4792700cedc15ad266ade62ff88d5658d8a9","isMergeCommit":true,"messageTitle":"Merge branch \u0027deliverables-individual\u0027 of github.com:mynameizzhafeez/tp into deliverables-individual","messageBody":"","fileTypesAndContributionMap":{}},{"hash":"0aef99de45d4c84efa7fdcc8bbdfc1eb7775cfc1","isMergeCommit":false,"messageTitle":"Fix sample data retrieval","messageBody":"","fileTypesAndContributionMap":{"functional-code":{"insertions":8,"deletions":2}}},{"hash":"afa88c6ba3bdf12e0dedfa7dbc5d4939bec6ef06","isMergeCommit":false,"messageTitle":"Fix path for sample data","messageBody":"","fileTypesAndContributionMap":{"functional-code":{"insertions":1,"deletions":1}}},{"hash":"5dd03d2b703a47b732fc6016dd7d73500a59b406","isMergeCommit":false,"messageTitle":"Fix sample data retrieval","messageBody":"","fileTypesAndContributionMap":{"functional-code":{"insertions":4,"deletions":1}}}]},{"date":"2023-02-20","commitResults":[{"hash":"925224674d6930830d1802465c1af8f242af1664","isMergeCommit":true,"messageTitle":"Merge pull request #36 from russelltankaimin/about-us","messageBody":"Add profile picture for v1.1","fileTypesAndContributionMap":{}},{"hash":"b48638dcd8e479560c3ab7c77847a61f9ca2b630","isMergeCommit":true,"messageTitle":"Merge pull request #45 from seanfirefox/master","messageBody":"Submit Sean\u0027s deliverables for v1.1","fileTypesAndContributionMap":{}},{"hash":"66e69ab67a0a7f7c6eb99144423c093edbbc1c9b","isMergeCommit":false,"messageTitle":"Improve test coverage for Group, Module and Telegram","messageBody":"","fileTypesAndContributionMap":{"test-code":{"insertions":69,"deletions":24}}},{"hash":"328e3058349cb50dcd16cdcd12082982073a114c","isMergeCommit":false,"messageTitle":"Implement Edit Command for User Profile","messageBody":"","fileTypesAndContributionMap":{"functional-code":{"insertions":74,"deletions":8},"test-code":{"insertions":1,"deletions":6}}},{"hash":"e5773a9507954fa189a7e2553ef3fd8ccaf1d5e8","isMergeCommit":true,"messageTitle":"Merge branch \u0027master\u0027 into feature-edit-command","messageBody":"","fileTypesAndContributionMap":{}},{"hash":"967398c1709d4fb42d56ab85f5211b272f82e4c3","isMergeCommit":false,"messageTitle":"Fix mismatch user issues","messageBody":"","fileTypesAndContributionMap":{"functional-code":{"insertions":1,"deletions":1}}}]},{"date":"2023-02-21","commitResults":[{"hash":"12547d9c5c98f09dd766f6a45a614eb5e90a907c","isMergeCommit":true,"messageTitle":"Merge pull request #50 from russelltankaimin/feature-user-command","messageBody":"Add UserCommand","fileTypesAndContributionMap":{}},{"hash":"a5bf6b8315a861b0a162e2358f4ffc8bcd742ce6","isMergeCommit":true,"messageTitle":"Merge branch \u0027feature-edit-command\u0027 of github.com:mynameizzhafeez/tp into feature-edit-command","messageBody":"","fileTypesAndContributionMap":{}},{"hash":"a5e18fa22afeaf6a02d3dc57a0d91d928e6292f0","isMergeCommit":false,"messageTitle":"Edit Edit Command","messageBody":"","fileTypesAndContributionMap":{"functional-code":{"insertions":2,"deletions":1}}},{"hash":"8ba3a691e3d69b9c61798ba88bb7d45011baddeb","isMergeCommit":true,"messageTitle":"Merge branch \u0027master\u0027 of github.com:mynameizzhafeez/tp","messageBody":"","fileTypesAndContributionMap":{}},{"hash":"7d1b48217f3ffc0b7c788cfafd517940086f8827","isMergeCommit":true,"messageTitle":"Fix merge conflicts with User","messageBody":"","fileTypesAndContributionMap":{}},{"hash":"3761e056014f85b1ca2457603d3e77a78179cd1c","isMergeCommit":false,"messageTitle":"Modify edit command to edit user information","messageBody":"","fileTypesAndContributionMap":{"functional-code":{"insertions":44,"deletions":33}}},{"hash":"ca0bc5ba7531c262d58ccb3229e1e1411c96877f","isMergeCommit":false,"messageTitle":"Fix user stub to pass AddCommandTest case","messageBody":"","fileTypesAndContributionMap":{"test-code":{"insertions":10,"deletions":0}}},{"hash":"44917dff256aaa65920e5692180fe474e541d072","isMergeCommit":false,"messageTitle":"Update DG for v1.1","messageBody":"","fileTypesAndContributionMap":{"docs":{"insertions":26,"deletions":21}}},{"hash":"af59359d9ae2bf26095bed73cf0d07f46f1138b0","isMergeCommit":false,"messageTitle":"Change EDIT_PERSON to EDIT_USER","messageBody":"","fileTypesAndContributionMap":{"functional-code":{"insertions":1,"deletions":1}}},{"hash":"82ffc03a30d444010d51db53e62bac026aa3e1af","isMergeCommit":false,"messageTitle":"Edit Readme to point CI banners to own project","messageBody":"","fileTypesAndContributionMap":{"docs":{"insertions":16,"deletions":11}}},{"hash":"f4b83251622c29b50d2a47cdaaed694b2f7e385d","isMergeCommit":false,"messageTitle":"Revert \"Edit Readme to point CI banners to own project\"","messageBody":"This reverts commit 82ffc03a30d444010d51db53e62bac026aa3e1af.\n","fileTypesAndContributionMap":{"docs":{"insertions":11,"deletions":16}}},{"hash":"87f8992b9230c941f85134844dff2e3406ebf32d","isMergeCommit":false,"messageTitle":"Update About Us file for v1.1","messageBody":"","fileTypesAndContributionMap":{"docs":{"insertions":43,"deletions":39}}},{"hash":"3bc25fdcb825914b95400ed8988ebe7fde8c5c34","isMergeCommit":true,"messageTitle":"Merge pull request #58 from zichen-3974/branch-GUI","messageBody":"Add User Profile Window","fileTypesAndContributionMap":{}},{"hash":"ecf9ade7a64f488575655678e56568ddfc7a7aa8","isMergeCommit":true,"messageTitle":"Conclude merge","messageBody":"","fileTypesAndContributionMap":{}},{"hash":"4aec85734d9117343f1690587b219e548c08a645","isMergeCommit":false,"messageTitle":"Update use cases in DG","messageBody":"","fileTypesAndContributionMap":{"docs":{"insertions":194,"deletions":37}}}]},{"date":"2023-02-22","commitResults":[{"hash":"1a8b7b92da65c5462fde1675cf8c17fa67b520a5","isMergeCommit":false,"messageTitle":"Remove debug statement","messageBody":"","fileTypesAndContributionMap":{"functional-code":{"insertions":0,"deletions":1}}},{"hash":"31268883ac0e4d81b15ef69e119c034810572270","isMergeCommit":true,"messageTitle":"Merge branch \u0027AY2223S2-CS2103T-W14-2:master\u0027 into doc-dev-guide","messageBody":"","fileTypesAndContributionMap":{}},{"hash":"0b33ca21c281b2c7ae4ac1aa21ecbc2f8709b66c","isMergeCommit":true,"messageTitle":"Merge branch \u0027AY2223S2-CS2103T-W14-2:master\u0027 into doc-about-us","messageBody":"","fileTypesAndContributionMap":{}},{"hash":"5b7f546ffe3fb313557d00f2ee73f0206d3acf54","isMergeCommit":true,"messageTitle":"Merge pull request #60 from seanfirefox/fix-docs","messageBody":"Fix GitHub link in About Us Page for v1.1","fileTypesAndContributionMap":{}},{"hash":"81d220edf710971b4557f44fd48bac7e20eb24f3","isMergeCommit":true,"messageTitle":"Merge branch \u0027master\u0027 of github.com:mynameizzhafeez/tp","messageBody":"","fileTypesAndContributionMap":{}},{"hash":"9827e9e50524c2ce2aa78a02c047b644a557f2d2","isMergeCommit":false,"messageTitle":"Implement Sample Command","messageBody":"","fileTypesAndContributionMap":{"functional-code":{"insertions":118,"deletions":28}}},{"hash":"e3dc58b215dd0774e2ce9e9d6021cebb4df25c47","isMergeCommit":false,"messageTitle":"Fix sample command","messageBody":"","fileTypesAndContributionMap":{"test-code":{"insertions":11,"deletions":0}}}]},{"date":"2023-02-23","commitResults":[{"hash":"583456c31910a2b64fe6993734c9625e7560cfad","isMergeCommit":false,"messageTitle":"Improve test coverage","messageBody":"","fileTypesAndContributionMap":{"functional-code":{"insertions":3,"deletions":1},"test-code":{"insertions":642,"deletions":29}}},{"hash":"47de178bb7d8922ea94e9e3d2761736a4fdae36d","isMergeCommit":false,"messageTitle":"Reduce code duplication in test cases","messageBody":"","fileTypesAndContributionMap":{"test-code":{"insertions":59,"deletions":64}}}]},{"date":"2023-02-24","commitResults":[{"hash":"b7c5f77dc3ba4097be3ba9dbfeb2213c9a52aae4","isMergeCommit":false,"messageTitle":"Improve test coverage and remove duplicated code","messageBody":"","fileTypesAndContributionMap":{"test-code":{"insertions":99,"deletions":52}}}]},{"date":"2023-02-25","commitResults":[{"hash":"c7a4e637ca2af621b315f5635367ee25c3e6f5a9","isMergeCommit":true,"messageTitle":"Merge pull request #62 from seanfirefox/feature-FindCommand","messageBody":"Extend find command to search via other fields for v1.2","fileTypesAndContributionMap":{}},{"hash":"9b3365f68215df41cf5595eb82cf2a153d53fce0","isMergeCommit":true,"messageTitle":"Merge branch \u0027master\u0027 into testing","messageBody":"","fileTypesAndContributionMap":{}},{"hash":"348358700c410f3c35c4007fb96209075d0fff45","isMergeCommit":true,"messageTitle":"Merge branch \u0027master\u0027 of github.com:mynameizzhafeez/tp","messageBody":"","fileTypesAndContributionMap":{}},{"hash":"61489f95625d88ed8bce47a3c8642d046c17092f","isMergeCommit":true,"messageTitle":"Fix merge conflict with UserStub","messageBody":"","fileTypesAndContributionMap":{}},{"hash":"5ff0f1540ee5342caea62053113db121def2e860","isMergeCommit":true,"messageTitle":"Merge branch \u0027feature-sample-command\u0027 of github.com:mynameizzhafeez/tp into feature-sample-command","messageBody":"","fileTypesAndContributionMap":{}}]},{"date":"2023-02-26","commitResults":[{"hash":"62b95b8501f1b885fa6be7383d3cf842d70867c8","isMergeCommit":false,"messageTitle":"Implement Sample Command","messageBody":"","fileTypesAndContributionMap":{"functional-code":{"insertions":47,"deletions":16},"test-code":{"insertions":286,"deletions":5}}}]},{"date":"2023-02-27","commitResults":[{"hash":"8141b03f1d4735a54c0eb0358102a9be15cb21a7","isMergeCommit":false,"messageTitle":"Implement sort command","messageBody":"","fileTypesAndContributionMap":{"functional-code":{"insertions":455,"deletions":184},"test-code":{"insertions":16,"deletions":80}}},{"hash":"b19a6076b1543dd70e51a9acc72341fc2c63b829","isMergeCommit":true,"messageTitle":"Fix merge conflicts","messageBody":"","fileTypesAndContributionMap":{}},{"hash":"bdc6c9b01490037685ca059a2d455ec00413a2ed","isMergeCommit":false,"messageTitle":"Uninherit ModuleTagSet and GroupTagSet from Set","messageBody":"","fileTypesAndContributionMap":{"functional-code":{"insertions":162,"deletions":33}}},{"hash":"62e7d8379168d5f24517c94f83e908de0d153c4d","isMergeCommit":true,"messageTitle":"Merge branch \u0027AY2223S2-CS2103T-W14-2:master\u0027 into feature-sort-command","messageBody":"","fileTypesAndContributionMap":{}},{"hash":"7994b9ab4c493e707c870f182daae9bf3c9b90c5","isMergeCommit":true,"messageTitle":"Merge branch \u0027feature-sort-command\u0027 of github.com:mynameizzhafeez/tp into feature-sort-command","messageBody":"","fileTypesAndContributionMap":{}}]},{"date":"2023-03-05","commitResults":[{"hash":"d11c0d8f89444a977739d7caf92aa76d41710dfd","isMergeCommit":false,"messageTitle":"Refactor Prefix into Enum","messageBody":"","fileTypesAndContributionMap":{"functional-code":{"insertions":287,"deletions":226},"test-code":{"insertions":528,"deletions":159}}},{"hash":"333140680a22f5c4a7440549b13c1d84160b8199","isMergeCommit":false,"messageTitle":"Fix checkstyle errors","messageBody":"","fileTypesAndContributionMap":{"functional-code":{"insertions":39,"deletions":29},"test-code":{"insertions":11,"deletions":17}}},{"hash":"20557a3665bffdf4dbd2579fffc333fb94d38c1a","isMergeCommit":false,"messageTitle":"Remove debug statements","messageBody":"","fileTypesAndContributionMap":{"functional-code":{"insertions":0,"deletions":4}}},{"hash":"71ad3d1689c17b8d69eeadd91863f5fa190b46a8","isMergeCommit":false,"messageTitle":"Update UML diagrams","messageBody":"","fileTypesAndContributionMap":{"docs":{"insertions":638,"deletions":161}}},{"hash":"bebded3bdc5c820735d4d7ff1763cabeb775a1a2","isMergeCommit":false,"messageTitle":"Restructure Developer Guide","messageBody":"","fileTypesAndContributionMap":{"docs":{"insertions":440,"deletions":251}}},{"hash":"2a11df1b9db127a2c02ca4d4d99b1ee560dbd879","isMergeCommit":false,"messageTitle":"Rename AddressBook to EduMate in Sequence Diagram","messageBody":"","fileTypesAndContributionMap":{"docs":{"insertions":1,"deletions":1}}}]},{"date":"2023-03-06","commitResults":[{"hash":"9cf0126ffe770c9566628d5e252880f34ad6ee56","isMergeCommit":false,"messageTitle":"Resolve EOF issues","messageBody":"","fileTypesAndContributionMap":{"docs":{"insertions":5,"deletions":5}}},{"hash":"67033d34a04f2323100de275f824282a7ef13788","isMergeCommit":true,"messageTitle":"Merge pull request #78 from zichen-3974/branch-user-profile","messageBody":"Update GUI","fileTypesAndContributionMap":{}},{"hash":"f81cc00d058f5cb1a3e6634b700fc6356e08c1a2","isMergeCommit":true,"messageTitle":"Merge branch \u0027feature-sort-command\u0027 of github.com:mynameizzhafeez/tp into doc-dev-guide","messageBody":"","fileTypesAndContributionMap":{}},{"hash":"fecdf6cedc3b3326e0104f091aef35896973ae1f","isMergeCommit":true,"messageTitle":"Merge UI branch to feature-sort-command","messageBody":"","fileTypesAndContributionMap":{}},{"hash":"90db15e0dd1f3a38748e4e675343d4d4a947c461","isMergeCommit":false,"messageTitle":"Modify add command to update common modules","messageBody":"","fileTypesAndContributionMap":{"functional-code":{"insertions":9,"deletions":0}}},{"hash":"948ac824e771e70b5e1ccf54b310a46ab6b46bb7","isMergeCommit":false,"messageTitle":"Modify edit command to update common modules","messageBody":"","fileTypesAndContributionMap":{"functional-code":{"insertions":13,"deletions":0}}},{"hash":"424de24dea68e732829bf414f8856c384eab9ce5","isMergeCommit":false,"messageTitle":"Modify EduMate Json to update common modules","messageBody":"","fileTypesAndContributionMap":{"functional-code":{"insertions":9,"deletions":1}}},{"hash":"a337cbf7b8ff0b35622ee1db2f70ab7322f1e86e","isMergeCommit":false,"messageTitle":"Modify PersonCard to use common modules","messageBody":"","fileTypesAndContributionMap":{"functional-code":{"insertions":6,"deletions":5}}},{"hash":"ab74435e3409d2268034bdde49973ddc4d18c5fa","isMergeCommit":false,"messageTitle":"Fix checkstyle","messageBody":"","fileTypesAndContributionMap":{"functional-code":{"insertions":2,"deletions":2}}},{"hash":"a00318e0ccfbc141c34e18b992902aa8cda9b1ed","isMergeCommit":true,"messageTitle":"Fix merge conflicts","messageBody":"","fileTypesAndContributionMap":{}}]},{"date":"2023-03-07","commitResults":[{"hash":"a56aa234b4e809bc0ad573d54ac7b079ead41e09","isMergeCommit":false,"messageTitle":"Fix issue with AddCommandTest ModelStub","messageBody":"","fileTypesAndContributionMap":{"test-code":{"insertions":3,"deletions":1}}},{"hash":"ff0a12a9b9081b9d0d488a2e2377a8ad65e0c3dc","isMergeCommit":false,"messageTitle":"Fix issues with test cases in Sample Command","messageBody":"","fileTypesAndContributionMap":{"functional-code":{"insertions":66,"deletions":23},"test-code":{"insertions":3,"deletions":4}}},{"hash":"70eb32b6ee469b6eb83001f10c417fe6d60853aa","isMergeCommit":true,"messageTitle":"Merge branch \u0027AY2223S2-CS2103T-W14-2:master\u0027 into doc-dev-guide","messageBody":"","fileTypesAndContributionMap":{}},{"hash":"08cbab317b35acb5b910b8b40bbdee01c145d60d","isMergeCommit":false,"messageTitle":"Fix Developer Guide emojis and diagrams","messageBody":"","fileTypesAndContributionMap":{"docs":{"insertions":18,"deletions":18}}},{"hash":"1fdff9204e16a81a709f1c0c955dcf4caacaaba8","isMergeCommit":true,"messageTitle":"Merge branch \u0027doc-dev-guide\u0027 of github.com:mynameizzhafeez/tp into doc-dev-guide","messageBody":"","fileTypesAndContributionMap":{}},{"hash":"41e9b7906189778a0b4f93d3251e8aa5986b034b","isMergeCommit":false,"messageTitle":"Edit Developer Guide to center images","messageBody":"","fileTypesAndContributionMap":{"docs":{"insertions":184,"deletions":43}}},{"hash":"78578f497e9abb97d737a965e0d8d9033e42c676","isMergeCommit":false,"messageTitle":"Fix alignment issues","messageBody":"","fileTypesAndContributionMap":{"docs":{"insertions":11,"deletions":21}}},{"hash":"090d1e8bb928efeac17a0f4c441519dcb3326eea","isMergeCommit":false,"messageTitle":"Fix alignment issues","messageBody":"","fileTypesAndContributionMap":{"docs":{"insertions":27,"deletions":27}}},{"hash":"670017d2e88324df568f2d94fa4e5dc41b0bc3f6","isMergeCommit":false,"messageTitle":"Fix code blocks","messageBody":"","fileTypesAndContributionMap":{"docs":{"insertions":8,"deletions":8}}},{"hash":"8d15da8a1c8a3bc07830d74f2317f1704d76abaa","isMergeCommit":false,"messageTitle":"Fix code blocks","messageBody":"","fileTypesAndContributionMap":{"docs":{"insertions":8,"deletions":8}}},{"hash":"349f9a92f38918b1270d66357276c00ab8ae92aa","isMergeCommit":false,"messageTitle":"Fix alignment issues","messageBody":"","fileTypesAndContributionMap":{"docs":{"insertions":44,"deletions":174}}},{"hash":"bbe4392080edf49f0d2cedad7e670823536bcc9b","isMergeCommit":false,"messageTitle":"Change emoji","messageBody":"","fileTypesAndContributionMap":{"docs":{"insertions":10,"deletions":10}}},{"hash":"f56115f67a3753811a19d3c0ff8ce21f4fd1082e","isMergeCommit":false,"messageTitle":"Fix 4.1.1 and 4.1.3 diagrams","messageBody":"","fileTypesAndContributionMap":{"docs":{"insertions":4,"deletions":4}}},{"hash":"0a9718f989742a233da8d99d0e8b0db5930f4dc8","isMergeCommit":false,"messageTitle":"Remove unnecessary diagram","messageBody":"","fileTypesAndContributionMap":{"docs":{"insertions":0,"deletions":10}}}]},{"date":"2023-03-08","commitResults":[{"hash":"765aa5c86c274a943528e22b5742436c4e6e3436","isMergeCommit":false,"messageTitle":"Set attributes as private access","messageBody":"","fileTypesAndContributionMap":{"functional-code":{"insertions":59,"deletions":24}}},{"hash":"89f272ce7d027add4c4274993e258230250c6a30","isMergeCommit":false,"messageTitle":"Set attributes as private access","messageBody":"","fileTypesAndContributionMap":{"test-code":{"insertions":16,"deletions":16}}},{"hash":"41460e09ec6ffd48d6bd8e9f075783e8e1247a14","isMergeCommit":true,"messageTitle":"Merge pull request #76 from mynameizzhafeez/feature-sort-command","messageBody":"Implement Sort Command","fileTypesAndContributionMap":{}},{"hash":"63db1e83c03d29c0ef485a3d34b10d09c9778b9e","isMergeCommit":true,"messageTitle":"Merge branch \u0027AY2223S2-CS2103T-W14-2:master\u0027 into doc-dev-guide","messageBody":"","fileTypesAndContributionMap":{}},{"hash":"9120bd7290edd154f08352203ac383459a63be95","isMergeCommit":true,"messageTitle":"Fix merge conflicts","messageBody":"","fileTypesAndContributionMap":{}}]},{"date":"2023-03-10","commitResults":[{"hash":"275e43d191b0809405ce0f5ceca5d3086cef5fea","isMergeCommit":true,"messageTitle":"Merge pull request #82 from russelltankaimin/feature-view-command","messageBody":"View Command","fileTypesAndContributionMap":{}}]},{"date":"2023-03-11","commitResults":[{"hash":"79873a348c699c465318e759083dec157d4ca037","isMergeCommit":false,"messageTitle":"Implement Meet Command","messageBody":"","fileTypesAndContributionMap":{"functional-code":{"insertions":445,"deletions":22},"test-code":{"insertions":2,"deletions":2}}},{"hash":"13e52747f9677d7d9d09830961d92d9d2ed4f2ca","isMergeCommit":false,"messageTitle":"Improve Meet Command","messageBody":"","fileTypesAndContributionMap":{"functional-code":{"insertions":227,"deletions":73}}},{"hash":"d82ca57adbdb4865838fb8dbff7c9a1efc358b48","isMergeCommit":true,"messageTitle":"Fix merge conflicts","messageBody":"","fileTypesAndContributionMap":{}}]},{"date":"2023-03-12","commitResults":[{"hash":"6743b45e9bb49cacfe74148cc37f70251da5be07","isMergeCommit":false,"messageTitle":"Write test cases for Meet Command","messageBody":"","fileTypesAndContributionMap":{"functional-code":{"insertions":67,"deletions":108},"test-code":{"insertions":323,"deletions":79}}},{"hash":"a3500d62d80f62c759ba90941377855e9bf1dccd","isMergeCommit":false,"messageTitle":"Fix checkstyle","messageBody":"","fileTypesAndContributionMap":{"functional-code":{"insertions":0,"deletions":2},"test-code":{"insertions":15,"deletions":18}}},{"hash":"c44c36320f7571044d97a9fc6bd261e32599ae5f","isMergeCommit":false,"messageTitle":"Remove debug statements","messageBody":"","fileTypesAndContributionMap":{"functional-code":{"insertions":0,"deletions":4}}},{"hash":"6a43b78c38be7dd24f2f2d4f51ebf714e20bec25","isMergeCommit":false,"messageTitle":"Separate MeetType into its own file","messageBody":"","fileTypesAndContributionMap":{"functional-code":{"insertions":18,"deletions":16},"test-code":{"insertions":3,"deletions":3}}},{"hash":"b2cb9460101d0b0d8ada7543737580dbb2a4b203","isMergeCommit":false,"messageTitle":"Fix EOF","messageBody":"","fileTypesAndContributionMap":{"functional-code":{"insertions":4,"deletions":2}}},{"hash":"80c8797ba94b617a9496a70622f41194fdb2ac52","isMergeCommit":false,"messageTitle":"Fix redundant import","messageBody":"","fileTypesAndContributionMap":{"functional-code":{"insertions":0,"deletions":1}}},{"hash":"193677eb87c283505901bcd15330b29dba19be1b","isMergeCommit":true,"messageTitle":"Merge pull request #118 from russelltankaimin/feature-view-command","messageBody":"Tests for View Command","fileTypesAndContributionMap":{}},{"hash":"bc10d36f5b78e98cae36a7fcb934a75a111050cb","isMergeCommit":true,"messageTitle":"Merge pull request #121 from russelltankaimin/deprecate-user-command","messageBody":"Deprecate User command","fileTypesAndContributionMap":{}},{"hash":"6e5a6567e523a4e147c88b1eb8203ab36db60498","isMergeCommit":true,"messageTitle":"Fix merge conflicts","messageBody":"","fileTypesAndContributionMap":{}},{"hash":"647a35c73c1ee0ebcde0b49b1558c699c4b0b43e","isMergeCommit":true,"messageTitle":"Fix merge conflicts","messageBody":"","fileTypesAndContributionMap":{}},{"hash":"042721a0c5fb94cf4ad4309d8fabb8d8f36e6f84","isMergeCommit":false,"messageTitle":"Fix test cases","messageBody":"","fileTypesAndContributionMap":{"test-code":{"insertions":4,"deletions":4}}},{"hash":"aa758261885fe3a9cf442d889aeff4b8d763f2a1","isMergeCommit":false,"messageTitle":"Improve test coverage","messageBody":"","fileTypesAndContributionMap":{"functional-code":{"insertions":8,"deletions":5},"test-code":{"insertions":279,"deletions":2}}}]},{"date":"2023-03-13","commitResults":[{"hash":"e5d22441fb499c32bb3467fc5f0d5667a5e276b2","isMergeCommit":false,"messageTitle":"Edit sample data","messageBody":"","fileTypesAndContributionMap":{"test-code":{"insertions":8,"deletions":8}}},{"hash":"7fd8d601f22bcf548c90c046f0750e9fc805bfb2","isMergeCommit":true,"messageTitle":"Merge pull request #123 from seanfirefox/docs-DG","messageBody":"Restructure Developer Guide","fileTypesAndContributionMap":{}}]},{"date":"2023-03-14","commitResults":[{"hash":"38ac8b64dfd32ca13762f8ee528763d8255b9d70","isMergeCommit":true,"messageTitle":"Merge branch \u0027AY2223S2-CS2103T-W14-2:master\u0027 into feature-sample-command","messageBody":"","fileTypesAndContributionMap":{}},{"hash":"3023cbf2f33d16f9f4f2da02f3814fe1f787871e","isMergeCommit":false,"messageTitle":"Add check for sample size exceeding 100","messageBody":"","fileTypesAndContributionMap":{"functional-code":{"insertions":2,"deletions":2},"test-code":{"insertions":6,"deletions":0}}},{"hash":"40a83c2fca41ffee94e596ad91cdb1c9367d06b0","isMergeCommit":true,"messageTitle":"Fix merge conflicts","messageBody":"","fileTypesAndContributionMap":{}},{"hash":"bacc4cf593613b60370bb527e4806b8774ccfc04","isMergeCommit":true,"messageTitle":"Merge pull request #124 from russelltankaimin/fix-sort-command","messageBody":"Fix sort command by introducing Contact Index","fileTypesAndContributionMap":{}},{"hash":"9450be5eaa3aa60de436e30d598021fb6f3ba846","isMergeCommit":true,"messageTitle":"Fix merge conflict","messageBody":"","fileTypesAndContributionMap":{}},{"hash":"5ba1a75c712fb901870913ef1feefc3174835214","isMergeCommit":true,"messageTitle":"Fix merge conflicts caused by Kenny","messageBody":"","fileTypesAndContributionMap":{}},{"hash":"391459d008bfff96152da1c9f843474181103d8a","isMergeCommit":false,"messageTitle":"Fix broken code","messageBody":"","fileTypesAndContributionMap":{"functional-code":{"insertions":22,"deletions":28}}}]},{"date":"2023-03-15","commitResults":[{"hash":"e3325de9793e96a5737ded616c292dca512cde9b","isMergeCommit":false,"messageTitle":"Fix issue with view command","messageBody":"","fileTypesAndContributionMap":{"functional-code":{"insertions":15,"deletions":12}}},{"hash":"8fb5a33360f200215e19c3badb92b67463fe8dc0","isMergeCommit":false,"messageTitle":"Fix sample data util randomiser","messageBody":"","fileTypesAndContributionMap":{"functional-code":{"insertions":11,"deletions":6}}}]},{"date":"2023-03-16","commitResults":[{"hash":"bedd813ea3db7e73c1539d56add2ec8b1cb135f0","isMergeCommit":true,"messageTitle":"Merge pull request #134 from russelltankaimin/test-contact-index","messageBody":"Tests for ContactIndex changes","fileTypesAndContributionMap":{}}]},{"date":"2023-03-18","commitResults":[{"hash":"8269821a6dcfbb59c937f32de914292d59375093","isMergeCommit":false,"messageTitle":"Modify SortCommand to sort by index by default","messageBody":"","fileTypesAndContributionMap":{"functional-code":{"insertions":3,"deletions":10},"test-code":{"insertions":1,"deletions":1}}},{"hash":"d1803332921a61c65d36801f248524f137e166f7","isMergeCommit":false,"messageTitle":"Rework ContactIndex","messageBody":"","fileTypesAndContributionMap":{"functional-code":{"insertions":59,"deletions":10},"test-code":{"insertions":87,"deletions":2}}},{"hash":"d7a8643d2566b454e393beb96456cac14f3f168d","isMergeCommit":false,"messageTitle":"Allow for sorting of filteredList","messageBody":"","fileTypesAndContributionMap":{"functional-code":{"insertions":70,"deletions":46},"test-code":{"insertions":57,"deletions":45}}}]},{"date":"2023-03-19","commitResults":[{"hash":"fdaae4ae1a3c299db6fca966160070d4a37394b1","isMergeCommit":false,"messageTitle":"Fix checkstyle","messageBody":"","fileTypesAndContributionMap":{"functional-code":{"insertions":3,"deletions":8},"test-code":{"insertions":1,"deletions":0}}},{"hash":"5761e718443ab8001cd725ceca673aff4f6d8212","isMergeCommit":true,"messageTitle":"Merge pull request #146 from zichen-3974/branch-Sidebar","messageBody":"Add TOC as sidebar to UG, DG","fileTypesAndContributionMap":{}}]},{"date":"2023-03-20","commitResults":[{"hash":"f8f6d36783c41c3246df1a00206122dc4ec5a11c","isMergeCommit":false,"messageTitle":"Remove Reindex Command","messageBody":"","fileTypesAndContributionMap":{"functional-code":{"insertions":0,"deletions":47},"test-code":{"insertions":0,"deletions":79}}}]}],"russelltankaimin":[{"date":"2023-02-17","commitResults":[{"hash":"c390e169ba66cf8649ab8dd6f6cb494ad03c407d","isMergeCommit":false,"messageTitle":"Add Tag as abstract class and create new Group and Module Tag","messageBody":"","fileTypesAndContributionMap":{"functional-code":{"insertions":126,"deletions":35},"other":{"insertions":0,"deletions":0}}},{"hash":"5c9b5ff5e7a6e39ca2269b984f3202411b706778","isMergeCommit":false,"messageTitle":"Refactor code for New tagging format","messageBody":"","fileTypesAndContributionMap":{"functional-code":{"insertions":72,"deletions":72},"test-code":{"insertions":41,"deletions":40}}},{"hash":"68a88afccc3899ff1dd5c5ac8661b6bd2a6ee623","isMergeCommit":false,"messageTitle":"Adapt checkstyle","messageBody":"","fileTypesAndContributionMap":{"other":{"insertions":9,"deletions":9}}},{"hash":"71462ae4c9c26cce08339d5bbf8a190a96093a76","isMergeCommit":false,"messageTitle":"Add new User class and TelegramHandle data class","messageBody":"","fileTypesAndContributionMap":{"functional-code":{"insertions":118,"deletions":2},"docs":{"insertions":2,"deletions":2}}},{"hash":"132fba6a5adf8942eaeaf983ba68ee570a2c55fb","isMergeCommit":false,"messageTitle":"Add newline at EOF","messageBody":"","fileTypesAndContributionMap":{"other":{"insertions":1,"deletions":1}}}]},{"date":"2023-02-18","commitResults":[{"hash":"ccfa9f7a72a1a71503945fc96621855c8e4c518f","isMergeCommit":true,"messageTitle":"Merge pull request #14 from mynameizzhafeez/addressbook-rename-to-edumate","messageBody":"AddressBook rename to EduMate","fileTypesAndContributionMap":{}},{"hash":"06a78f8ef9efcea7f661d9277fc449c8b4ffaec7","isMergeCommit":false,"messageTitle":"Improve string representation of EduMate","messageBody":"","fileTypesAndContributionMap":{"functional-code":{"insertions":1,"deletions":2},"test-code":{"insertions":4,"deletions":0}}},{"hash":"fe89a139f0edc201377389479d3b3b30223b4b49","isMergeCommit":false,"messageTitle":"Add Singleton User Class","messageBody":"","fileTypesAndContributionMap":{"functional-code":{"insertions":42,"deletions":26}}},{"hash":"f09ddc876dab71328cf71587b05dfe4154cd5676","isMergeCommit":false,"messageTitle":"Create User Stub for testing","messageBody":"","fileTypesAndContributionMap":{"test-code":{"insertions":223,"deletions":58}}},{"hash":"8dac705dfa8a3db2554f29b5096fbaab5ff25326","isMergeCommit":false,"messageTitle":"Refactor Person to have TelegramHandle and ModuleTags and GroupTags","messageBody":"","fileTypesAndContributionMap":{"functional-code":{"insertions":513,"deletions":174},"test-code":{"insertions":162,"deletions":107}}}]},{"date":"2023-02-19","commitResults":[{"hash":"16ba4cc610d1d23c74565cc88cf9b8ae83008f60","isMergeCommit":true,"messageTitle":"Merge pull request #33 from mynameizzhafeez/testing","messageBody":"Create Test Cases for New Attributes","fileTypesAndContributionMap":{}},{"hash":"9790e0055b4547acb20175422e5a8e9f61f03433","isMergeCommit":false,"messageTitle":"Add Russell\u0027s project portfolio page","messageBody":"","fileTypesAndContributionMap":{"docs":{"insertions":43,"deletions":46}}}]},{"date":"2023-02-20","commitResults":[{"hash":"4444d8859d6052486a923bee4e2d3db8d3694726","isMergeCommit":false,"messageTitle":"Add getter method for User","messageBody":"","fileTypesAndContributionMap":{"functional-code":{"insertions":12,"deletions":5}}},{"hash":"4ddc46abfb2c73094a7e7cfe4bc5b6df01c1d6f6","isMergeCommit":false,"messageTitle":"Add UserCommand class","messageBody":"","fileTypesAndContributionMap":{"functional-code":{"insertions":38,"deletions":0}}},{"hash":"e591a2be2ac7780ad1a421e6455f98b511a2baaa","isMergeCommit":false,"messageTitle":"Include UserCommand to parser","messageBody":"","fileTypesAndContributionMap":{"functional-code":{"insertions":4,"deletions":0}}},{"hash":"66ca9dae3e54f5601161949ada3fb433af322d8c","isMergeCommit":true,"messageTitle":"Merge pull request #40 from mynameizzhafeez/testing","messageBody":"Fix Sample Data Retrieval Bug","fileTypesAndContributionMap":{}},{"hash":"07652f1a84634d30148527481e7991b1d93c6103","isMergeCommit":true,"messageTitle":"Merge branch \u0027AY2223S2-CS2103T-W14-2:master\u0027 into feature-user-command","messageBody":"","fileTypesAndContributionMap":{}},{"hash":"405eaba5740765233a45c5018220b748c15a04cf","isMergeCommit":false,"messageTitle":"Rename user variable to adhere to coding style","messageBody":"","fileTypesAndContributionMap":{"functional-code":{"insertions":7,"deletions":11}}},{"hash":"f72635031948036c7d499543da7fae29ebcc3041","isMergeCommit":false,"messageTitle":"Fix test cases to resolve differences in User and UserStub","messageBody":"","fileTypesAndContributionMap":{"functional-code":{"insertions":1,"deletions":1},"test-code":{"insertions":28,"deletions":5}}},{"hash":"a7eea9ae1beb896d1e38de8f39de360a852d8089","isMergeCommit":false,"messageTitle":"Revert toString for User","messageBody":"","fileTypesAndContributionMap":{"functional-code":{"insertions":7,"deletions":2}}}]},{"date":"2023-02-24","commitResults":[{"hash":"74c4ee3bdd2cb5e898d4869cb9ad459a6dec576f","isMergeCommit":true,"messageTitle":"Merge pull request #66 from zichen-3974/branch-docs","messageBody":"Submit Zichen\u0027s deliverables for v1.1","fileTypesAndContributionMap":{}},{"hash":"1b9341bd4c727392b81ede025d6d64cd72015678","isMergeCommit":false,"messageTitle":"Modify User to be non-singleton","messageBody":"","fileTypesAndContributionMap":{"functional-code":{"insertions":1,"deletions":15}}},{"hash":"68d4105d666804144b21b0b8b14d4e07005a025d","isMergeCommit":false,"messageTitle":"Modify logic usage for User","messageBody":"","fileTypesAndContributionMap":{"functional-code":{"insertions":14,"deletions":8}}},{"hash":"9061c0643123ff96fd64934863557d2a0604ae43","isMergeCommit":false,"messageTitle":"Refactor user methods","messageBody":"","fileTypesAndContributionMap":{"functional-code":{"insertions":1,"deletions":1}}},{"hash":"079cf63116e263963afd840abd7cab5b3b193d7f","isMergeCommit":false,"messageTitle":"Adapt UI to take display User as a non-singleton","messageBody":"","fileTypesAndContributionMap":{"functional-code":{"insertions":10,"deletions":8}}},{"hash":"c54f93684dbe4714b438982a6d92e9c6b68f4d72","isMergeCommit":false,"messageTitle":"Remove User stub and update usage of User methods","messageBody":"","fileTypesAndContributionMap":{"test-code":{"insertions":3,"deletions":83}}}]},{"date":"2023-02-26","commitResults":[{"hash":"fc0ecf1990a52d3b8febc337e7ff6dfbaeee1c62","isMergeCommit":true,"messageTitle":"Merge pull request #63 from mynameizzhafeez/testing","messageBody":"Improve Test Coverage for New v1.2 Features","fileTypesAndContributionMap":{}}]},{"date":"2023-03-08","commitResults":[{"hash":"1bd681c0b39290d5c2e846d2970bc1a28bdfc635","isMergeCommit":false,"messageTitle":"Add index prefix to eduMate","messageBody":"","fileTypesAndContributionMap":{"functional-code":{"insertions":5,"deletions":1}}},{"hash":"3b7809c055e1117d3d1c5521b00ad526b474b42b","isMergeCommit":false,"messageTitle":"Add view command","messageBody":"","fileTypesAndContributionMap":{"functional-code":{"insertions":148,"deletions":2}}},{"hash":"c06dfaf85fa7c99f54e6ef2dbbaf25c8d4109d55","isMergeCommit":false,"messageTitle":"Allow User Profile Panel to show profile of person via View Command","messageBody":"","fileTypesAndContributionMap":{"functional-code":{"insertions":32,"deletions":4}}},{"hash":"8c6ae3a81a1daa2faf91531b2d7a36c2b53dd1b0","isMergeCommit":false,"messageTitle":"Resolve checkstyle issues with View Command","messageBody":"","fileTypesAndContributionMap":{"functional-code":{"insertions":41,"deletions":10}}},{"hash":"6d02b51c67c19e1140087f95877c90d9c5c77815","isMergeCommit":true,"messageTitle":"Resolve merge conflicts","messageBody":"","fileTypesAndContributionMap":{}},{"hash":"a2edce22eb6e5092b84bbec8f7ebca2fe27d9428","isMergeCommit":false,"messageTitle":"Remove index prefix","messageBody":"","fileTypesAndContributionMap":{"functional-code":{"insertions":6,"deletions":6}}},{"hash":"edb3878140b1785666907ffc16f76d149aa419da","isMergeCommit":false,"messageTitle":"Add documentation for View Command in User guide","messageBody":"","fileTypesAndContributionMap":{"docs":{"insertions":36,"deletions":12}}}]},{"date":"2023-03-09","commitResults":[{"hash":"e2e3f66713503a81fedac1133e0d79122820bec5","isMergeCommit":false,"messageTitle":"Using Optional for Person","messageBody":"","fileTypesAndContributionMap":{"functional-code":{"insertions":13,"deletions":22}}},{"hash":"8c98007f69ca4a5666a811b95fda0aec6c505cf4","isMergeCommit":false,"messageTitle":"Remove redundant methods","messageBody":"","fileTypesAndContributionMap":{"functional-code":{"insertions":2,"deletions":10}}},{"hash":"a36305a604aa4edaef57c76b677b2fd5674ec1be","isMergeCommit":false,"messageTitle":"Remove redundant imports","messageBody":"","fileTypesAndContributionMap":{"functional-code":{"insertions":0,"deletions":2}}},{"hash":"eca095a1f4b08f675adbbe8e50e960d4ec6ac231","isMergeCommit":false,"messageTitle":"Rename arguments to standardise with other commands","messageBody":"","fileTypesAndContributionMap":{"functional-code":{"insertions":4,"deletions":4}}},{"hash":"3ac80cffe300d0a00804d56cdaff389ecddd679d","isMergeCommit":false,"messageTitle":"Incorporate more Optionals into View and its parser","messageBody":"","fileTypesAndContributionMap":{"functional-code":{"insertions":16,"deletions":35}}}]},{"date":"2023-03-12","commitResults":[{"hash":"b29184abb46553d9fab176f4ffe9fd339e8e4efb","isMergeCommit":false,"messageTitle":"Add tests for View Command","messageBody":"","fileTypesAndContributionMap":{"test-code":{"insertions":95,"deletions":0}}},{"hash":"7c920178d76cd3eb9c996e1e1e020eff4031e6a4","isMergeCommit":false,"messageTitle":"Add equality test to View Command","messageBody":"","fileTypesAndContributionMap":{"functional-code":{"insertions":21,"deletions":0},"test-code":{"insertions":29,"deletions":0}}},{"hash":"5fdfb4c2150ee11c34d79e97b12a6e6857103692","isMergeCommit":false,"messageTitle":"Add test for ViewCommandParser","messageBody":"","fileTypesAndContributionMap":{"functional-code":{"insertions":2,"deletions":1},"test-code":{"insertions":18,"deletions":1}}},{"hash":"e1860153024580e0cba0128070bfdceb374230ef","isMergeCommit":false,"messageTitle":"Add ViewCommand Parser\u0027s test","messageBody":"","fileTypesAndContributionMap":{"test-code":{"insertions":70,"deletions":0}}},{"hash":"a25099f29ef3d3368421fa11553418c0c1e3f7db","isMergeCommit":false,"messageTitle":"Deprecate user command","messageBody":"","fileTypesAndContributionMap":{"functional-code":{"insertions":0,"deletions":39},"other":{"insertions":1,"deletions":1},"test-code":{"insertions":0,"deletions":43}}},{"hash":"72134a18caa668d423333a1adc086af775d37a98","isMergeCommit":false,"messageTitle":"Resolve trailing whitespace in gradle file","messageBody":"","fileTypesAndContributionMap":{"other":{"insertions":0,"deletions":1}}},{"hash":"77ae87463e9cf9f45a8ff90645c24824682be9b8","isMergeCommit":false,"messageTitle":"Resolve gradle issues","messageBody":"","fileTypesAndContributionMap":{"other":{"insertions":2,"deletions":1}}},{"hash":"a2ad864712423a0b0c5b0d7fd2dbb0ff56253425","isMergeCommit":false,"messageTitle":"Add EOF to gradle","messageBody":"","fileTypesAndContributionMap":{"other":{"insertions":1,"deletions":1}}}]},{"date":"2023-03-13","commitResults":[{"hash":"d2caa3e95710a8916f34336bb5946146d48357fd","isMergeCommit":false,"messageTitle":"Add ContactIndex attribute for Person and User","messageBody":"","fileTypesAndContributionMap":{"functional-code":{"insertions":103,"deletions":19}}},{"hash":"18ee4dedf28802516119922b146cc20178e8bd50","isMergeCommit":false,"messageTitle":"Modify relevant usages of Person and User","messageBody":"","fileTypesAndContributionMap":{"functional-code":{"insertions":20,"deletions":16}}},{"hash":"906e08e0ed35035c3958cf9934f889c041214566","isMergeCommit":false,"messageTitle":"Modify data files to include contact index","messageBody":"","fileTypesAndContributionMap":{"functional-code":{"insertions":11,"deletions":15}}},{"hash":"f16edc2ef535d2135bca8303e7fdbe10bb1425f6","isMergeCommit":false,"messageTitle":"Modify tests for Person and User to have Contact Index","messageBody":"","fileTypesAndContributionMap":{"test-code":{"insertions":70,"deletions":29}}},{"hash":"4cb540c1cbb967536f4c7bb32ee75b2412c4865a","isMergeCommit":true,"messageTitle":"Merge branch \u0027AY2223S2-CS2103T-W14-2:master\u0027 into fix-sort-command","messageBody":"","fileTypesAndContributionMap":{}},{"hash":"1d2e414e20d50024169d8013ad5ba401be63840f","isMergeCommit":false,"messageTitle":"Fix compatibility issues with contact index in tests","messageBody":"","fileTypesAndContributionMap":{"functional-code":{"insertions":49,"deletions":19},"test-code":{"insertions":30,"deletions":17}}},{"hash":"3626ffc9f9dcfb06d7aeb2dd3c2632350e67c7e3","isMergeCommit":false,"messageTitle":"Add sorting by index ability","messageBody":"","fileTypesAndContributionMap":{"functional-code":{"insertions":18,"deletions":3}}},{"hash":"3fda1aa505222b7fabd333a67307ae4d013ce922","isMergeCommit":false,"messageTitle":"Refactor View Command to use ContactIndex instead","messageBody":"","fileTypesAndContributionMap":{"functional-code":{"insertions":13,"deletions":11},"test-code":{"insertions":12,"deletions":14}}}]},{"date":"2023-03-14","commitResults":[{"hash":"ee2bcd133e86c3fd0f327416ed0905fcd1a5983a","isMergeCommit":false,"messageTitle":"Refactor EditCommand to use ContactIndex","messageBody":"","fileTypesAndContributionMap":{"functional-code":{"insertions":31,"deletions":11},"test-code":{"insertions":36,"deletions":41}}},{"hash":"d4922d07224bbeadfa18a83f8156908905d11280","isMergeCommit":false,"messageTitle":"Resolve checkstyle errors","messageBody":"","fileTypesAndContributionMap":{"functional-code":{"insertions":10,"deletions":5},"test-code":{"insertions":14,"deletions":3}}},{"hash":"2fd650528ba6f8fbdd851bac402a3aaa2a95bb57","isMergeCommit":false,"messageTitle":"Refactor Add command to use Contact Index","messageBody":"","fileTypesAndContributionMap":{"functional-code":{"insertions":59,"deletions":10},"test-code":{"insertions":11,"deletions":2}}},{"hash":"93e94ee4eedc7a8504581c6797b03b0ee2dfdb8d","isMergeCommit":true,"messageTitle":"Merge branch \u0027fix-sort-command\u0027 into master","messageBody":"","fileTypesAndContributionMap":{}},{"hash":"51e0b49c1d65cfc0c5c4ac07e96dc9129ee8c5e7","isMergeCommit":true,"messageTitle":"Merge pull request #2 from russelltankaimin/master","messageBody":"Merge Sample Command PR","fileTypesAndContributionMap":{}},{"hash":"d9aed654acc9663760ddddecb6a00662fdc51fd8","isMergeCommit":false,"messageTitle":"Refactor Delete Command to use Contact Index","messageBody":"","fileTypesAndContributionMap":{"functional-code":{"insertions":26,"deletions":25}}},{"hash":"52dda050512203478b29c48f647deeaad261621f","isMergeCommit":true,"messageTitle":"Merge branch \u0027fix-sort-command\u0027 of github.com:russelltankaimin/tp into fix-sort-command","messageBody":"","fileTypesAndContributionMap":{}},{"hash":"ca5c472e15b152f5a7fbce478e7f80b110c392ef","isMergeCommit":false,"messageTitle":"Fix bugs on Delete Command for tests","messageBody":"","fileTypesAndContributionMap":{"functional-code":{"insertions":0,"deletions":4},"test-code":{"insertions":12,"deletions":11}}},{"hash":"50eb7324c419d004b499ac6d4389cdd3d8f99bfe","isMergeCommit":true,"messageTitle":"Merge pull request #126 from kennycjy/add-tag-command","messageBody":"Add tag and untag command","fileTypesAndContributionMap":{}},{"hash":"3f49b139b86e8a32318a423baedaee19780c74ed","isMergeCommit":false,"messageTitle":"Add tests for IndexHandler","messageBody":"","fileTypesAndContributionMap":{"functional-code":{"insertions":0,"deletions":3},"test-code":{"insertions":107,"deletions":0}}},{"hash":"c45981b7f23c6f34157df5d245ca5aa50f659d45","isMergeCommit":false,"messageTitle":"Add tests for Contact Index","messageBody":"","fileTypesAndContributionMap":{"test-code":{"insertions":105,"deletions":0}}}]},{"date":"2023-03-15","commitResults":[{"hash":"20d80786c53fa560dcb530a351ad31463240568c","isMergeCommit":false,"messageTitle":"Add supplementary tests for EduMateParser","messageBody":"","fileTypesAndContributionMap":{"test-code":{"insertions":48,"deletions":0}}},{"hash":"8eedea9da80615db550ec88b734d3682668d19dc","isMergeCommit":true,"messageTitle":"Merge pull request #119 from mynameizzhafeez/feature-meet-command","messageBody":"Implement Meet Command Without Timetabling","fileTypesAndContributionMap":{}},{"hash":"5e5070cec97237abbc7bebaa7691e1a206110b05","isMergeCommit":true,"messageTitle":"Merge branch \u0027AY2223S2-CS2103T-W14-2:master\u0027 into test-contact-index","messageBody":"","fileTypesAndContributionMap":{}},{"hash":"da0bb434a8f6028231913044ee52182ea1d96f15","isMergeCommit":true,"messageTitle":"Merge pull request #137 from mynameizzhafeez/bug-fix","messageBody":"Fix bug in SampleDataUtil","fileTypesAndContributionMap":{}},{"hash":"6229a399c89bb8538b3323f57e67f8dc51a485ec","isMergeCommit":true,"messageTitle":"Merge branch \u0027AY2223S2-CS2103T-W14-2:master\u0027 into test-contact-index","messageBody":"","fileTypesAndContributionMap":{}},{"hash":"c650f73d88eadeff1cd5fa53b6a1d73bf6454ded","isMergeCommit":false,"messageTitle":"Edit PersonCard to display Contact Index","messageBody":"","fileTypesAndContributionMap":{"functional-code":{"insertions":3,"deletions":3}}},{"hash":"6810cbdfad0925c1fe7145e6178b1082e420b884","isMergeCommit":false,"messageTitle":"Add tests for Add Command","messageBody":"","fileTypesAndContributionMap":{"test-code":{"insertions":35,"deletions":0}}},{"hash":"2d043095b007a047fe2788caafdd4218be6d5d5a","isMergeCommit":false,"messageTitle":"Edit tests for Edit Command","messageBody":"","fileTypesAndContributionMap":{"test-code":{"insertions":3,"deletions":2}}},{"hash":"250e276d22f83aae6e42576605a7967eef3c0c31","isMergeCommit":false,"messageTitle":"Add tests for SortCommand","messageBody":"","fileTypesAndContributionMap":{"test-code":{"insertions":29,"deletions":0}}},{"hash":"c08a37984db672b7a56d344f4a08fab7dec45b1f","isMergeCommit":false,"messageTitle":"Fix checkstyle errors for SortCommand tests","messageBody":"","fileTypesAndContributionMap":{"test-code":{"insertions":2,"deletions":3}}},{"hash":"af23c75692bfed9c78b3e513205aaf387217cbb7","isMergeCommit":false,"messageTitle":"Add tests for JsonAdaptedPerson and JsonAdaptedUser","messageBody":"","fileTypesAndContributionMap":{"functional-code":{"insertions":1,"deletions":1},"test-code":{"insertions":32,"deletions":1}}}]},{"date":"2023-03-16","commitResults":[{"hash":"6ead772887a0322cb6dd0261f8b1d922dd2f21b5","isMergeCommit":true,"messageTitle":"Merge pull request #139 from kennycjy/add-tag-command","messageBody":"Add UG and clean up outputs for Tag and Untag","fileTypesAndContributionMap":{}},{"hash":"b394974910faea0c0451f0af7ff5992a7c5e729b","isMergeCommit":true,"messageTitle":"Merge branch \u0027AY2223S2-CS2103T-W14-2:master\u0027 into test-contact-index","messageBody":"","fileTypesAndContributionMap":{}}]},{"date":"2023-03-17","commitResults":[{"hash":"38f67a09423b90637ba313f62cb49445e58d80d9","isMergeCommit":true,"messageTitle":"Merge pull request #143 from kennycjy/add-tests-tag","messageBody":"Add elementary tests to tag and untag","tags":["v1.2"],"fileTypesAndContributionMap":{}}]},{"date":"2023-03-19","commitResults":[{"hash":"9ca48d2a40b1ad4a237fa67d635e7e40951a6c9f","isMergeCommit":true,"messageTitle":"Merge pull request #150 from mynameizzhafeez/feature-sort-command","messageBody":"Set Contact Index as Default Comparator for Sort","fileTypesAndContributionMap":{}}]},{"date":"2023-03-20","commitResults":[{"hash":"84a37335b2f08ae6c42164ad3d6db7008963e788","isMergeCommit":true,"messageTitle":"Merge pull request #151 from mynameizzhafeez/feature-reindex-command","messageBody":"Rework FilteredPersonsList and Implement Reindex Command","fileTypesAndContributionMap":{}}]}],"zichen-3974":[{"date":"2023-02-21","commitResults":[{"hash":"c5d4430ba85ed7121233f2907c5c96dc1add5ac1","isMergeCommit":false,"messageTitle":"Add basic user profile window","messageBody":"User profile window appears when user command is entered.\n","fileTypesAndContributionMap":{"functional-code":{"insertions":153,"deletions":8}}},{"hash":"065ecd0d4c3d07b7b07893813dd9df953da3e5ff","isMergeCommit":false,"messageTitle":"Fix line spacing and padding for user profile window","messageBody":"","fileTypesAndContributionMap":{"functional-code":{"insertions":9,"deletions":5}}},{"hash":"9f7ba2800cea0bf2546da549d9bc05d6558b7abe","isMergeCommit":false,"messageTitle":"Fix missing newline at EOF","messageBody":"","fileTypesAndContributionMap":{"functional-code":{"insertions":1,"deletions":1},"docs":{"insertions":1,"deletions":1}}},{"hash":"bfa1abeb2de1e35f74bef46f0fd48b4331a8417d","isMergeCommit":false,"messageTitle":"Fix checkstyle issues and missing method arguments","messageBody":"","fileTypesAndContributionMap":{"functional-code":{"insertions":17,"deletions":15},"test-code":{"insertions":7,"deletions":7}}},{"hash":"b2e9dae7de47f16bef71a979d67cdbad331125b9","isMergeCommit":false,"messageTitle":"Fix boolean variable names to follow Java convention","messageBody":"","fileTypesAndContributionMap":{"functional-code":{"insertions":14,"deletions":14}}}]},{"date":"2023-02-23","commitResults":[{"hash":"cefb7de7d955b3f1eccbba600064d9fdb5f175af","isMergeCommit":false,"messageTitle":"Submit individual deliverables for v1.1","messageBody":"","fileTypesAndContributionMap":{"docs":{"insertions":52,"deletions":14}}},{"hash":"df20a513b5a3d63679facd3e1cc5201a69facb60","isMergeCommit":false,"messageTitle":"Remove trailing whitespace in User Guide","messageBody":"","fileTypesAndContributionMap":{"docs":{"insertions":4,"deletions":4}}}]},{"date":"2023-02-24","commitResults":[{"hash":"99062166b5becc50cd862cc339e815a50e164370","isMergeCommit":false,"messageTitle":"Fix missing newline at EOF in zichen-3974.md","messageBody":"","fileTypesAndContributionMap":{"docs":{"insertions":6,"deletions":6}}},{"hash":"b48da110a929d6f2895486667b4139c54399822b","isMergeCommit":true,"messageTitle":"Merge pull request #67 from kennycjy/about-me","messageBody":"Insert required Kenny\u0027s docs for v1.1","fileTypesAndContributionMap":{}}]},{"date":"2023-02-25","commitResults":[{"hash":"73f64e3bda6ddfaf78cb3d41836b4b882edde38e","isMergeCommit":true,"messageTitle":"Merge pull request #70 from russelltankaimin/remove-singleton-user","messageBody":"","fileTypesAndContributionMap":{}}]},{"date":"2023-02-26","commitResults":[{"hash":"439a3d0418ef06c7fe13ec05fa629a94c9a15201","isMergeCommit":false,"messageTitle":"Implement User Profile in Main Window","messageBody":"User profile could only be viewed in a external window.\n\nHaving an extra window is not user friendly and can be distracting.\n\nUser profile now sits permanantly on the top right corner of the main\nwindow.\n","fileTypesAndContributionMap":{"functional-code":{"insertions":172,"deletions":173}}},{"hash":"d20b4cc9d320105b391671fb908e3c8358249a6d","isMergeCommit":false,"messageTitle":"Add new look for GUI","messageBody":"","fileTypesAndContributionMap":{"functional-code":{"insertions":78,"deletions":39}}}]},{"date":"2023-03-05","commitResults":[{"hash":"e25f743ba35d7133af75fe723db4cb16a9ebce6f","isMergeCommit":false,"messageTitle":"Fix user profile not updating after edit","messageBody":"Changes to user profile do not show up unless application is restarted.\nUser profile panel will now refresh everytime a command is executed.\n","fileTypesAndContributionMap":{"functional-code":{"insertions":9,"deletions":15}}},{"hash":"cd23733fcb90c4742780468ac9d071bae02af080","isMergeCommit":false,"messageTitle":"Fix module tags not wrapping in user profile panel","messageBody":"","fileTypesAndContributionMap":{"functional-code":{"insertions":8,"deletions":7}}},{"hash":"1827d3bbd07acd2776d9053044cffbf4647bc98b","isMergeCommit":false,"messageTitle":"Refactor GUI colours and layout","messageBody":"","fileTypesAndContributionMap":{"functional-code":{"insertions":241,"deletions":62}}}]},{"date":"2023-03-06","commitResults":[{"hash":"5ea2a8723629641e96889cdfd7caf023a68eb25f","isMergeCommit":false,"messageTitle":"Extract fxml style code to MainWindow.css","messageBody":"","fileTypesAndContributionMap":{"functional-code":{"insertions":108,"deletions":287}}},{"hash":"18c2eb5d91acc6044665a492a4d115ea814631c6","isMergeCommit":true,"messageTitle":"Merge branch \u0027master\u0027 into branch-user-profile","messageBody":"","fileTypesAndContributionMap":{}},{"hash":"6d323e6f7f64add641e6c187eb0a5652de1d9528","isMergeCommit":false,"messageTitle":"Update css for user profile and person list","messageBody":"","fileTypesAndContributionMap":{"functional-code":{"insertions":5,"deletions":1},"test-code":{"insertions":0,"deletions":5}}},{"hash":"4c3b57cd29063938e4e0e60e72071acbd3e07798","isMergeCommit":false,"messageTitle":"Extract style in MainWindow to MainWindow.css","messageBody":"","fileTypesAndContributionMap":{"functional-code":{"insertions":55,"deletions":9}}}]},{"date":"2023-03-17","commitResults":[{"hash":"a43fa35f8da9fc625088f749ebf469d2c094279f","isMergeCommit":true,"messageTitle":"Merge branch \u0027master\u0027 into branch-Sidebar","messageBody":"","fileTypesAndContributionMap":{}}]}],"seanfirefox":[{"date":"2023-02-20","commitResults":[{"hash":"7fc2bc5a54a4258836e354193806c60fc91003da","isMergeCommit":false,"messageTitle":"Create Project Portfolio Page","messageBody":"","fileTypesAndContributionMap":{"docs":{"insertions":28,"deletions":0}}},{"hash":"51a7050e1ca6decbf35720c2ce5c6ab38eadbc1c","isMergeCommit":true,"messageTitle":"Merge pull request #37 from mynameizzhafeez/deliverables-individual","messageBody":"Submit Hafeez\u0027s Deliverables for v1.1","fileTypesAndContributionMap":{}}]},{"date":"2023-02-22","commitResults":[{"hash":"cd2066dce911c8ab6c290c182e7679abe9b586cf","isMergeCommit":true,"messageTitle":"Merge pull request #52 from mynameizzhafeez/feature-edit-command","messageBody":"Modify Edit Command to Update User Information","fileTypesAndContributionMap":{}},{"hash":"8c9b7562866f91714f1b2bc773bc259101f2512c","isMergeCommit":true,"messageTitle":"Merge pull request #56 from mynameizzhafeez/doc-dev-guide","messageBody":"Update Developer Guide for v1.1","fileTypesAndContributionMap":{}},{"hash":"c8780ca2842d12d3a72cfabcf525c5352524643e","isMergeCommit":true,"messageTitle":"Merge pull request #59 from mynameizzhafeez/doc-about-us","messageBody":"Update About Us Page for v1.1","fileTypesAndContributionMap":{}},{"hash":"45ec6f194f3d499ab1d738eed35de3aad1cdf3d3","isMergeCommit":false,"messageTitle":"Extend find command to find all fields","messageBody":"","fileTypesAndContributionMap":{"functional-code":{"insertions":139,"deletions":40},"other":{"insertions":25,"deletions":21},"test-code":{"insertions":46,"deletions":46}}},{"hash":"7480a794ae209dbfbebdda2d35b7f0dc77d82b35","isMergeCommit":true,"messageTitle":"Merge branch \u0027AY2223S2-CS2103T-W14-2:master\u0027 into feature-FindCommand","messageBody":"","fileTypesAndContributionMap":{}},{"hash":"a73dc5f736b9beb1064d1981cff4507e9bc5d06b","isMergeCommit":false,"messageTitle":"Add more test cases for FindCommandTest","messageBody":"","fileTypesAndContributionMap":{"functional-code":{"insertions":7,"deletions":7},"test-code":{"insertions":52,"deletions":26}}},{"hash":"db563b33a2874a71996a9958d5925dad5e134d4e","isMergeCommit":true,"messageTitle":"Merge remote-tracking branch \u0027origin/feature-FindCommand\u0027 into feature-FindCommand","messageBody":"","fileTypesAndContributionMap":{}},{"hash":"cafea0d2f700fcf9c1d8f3a8ddcaf49da6f78bd8","isMergeCommit":false,"messageTitle":"Fix GitHub link in AboutUs","messageBody":"","fileTypesAndContributionMap":{"docs":{"insertions":1,"deletions":1}}},{"hash":"9554db2721f7589bb2f2b73399eff6904471b281","isMergeCommit":false,"messageTitle":"Change all roles and responsibilities to TBD","messageBody":"","fileTypesAndContributionMap":{"docs":{"insertions":10,"deletions":10}}},{"hash":"a26ff94a233a017a6190b5f15f06767c117e9384","isMergeCommit":false,"messageTitle":"Add more test cases to FindCommandTest","messageBody":"","fileTypesAndContributionMap":{"test-code":{"insertions":46,"deletions":8}}},{"hash":"3122eb75cbdbb06a19a297601ef362cf5394c2bb","isMergeCommit":false,"messageTitle":"Fix checkstyle errors","messageBody":"","fileTypesAndContributionMap":{"test-code":{"insertions":27,"deletions":13}}},{"hash":"80ed45e15c9c20460e7eb22c2af8c19ab441758d","isMergeCommit":false,"messageTitle":"Fix lexicographical order checkstyle errors","messageBody":"","fileTypesAndContributionMap":{"test-code":{"insertions":28,"deletions":9}}},{"hash":"b138c59b97c1f2bbb93b6d0f1a411a7963570d40","isMergeCommit":false,"messageTitle":"Add more test cases Change FindCommand message usage","messageBody":"","fileTypesAndContributionMap":{"functional-code":{"insertions":10,"deletions":5},"test-code":{"insertions":317,"deletions":34}}}]},{"date":"2023-02-23","commitResults":[{"hash":"2f206a5d4e742a20da78168a7c8b85f0119f80bc","isMergeCommit":false,"messageTitle":"Change snake case to camel case Rename ANGMEIHUA to ANG","messageBody":"","fileTypesAndContributionMap":{"functional-code":{"insertions":1,"deletions":8},"test-code":{"insertions":74,"deletions":74}}}]},{"date":"2023-02-26","commitResults":[{"hash":"ac5a89b1138cc8fceca179a5f9556a5c2f1891a7","isMergeCommit":false,"messageTitle":"Update UserGuide to include find command Update index.md to reflect name of project","messageBody":"","fileTypesAndContributionMap":{"docs":{"insertions":34,"deletions":19}}},{"hash":"44ada7b4cdbea2059e9236e209a67330a2368f32","isMergeCommit":false,"messageTitle":"Update CI Status badge","messageBody":"","fileTypesAndContributionMap":{"docs":{"insertions":1,"deletions":1}}}]},{"date":"2023-02-27","commitResults":[{"hash":"91d0cae41b6d7e86e2d7a2cb599ccb0095bfc9ec","isMergeCommit":true,"messageTitle":"Merge pull request #73 from seanfirefox/docs-UG","messageBody":"Update documentation for v1.1","fileTypesAndContributionMap":{}}]},{"date":"2023-03-10","commitResults":[{"hash":"1e8657e58e073d2558a41242fc1829ace1fe1c89","isMergeCommit":true,"messageTitle":"Merge pull request #115 from kennycjy/add-tag-command","messageBody":"Replace private modifier to protected","fileTypesAndContributionMap":{}}]},{"date":"2023-03-13","commitResults":[{"hash":"b79e01b1fa7b93f89d297f03d79254ca5c728075","isMergeCommit":true,"messageTitle":"Merge pull request #77 from mynameizzhafeez/doc-dev-guide","messageBody":"Restructure Developer Guide to Fit Standards","fileTypesAndContributionMap":{}},{"hash":"83dc554f2590534653abdc96b6dbda8981683887","isMergeCommit":false,"messageTitle":"Update DG","messageBody":"","fileTypesAndContributionMap":{"docs":{"insertions":14,"deletions":34}}},{"hash":"ae3a32632660a689e861df71809e77539f197291","isMergeCommit":false,"messageTitle":"Change number of warning signs","messageBody":"","fileTypesAndContributionMap":{"functional-code":{"insertions":8,"deletions":8},"docs":{"insertions":3,"deletions":3}}}]},{"date":"2023-03-14","commitResults":[{"hash":"b3bc7b9a013e22bb6b2897d6a4ec0135ea0ff7aa","isMergeCommit":true,"messageTitle":"Merge pull request #80 from mynameizzhafeez/feature-sample-command","messageBody":"Implement Sample Command","fileTypesAndContributionMap":{}}]}],"kennycjy":[{"date":"2023-02-24","commitResults":[{"hash":"e0fda2e59f751bffe53f9280cdcbc9f17158c895","isMergeCommit":true,"messageTitle":"Merge branch \u0027master\u0027 into add-tag-command","messageBody":"","fileTypesAndContributionMap":{}},{"hash":"6834cc599e408889820eee9d4979cd06b8385f4a","isMergeCommit":false,"messageTitle":"Insert required Kenny\u0027s docs for v1.1","messageBody":"","fileTypesAndContributionMap":{"docs":{"insertions":32,"deletions":5}}}]},{"date":"2023-03-08","commitResults":[{"hash":"fbd880d81da39ef1c3bc19db522251e807e2fea4","isMergeCommit":true,"messageTitle":"Merge branch \u0027master\u0027 into add-tag-command","messageBody":"","fileTypesAndContributionMap":{}}]},{"date":"2023-03-09","commitResults":[{"hash":"2ab3d5729393fcafbd164a44b50ffcd2cc681121","isMergeCommit":false,"messageTitle":"Replace private with protected in EditCommand","messageBody":"Meant to make life easier when implementing TagCommand.\n","fileTypesAndContributionMap":{"functional-code":{"insertions":6,"deletions":6}}}]},{"date":"2023-03-14","commitResults":[{"hash":"45ca83e75eb1ec7f92ae8c0271926ae693ba4c64","isMergeCommit":false,"messageTitle":"Implement TagCommand","messageBody":"Added TagCommand functionality.\n\nTODO:\nUI bugs.\nTesting.\n","fileTypesAndContributionMap":{"functional-code":{"insertions":160,"deletions":1}}},{"hash":"6d1adf8a846f77ecf473f4ad01ef6ba0923d5524","isMergeCommit":false,"messageTitle":"Add untag functionality.","messageBody":"Add untag functionality as well as checkstyled.\n","fileTypesAndContributionMap":{"functional-code":{"insertions":224,"deletions":46}}},{"hash":"bb2a2cc419ea60debe499f5c9a481c6bf815b008","isMergeCommit":true,"messageTitle":"Merge branch \u0027master\u0027 into add-tag-command","messageBody":"","fileTypesAndContributionMap":{}},{"hash":"9f1bd3bc545cab7ec7e2558fc9f765a6d7fed7ab","isMergeCommit":false,"messageTitle":"Move parser function to ParserUtil","messageBody":"Moved the aforementioned function in EditCommandParser to ParserUtil for\nfuture use by other commands.\n","fileTypesAndContributionMap":{"functional-code":{"insertions":16,"deletions":32}}},{"hash":"fb3e38968a649bdaa1727104f459cf956a4be574","isMergeCommit":false,"messageTitle":"Remove unused import statements","messageBody":"","fileTypesAndContributionMap":{"functional-code":{"insertions":0,"deletions":7}}},{"hash":"2f85e9d3fca9893285ba7ffeac14ee147abafd27","isMergeCommit":true,"messageTitle":"Merge branch \u0027master\u0027 into add-tag-command","messageBody":"","fileTypesAndContributionMap":{}}]},{"date":"2023-03-15","commitResults":[{"hash":"648d558c7087f22b1c5e2f9f20eaa10353fb9ce1","isMergeCommit":false,"messageTitle":"Modify User Guide to reflect Tag Untag usage","messageBody":"","fileTypesAndContributionMap":{"docs":{"insertions":5,"deletions":5}}},{"hash":"f52c80ec20fa1976114b00ff8e1d7ecb2ff99342","isMergeCommit":false,"messageTitle":"Modify the output for Tag and Untag","messageBody":"The CLI output is now more user-friendly.\n","fileTypesAndContributionMap":{"functional-code":{"insertions":15,"deletions":6}}},{"hash":"32cbe6aca80408f1730b2a1434b13c8de027230f","isMergeCommit":false,"messageTitle":"Update UG to reflect usage of Tag and Untag","messageBody":"Skeleton for now, but outputs appear to be correct.\n","fileTypesAndContributionMap":{"docs":{"insertions":56,"deletions":9}}},{"hash":"71019bc4dec7c983aff06ed855f5531dc65d82ec","isMergeCommit":false,"messageTitle":"Modify format for output for Untag","messageBody":"","fileTypesAndContributionMap":{"functional-code":{"insertions":2,"deletions":2}}},{"hash":"cd2495cfc42a647a6d2ee6d707d9866b7094f2cc","isMergeCommit":false,"messageTitle":"Modify format for UG","messageBody":"","fileTypesAndContributionMap":{"docs":{"insertions":10,"deletions":10}}},{"hash":"6ed372273729d3301c9f4366f04ade3fabe49353","isMergeCommit":false,"messageTitle":"Rectify checkstyle issues","messageBody":"","fileTypesAndContributionMap":{"functional-code":{"insertions":14,"deletions":14}}}]},{"date":"2023-03-16","commitResults":[{"hash":"9c1cb6a1c0b87ffda72050bec3813661e82b77c7","isMergeCommit":false,"messageTitle":"Add Tests for TagCommand.","messageBody":"","fileTypesAndContributionMap":{"test-code":{"insertions":109,"deletions":0}}},{"hash":"2753642869dd7d4cc703e6f263cf202184ada44e","isMergeCommit":false,"messageTitle":"Add Tests for UntagCommand","messageBody":"Checkstyled for Tests for TagCommand as well.\n","fileTypesAndContributionMap":{"test-code":{"insertions":77,"deletions":7}}},{"hash":"62a8ae15ae3b029a6d892d11513bc3850e1a7a86","isMergeCommit":false,"messageTitle":"Refactor Tag and Untag Tests","messageBody":"Add equals method for tag and untag for preparation for parser test.\n","fileTypesAndContributionMap":{"functional-code":{"insertions":42,"deletions":0},"test-code":{"insertions":81,"deletions":44}}},{"hash":"b2275f81595ef8d31c03dd9b9d71aded7028898f","isMergeCommit":false,"messageTitle":"Add elementary tests for parsers","messageBody":"To be more thourough in future.\n","fileTypesAndContributionMap":{"functional-code":{"insertions":1,"deletions":1},"test-code":{"insertions":81,"deletions":0}}},{"hash":"71599a9a1ca1da060e24f273670ad47c58e7e917","isMergeCommit":false,"messageTitle":"Remove unnecessary else blocks","messageBody":"","fileTypesAndContributionMap":{"functional-code":{"insertions":6,"deletions":6}}},{"hash":"193b2167ae5cefb2e6024cd24d92d76ff987031f","isMergeCommit":false,"messageTitle":"Change public methods to private in tests","messageBody":"","fileTypesAndContributionMap":{"test-code":{"insertions":2,"deletions":2}}}]}]},"authorFileTypeContributionMap":{"mynameizzhafeez":{"docs":1145,"functional-code":2141,"test-code":2835,"other":1},"russelltankaimin":{"docs":71,"functional-code":774,"test-code":835},"zichen-3974":{"docs":49,"functional-code":338,"test-code":7},"seanfirefox":{"docs":75,"functional-code":111,"test-code":393},"kennycjy":{"docs":83,"functional-code":378,"test-code":297}},"authorContributionVariance":{"mynameizzhafeez":526226.1,"russelltankaimin":70496.41,"zichen-3974":16863.494,"seanfirefox":26457.736,"kennycjy":13423.089},"authorDisplayNameMap":{"mynameizzhafeez":"CS2103T-W14-2 IZZ ..ZLEY","russelltankaimin":"CS2103T-W14-2 TAN ..SELL","zichen-3974":"CS2103T-W14-2 WANG..CHEN","seanfirefox":"CS2103T-W14-2 TAN ..SEAN","kennycjy":"CS2103T-W14-2 CHON..ENNY"}}
