{"authorDailyContributionsMap":{"nevinlim":[{"date":"2023-02-23","commitResults":[{"hash":"dd565d0c767af9a6c758872a8640979ed647733e","isMergeCommit":false,"messageTitle":"update AboutUs nevin and updated Ui.png","messageBody":"","fileTypesAndContributionMap":{"docs":{"insertions":6,"deletions":5}}},{"hash":"8348341e151af638522662155d6c8f1a1e243fbf","isMergeCommit":false,"messageTitle":"updated nevinlim.md","messageBody":"","fileTypesAndContributionMap":{"docs":{"insertions":35,"deletions":1}}},{"hash":"54169b49f714182d4f8569705554aa60c9d48d31","isMergeCommit":false,"messageTitle":"updated nevinlim.md","messageBody":"","fileTypesAndContributionMap":{"docs":{"insertions":3,"deletions":3}}},{"hash":"b55119a37eebbeaeb3f2204e955c60c3b3a67711","isMergeCommit":false,"messageTitle":"updated README.md and _base.scss","messageBody":"","fileTypesAndContributionMap":{"docs":{"insertions":11,"deletions":12}}},{"hash":"e92e3c091e3c4f62db2287b04756ee123a565ca4","isMergeCommit":false,"messageTitle":"updated README.md","messageBody":"","fileTypesAndContributionMap":{"docs":{"insertions":2,"deletions":2}}},{"hash":"05ae86e4d8f00bb3faa53f80d45451b6319471eb","isMergeCommit":false,"messageTitle":"updated index.md","messageBody":"","fileTypesAndContributionMap":{"docs":{"insertions":6,"deletions":7}}},{"hash":"a093bdf658efb71185853145703a44fe680cfafc","isMergeCommit":true,"messageTitle":"Merge pull request #37 from nevinlim/branch-Index","messageBody":"updated _config.yml","fileTypesAndContributionMap":{}}]},{"date":"2023-02-24","commitResults":[{"hash":"d9d523102d5e5a80df94b7bb45505f86dc6e0eba","isMergeCommit":false,"messageTitle":"updated DrugModel classes","messageBody":"","fileTypesAndContributionMap":{"functional-code":{"insertions":238,"deletions":0}}},{"hash":"5fd2c5ebe64dd7d79178d7c4587a0b45edf8167d","isMergeCommit":false,"messageTitle":"updated DrugModel classes","messageBody":"","fileTypesAndContributionMap":{"functional-code":{"insertions":6,"deletions":7}}},{"hash":"d42145044febba83a14a6fdfb6eb910c7ebd5e79","isMergeCommit":false,"messageTitle":"updated DrugModel classes","messageBody":"","fileTypesAndContributionMap":{"functional-code":{"insertions":9,"deletions":6}}},{"hash":"07222796a312b6bb32d308d6c392adb25a04c3e1","isMergeCommit":false,"messageTitle":"updated DrugModel classes","messageBody":"","fileTypesAndContributionMap":{"functional-code":{"insertions":10,"deletions":11},"docs":{"insertions":13,"deletions":7}}},{"hash":"f41a9d36a62d47ac824641117ea8f897b5fb69e5","isMergeCommit":true,"messageTitle":"Merge pull request #42 from Emrysil/branch-drugInventory","messageBody":"Implement Drug classes","fileTypesAndContributionMap":{}},{"hash":"02d73a1f82b5e17c9306a812d8e646d72e4aa594","isMergeCommit":true,"messageTitle":"Merge branch \u0027master\u0027 into branch-Drugmodel","messageBody":"","fileTypesAndContributionMap":{}}]},{"date":"2023-03-03","commitResults":[{"hash":"c1248a53f7b4bc2608c4512cc09edec469aca5d4","isMergeCommit":false,"messageTitle":"Delete command for Drug","messageBody":"","fileTypesAndContributionMap":{"functional-code":{"insertions":238,"deletions":6}}},{"hash":"edf137d2b98aa98dbfb793f685f8482b096f99b2","isMergeCommit":false,"messageTitle":"Delete command for Drug","messageBody":"","fileTypesAndContributionMap":{"functional-code":{"insertions":2,"deletions":2}}},{"hash":"43bce5f9a0adf7d2449f95f195f43f06af6944ab","isMergeCommit":false,"messageTitle":"Updated Drug and implemented Find command, updated addcommand parser and findcommand parser","messageBody":"","fileTypesAndContributionMap":{"functional-code":{"insertions":93,"deletions":113}}},{"hash":"477d342a58eec47de7d0965225be3c6e1fc70ffa","isMergeCommit":false,"messageTitle":"List Command for Drug","messageBody":"","fileTypesAndContributionMap":{"functional-code":{"insertions":6,"deletions":1}}},{"hash":"2e90c6160c7f85902df1dc44e8dbb7ed7a3a2218","isMergeCommit":false,"messageTitle":"List Command for Patient","messageBody":"","fileTypesAndContributionMap":{"functional-code":{"insertions":6,"deletions":1}}},{"hash":"b7088ddca5104b4a9849feef21e120ced76b83ca","isMergeCommit":true,"messageTitle":"Merge pull request #79 from Emrysil/branch-storage","messageBody":"Add storage classes","fileTypesAndContributionMap":{}}]},{"date":"2023-03-06","commitResults":[{"hash":"0754c6dc47df59d9405a330052a7f306ca7513e6","isMergeCommit":false,"messageTitle":"Fix Bugs -Removed expirydate in CliSyntax and AddCommandParser - added \\\\s whitespace regex for CareFlowParser","messageBody":"","fileTypesAndContributionMap":{"functional-code":{"insertions":5,"deletions":6}}},{"hash":"08c30cf5affbedfba8489f795a6601770b4a19bf","isMergeCommit":false,"messageTitle":"Fix Bugs -Removed expirydate in CliSyntax and AddCommandParser - added \\\\s whitespace regex for CareFlowParser","messageBody":"","fileTypesAndContributionMap":{"functional-code":{"insertions":1,"deletions":1}}}]},{"date":"2023-03-07","commitResults":[{"hash":"eaa49cd3fb6e8c498094aba50b37b46b5ca2718d","isMergeCommit":true,"messageTitle":"Merge pull request #83 from Emrysil/branch-storageBugFix","messageBody":"Fix bug caused by optional fields inside patient","fileTypesAndContributionMap":{}},{"hash":"ac72be23add428da8ffe1fd8818f722aaae775ab","isMergeCommit":false,"messageTitle":"Drug UpdateCommand and Exit/Help -implemented UpdateCommand and UpdateCommandParser for Drug -implemented ExitCommand and HelpCommand for general -changed window title and icon","messageBody":"","fileTypesAndContributionMap":{"functional-code":{"insertions":154,"deletions":32},"docs":{"insertions":70,"deletions":52},"test-code":{"insertions":1,"deletions":1}}},{"hash":"c3c316defa1379a4c37155d8f1cd3369ccb2bd95","isMergeCommit":false,"messageTitle":"-changed icon","messageBody":"","fileTypesAndContributionMap":{"functional-code":{"insertions":1,"deletions":1},"docs":{"insertions":20,"deletions":20},"test-code":{"insertions":1,"deletions":1}}},{"hash":"b5a393ca5e951e287087b623063f4ef157caa640","isMergeCommit":false,"messageTitle":"-changed title","messageBody":"","fileTypesAndContributionMap":{"functional-code":{"insertions":1,"deletions":0}}}]},{"date":"2023-03-08","commitResults":[{"hash":"cc7db39fae4337aebf0fde2d4bf4673a20c00f2d","isMergeCommit":false,"messageTitle":"added + - as final variables modified purpose and side effect usage input as single line of string added an exception handling for non-integer update values","messageBody":"","fileTypesAndContributionMap":{"functional-code":{"insertions":19,"deletions":17}}},{"hash":"edb1ecf36f0df6f707f6ea8430528ccddaf8e214","isMergeCommit":false,"messageTitle":"removed some whitespaces and added some newlines at EOF","messageBody":"","fileTypesAndContributionMap":{"functional-code":{"insertions":1,"deletions":1},"docs":{"insertions":11,"deletions":11},"test-code":{"insertions":1,"deletions":1}}}]},{"date":"2023-03-09","commitResults":[{"hash":"023221523be6a5b112c58136011fbefa9bcc868b","isMergeCommit":true,"messageTitle":"Merge pull request #85 from nevinlim/branch-DrugUpdateCommand","messageBody":"Drug UpdateCommand and Exit/HelpCommand","fileTypesAndContributionMap":{}}]},{"date":"2023-03-10","commitResults":[{"hash":"4178658c3fd338078584e5cff74ebcfeb43ddb42","isMergeCommit":false,"messageTitle":"Fixed some checkstyle errors","messageBody":"","fileTypesAndContributionMap":{"functional-code":{"insertions":57,"deletions":58}}},{"hash":"bb9fce241f27e3b606e194e6131a3a34d761bed7","isMergeCommit":false,"messageTitle":"Implemented light and dark theme toggling for GUI Fixed more checkstyle errors","messageBody":"","fileTypesAndContributionMap":{"functional-code":{"insertions":742,"deletions":190}}},{"hash":"d8ad67a1a2883853fc9fb0891efa06d7f2ed69ff","isMergeCommit":false,"messageTitle":"Fixed more checkstyle errors","messageBody":"","fileTypesAndContributionMap":{"functional-code":{"insertions":133,"deletions":104}}},{"hash":"f2cf5b89185fbc7d89a9bd4944a4920101790706","isMergeCommit":false,"messageTitle":"Fixed more checkstyle errors","messageBody":"","fileTypesAndContributionMap":{"functional-code":{"insertions":148,"deletions":94}}},{"hash":"60078b15e344a20097646436ecdbe3d6593c389d","isMergeCommit":true,"messageTitle":"Merge branch \u0027master\u0027 into branch-lightdarktheme","messageBody":"","fileTypesAndContributionMap":{}},{"hash":"767a00da342130f49c7a0bbbe94d243a81df62ee","isMergeCommit":false,"messageTitle":"Fixed more checkstyle errors","messageBody":"","fileTypesAndContributionMap":{"functional-code":{"insertions":1,"deletions":1},"docs":{"insertions":1,"deletions":1}}},{"hash":"eb30671e7b55d72020ae6881cf15083435ef65d7","isMergeCommit":true,"messageTitle":"Merge remote-tracking branch \u0027origin/branch-lightdarktheme\u0027 into branch-lightdarktheme","messageBody":"","fileTypesAndContributionMap":{}},{"hash":"68fcae22468acbce8871e724af58ad88caadb888","isMergeCommit":false,"messageTitle":"Fixed more checkstyle errors","messageBody":"","fileTypesAndContributionMap":{"functional-code":{"insertions":1,"deletions":1}}},{"hash":"fdc6ceb4c96f3e90b89cd4e339480f0d4c3a35c6","isMergeCommit":false,"messageTitle":"Fixed more checkstyle errors","messageBody":"","fileTypesAndContributionMap":{"functional-code":{"insertions":5,"deletions":7}}},{"hash":"12424a8a0b66f9c8ce24d08cbc621932fbb5551c","isMergeCommit":false,"messageTitle":"Fixed more checkstyle errors","messageBody":"","fileTypesAndContributionMap":{"functional-code":{"insertions":0,"deletions":1}}}]},{"date":"2023-03-12","commitResults":[{"hash":"ee35dc7e9faf0f06087f6edd95bfdebc56b09128","isMergeCommit":false,"messageTitle":"Constraints for all user input","messageBody":"","fileTypesAndContributionMap":{"functional-code":{"insertions":28,"deletions":20}}},{"hash":"25058064c682fa9ddd2effbbd9e7a16f42f49500","isMergeCommit":true,"messageTitle":"Merge branch \u0027master\u0027 into branch-userInputConstraints","messageBody":"","fileTypesAndContributionMap":{}}]}],"cydtseng":[{"date":"2023-02-23","commitResults":[{"hash":"653b40e24e1cf31347511af20892f30954e20766","isMergeCommit":false,"messageTitle":"Update AboutUs page to include Chen-Yu details","messageBody":"","fileTypesAndContributionMap":{"docs":{"insertions":5,"deletions":5}}},{"hash":"2f983da16afb7ab70c4761570c622217f7ff3fe8","isMergeCommit":true,"messageTitle":"Merge pull request #17 from cydtseng/branch-aboutus","messageBody":"Rename profile picture to be acceptable format","fileTypesAndContributionMap":{}},{"hash":"649cacbf5b4192a7efed48676b51d0d2a410167e","isMergeCommit":false,"messageTitle":"Add preliminary Project Portfolio Page for Chen-Yu","messageBody":"","fileTypesAndContributionMap":{"docs":{"insertions":19,"deletions":0}}},{"hash":"4540e36ae957c0478fd68484eabb32969cc7d200","isMergeCommit":false,"messageTitle":"Update PPP with standardised Overview description","messageBody":"","fileTypesAndContributionMap":{"docs":{"insertions":2,"deletions":0}}},{"hash":"99ee7ff22f4472694c8e2621ce5235f7a17159d9","isMergeCommit":false,"messageTitle":"Add preliminary changes to CareFlow User Guide","messageBody":"","fileTypesAndContributionMap":{"docs":{"insertions":3,"deletions":2}}},{"hash":"24f06b4ac1c15e1cee853547a4cfd6d386835445","isMergeCommit":false,"messageTitle":"Update PPP with updated name of image","messageBody":"","fileTypesAndContributionMap":{"docs":{"insertions":1,"deletions":1}}},{"hash":"9b952a2b730eeb8002e6c156d90572eb9d61ca3a","isMergeCommit":true,"messageTitle":"Merge branch \u0027master\u0027 of github.com:cydtseng/tp into branch-UG","messageBody":"* \u0027master\u0027 of github.com:cydtseng/tp:\n  Update PPP with updated name of image\n  updated nevinlim.md\n  Add new line at the end of AboutUs.md\n  updated nevinlim.md\n  Remove trailing whitespace\n  Add PPP for Xintong\n  Update PPP partially Lim Jia Yan\n  correct shuwen\u0027s image name\n  Update PPP with standardised Overview description\n  add Overview PPP file\n  add Overall structure to PPP file\n  Fix checkstyle error\n  add additional line in PPP file\n  add additional line in PPP file\n  Add Project Portfolio Page (PPP) Lim Jia Yan\n  Add cshuwen\u0027s skeletal PPP file\n  Add preliminary Project Portfolio Page for Chen-Yu\n","fileTypesAndContributionMap":{}},{"hash":"e61a5289b1b606e76cbe5c89a755755612dba832","isMergeCommit":false,"messageTitle":"Update user guide partially","messageBody":"","fileTypesAndContributionMap":{"docs":{"insertions":22,"deletions":14}}},{"hash":"6674909b6b2344b0ca6867461970cf630855f4d7","isMergeCommit":false,"messageTitle":"Complete user guide markdown","messageBody":"","fileTypesAndContributionMap":{"docs":{"insertions":98,"deletions":73}}},{"hash":"127387d0f8ecc4611fdb88fcf0f4bc15b0287f88","isMergeCommit":true,"messageTitle":"Merge branch \u0027master\u0027 of github.com:cydtseng/tp","messageBody":"* \u0027master\u0027 of github.com:cydtseng/tp:\n  Delete workflow.yml\n  Create workflow.yml\n  Delete workflow.yml\n  Update and rename main.yml to workflow.yml\n  Create main.yml\n  updated README.md\n  updated README.md and _base.scss\n  Update user guide partially\n  Add preliminary changes to CareFlow User Guide\n","fileTypesAndContributionMap":{}},{"hash":"59a8b4b524705eff2fdcfdecd48ac83b966ec1ff","isMergeCommit":true,"messageTitle":"Merge pull request #35 from CShuwen/branch-DG","messageBody":"Add Non-functional requirements and User Stories to Developer Guide","fileTypesAndContributionMap":{}},{"hash":"89e1b349ab120189ed27957f3ebd4a0acaeff91b","isMergeCommit":true,"messageTitle":"Merge branch \u0027master\u0027 of github.com:cydtseng/tp","messageBody":"* \u0027master\u0027 of github.com:cydtseng/tp:\n  Add Non-functional requirements and User Stories to Developer Guide\n  Complete user guide markdown\n  updated index.md\n  Update use case and glossary for DP\n","fileTypesAndContributionMap":{}}]},{"date":"2023-03-01","commitResults":[{"hash":"4d80ef72e632941525ae7fbfb2e4cfe2caebf117","isMergeCommit":true,"messageTitle":"Merge pull request #55 from Emrysil/branch-addDrug","messageBody":"Adapt Model and Logic for CareFlow","fileTypesAndContributionMap":{}},{"hash":"f39b3dd008a46a93a038fe1404bd9aa81efc2d6b","isMergeCommit":false,"messageTitle":"Add AddCommand details for patients","messageBody":"","fileTypesAndContributionMap":{"functional-code":{"insertions":52,"deletions":2}}},{"hash":"5f36934e041a0cb0b100593e8d295ba005df6e3f","isMergeCommit":false,"messageTitle":"Change access modifier for MESSAGE_CONSTRAINT in DateOfBirth and Ic for usage in AddCommandParser","messageBody":"","fileTypesAndContributionMap":{"functional-code":{"insertions":2,"deletions":2}}},{"hash":"f576a0c745d0404c01dfc6a69a17f84fca7ce530","isMergeCommit":false,"messageTitle":"Add implementation for UniquePatientList and two additional Exception classes for Patient","messageBody":"","fileTypesAndContributionMap":{"functional-code":{"insertions":144,"deletions":2}}},{"hash":"a03ef1d29e59ca7a618f141a3844641443f35699","isMergeCommit":false,"messageTitle":"Add AddCommand and AddCommandParser for Patient","messageBody":"","fileTypesAndContributionMap":{"functional-code":{"insertions":153,"deletions":24}}}]},{"date":"2023-03-03","commitResults":[{"hash":"8984c30c270221d1e607cb0c528fff11ee6b8c51","isMergeCommit":true,"messageTitle":"Merge pull request #65 from CShuwen/branch-implementFindPatient","messageBody":"add FindCommand to patient record system","fileTypesAndContributionMap":{}},{"hash":"6afe71ee1857229f1e9b8704c966574cb9adf2e8","isMergeCommit":true,"messageTitle":"Merge branch \u0027master\u0027 into branch-implementDeletePatient","messageBody":"","fileTypesAndContributionMap":{}},{"hash":"3d2bc98f78becdb1b9992f7d3523d0c17abaab37","isMergeCommit":true,"messageTitle":"Merge pull request #63 from CShuwen/branch-implementDeletePatient","messageBody":"add DeleteCommand to patient record system","fileTypesAndContributionMap":{}},{"hash":"759143f87acccaf817a6adf6d2ef059dff70e8c1","isMergeCommit":true,"messageTitle":"Merge branch \u0027master\u0027 into branch-Drug_Delete","messageBody":"","fileTypesAndContributionMap":{}},{"hash":"0222d3681c881dd6fa299dfe01b2d39ed24fde93","isMergeCommit":true,"messageTitle":"Merge pull request #62 from nevinlim/branch-Drug_Delete","messageBody":"Delete command for Drug","fileTypesAndContributionMap":{}},{"hash":"ecc6794bdf1c0820fcef648aea56665dc5788ea7","isMergeCommit":false,"messageTitle":"Start decoupling of patient from people, parser now reads only emergency contact number","messageBody":"","fileTypesAndContributionMap":{"functional-code":{"insertions":15,"deletions":46}}},{"hash":"252adad2194089832b43b33383e5b9edb4d0a3d9","isMergeCommit":true,"messageTitle":"Merge branch \u0027master\u0027 into branch-patient-commands","messageBody":"","fileTypesAndContributionMap":{}},{"hash":"e3ea8211568b55df7e14a03048b92e1083dcc94c","isMergeCommit":false,"messageTitle":"Add JsonAdaptedDrug class","messageBody":"","fileTypesAndContributionMap":{"functional-code":{"insertions":104,"deletions":0}}}]},{"date":"2023-03-10","commitResults":[{"hash":"93412300f9f346d2153b0cff2fe28744d85d42f8","isMergeCommit":true,"messageTitle":"Merge branch \u0027master\u0027 into branch-UpdatePatientCommand","messageBody":"","fileTypesAndContributionMap":{}},{"hash":"b1880b8bcf647089b5403ff6d15c3e87626fbb34","isMergeCommit":true,"messageTitle":"Merge pull request #91 from Jiayan-Lim/branch-UpdatePatientCommand","messageBody":"Branch update patient command","fileTypesAndContributionMap":{}},{"hash":"f91e03fb2f8b65740abaa181fb28cfe5d3ba147d","isMergeCommit":true,"messageTitle":"Merge pull request #92 from nevinlim/branch-checkstyle","messageBody":"Fixed some checkstyle errors","fileTypesAndContributionMap":{}},{"hash":"6c952d85980aa3108c4216d4314780e9f4b7e6e8","isMergeCommit":false,"messageTitle":"Add tabpanes for separation and change list cell layout","messageBody":"","fileTypesAndContributionMap":{"functional-code":{"insertions":212,"deletions":36}}}]},{"date":"2023-03-12","commitResults":[{"hash":"04f4e05ead44a350984f219d53b6ae8289e12d7c","isMergeCommit":false,"messageTitle":"Add hospital package with relevant classes","messageBody":"","fileTypesAndContributionMap":{"functional-code":{"insertions":269,"deletions":0}}},{"hash":"e8dc29d57e63157d6f7490cc78f8bb090b454314","isMergeCommit":false,"messageTitle":"Add hospital getters for careflow logic","messageBody":"","fileTypesAndContributionMap":{"functional-code":{"insertions":19,"deletions":0}}},{"hash":"54405242436201cc2bfd7d44c7c9c0f2a86bfc84","isMergeCommit":false,"messageTitle":"Add Hospital getters to CareFlow model, returning fixed set of data","messageBody":"","fileTypesAndContributionMap":{"functional-code":{"insertions":72,"deletions":5}}},{"hash":"d5e5977f141590edcf63c5b2bc804bf8bd41fc18","isMergeCommit":false,"messageTitle":"Add UI elements for hospital","messageBody":"","fileTypesAndContributionMap":{"functional-code":{"insertions":141,"deletions":26}}},{"hash":"7ea6bd6cd2d14403649e41b51ea62ceced4a92e0","isMergeCommit":false,"messageTitle":"Modify MainApp to accomodate initialHospitalData","messageBody":"","fileTypesAndContributionMap":{"functional-code":{"insertions":7,"deletions":8}}},{"hash":"773eab6ddf1c880143ef7c57d0253f71dc2c6a90","isMergeCommit":false,"messageTitle":"Add ReadOnlyHospitalRecords class","messageBody":"","fileTypesAndContributionMap":{"functional-code":{"insertions":8,"deletions":0}}},{"hash":"de40677d6c65ec40a5f5098c606f53e2bb2c4288","isMergeCommit":false,"messageTitle":"Modify comment under DrugNotFoundException","messageBody":"","fileTypesAndContributionMap":{"functional-code":{"insertions":1,"deletions":1}}},{"hash":"4e9721845c65faba6bdb368145edaeb5f70dddf4","isMergeCommit":true,"messageTitle":"Merge branch \u0027master\u0027 into branch-hospitals-tab","messageBody":"","fileTypesAndContributionMap":{}},{"hash":"8be879d361fdbc9a2f312ffff1f9d3c0ae1fcbb0","isMergeCommit":true,"messageTitle":"Merge pull request #97 from CShuwen/branch-implementClickablePatinetAndDrug","messageBody":"Branch implement clickable patient and drug","fileTypesAndContributionMap":{}},{"hash":"b09829ea197edc25d00be4f0255fa90913efe7d1","isMergeCommit":false,"messageTitle":"Init files for Drug Piechart","messageBody":"","fileTypesAndContributionMap":{"functional-code":{"insertions":44,"deletions":1}}},{"hash":"8e6b4738ed32a7450d9d815cf7e48e3ed392d182","isMergeCommit":true,"messageTitle":"Merge branch \u0027master\u0027 of https://github.com/cydtseng/tp into branch-drug-piechart","messageBody":"* \u0027master\u0027 of https://github.com/cydtseng/tp:\n  remove redundant information in the patientcard and drugcard\n  delete unused file\n  add additional column to the drug list panel to display selected patient details.\n  add additional column to the patient list to display selected patient details\n  Create stylesheet directory to store all css files\n  Create style directory to store all css files\n  Resolve unused file from resolving previous merge conflict\n\n# Conflicts:\n#\tpreferences.json\n","fileTypesAndContributionMap":{}},{"hash":"9ee9d85ef5a6c00f161be6d01b15ec85e3a24c85","isMergeCommit":false,"messageTitle":"Add preliminary piechart to show drug inventory status","messageBody":"","fileTypesAndContributionMap":{"functional-code":{"insertions":66,"deletions":29}}},{"hash":"530b83b732abe2664433fa0760f0c29f67130bff","isMergeCommit":true,"messageTitle":"Merge branch \u0027branch-hospitals-tab\u0027 of https://github.com/cydtseng/tp into cydtseng-branch-hospitals-tab","messageBody":"# Conflicts:\n#\tsrc/main/java/seedu/address/ui/MainWindow.java\n#\tsrc/main/resources/view/MainWindow.fxml\n","fileTypesAndContributionMap":{}},{"hash":"0b4161d94fd1a898cf90ecfca667a8e415737920","isMergeCommit":true,"messageTitle":"Merge branch \u0027branch-fix-hospitals-tab\u0027","messageBody":"","fileTypesAndContributionMap":{}},{"hash":"c1c06304ca494e03257f1657940d82a1e0c5111a","isMergeCommit":true,"messageTitle":"Merge branch \u0027master\u0027 of github.com:cydtseng/tp","messageBody":"* \u0027master\u0027 of github.com:cydtseng/tp:\n  Add preliminary piechart to show drug inventory status\n  Init files for Drug Piechart\n","fileTypesAndContributionMap":{}},{"hash":"95e049911a1811564b4db316960b4b17d9ff9ea8","isMergeCommit":true,"messageTitle":"Merge branch \u0027master\u0027 into branch-implementClickablePatinetAndDrug","messageBody":"","fileTypesAndContributionMap":{}},{"hash":"d5e824c46bd68971894228ca98cfe29e33782728","isMergeCommit":true,"messageTitle":"Merge pull request #103 from CShuwen/branch-implementClickablePatinetAndDrug","messageBody":"Recolour UI","fileTypesAndContributionMap":{}},{"hash":"2ffe031edfe93e2afc0b1229fcb3d2467c09deb2","isMergeCommit":true,"messageTitle":"Merge branch \u0027master\u0027 of github.com:cydtseng/tp","messageBody":"* \u0027master\u0027 of github.com:cydtseng/tp:\n  Update log file path addressbook.log -\u003e careflow.log\n  Change name of the logo file\n  Delete unnecessary System print line\n  change tab background color\n  revamp UI dark theme\n","fileTypesAndContributionMap":{}},{"hash":"9662ab759cfb27a4a111efb1b900e7bb632447bf","isMergeCommit":false,"messageTitle":"Add first round of test skeleton files","messageBody":"","fileTypesAndContributionMap":{"functional-code":{"insertions":1,"deletions":0},"test-code":{"insertions":508,"deletions":0}}}]}],"Emrysil":[{"date":"2023-02-23","commitResults":[{"hash":"d6d65cfb6fa825b8fe9b62d49a787ece2add6108","isMergeCommit":true,"messageTitle":"Merge pull request #10 from CShuwen/branch-UI","messageBody":"Set up UI for drug list","fileTypesAndContributionMap":{}},{"hash":"b5940ac1ea8e376742c53ded574756159fb6a077","isMergeCommit":false,"messageTitle":"Update AboutUs (Xintong)","messageBody":"","fileTypesAndContributionMap":{"docs":{"insertions":7,"deletions":7}}},{"hash":"bf4227fc076e1223867d0c0189a0bd7e6c959101","isMergeCommit":true,"messageTitle":"Merge pull request #15 from nevinlim/branch-AboutUs","messageBody":"update AboutUs nevin and updated Ui.png","fileTypesAndContributionMap":{}},{"hash":"eaa4dc2cb2c962b233e4548b2c543af8ff0e876e","isMergeCommit":false,"messageTitle":"Add PPP for Xintong","messageBody":"","fileTypesAndContributionMap":{"docs":{"insertions":25,"deletions":0}}},{"hash":"fcaf0522d06b32afebe95d172b3e28f53618e507","isMergeCommit":false,"messageTitle":"Remove trailing whitespace","messageBody":"","fileTypesAndContributionMap":{"docs":{"insertions":4,"deletions":4}}},{"hash":"e261aec53d6e46444eceb4fa3ba753ecedd5be25","isMergeCommit":false,"messageTitle":"Add new line at the end of AboutUs.md","messageBody":"","fileTypesAndContributionMap":{"docs":{"insertions":1,"deletions":1}}},{"hash":"284dfe496d289dd22857961b8ab1cbfa0542cd64","isMergeCommit":false,"messageTitle":"Update project skeleton","messageBody":"Created classes and packages for the project\n","fileTypesAndContributionMap":{"functional-code":{"insertions":179,"deletions":0}}},{"hash":"3f0dc355e80f16a3f5aede18781e01c12e350edc","isMergeCommit":false,"messageTitle":"Add javadoc comments","messageBody":"","fileTypesAndContributionMap":{"functional-code":{"insertions":145,"deletions":11}}},{"hash":"5d2088e824d998deb9b510559cac540765c522c6","isMergeCommit":true,"messageTitle":"Merge pull request #39 from Emrysil/master","messageBody":"Create project skeleton","fileTypesAndContributionMap":{}},{"hash":"b7d52efa08d02ecace669165cc84498c9098db5a","isMergeCommit":false,"messageTitle":"Edit CliSyntax","messageBody":"Include flags for drug and patient\n","fileTypesAndContributionMap":{"functional-code":{"insertions":20,"deletions":34}}},{"hash":"e50ce93ada9fd0b238d335d25bc1d0e56f7424cc","isMergeCommit":false,"messageTitle":"Bugfix","messageBody":"","fileTypesAndContributionMap":{"functional-code":{"insertions":1,"deletions":0}}},{"hash":"79c7a3c779e15c49c2b90173470b1d8ed84af9e9","isMergeCommit":true,"messageTitle":"Merge pull request #41 from Emrysil/branch-drugModel","messageBody":"Edit CliSyntax","fileTypesAndContributionMap":{}}]},{"date":"2023-02-24","commitResults":[{"hash":"89aa386acac7fa2df9445bedabcfced5d2036798","isMergeCommit":false,"messageTitle":"Implement Drug classes","messageBody":"Implemented ActiveIngredient, Direction, Drug, UniqueDrugList classes\n","fileTypesAndContributionMap":{"functional-code":{"insertions":340,"deletions":2}}},{"hash":"eb9e8400298a77bd2b5b5bf7c2405cec455ed1ef","isMergeCommit":false,"messageTitle":"Change field for Drug","messageBody":"Change Purpose to Set\u003cPurpose\u003e since a drug can often treat multiple\nsymptoms\n","fileTypesAndContributionMap":{"functional-code":{"insertions":14,"deletions":10}}},{"hash":"029087efcb29d1c23ddf9152552ad2bea8016c89","isMergeCommit":true,"messageTitle":"Merge pull request #47 from nevinlim/branch-Drugmodel","messageBody":"updated DrugModel classes","fileTypesAndContributionMap":{}},{"hash":"02a9c0029cc945a6bd07e7cc9939b840d334b064","isMergeCommit":false,"messageTitle":"Update Parser hierarchy","messageBody":"Updated Parser hierarchy such that the top level parser is now\nCareFlowParser, which distributes tasks to GeneralParser/PatientParser/\nDrugParser. The 3 secondary parsers then switch to each specific command\nparsers.\n","fileTypesAndContributionMap":{"functional-code":{"insertions":334,"deletions":19}}}]},{"date":"2023-02-28","commitResults":[{"hash":"a8745881281bb0b623d0b8b0af1715b0361bf5f8","isMergeCommit":true,"messageTitle":"Merge pull request #50 from Emrysil/branch-parserStructure","messageBody":"Update Parser hierarchy","fileTypesAndContributionMap":{}},{"hash":"c6d604fcf4edc6bccd9c068776d6f602bb491729","isMergeCommit":false,"messageTitle":"Adapt Model and Logic for CareFlow","messageBody":"Created DrugInventory class which implements ReadOnlyDrugInventory to\nhandle drug related operations.\nCreated PatientRecord class which implements ReadOnlyPatientRecord to\nhandle patient related operations.\nCreated ClearCommand for both Patient and Drug.\nImplemented CareFlow which dispatches patient and drug related operations\nto PatientRecord and DrugInventory respectively.\nImplemented CareFlowModel and CareFlowModelManager.\nImplemented CareFlowLogic and CareFlowLogicManager.\nChanged code which uses the old logic/model to use our CareFlow version,\nthere can be some omissions.\nOther changes are made to avoid errors. (e.g. execute#Command now takes\nCareFlowModel as argument, so addressBook commands are no longer working,\nI commented out the @Override annotation such that the code still\ncompiles).\n","fileTypesAndContributionMap":{"functional-code":{"insertions":1039,"deletions":188},"other":{"insertions":40,"deletions":29},"test-code":{"insertions":0,"deletions":162}}}]},{"date":"2023-03-01","commitResults":[{"hash":"2fe23154abd47336fcea370b5177bc121d46bc83","isMergeCommit":false,"messageTitle":"Update method signature of commands to accept CareFlowModel","messageBody":"","fileTypesAndContributionMap":{"functional-code":{"insertions":21,"deletions":91}}},{"hash":"87658df360aa22ccced03c576b54dd74fac5c0c1","isMergeCommit":false,"messageTitle":"Remove AddressBook/AddressBookParser/Model/ModelManager","messageBody":"Removed outdated files to avoid confusion. Code which references these\nclasses are commented out such that the file still compiles. Commented\ncode are mainly related to storage, which will be implemented later.\n","fileTypesAndContributionMap":{"functional-code":{"insertions":152,"deletions":562}}}]},{"date":"2023-03-03","commitResults":[{"hash":"67079a93a09155f39ce027ff855fd1810e9cb243","isMergeCommit":false,"messageTitle":"Add storage classes","messageBody":"Created DrugInventoryStorage, PatientRecordStorage, CareFlowStorage,\nJsonDrugInventoryStorage, JsonPatientRecordStorage, CareFlowStorageManager\nclasses for the storage of CareFlow data\n","fileTypesAndContributionMap":{"functional-code":{"insertions":425,"deletions":51}}}]},{"date":"2023-03-05","commitResults":[{"hash":"d1dbb5e8fbbc2039efca8475eac6d4ae73e11393","isMergeCommit":false,"messageTitle":"Complete Storage and UI components","messageBody":"Adapted Storage component for CareFlow by implementing:\n1. JsonSerializablePatientRecord\n2. JsonSerializableDrugInventory\n3. JsonPatientRecordStorage\n4. JsonDrugInventoryStorage\n5. JsonAdaptedPatient\n\nModified preferences.json to allowing loading of data from:\n`data/patientRecord.json` and `data/drugInventory.json`\n\nAdapted UI implementation for the presentation of patient and drug data\nby implementing:\n1. DrugCard\n2. PatientCard\n3. DrugListCard.fxml\n4. PatientlistCard.fxml\n5. StatusBarFooter\n\nPrepared sample data for first time users by modifying:\n1. SampleDateUtil: added getSamplePatients() and getSampleDrugs() methods\nby creating sample patients and sample drugs.\n\nRemoved obsolete addressBook classes.\n","fileTypesAndContributionMap":{"functional-code":{"insertions":486,"deletions":582},"other":{"insertions":46,"deletions":51},"docs":{"insertions":1,"deletions":1},"test-code":{"insertions":267,"deletions":272}}}]},{"date":"2023-03-06","commitResults":[{"hash":"12099c03402c4bd6928b19fdb0bcc44983fd3248","isMergeCommit":false,"messageTitle":"Update UI to enforce textWrap for long texts","messageBody":"","fileTypesAndContributionMap":{"functional-code":{"insertions":5,"deletions":8}}},{"hash":"3b184eccec9d0821464fc4de1db042cc69d059bd","isMergeCommit":true,"messageTitle":"Merge branch \u0027branch-updateStorage\u0027","messageBody":"","fileTypesAndContributionMap":{}},{"hash":"9f0e9158ad5713926182803d0feab108548f0b5b","isMergeCommit":true,"messageTitle":"Merge pull request #82 from nevinlim/branch-BugFix","messageBody":"Fix Bugs","fileTypesAndContributionMap":{}},{"hash":"29f12fbc84d64cbdb9bdf20003a2396b9a276681","isMergeCommit":true,"messageTitle":"Merge pull request #81 from Emrysil/master","messageBody":"Update UI to enforce textWrap","fileTypesAndContributionMap":{}},{"hash":"634fcf2ecf431c63d20d8ca9bb45a4513ace3d98","isMergeCommit":false,"messageTitle":"Fix bug caused by optional fields inside patient","messageBody":"- Addressed bug report: When adding new record for the first time, JSON\nis created but the new data is not written.\n\t- Cause: Optional fields drugAllergy and EmergencyContact are not\n\tinitialised inside the overloaded constructor, causing the\n\tgetDrugAllergy() and getEmergencyContact() to produce\n\tNullPointerException when called by JsonAdaptedPerson#toModelType()\n\twhich is in turn called by JsonSerializablePatientRecord constructor\n\tduring storage.\n- Edited JsonAdaptedPerson#toModelType() to handle the conversion of\nnull values for the two optional fields.\n","fileTypesAndContributionMap":{"functional-code":{"insertions":43,"deletions":19},"test-code":{"insertions":2423,"deletions":2420}}}]},{"date":"2023-03-07","commitResults":[{"hash":"04387350e8031ef0a3138e765a5e90181a4f69da","isMergeCommit":false,"messageTitle":"Remove unnecessary check for file existence","messageBody":"","fileTypesAndContributionMap":{"functional-code":{"insertions":1,"deletions":4}}},{"hash":"485cfbb6f7e38f6261095aa1f969f2d16fc586aa","isMergeCommit":true,"messageTitle":"Merge branch \u0027branch-storageBugFix\u0027","messageBody":"","fileTypesAndContributionMap":{}},{"hash":"68b5a40a77812b031ec0cd92e3655b90221f9e4e","isMergeCommit":true,"messageTitle":"Merge pull request #84 from Emrysil/master","messageBody":"Remove unnecessary check for file existence","fileTypesAndContributionMap":{}}]},{"date":"2023-03-12","commitResults":[{"hash":"0baa3e2fa84675562fddb452ca9be18d10607138","isMergeCommit":false,"messageTitle":"Change name of the logo file","messageBody":"","fileTypesAndContributionMap":{"functional-code":{"insertions":2,"deletions":2},"test-code":{"insertions":1,"deletions":1}}},{"hash":"0dfb3611783ff3591f08987187754c01eee7a01d","isMergeCommit":true,"messageTitle":"Merge pull request #104 from Emrysil/branch-renameLogo","messageBody":"Change name of the logo file","fileTypesAndContributionMap":{}},{"hash":"e70d8b2d32d84a3cb9f02e0eda8186d8505cd4a3","isMergeCommit":false,"messageTitle":"Update log file path addressbook.log -\u003e careflow.log","messageBody":"","fileTypesAndContributionMap":{"functional-code":{"insertions":1,"deletions":1}}},{"hash":"26a83c3bcfe5747f62a5b9653d16d0d57a2072cf","isMergeCommit":true,"messageTitle":"Merge pull request #105 from Emrysil/branch-log","messageBody":"Update log file path","fileTypesAndContributionMap":{}},{"hash":"64ac2ce91eddb51d0bf1e27f41ae5b90cf2d54ca","isMergeCommit":false,"messageTitle":"Implement storage of userprefs theme","messageBody":"","fileTypesAndContributionMap":{"functional-code":{"insertions":30,"deletions":4}}},{"hash":"92d6d3beac741baa132e139e8f4ef73b08c79de0","isMergeCommit":true,"messageTitle":"Merge pull request #106 from Emrysil/branch-themepref","messageBody":"Implement storage of userprefs theme","fileTypesAndContributionMap":{}},{"hash":"5e8a3ed46f95a430923d98e528c6f815e350f4dd","isMergeCommit":false,"messageTitle":"Update DG","messageBody":"","fileTypesAndContributionMap":{"docs":{"insertions":42,"deletions":34}}},{"hash":"e0e865352df400effaacd17c72e108a4e4ea93be","isMergeCommit":true,"messageTitle":"Merge pull request #111 from cydtseng/branch-test-skeleton","messageBody":"Branch test skeleton","fileTypesAndContributionMap":{}},{"hash":"1b5e3824157bee7ff2692b71f4575ac1c0d4a6b5","isMergeCommit":true,"messageTitle":"Merge pull request #112 from Emrysil/branch-updateUG","messageBody":"Update DG","fileTypesAndContributionMap":{}},{"hash":"c9a58f1daab150885e64dcb032349e07118cd2e4","isMergeCommit":false,"messageTitle":"Update DG to include view all * user story","messageBody":"","fileTypesAndContributionMap":{"docs":{"insertions":2,"deletions":1}}},{"hash":"208e8ba15241c7ada9fa2bc022468efbd9222d5c","isMergeCommit":true,"messageTitle":"Merge pull request #113 from Emrysil/branch-updateUG2","messageBody":"Update DG to include view all * user story","fileTypesAndContributionMap":{}}]}],"CShuwen":[{"date":"2023-02-23","commitResults":[{"hash":"21cd6d5f8b545f637ecce5b8720adeaf94e7ca68","isMergeCommit":false,"messageTitle":"Set up UI for drug list","messageBody":"","fileTypesAndContributionMap":{"functional-code":{"insertions":15,"deletions":4}}},{"hash":"cfbb90853aa8356baf68a78523ad5622a8c91eec","isMergeCommit":false,"messageTitle":"Fix checkstyle by deleting extra lines","messageBody":"","fileTypesAndContributionMap":{"functional-code":{"insertions":0,"deletions":1}}},{"hash":"59990527954fcfa39bb6926693242cab7ecb01d1","isMergeCommit":false,"messageTitle":"Fix checkstyle by adding extra lines","messageBody":"","fileTypesAndContributionMap":{"functional-code":{"insertions":1,"deletions":1}}},{"hash":"b0c42741862d0e78e5b0bdf7a6c7050ec7e7ffaa","isMergeCommit":false,"messageTitle":"update Shuwen\u0027s AboutUs","messageBody":"","fileTypesAndContributionMap":{"docs":{"insertions":5,"deletions":5}}},{"hash":"c58cfa9150915bade86cb71fd03308fee108c9d8","isMergeCommit":true,"messageTitle":"Merge pull request #11 from CShuwen/branch-AboutUs","messageBody":"update AboutUs to include Shuwen\u0027s details","fileTypesAndContributionMap":{}},{"hash":"44c44c05cc5a223a44ca4138ac794bcc93a3b0f3","isMergeCommit":true,"messageTitle":"Merge pull request #12 from cydtseng/branch-aboutus","messageBody":"Update AboutUs page to include Chen-Yu details","fileTypesAndContributionMap":{}},{"hash":"b79221e63f219b3f1b800592e547fcb09bbd5829","isMergeCommit":true,"messageTitle":"Merge pull request #13 from Emrysil/branch-updateAboutUs","messageBody":"Update AboutUs (Xintong)","fileTypesAndContributionMap":{}},{"hash":"c535ec2631546f071634f85731323180a01446cd","isMergeCommit":true,"messageTitle":"Merge pull request #14 from Jiayan-Lim/branch-AboutUs","messageBody":"Update AboutUs Lim Jia Yan","fileTypesAndContributionMap":{}},{"hash":"db51945f6e954e038bf944ed63c928a37df52e5e","isMergeCommit":false,"messageTitle":"correct Shuwen\u0027s AboutUs detail error","messageBody":"","fileTypesAndContributionMap":{"docs":{"insertions":1,"deletions":1}}},{"hash":"db01a888fa3e1a7ba6318b76ba1d1ac067760bcb","isMergeCommit":false,"messageTitle":"correct Shuwen\u0027s AboutUs image naming error","messageBody":"","fileTypesAndContributionMap":{"docs":{"insertions":1,"deletions":1}}},{"hash":"1ca939a347b7fe5b723b4ffeb36ddb730ac6023e","isMergeCommit":true,"messageTitle":"Merge pull request #16 from CShuwen/branch-AboutUs","messageBody":"correct Shuwen\u0027s AboutUs detail error","fileTypesAndContributionMap":{}},{"hash":"4c6e65110b85c7ce983f9eb31abdfa824c8d667b","isMergeCommit":true,"messageTitle":"Merge pull request #18 from Jiayan-Lim/branch-AboutUs","messageBody":"Update profile Lim Jia Yan","fileTypesAndContributionMap":{}},{"hash":"9457d4e9a5699e932ecec5b08b629b9334b2d0a9","isMergeCommit":false,"messageTitle":"Add cshuwen\u0027s skeletal PPP file","messageBody":"","fileTypesAndContributionMap":{"docs":{"insertions":3,"deletions":0}}},{"hash":"9fd672eaad2f2f1b9fa16b7dc6165477ce010579","isMergeCommit":false,"messageTitle":"add additional line in PPP file","messageBody":"","fileTypesAndContributionMap":{"docs":{"insertions":2,"deletions":1}}},{"hash":"f7d052ee1738c386668ad87ad6148cb1a95b1a16","isMergeCommit":false,"messageTitle":"add additional line in PPP file","messageBody":"","fileTypesAndContributionMap":{"docs":{"insertions":0,"deletions":1}}},{"hash":"a158586c5cdcdfce0cd8327b7658e543213422ec","isMergeCommit":false,"messageTitle":"add Overall structure to PPP file","messageBody":"","fileTypesAndContributionMap":{"docs":{"insertions":17,"deletions":2}}},{"hash":"a48e9bcc8bace74ea726e1dd8e6e617eb515860e","isMergeCommit":false,"messageTitle":"add Overview PPP file","messageBody":"","fileTypesAndContributionMap":{"docs":{"insertions":2,"deletions":0}}},{"hash":"a5d4eae6b7ae4be05910c796686a8b806306be83","isMergeCommit":false,"messageTitle":"correct shuwen\u0027s image name","messageBody":"","fileTypesAndContributionMap":{"docs":{"insertions":1,"deletions":1}}},{"hash":"4a93d14a00947ca023015312192b1e96443e3753","isMergeCommit":true,"messageTitle":"Merge pull request #24 from CShuwen/branch-AboutUs","messageBody":"correct shuwen\u0027s image name","fileTypesAndContributionMap":{}},{"hash":"92d168f3d48ba290fd80c6d0aba317f3acf3581e","isMergeCommit":true,"messageTitle":"Merge pull request #20 from CShuwen/branch-addPPP","messageBody":"Add skeletal PPP file for CShuwen","fileTypesAndContributionMap":{}},{"hash":"91b0bf6a6c1078a15683880613851432f48cb402","isMergeCommit":true,"messageTitle":"Merge pull request #21 from cydtseng/branch-PPP","messageBody":"Add preliminary Project Portfolio Page for Chen-Yu","fileTypesAndContributionMap":{}},{"hash":"8391bf22c64d1ebfb2dd95810061c4ebafa1650f","isMergeCommit":true,"messageTitle":"Merge pull request #25 from Emrysil/branch-PPP","messageBody":"Add PPP for Xintong","fileTypesAndContributionMap":{}},{"hash":"7ba7a90419aa480453eb396cddbbcc1874c37782","isMergeCommit":true,"messageTitle":"Merge pull request #22 from Jiayan-Lim/branch-PPP","messageBody":"Add Project Portfolio Page (PPP) Lim Jia Yan","fileTypesAndContributionMap":{}},{"hash":"cd412345181269efda9592a8b27cad5ac6fc6f01","isMergeCommit":true,"messageTitle":"Merge pull request #26 from nevinlim/branch-PPP","messageBody":"updated nevinlim.md for skeletal PPP","fileTypesAndContributionMap":{}},{"hash":"cabe83815c2778dac840926d75b435190356a0af","isMergeCommit":true,"messageTitle":"Merge pull request #27 from cydtseng/branch-PPP","messageBody":"Update AboutMe with updated name of image","fileTypesAndContributionMap":{}},{"hash":"9cf108a40f845545c86859eef8f6a6fd1721a916","isMergeCommit":true,"messageTitle":"Merge pull request #29 from cydtseng/branch-UG","messageBody":"Update user guide partially","fileTypesAndContributionMap":{}},{"hash":"9546462f15e4090df28b4073f32cd1831e10a1ca","isMergeCommit":true,"messageTitle":"Merge pull request #30 from nevinlim/branch-README","messageBody":"updated README.md and _base.scss","fileTypesAndContributionMap":{}},{"hash":"f48886a2d965f72ab6fd26187ede6babee1ceb24","isMergeCommit":true,"messageTitle":"Merge pull request #31 from Jiayan-Lim/branch-DG","messageBody":"Update use case and glossary for DP","fileTypesAndContributionMap":{}},{"hash":"27882142258ab58ba87a27354bbedb0c70599464","isMergeCommit":false,"messageTitle":"Add Non-functional requirements and User Stories to Developer Guide","messageBody":"","fileTypesAndContributionMap":{"docs":{"insertions":38,"deletions":12}}},{"hash":"1d8cad95b113122c7f69cdb54bf0f0e8e5ae4dd4","isMergeCommit":true,"messageTitle":"Merge pull request #34 from cydtseng/branch-UG","messageBody":"Complete user guide markdown","fileTypesAndContributionMap":{}},{"hash":"c48de8b0ece890d2b1dd8803c1563d7298e9b079","isMergeCommit":true,"messageTitle":"Merge pull request #32 from nevinlim/branch-Index","messageBody":"updated index.md","fileTypesAndContributionMap":{}},{"hash":"edc499d0b77a2fbfd5ae466ddd3c0f16f0846f45","isMergeCommit":true,"messageTitle":"Merge pull request #40 from Jiayan-Lim/branch-DG","messageBody":"Update DP","fileTypesAndContributionMap":{}}]},{"date":"2023-03-02","commitResults":[{"hash":"5643d20212922c417740e3aa36cfd6af9086cf12","isMergeCommit":true,"messageTitle":"Merge pull request #60 from cydtseng/branch-patient-commands","messageBody":"Add Command For Patient","fileTypesAndContributionMap":{}}]},{"date":"2023-03-03","commitResults":[{"hash":"e1d39625fedb4119e4b2055169463cc01a5bc329","isMergeCommit":false,"messageTitle":"add DeleteCommand to patient record system","messageBody":"","fileTypesAndContributionMap":{"functional-code":{"insertions":107,"deletions":5}}},{"hash":"a1212df5d0cec2d46975a2195259d1d12991998e","isMergeCommit":false,"messageTitle":"add FindCommand to patient record system","messageBody":"","fileTypesAndContributionMap":{"functional-code":{"insertions":74,"deletions":4}}},{"hash":"b2837307f4fdd43c88c312b6c8cf82c67f6f447e","isMergeCommit":true,"messageTitle":"Merge branch \u0027master\u0027 into branch-updateDrug","messageBody":"","fileTypesAndContributionMap":{}},{"hash":"187ab818ba27c97fe943114003846097acd31422","isMergeCommit":true,"messageTitle":"Merge pull request #66 from nevinlim/branch-updateDrug","messageBody":"Updated Drug and implemented Find command","fileTypesAndContributionMap":{}},{"hash":"39852046600ca22778756f76ad1894f78a926177","isMergeCommit":true,"messageTitle":"Merge pull request #69 from nevinlim/branch-List_Drug","messageBody":"List Command for Drug and Patient","fileTypesAndContributionMap":{}},{"hash":"f68175694acf8f8e4efd40c44147619c1f896f5f","isMergeCommit":true,"messageTitle":"Merge pull request #71 from cydtseng/branch-patient-commands","messageBody":"Change parser to read only emergency contact number","fileTypesAndContributionMap":{}},{"hash":"6f8be70026105bf2bb1c42aabadd0de1fb5532cf","isMergeCommit":true,"messageTitle":"Merge pull request #72 from Jiayan-Lim/branch-ModelForPatient","messageBody":"Delete Emergency Contact","fileTypesAndContributionMap":{}},{"hash":"4257e6598e6ea94539c12ec82a799d3b320f9572","isMergeCommit":true,"messageTitle":"Merge pull request #74 from cydtseng/branch-JsonAdaptedDrug","messageBody":"Add JsonAdaptedDrug class","fileTypesAndContributionMap":{}},{"hash":"e23fece4be2ed19b3cffaec963820ed2b62301f3","isMergeCommit":true,"messageTitle":"Merge pull request #76 from Jiayan-Lim/branch-PatientCard(UI)","messageBody":"Update UI for patient and drug","fileTypesAndContributionMap":{}}]},{"date":"2023-03-06","commitResults":[{"hash":"c52e5a547554e8b9962f5e634a897d5abd53d7c2","isMergeCommit":true,"messageTitle":"Merge pull request #80 from Emrysil/branch-updateStorage","messageBody":"Complete Storage and UI components","fileTypesAndContributionMap":{}}]},{"date":"2023-03-11","commitResults":[{"hash":"43b27471e4f8662f3d8f6ff78b78184081e20c08","isMergeCommit":true,"messageTitle":"Merge pull request #94 from cydtseng/branch-ui-tabpanes","messageBody":"Add tabpanes for separation","fileTypesAndContributionMap":{}},{"hash":"1898285119eec15948964fd48d5dcb2e58ed302a","isMergeCommit":true,"messageTitle":"Merge branch \u0027master\u0027 into branch-lightdarktheme","messageBody":"","fileTypesAndContributionMap":{}},{"hash":"cc9dc0b7b015282798b7c76b83f747f153d31899","isMergeCommit":true,"messageTitle":"Merge pull request #95 from nevinlim/branch-lightdarktheme","messageBody":"Branch lightdarktheme and checkstyle fix 2","fileTypesAndContributionMap":{}},{"hash":"ab119e73cb7da807bfc07b9ccbb68f65f74f969e","isMergeCommit":false,"messageTitle":"Resolve unused file from resolving previous merge conflict","messageBody":"","fileTypesAndContributionMap":{"functional-code":{"insertions":0,"deletions":9}}},{"hash":"97ab7a1b610ed441e1d3cb90e43141c75154eb81","isMergeCommit":false,"messageTitle":"Create style directory to store all css files","messageBody":"","fileTypesAndContributionMap":{"functional-code":{"insertions":15,"deletions":20},"other":{"insertions":0,"deletions":0}}}]},{"date":"2023-03-12","commitResults":[{"hash":"365bf1970f9fde4f673896dfa9f58d317ef41bf5","isMergeCommit":false,"messageTitle":"Create stylesheet directory to store all css files","messageBody":"","fileTypesAndContributionMap":{"functional-code":{"insertions":4,"deletions":77},"other":{"insertions":0,"deletions":0}}},{"hash":"bb31e6f7d9e92ff66696cad2b4581d54e541f594","isMergeCommit":false,"messageTitle":"add additional column to the patient list to display selected patient details","messageBody":"","fileTypesAndContributionMap":{"functional-code":{"insertions":96,"deletions":13}}},{"hash":"1d1b775a2ece1e3631db5f964d9d5f7f0b17c96f","isMergeCommit":false,"messageTitle":"add additional column to the drug list panel to display selected patient details.","messageBody":"","fileTypesAndContributionMap":{"functional-code":{"insertions":67,"deletions":21}}},{"hash":"d083943849538af6f5d30ba1787aecb49b6a20ed","isMergeCommit":false,"messageTitle":"delete unused file","messageBody":"","fileTypesAndContributionMap":{"functional-code":{"insertions":0,"deletions":4}}},{"hash":"123170dd771f63f98cf36a8567a0e11550ec7cb1","isMergeCommit":false,"messageTitle":"remove redundant information in the patientcard and drugcard","messageBody":"","fileTypesAndContributionMap":{"functional-code":{"insertions":12,"deletions":52}}},{"hash":"ae4181670b9f3d7ea4858c3fa94dafb0744bd01e","isMergeCommit":true,"messageTitle":"Merge pull request #96 from Jiayan-Lim/branch-deletePerson","messageBody":"Delete Person class","fileTypesAndContributionMap":{}},{"hash":"1827fad2fdabefc1072d6035ee5bb2a5d5c0f931","isMergeCommit":true,"messageTitle":"Merge branch \u0027master\u0027 into branch-implementClickablePatinetAndDrug","messageBody":"","fileTypesAndContributionMap":{}},{"hash":"49f432340e14db741b8c6691af14a26bb2929075","isMergeCommit":false,"messageTitle":"revamp UI dark theme","messageBody":"","fileTypesAndContributionMap":{"functional-code":{"insertions":52,"deletions":51}}},{"hash":"5d4ad258a9739d66d0cc53da7e56cc59132174c3","isMergeCommit":false,"messageTitle":"change tab background color","messageBody":"","fileTypesAndContributionMap":{"functional-code":{"insertions":1,"deletions":1}}},{"hash":"ad1dcfc3fae4595b18fd7556d05c7c75e9f25606","isMergeCommit":true,"messageTitle":"Merge pull request #102 from cydtseng/branch-fix-hospitals-tab","messageBody":"Branch fix hospitals tab","fileTypesAndContributionMap":{}},{"hash":"e6e0abb79d99e6fbac46a3f26adf6ba4cabb1c38","isMergeCommit":true,"messageTitle":"Merge branch \u0027master\u0027 into branch-drug-piechart","messageBody":"","fileTypesAndContributionMap":{}},{"hash":"c3486feed5cbb61229455620a5e5b8e4e5f5580d","isMergeCommit":true,"messageTitle":"Merge pull request #101 from cydtseng/branch-drug-piechart","messageBody":"Branch drug piechart","fileTypesAndContributionMap":{}},{"hash":"1a002b52b3875fc7ba4cdade8f4a054459ddfd40","isMergeCommit":false,"messageTitle":"Delete unnecessary System print line","messageBody":"","fileTypesAndContributionMap":{"functional-code":{"insertions":0,"deletions":2}}},{"hash":"bcd386178132e07fc3e54567613f04f91eba7f86","isMergeCommit":false,"messageTitle":"correct checkstyle","messageBody":"","fileTypesAndContributionMap":{"functional-code":{"insertions":89,"deletions":38},"test-code":{"insertions":221,"deletions":228}}},{"hash":"2f9c5ccdb9401a808b8d81cd20300628fe807413","isMergeCommit":true,"messageTitle":"Merge pull request #107 from Jiayan-Lim/branch-ErrorMessageForCommand","messageBody":"Branch error message for command","fileTypesAndContributionMap":{}},{"hash":"3414af5568567b1b10a8882dacdc74aaa1d76c8c","isMergeCommit":true,"messageTitle":"Merge pull request #108 from nevinlim/branch-userInputConstraints","messageBody":"Constraints for all user input","fileTypesAndContributionMap":{}},{"hash":"f1f6d8dbad77b9700d12f467794368f91fa29b38","isMergeCommit":true,"messageTitle":"Merge pull request #109 from CShuwen/branch-checkstyle","messageBody":"correct checkstyles","fileTypesAndContributionMap":{}}]}],"Jiayan-Lim":[{"date":"2023-02-23","commitResults":[{"hash":"d67ec626d7cfeb9747707a54078e540863e1ab89","isMergeCommit":false,"messageTitle":"Update AboutUs Lim Jia Yan","messageBody":"","fileTypesAndContributionMap":{"docs":{"insertions":6,"deletions":6}}},{"hash":"83d8f4b4f8ba1c3f859a896f904bc1428c3459af","isMergeCommit":true,"messageTitle":"Merge branch \u0027master\u0027 into branch-AboutUs","messageBody":"","fileTypesAndContributionMap":{}},{"hash":"d982643c215eac69577e1b0e922f697099fc9386","isMergeCommit":false,"messageTitle":"Add Project Portfolio Page (PPP) Lim Jia Yan","messageBody":"","fileTypesAndContributionMap":{"docs":{"insertions":3,"deletions":0}}},{"hash":"2df7ddc3647db7a96be23ca915e9c0c51e5562ba","isMergeCommit":false,"messageTitle":"Fix checkstyle error","messageBody":"","fileTypesAndContributionMap":{"docs":{"insertions":5,"deletions":2}}},{"hash":"f819d475619ca474ddf6c8ae817fb5b06cedf13c","isMergeCommit":false,"messageTitle":"Update PPP partially Lim Jia Yan","messageBody":"","fileTypesAndContributionMap":{"docs":{"insertions":13,"deletions":1}}},{"hash":"2a209146e4d961abb0930e5d5138b2fe7893596d","isMergeCommit":false,"messageTitle":"Update use case and glossary for DP","messageBody":"","fileTypesAndContributionMap":{"docs":{"insertions":61,"deletions":3}}},{"hash":"894659461acd662f11ebab9a64bdf25910c31832","isMergeCommit":false,"messageTitle":"Update use cases for DP","messageBody":"","fileTypesAndContributionMap":{"docs":{"insertions":102,"deletions":34}}},{"hash":"50050003e85b9810864aea664f2d28ac96e94622","isMergeCommit":true,"messageTitle":"Merge branch \u0027master\u0027 into branch-DG","messageBody":"","fileTypesAndContributionMap":{}},{"hash":"903cdd9e672363557fbe91e7556094ccb11600af","isMergeCommit":false,"messageTitle":"Fix underline issue in developer guide","messageBody":"","fileTypesAndContributionMap":{"docs":{"insertions":2,"deletions":2}}}]},{"date":"2023-02-24","commitResults":[{"hash":"154f7698552890abcb58be565e431b70f61fb3e7","isMergeCommit":false,"messageTitle":"Implement patient model partially","messageBody":"","fileTypesAndContributionMap":{"functional-code":{"insertions":372,"deletions":9},"test-code":{"insertions":204,"deletions":0}}},{"hash":"b03236704060341eb5d71b3528fae36cf602ad84","isMergeCommit":true,"messageTitle":"Merge branch \u0027master\u0027 into branch-PatientModel","messageBody":"","fileTypesAndContributionMap":{}}]},{"date":"2023-02-27","commitResults":[{"hash":"61d89fd7fdab0772ab0e12f5249f914c50ec86e6","isMergeCommit":false,"messageTitle":"Add more test case for model related to patient","messageBody":"","fileTypesAndContributionMap":{"functional-code":{"insertions":3,"deletions":1},"test-code":{"insertions":43,"deletions":7}}},{"hash":"a49dd14797f9839b7a95e794d8c2fb80a8cad12d","isMergeCommit":true,"messageTitle":"Merge branch \u0027master\u0027 into branch-PatientModel","messageBody":"","fileTypesAndContributionMap":{}},{"hash":"9bdff6c70c7ec4df01ce40a1f70e9dff12e51842","isMergeCommit":false,"messageTitle":"Fix checkstyle issue based on review comment","messageBody":"","fileTypesAndContributionMap":{"functional-code":{"insertions":2,"deletions":2}}},{"hash":"b611d45361a2d1ffac31fd72e5e34653977c6f01","isMergeCommit":true,"messageTitle":"Merge pull request #49 from Jiayan-Lim/branch-PatientModel","messageBody":"Update patient model partially ","fileTypesAndContributionMap":{}}]},{"date":"2023-03-03","commitResults":[{"hash":"3378e19958a100341f841618053fa1e5205146b9","isMergeCommit":false,"messageTitle":"Delete Emergency Contact","messageBody":"","fileTypesAndContributionMap":{"functional-code":{"insertions":19,"deletions":122},"other":{"insertions":23,"deletions":17},"test-code":{"insertions":0,"deletions":32}}},{"hash":"5b4e50de6614bd0a7be0fcba54832558a10b55f1","isMergeCommit":true,"messageTitle":"Merge branch \u0027master\u0027 into branch-ModelForPatient","messageBody":"","fileTypesAndContributionMap":{}},{"hash":"6667f825319c8f5c74e24ecfb3e2d9d437465b91","isMergeCommit":false,"messageTitle":"Delete uniquePatientlist to resolve conflict","messageBody":"","fileTypesAndContributionMap":{"functional-code":{"insertions":0,"deletions":127}}},{"hash":"1e60a1032a9a614f7c6f487fb462bb0e13ac2870","isMergeCommit":false,"messageTitle":"Update UI for patient and drug","messageBody":"","fileTypesAndContributionMap":{"functional-code":{"insertions":152,"deletions":47}}},{"hash":"08db943272f246f722b1dbbafcbb1173f3afc149","isMergeCommit":true,"messageTitle":"Merge branch \u0027master\u0027 into branch-DG","messageBody":"","fileTypesAndContributionMap":{}},{"hash":"bb39733b3585dc95689f04f69032c139a6679f65","isMergeCommit":false,"messageTitle":"Update project scope for DG","messageBody":"","fileTypesAndContributionMap":{"docs":{"insertions":10,"deletions":5}}},{"hash":"70dc5b6f2a84084195e9b763690e99f6d10a56f4","isMergeCommit":true,"messageTitle":"Merge pull request #77 from Jiayan-Lim/branch-DG","messageBody":"Branch dg","fileTypesAndContributionMap":{}}]},{"date":"2023-03-08","commitResults":[{"hash":"54a6521db0ed4a522a817f14ac656d00112c2288","isMergeCommit":false,"messageTitle":"Implement Update Patient Command","messageBody":"","fileTypesAndContributionMap":{"functional-code":{"insertions":397,"deletions":3},"docs":{"insertions":10,"deletions":0}}},{"hash":"a9f52054f15f4a7a4fb163cb8c5632fe3f7e11ef","isMergeCommit":false,"messageTitle":"AddCommand: Set drug allergy and emergency contact to be optional","messageBody":"","fileTypesAndContributionMap":{"functional-code":{"insertions":10,"deletions":5}}},{"hash":"b5c4eb48e05cb35912abfd94cd443355f9772b11","isMergeCommit":false,"messageTitle":"Set error message to for add and delete patient command","messageBody":"","fileTypesAndContributionMap":{"functional-code":{"insertions":3,"deletions":2}}},{"hash":"38e93e2ef9b8c65009cb6754e67208dc19fb2c9f","isMergeCommit":false,"messageTitle":"Change edit to update","messageBody":"","fileTypesAndContributionMap":{"functional-code":{"insertions":1,"deletions":1}}}]},{"date":"2023-03-11","commitResults":[{"hash":"8fa15e9a5d367d8f4add1df86fee7351b534deb1","isMergeCommit":false,"messageTitle":"Delete Person class","messageBody":"","fileTypesAndContributionMap":{"functional-code":{"insertions":111,"deletions":862},"other":{"insertions":33,"deletions":27},"test-code":{"insertions":26,"deletions":61}}}]},{"date":"2023-03-12","commitResults":[{"hash":"8b9305364eb17ce232c9678a0f085d48a102ea42","isMergeCommit":false,"messageTitle":"Fix error message for command","messageBody":"","fileTypesAndContributionMap":{"functional-code":{"insertions":45,"deletions":45},"docs":{"insertions":6,"deletions":14}}},{"hash":"ed291ea19fa83c9319d1dda50ac13d60616f77d0","isMergeCommit":true,"messageTitle":"Merge branch \u0027master\u0027 into branch-ErrorMessageForCommand","messageBody":"","fileTypesAndContributionMap":{}},{"hash":"12adbde09a9c4a9fef9e7bed1a0b4f1a59d84942","isMergeCommit":false,"messageTitle":"Update DG use cases","messageBody":"","fileTypesAndContributionMap":{"docs":{"insertions":103,"deletions":31}}},{"hash":"cf02cc2950d7d826e7d44c8ed80c5f8773c0576b","isMergeCommit":true,"messageTitle":"Merge branch \u0027master\u0027 into branch-DG_usecase","messageBody":"","fileTypesAndContributionMap":{}},{"hash":"4a0ccf557ac4bab9783bdcd4d6cf83c02fa56b22","isMergeCommit":true,"messageTitle":"Merge pull request #114 from Jiayan-Lim/branch-DG_usecase","messageBody":"Update DG use cases","fileTypesAndContributionMap":{}}]}]},"authorFileTypeContributionMap":{"nevinlim":{"docs":126,"functional-code":1474,"test-code":0,"other":1},"cydtseng":{"docs":90,"functional-code":1017,"test-code":508},"Emrysil":{"docs":44,"functional-code":2442,"test-code":2425},"CShuwen":{"docs":59,"functional-code":354,"test-code":219},"Jiayan-Lim":{"docs":235,"functional-code":878,"test-code":255}},"authorContributionVariance":{"nevinlim":103876.836,"cydtseng":64097.918,"Emrysil":1088091.5,"CShuwen":42962.418,"Jiayan-Lim":73964.7},"authorDisplayNameMap":{"nevinlim":"CS2103T-W09-3 NEVI..XUAN","cydtseng":"CS2103T-W09-3 TSEN..N YU","Emrysil":"CS2103T-W09-3 LI X..TONG","CShuwen":"CS2103T-W09-3 CHEN..UWEN","Jiayan-Lim":"CS2103T-W09-3 LIM .. YAN"}}
