{"authorDailyContributionsMap":{"dunliang0513":[{"date":"2023-02-28","commitResults":[{"hash":"42cf31bcb69a7c192396a857560a3f08a7960e9f","messageTitle":"Update README.md","messageBody":"","fileTypesAndContributionMap":{"docs":{"insertions":115,"deletions":14}}}]},{"date":"2023-03-01","commitResults":[{"hash":"6838b5fbcc10df0b77b8f3b062c5036ed2682ac9","messageTitle":"Update User Guide","messageBody":"","fileTypesAndContributionMap":{"docs":{"insertions":80,"deletions":271}}},{"hash":"018de754b00aaa351e910cd90f2587a857edbf42","messageTitle":"Update README.md","messageBody":"","fileTypesAndContributionMap":{"docs":{"insertions":7,"deletions":8}}},{"hash":"8e36cd8935656ffce2e4453539410c35309ce067","messageTitle":"Update the README","messageBody":"","fileTypesAndContributionMap":{"docs":{"insertions":1,"deletions":1}}}]}],"bofeng1999":[{"date":"2023-02-23","commitResults":[{"hash":"4a44768b9b8319e1782083be5d8ee07dee4014e6","messageTitle":"Update README.md","messageBody":"","fileTypesAndContributionMap":{"docs":{"insertions":7,"deletions":8}}},{"hash":"5e91a22e654ee9f72a55bb599327e4283b4e50c6","messageTitle":"Update DeveloperGuide.md","messageBody":"","fileTypesAndContributionMap":{"docs":{"insertions":104,"deletions":7}}}]},{"date":"2023-02-28","commitResults":[{"hash":"d3e6ce13cd340510f81666f98552d7b3097d25ae","messageTitle":"Add bofeng1999\u0027s PPP","messageBody":"","fileTypesAndContributionMap":{"docs":{"insertions":60,"deletions":0}}},{"hash":"810e826ad24fd91889c4049ea06d12e7d4ca3615","messageTitle":"Update README.md","messageBody":"","fileTypesAndContributionMap":{"docs":{"insertions":3,"deletions":3}}}]},{"date":"2023-03-01","commitResults":[{"hash":"32d56409d1a4e2195553c4966fce9701b837ea7e","messageTitle":"Update README.md","messageBody":"","fileTypesAndContributionMap":{"docs":{"insertions":1,"deletions":1}}}]},{"date":"2023-03-03","commitResults":[{"hash":"db3598528e9c825ebf47c00861d1eb69bf7901d4","messageTitle":"Implement AdvanceCommand","messageBody":"","fileTypesAndContributionMap":{"functional-code":{"insertions":207,"deletions":2}}},{"hash":"3bacf8b97b4694cfb0fd2d50bf995080768306b3","messageTitle":"Update AddCommandTest","messageBody":"","fileTypesAndContributionMap":{"test-code":{"insertions":10,"deletions":0}}},{"hash":"79e81b8a45700b8a744ec8816fffe79dfaf1e56c","messageTitle":"Update README.md","messageBody":"","fileTypesAndContributionMap":{"docs":{"insertions":1,"deletions":1}}}]}],"FredericChow00":[{"date":"2023-02-23","commitResults":[{"hash":"d676095fad539380bf3e2381a09d1471d74d9ff3","messageTitle":"Update README.md","messageBody":"","fileTypesAndContributionMap":{"docs":{"insertions":1,"deletions":1}}},{"hash":"5fca329f0779dfce3ee140546e1b19e4b2d741b7","messageTitle":"Update DeveloperGuide User Stories","messageBody":"","fileTypesAndContributionMap":{"docs":{"insertions":11,"deletions":9}}},{"hash":"61e16de79c0e3c979224a3da50f9bc90e49d8c0d","messageTitle":"Edit PPP","messageBody":"","fileTypesAndContributionMap":{"docs":{"insertions":74,"deletions":0}}}]},{"date":"2023-02-28","commitResults":[{"hash":"3ce906c86af8d394f45d75b22105d1db1b35af6a","messageTitle":"Update User Stories and Product Scope","messageBody":"","fileTypesAndContributionMap":{"docs":{"insertions":11,"deletions":10}}}]},{"date":"2023-03-01","commitResults":[{"hash":"00ca26de78151c16a34a16459f2eba8744794baf","messageTitle":"Include breakdown in ListCommand","messageBody":"","fileTypesAndContributionMap":{"functional-code":{"insertions":80,"deletions":3},"test-code":{"insertions":5,"deletions":3}}},{"hash":"fb776d2c9cbeea1e7465778d46ef70b1ba7baf50","messageTitle":"Include status breakdown in ListCommand","messageBody":"List Command does not show the breakdown of numbers for applicants in\neach stage of application\n\nAdd the breakdown of number of applicants in each stage when the user\nuses the ListCommand to provide more information\n\nThis provides more information for the user and improves his/her user\nexperience\n","fileTypesAndContributionMap":{"functional-code":{"insertions":23,"deletions":24},"test-code":{"insertions":5,"deletions":2}}},{"hash":"0f7442bcd7c3557c2dddbd704a569fdd8f0e9cc8","messageTitle":"Fix Checkstyle","messageBody":"","fileTypesAndContributionMap":{"functional-code":{"insertions":4,"deletions":4}}},{"hash":"97b4449e349f5ecac4c32785824ad6b700fcd7bf","messageTitle":"Edit index.md file","messageBody":"","fileTypesAndContributionMap":{"docs":{"insertions":11,"deletions":12}}},{"hash":"825307d57ffabddc8e097f66b9e3364cc096abd3","messageTitle":"Edit index.md","messageBody":"","fileTypesAndContributionMap":{"docs":{"insertions":1,"deletions":1}}}]}],"Jxleejiaxin":[{"date":"2023-02-23","commitResults":[{"hash":"4f0d0fe571616e2afffcfa397726ec455e8f9dde","messageTitle":"Update DeveloperGuide.md","messageBody":"Add to glossary","fileTypesAndContributionMap":{"docs":{"insertions":7,"deletions":1}}},{"hash":"1a422f637a37e1a868e85ad1c893bada989fc28d","messageTitle":"Update DeveloperGuide.md","messageBody":"Edit user stories","fileTypesAndContributionMap":{"docs":{"insertions":5,"deletions":5}}}]},{"date":"2023-02-24","commitResults":[{"hash":"f512983c5380c3cc359a6708247bac1842fb02cf","messageTitle":"Add Applicant class which inherits from Person.","messageBody":"Did not change Person class as this maintains flexibility to add other\nextensions of Person class in the future. Functions that change\napplicant status to be added.\n","fileTypesAndContributionMap":{"functional-code":{"insertions":33,"deletions":0}}}]},{"date":"2023-02-28","commitResults":[{"hash":"6e87dfa01e5fd793d86f17837b4d3978a6686fcb","messageTitle":"Change add command to only add Applicants. Update Ui to show applicant status","messageBody":"","fileTypesAndContributionMap":{"functional-code":{"insertions":77,"deletions":24}}},{"hash":"d09edc672105ac0d26cb78b5f2563f8cc2a7f9b9","messageTitle":"Fix imports for checkstyle","messageBody":"","fileTypesAndContributionMap":{"functional-code":{"insertions":45,"deletions":18}}},{"hash":"3e4c388ad35516c6cb1c8e2e8d05b6e2812c58f5","messageTitle":"Create jxleejiaxin.md","messageBody":"","fileTypesAndContributionMap":{"docs":{"insertions":60,"deletions":0}}},{"hash":"a3c96bdff4c3087b32222614422381eb9aa9eaec","messageTitle":"Update Developer Guide for HMHero","messageBody":"","fileTypesAndContributionMap":{"docs":{"insertions":2,"deletions":0}}}]},{"date":"2023-03-01","commitResults":[{"hash":"cba9d9235967630bb94ec18a0c8a8446daa9339f","messageTitle":"Revert \"Update README.md\"","messageBody":"","fileTypesAndContributionMap":{"docs":{"insertions":2,"deletions":116}}},{"hash":"80e5feb04bd9c93926d11f816796de4ce1c637b7","messageTitle":"Remove Applicant class. Person class will be used in place of Applicant class.","messageBody":"","fileTypesAndContributionMap":{"functional-code":{"insertions":21,"deletions":67}}},{"hash":"2e76f0dcc3a49b8ba40a736c673014cbc77a3178","messageTitle":"Update tests for new Person constructor for applicants. Fix checkstyle","messageBody":"","fileTypesAndContributionMap":{"functional-code":{"insertions":1,"deletions":1},"test-code":{"insertions":59,"deletions":27}}}]}],"Merrickneo":[{"date":"2023-02-23","commitResults":[{"hash":"6d7c65726e1573e791c927084033d810a4db1363","messageTitle":"Update DeveloperGuide.md","messageBody":"Adds the non-functional requirements for HMHero","fileTypesAndContributionMap":{"docs":{"insertions":5,"deletions":0}}},{"hash":"3b7718df42a6c47c738dbade6ef059562e520962","messageTitle":"Adjust Ui to change t/TAG to note/NOTE","messageBody":"","fileTypesAndContributionMap":{"functional-code":{"insertions":36,"deletions":48},"test-code":{"insertions":19,"deletions":23}}}]},{"date":"2023-02-27","commitResults":[{"hash":"d9c7b4fe4bce917523f1471725786033bab3e669","messageTitle":"Add merrickneo\u0027s PPP","messageBody":"","fileTypesAndContributionMap":{"docs":{"insertions":81,"deletions":0}}}]},{"date":"2023-02-28","commitResults":[{"hash":"9db29dd71d369e5b47bf218582c264510bddf91a","messageTitle":"Fix typo in merrickneo.md","messageBody":"","fileTypesAndContributionMap":{"docs":{"insertions":1,"deletions":1}}},{"hash":"4d0ce3eac8fd611a5a5210f284df2b2a054ed5bc","messageTitle":"Update AboutUs.md page to include roles and responsibilities","messageBody":"","fileTypesAndContributionMap":{"docs":{"insertions":22,"deletions":26}}}]},{"date":"2023-03-01","commitResults":[{"hash":"aa0c86328a0f1ca89e1b538ef9a1852a5369d7fa","messageTitle":"Update the roles and responsibilities of members in AboutUs.md","messageBody":"","fileTypesAndContributionMap":{"docs":{"insertions":13,"deletions":13}}}]}]},"authorFileTypeContributionMap":{"dunliang0513":{"docs":72,"functional-code":0,"test-code":0},"bofeng1999":{"docs":167,"functional-code":206,"test-code":10},"FredericChow00":{"docs":94,"functional-code":81,"test-code":9},"Jxleejiaxin":{"docs":73,"functional-code":66,"test-code":49},"Merrickneo":{"docs":108,"functional-code":23,"test-code":15}},"authorContributionVariance":{"dunliang0513":9039.849,"bofeng1999":3839.689,"FredericChow00":2369.2886,"Jxleejiaxin":7812.595,"Merrickneo":1424.5602},"authorDisplayNameMap":{"dunliang0513":"CS2103T-W14-4 FOO ..IANG","bofeng1999":"CS2103T-W14-4 LI B..FENG","FredericChow00":"CS2103T-W14-4 FRED.. HUI","Jxleejiaxin":"CS2103T-W14-4 LEE .. XIN","Merrickneo":"CS2103T-W14-4 MERR.. JIE"}}
