{"authorDailyContributionsMap":{"wongyx":[{"date":"2023-03-01","commitResults":[{"hash":"6dc80417717914eb023963ceeafa5a0c3008fbf6","isMergeCommit":false,"messageTitle":"Update AboutUs","messageBody":"","fileTypesAndContributionMap":{"docs":{"insertions":4,"deletions":4}}},{"hash":"f444af2a41598b235d0a71441fb003dae696fd83","isMergeCommit":false,"messageTitle":"Add wongyx skeletal PPP","messageBody":"","fileTypesAndContributionMap":{"docs":{"insertions":12,"deletions":0}}},{"hash":"a1e323231ff9e431c2e500061bf69d344ab4d264","isMergeCommit":true,"messageTitle":"Merge pull request #25 from AY2223S2-CS2103T-T13-4/about-us","messageBody":"Update AboutUs","fileTypesAndContributionMap":{}},{"hash":"65be87adca89df86d911b10acdf5e1d8ee38f7a4","isMergeCommit":true,"messageTitle":"Merge pull request #26 from AY2223S2-CS2103T-T13-4/skeletal-ppp","messageBody":"Add wongyx skeletal PPP","fileTypesAndContributionMap":{}},{"hash":"2df2e011a6354fe74b3e87d329e688c5e7fac88f","isMergeCommit":false,"messageTitle":"Reupload info","messageBody":"","fileTypesAndContributionMap":{"docs":{"insertions":2,"deletions":2}}},{"hash":"bf2effa337be7172499c39d5112f10a928a2377e","isMergeCommit":true,"messageTitle":"Merge pull request #32 from wongyx/update-info","messageBody":"Update info","fileTypesAndContributionMap":{}}]},{"date":"2023-03-11","commitResults":[{"hash":"31460b26a1f33296185d06465595a34f6a6ada09","isMergeCommit":true,"messageTitle":"Merge pull request #65 from zenithyap/rename_src","messageBody":"Rename src folder","fileTypesAndContributionMap":{}}]},{"date":"2023-03-15","commitResults":[{"hash":"5e50949ef93e7145a8cdc58bf66c9d1e1db6bc7d","isMergeCommit":true,"messageTitle":"Merge pull request #75 from zhoyx/UpdateAddCommand","messageBody":"Update add command and replace Phone with Progress","fileTypesAndContributionMap":{}},{"hash":"855899febf37572e605a0b2e6bf25cba39946453","isMergeCommit":false,"messageTitle":"Update Edit","messageBody":"","fileTypesAndContributionMap":{"functional-code":{"insertions":19,"deletions":27}}},{"hash":"56b372e1f44bfe89322c9f469cc99e454b2db0fd","isMergeCommit":false,"messageTitle":"Update tests to use Progress","messageBody":"","fileTypesAndContributionMap":{"functional-code":{"insertions":12,"deletions":4},"test-code":{"insertions":173,"deletions":180}}},{"hash":"5fd094e2529edcddaa9b7b1f419e2705b187d9f7","isMergeCommit":false,"messageTitle":"Edit code to follow checkstyle","messageBody":"","fileTypesAndContributionMap":{"functional-code":{"insertions":6,"deletions":3}}},{"hash":"46f4d4daa4ab446a24b86872f77c12a3b0698018","isMergeCommit":false,"messageTitle":"Edit test code to follow checkstyle","messageBody":"","fileTypesAndContributionMap":{"test-code":{"insertions":23,"deletions":11}}},{"hash":"52beb6b9e84cf006ee28314bd8d3797126adf203","isMergeCommit":false,"messageTitle":"Change some comments from phone to progress","messageBody":"","fileTypesAndContributionMap":{"test-code":{"insertions":10,"deletions":10}}},{"hash":"621c5724a2f1849c4151503b447248c6768ce457","isMergeCommit":true,"messageTitle":"Merge pull request #77 from wongyx/update_edit","messageBody":"Update edit to use Progress","fileTypesAndContributionMap":{}}]}],"zhoyx":[{"date":"2023-03-01","commitResults":[{"hash":"0736899cd3425da51ae175c5688e509c4cedff09","isMergeCommit":false,"messageTitle":"Update AboutUs","messageBody":"","fileTypesAndContributionMap":{"docs":{"insertions":5,"deletions":5}}},{"hash":"699c651f086cdc1ef3df99f40fbccb896d69639c","isMergeCommit":true,"messageTitle":"Merge pull request #44 from zhoyx/update-AboutUs","messageBody":"Update AboutUs","fileTypesAndContributionMap":{}},{"hash":"6e8f55528a3fbe1b34567147ebb0656a8f9f4378","isMergeCommit":false,"messageTitle":"Add zhoyx skeletal PPP","messageBody":"","fileTypesAndContributionMap":{"docs":{"insertions":12,"deletions":0}}},{"hash":"698d1e09a1c0b006d21b7339b0b44b4166efbbc0","isMergeCommit":true,"messageTitle":"Merge pull request #45 from zhoyx/skeletal-PPP","messageBody":"Add zhoyx skeletal PPP","fileTypesAndContributionMap":{}}]},{"date":"2023-03-02","commitResults":[{"hash":"6e87eb5d620a8acc9b5945905b367c1d059e2578","isMergeCommit":false,"messageTitle":"Update Add feature in UserGuide.md","messageBody":"","fileTypesAndContributionMap":{"docs":{"insertions":6,"deletions":6}}},{"hash":"593e082537ffea7ea895eeda73790431df4a8941","isMergeCommit":true,"messageTitle":"Merge pull request #46 from zhoyx/update-UserGuide","messageBody":"Update Add feature in UserGuide.md","fileTypesAndContributionMap":{}}]},{"date":"2023-03-03","commitResults":[{"hash":"c5d70b2f5810fe599bf6a50f6d54e2a2727a683b","isMergeCommit":false,"messageTitle":"Remove top portion of DG","messageBody":"","fileTypesAndContributionMap":{"docs":{"insertions":0,"deletions":253}}},{"hash":"3309c7c79aba258b4286a13b06cf4151116920c1","isMergeCommit":false,"messageTitle":"Finalize UserGuide and replace Ui image","messageBody":"","fileTypesAndContributionMap":{"docs":{"insertions":21,"deletions":21}}},{"hash":"6084c00e1bdac9dab33beeab35dd8a9697a4c82a","isMergeCommit":true,"messageTitle":"Merge pull request #59 from zhoyx/update-DG","messageBody":"Remove top portion of DG","fileTypesAndContributionMap":{}},{"hash":"e94653306b90feaa0ff6c4e8b625ae712b43ca14","isMergeCommit":true,"messageTitle":"Merge pull request #60 from zhoyx/update-UserGuide","messageBody":"Finalize UserGuide and replace Ui image","fileTypesAndContributionMap":{}},{"hash":"6bb0af79b6f227d0ca83471cbb67d52523046bbc","isMergeCommit":true,"messageTitle":"Merge pull request #61 from zhoyx/update-UserGuide","messageBody":"Update _config.yml","fileTypesAndContributionMap":{}}]},{"date":"2023-03-04","commitResults":[{"hash":"3eae99be6b226fb3198d28c89633755d298f2089","isMergeCommit":false,"messageTitle":"Update Quick Start of UserGuide","messageBody":"","fileTypesAndContributionMap":{"docs":{"insertions":3,"deletions":3}}},{"hash":"ce20bea4d6b4e895c0c32ec398f3366085dfa5c4","isMergeCommit":true,"messageTitle":"Merge pull request #62 from zhoyx/update-UserGuide","messageBody":"Update Quick Start of UserGuide","fileTypesAndContributionMap":{}}]},{"date":"2023-03-13","commitResults":[{"hash":"26010e9347b8528faeb91dde6f52afceedb53611","isMergeCommit":true,"messageTitle":"Merge pull request #66 from Wong-Jia-Jun/week9-updateUserGuide","messageBody":"fix user guide as Title prefix clashes with tag prefix","fileTypesAndContributionMap":{}},{"hash":"01fe252b9097b6c4ff0eee601c77c3a5bd81e189","isMergeCommit":false,"messageTitle":"Correct title tag usage","messageBody":"","fileTypesAndContributionMap":{"docs":{"insertions":1,"deletions":1}}}]},{"date":"2023-03-14","commitResults":[{"hash":"8fb8d1cde251ef134d1a7a9aefc0fbe216f1b8d6","isMergeCommit":false,"messageTitle":"Update prefix tags in CliSyntax","messageBody":"","fileTypesAndContributionMap":{"functional-code":{"insertions":2,"deletions":2}}},{"hash":"a083e29c632cc40f4946e8eb9c8264ad0a959efc","isMergeCommit":false,"messageTitle":"Change STATUS prefix to PROGRESS in user guide to ensure consistency","messageBody":"","fileTypesAndContributionMap":{"docs":{"insertions":7,"deletions":7}}},{"hash":"712177550879f38c5ffb217b093f7d4b52a9259c","isMergeCommit":false,"messageTitle":"Update MESSAGE_USAGE with new fields in AddCommand","messageBody":"","fileTypesAndContributionMap":{"functional-code":{"insertions":9,"deletions":9}}}]},{"date":"2023-03-15","commitResults":[{"hash":"2a10611866b5bd01b97d91ae5326adc948ad1360","isMergeCommit":false,"messageTitle":"Rename Phone to Progress","messageBody":"","fileTypesAndContributionMap":{"functional-code":{"insertions":46,"deletions":54}}},{"hash":"2d3d2a2e4232edda2cdb97323e63bb29db95bd62","isMergeCommit":false,"messageTitle":"Replace parsePhone with parseProgress in ParserUtil","messageBody":"","fileTypesAndContributionMap":{"functional-code":{"insertions":9,"deletions":9}}},{"hash":"73ef0160962592e72de79c8ce559742b54f092a7","isMergeCommit":false,"messageTitle":"Modify parseProgress","messageBody":"","fileTypesAndContributionMap":{"functional-code":{"insertions":1,"deletions":1}}},{"hash":"d5df4134b7102d7efd9d43fc63a3a13bb1b76904","isMergeCommit":false,"messageTitle":"Change Phone model to Progress","messageBody":"","fileTypesAndContributionMap":{"functional-code":{"insertions":14,"deletions":14}}},{"hash":"7094b7ff7a335a4f330e87b84b35283d8ff31bf4","isMergeCommit":false,"messageTitle":"Modify Bookmark model to replace phone with progress","messageBody":"","fileTypesAndContributionMap":{"functional-code":{"insertions":10,"deletions":10}}},{"hash":"b0a1aaeba1e05b4b270a9808d4bb2da5d6a983d3","isMergeCommit":false,"messageTitle":"Update AddCommandParse to replace phone with progress","messageBody":"","fileTypesAndContributionMap":{"functional-code":{"insertions":6,"deletions":6}}},{"hash":"489fa14e34e9ae4ec849bcb4874186a8dea8c6f9","isMergeCommit":true,"messageTitle":"Merge branch \u0027master\u0027 into UpdateAddCommand","messageBody":"","fileTypesAndContributionMap":{}},{"hash":"f2ac0f6a7a868761acea16ae5a62f0937eac6483","isMergeCommit":false,"messageTitle":"Update Javadocs to replace Phone with Progress","messageBody":"","fileTypesAndContributionMap":{"functional-code":{"insertions":1,"deletions":1}}},{"hash":"4774497786a90da3735cfb9174f6b6bd47eff2cd","isMergeCommit":false,"messageTitle":"Update JsonAdaptedBookmark to replace Phone with Progress","messageBody":"","fileTypesAndContributionMap":{"functional-code":{"insertions":11,"deletions":11}}},{"hash":"bf36513c0242e150e583fc066039e323c1030b19","isMergeCommit":false,"messageTitle":"Update SampleDataUtil to use Progress","messageBody":"","fileTypesAndContributionMap":{"functional-code":{"insertions":7,"deletions":8}}},{"hash":"70350af302cf3285b5d1707da78aee88fe432cbe","isMergeCommit":false,"messageTitle":"Update BookmarkCard t use Progress instead of Phone","messageBody":"","fileTypesAndContributionMap":{"functional-code":{"insertions":2,"deletions":2}}}]}],"Wong-Jia-Jun":[{"date":"2023-03-01","commitResults":[{"hash":"6d11f1af097ac4ad98294f447301407ebd318b4a","isMergeCommit":false,"messageTitle":"Update AboutUs.md","messageBody":"","fileTypesAndContributionMap":{"docs":{"insertions":5,"deletions":5}}},{"hash":"4a23b08a5515102829a90cf63ca1612d9e9e1450","isMergeCommit":false,"messageTitle":"Update Skeletal PPP","messageBody":"","fileTypesAndContributionMap":{"docs":{"insertions":12,"deletions":0}}},{"hash":"aa9915ae7350d40a0a51485bf84778e080993624","isMergeCommit":false,"messageTitle":"swittch postiion","messageBody":"","fileTypesAndContributionMap":{"docs":{"insertions":9,"deletions":10}}},{"hash":"56688c998ce5565b276e7f354cd38f1c3cf9e276","isMergeCommit":true,"messageTitle":"Merge branch \u0027master\u0027 into AboutUs","messageBody":"","fileTypesAndContributionMap":{}},{"hash":"959f394047a41620eead9d14bc143aebb1367f5e","isMergeCommit":true,"messageTitle":"Merge pull request #22 from Wong-Jia-Jun/AboutUs","messageBody":" Update AboutUs.md for Wong-Jia-Jun","fileTypesAndContributionMap":{}},{"hash":"7127fc9a30561c0eb5c58d763b09e5276b6ecfba","isMergeCommit":true,"messageTitle":"Merge pull request #23 from Wong-Jia-Jun/skeletalPPP","messageBody":"Update Skeletal PPP for Wong-Jia-Jun","fileTypesAndContributionMap":{}},{"hash":"b05a9a618128649a8ea141c5a1faed77852017eb","isMergeCommit":false,"messageTitle":"Update UserGuide.md","messageBody":"","fileTypesAndContributionMap":{"docs":{"insertions":6,"deletions":5}}},{"hash":"570319c37a5f63dcf5f2062a6397f91d61f72a93","isMergeCommit":true,"messageTitle":"Merge pull request #40 from Wong-Jia-Jun/userGuide","messageBody":"Update UserGuide.md for delete portion","fileTypesAndContributionMap":{}},{"hash":"016104616dec4b388f7d4f36ee676e3fe2e4af9d","isMergeCommit":false,"messageTitle":"Update DeveloperGuide.md","messageBody":"","fileTypesAndContributionMap":{"docs":{"insertions":13,"deletions":13}}},{"hash":"4a95b499efde6be9b738ce9be9fb2ca2dc150a2b","isMergeCommit":true,"messageTitle":"Merge pull request #43 from Wong-Jia-Jun/developerGuide","messageBody":"Update DeveloperGuide.md for delete portion","fileTypesAndContributionMap":{}}]},{"date":"2023-03-02","commitResults":[{"hash":"791f19b762e29fb1f8b38c150e2c770ee0e998d2","isMergeCommit":false,"messageTitle":"update file name","messageBody":"","fileTypesAndContributionMap":{"docs":{"insertions":14,"deletions":2}}},{"hash":"d4c0092c601abdbac96b944fa3aec284c0781820","isMergeCommit":true,"messageTitle":"Merge pull request #52 from Wong-Jia-Jun/AboutUs","messageBody":"update file name","fileTypesAndContributionMap":{}}]},{"date":"2023-03-12","commitResults":[{"hash":"fd1d18490a8f2bccb57acb52eac6b08856ef80b4","isMergeCommit":false,"messageTitle":"fix user guide as Title prefix clashes with tag prefix","messageBody":"","fileTypesAndContributionMap":{"docs":{"insertions":10,"deletions":10}}}]},{"date":"2023-03-13","commitResults":[{"hash":"b6e2ac3da7d15e8a01c0cd5e0a0e56aeb2167be3","isMergeCommit":false,"messageTitle":"add day of the week to UI","messageBody":"","fileTypesAndContributionMap":{"functional-code":{"insertions":38,"deletions":20}}},{"hash":"679d54901dd4dc6544a0b81f6db7b5ef393cad07","isMergeCommit":true,"messageTitle":"Merge pull request #1 from Wong-Jia-Jun/editDelete","messageBody":"add day of the week to UI","fileTypesAndContributionMap":{}}]},{"date":"2023-03-15","commitResults":[{"hash":"e38b498503d25f73c27a839b7f13e4b32eaa2639","isMergeCommit":false,"messageTitle":"Edit first Ui draft","messageBody":"","fileTypesAndContributionMap":{"functional-code":{"insertions":405,"deletions":145}}},{"hash":"ff9411ab9e5529f17e4fde123aca57fbbda07e1b","isMergeCommit":true,"messageTitle":"Merge branch \u0027master\u0027 into week9-editUI","messageBody":"","fileTypesAndContributionMap":{}},{"hash":"4aba4eeeb8d14bd7484c5186360016a25bd3947b","isMergeCommit":true,"messageTitle":"Merge pull request #80 from Wong-Jia-Jun/week9-editUI","messageBody":"Week9 edit UI","fileTypesAndContributionMap":{}},{"hash":"3616be3b3175f42e91a5ed18fef175103525e9de","isMergeCommit":false,"messageTitle":"fix ui bug","messageBody":"","fileTypesAndContributionMap":{"functional-code":{"insertions":22,"deletions":22}}},{"hash":"84ccdf77debbf0d9d8a6746e548b7fa01d9b6b41","isMergeCommit":true,"messageTitle":"Merge pull request #82 from Wong-Jia-Jun/Fix-UI-bugs","messageBody":"fix ui bug","fileTypesAndContributionMap":{}}]}],"NoyaRoeT":[{"date":"2023-02-19","commitResults":[{"hash":"283110fdd6be7e7c9ef6f15ea83536332757a1d4","isMergeCommit":false,"messageTitle":"Update README.md","messageBody":"","fileTypesAndContributionMap":{"docs":{"insertions":1,"deletions":1}}},{"hash":"cedcd9540a578c5aac6bb28fad73c2c9f1aa8e95","isMergeCommit":false,"messageTitle":"Update CI status badge","messageBody":"","fileTypesAndContributionMap":{"docs":{"insertions":1,"deletions":1}}},{"hash":"bbfb5184a4f7c7de6b487af49f4b0ada56e04a68","isMergeCommit":false,"messageTitle":"Update README.md","messageBody":"","fileTypesAndContributionMap":{"docs":{"insertions":1,"deletions":1}}}]},{"date":"2023-03-01","commitResults":[{"hash":"7f3c51900326773315287cd49d3c22a2a120593c","isMergeCommit":false,"messageTitle":"Update AboutUs","messageBody":"","fileTypesAndContributionMap":{"docs":{"insertions":6,"deletions":6}}},{"hash":"c50a6ebdba9706cbaae935f321821eba9412e252","isMergeCommit":false,"messageTitle":"Add noyaroet skeletal ppp file","messageBody":"","fileTypesAndContributionMap":{"docs":{"insertions":46,"deletions":0}}},{"hash":"97aa845308ad346e90631835096f0926a0228630","isMergeCommit":false,"messageTitle":"Update contents of noyareot skeletal PPP","messageBody":"","fileTypesAndContributionMap":{"docs":{"insertions":3,"deletions":37}}},{"hash":"674e3d14879819c5abdce6aeae9749929290b9a2","isMergeCommit":true,"messageTitle":"Merge pull request #15 from NoyaRoeT/11-update-about-us","messageBody":"Update AboutUs individual photo, name, role \u0026 responsibilities and links","fileTypesAndContributionMap":{}},{"hash":"c70bcedaa6a336ef3060dddcbcb972f09031dc42","isMergeCommit":true,"messageTitle":"Merge pull request #16 from NoyaRoeT/14-add-skeletal-ppp","messageBody":"Add noyareot skeletal PPP","fileTypesAndContributionMap":{}},{"hash":"cdffabb6723c04b5addbaf9f1f4e80692242e525","isMergeCommit":false,"messageTitle":"Update skeletal ppp title","messageBody":"","fileTypesAndContributionMap":{"docs":{"insertions":1,"deletions":1}}},{"hash":"314c18f198e2200efe13badede1793c25efc3451","isMergeCommit":true,"messageTitle":"Merge pull request #28 from NoyaRoeT/14-update-skeletal-ppp","messageBody":"Update skeletal PPP title","fileTypesAndContributionMap":{}},{"hash":"ebb309787a57d98ef7f8f7ca8c23c9c2de603276","isMergeCommit":false,"messageTitle":"Update README.md contents","messageBody":"","fileTypesAndContributionMap":{"docs":{"insertions":7,"deletions":9}}},{"hash":"3226e0ae0764f4820628a1ebdcc2130762010890","isMergeCommit":true,"messageTitle":"Merge pull request #29 from NoyaRoeT/13-update-readme-contents-to-match-project","messageBody":"Update README.md contents","fileTypesAndContributionMap":{}},{"hash":"7ed7591d688d51054050200100485a9a741ec39e","isMergeCommit":false,"messageTitle":"Update User Guide","messageBody":"","fileTypesAndContributionMap":{"docs":{"insertions":15,"deletions":15}}},{"hash":"8ed2893afe80a4f3a7ca88aa4e5d83cdbc710fca","isMergeCommit":true,"messageTitle":"Merge pull request #33 from NoyaRoeT/31-update-find-saving-the-data-and-editing-the-file-in-ug","messageBody":"Update User Guide","fileTypesAndContributionMap":{}},{"hash":"4e67bc36c4a033c8a7ee645c1c9b7165b7d5b02c","isMergeCommit":false,"messageTitle":"Update NFRs in DeveloperGuide.md","messageBody":"","fileTypesAndContributionMap":{"docs":{"insertions":4,"deletions":0}}},{"hash":"93eee6acb684fc71818c76860cbc3b08599d8152","isMergeCommit":true,"messageTitle":"Merge pull request #38 from NoyaRoeT/34-update-nfrs-in-dg","messageBody":"Update NFRs in DeveloperGuide.md","fileTypesAndContributionMap":{}},{"hash":"c6a4f8dac55f54081e2a2761a607bcfc27ebd96a","isMergeCommit":false,"messageTitle":"Update Use Cases for Developer Guide","messageBody":"","fileTypesAndContributionMap":{"docs":{"insertions":71,"deletions":7}}},{"hash":"54302c26325a2aaf3394067db0feed3372056bc5","isMergeCommit":true,"messageTitle":"Merge branch \u0027master\u0027 into 36-update-use-cases-in-dg","messageBody":"","fileTypesAndContributionMap":{}}]},{"date":"2023-03-02","commitResults":[{"hash":"f27b26ee542d420329086c1414f5b1999e09ed5e","isMergeCommit":true,"messageTitle":"Merge pull request #42 from NoyaRoeT/36-update-use-cases-in-dg","messageBody":"Update Use Cases for Developer Guide","fileTypesAndContributionMap":{}},{"hash":"ab474344d815933d90684a93f0b237c777bc42ae","isMergeCommit":false,"messageTitle":"Add Bookmark to Glossary","messageBody":"","fileTypesAndContributionMap":{"docs":{"insertions":1,"deletions":1}}},{"hash":"ab5b5ca4008104b1282cecedfe513c5c3be26e18","isMergeCommit":true,"messageTitle":"Merge branch \u0027AY2223S2-CS2103T-T13-4:master\u0027 into 37-update-glossary-in-dg","messageBody":"","fileTypesAndContributionMap":{}},{"hash":"98d8a9b3c5e4637f636e87a3371bf1ad60f790af","isMergeCommit":true,"messageTitle":"Merge pull request #54 from NoyaRoeT/37-update-glossary-in-dg","messageBody":"Update glossary in DG","fileTypesAndContributionMap":{}},{"hash":"7f6e0d5a49866516320dce81606f3331561d50d6","isMergeCommit":false,"messageTitle":"Update user stories in DG","messageBody":"","fileTypesAndContributionMap":{"docs":{"insertions":22,"deletions":6}}},{"hash":"2e902728938badbbac0771d0dfc3d54aff669d40","isMergeCommit":true,"messageTitle":"Merge pull request #55 from NoyaRoeT/35-update-user-stories-in-dg","messageBody":"Update user stories in DG","fileTypesAndContributionMap":{}},{"hash":"c6a4dfd9eac92804c2323576a07fc2c80e8da2da","isMergeCommit":false,"messageTitle":"Update target value and proposition in DG","messageBody":"","fileTypesAndContributionMap":{"docs":{"insertions":11,"deletions":7}}},{"hash":"bc2f3cde31343d0396493286ed03a3a2d1192db7","isMergeCommit":false,"messageTitle":"Update clear feature in UG","messageBody":"","fileTypesAndContributionMap":{"docs":{"insertions":1,"deletions":1}}},{"hash":"18a4e37030f03b1410fcb4f895d3a3c1af8aae21","isMergeCommit":true,"messageTitle":"Merge pull request #57 from NoyaRoeT/56-update-target-user-and-value-proposition-in-dg","messageBody":"Update target value and proposition in DG","fileTypesAndContributionMap":{}},{"hash":"a116427738827b9929ae745faad52066ab38cc0a","isMergeCommit":true,"messageTitle":"Merge pull request #58 from NoyaRoeT/48-update-clear-feature-in-ug","messageBody":"Update clear feature in UG","fileTypesAndContributionMap":{}}]},{"date":"2023-03-13","commitResults":[{"hash":"e6e374fd8f1eedf2f4135e56671de108ca7a3841","isMergeCommit":false,"messageTitle":"Replace NameContainsKeywordPredicate with TitleContainsKeywordPredicate","messageBody":"","fileTypesAndContributionMap":{"functional-code":{"insertions":31,"deletions":0},"test-code":{"insertions":77,"deletions":0}}},{"hash":"7354143372436b82455e0144169b5469100a4854","isMergeCommit":false,"messageTitle":"Update FindCommand and tests to use new predicate","messageBody":"","fileTypesAndContributionMap":{"functional-code":{"insertions":6,"deletions":37},"test-code":{"insertions":18,"deletions":93}}},{"hash":"d66f117c822fc90cf21d45df00d2fd12d9632630","isMergeCommit":false,"messageTitle":"Update genre validation check and invalid genre values in tests","messageBody":"","fileTypesAndContributionMap":{"functional-code":{"insertions":7,"deletions":21},"test-code":{"insertions":7,"deletions":40}}}]},{"date":"2023-03-14","commitResults":[{"hash":"435d4c6efebfd329e6123df0b31a439a255868dc","isMergeCommit":true,"messageTitle":"Merge pull request #70 from NoyaRoeT/69-update-genre-class-to-remove-its-original-email-features","messageBody":"Update genre validation check and invalid genre values in tests","fileTypesAndContributionMap":{}},{"hash":"18f9d334760470c10d9479003469d444e5979f58","isMergeCommit":true,"messageTitle":"Merge pull request #68 from NoyaRoeT/7-as-a-user-i-can-search-for-bookmarks-via-title-using-keywords","messageBody":"Update predicate for contact name to become predicate for book title","fileTypesAndContributionMap":{}}]},{"date":"2023-03-16","commitResults":[{"hash":"e784a862ea65d79262d4083317625e1ce2fc4620","isMergeCommit":false,"messageTitle":"Add newline at EOF for Darktheme.css and HelpWindow.fxml","messageBody":"","fileTypesAndContributionMap":{"functional-code":{"insertions":2,"deletions":2}}},{"hash":"c1d8a8167e46d8265241834aaacee8369e5887aa","isMergeCommit":false,"messageTitle":"Fix checkstyle errors","messageBody":"","fileTypesAndContributionMap":{"functional-code":{"insertions":58,"deletions":62}}},{"hash":"b65208827949429998d714d1e1d097875f5e735c","isMergeCommit":true,"messageTitle":"Merge pull request #85 from NoyaRoeT/fix-workflow-errors","messageBody":"Fix checkstyle errors","fileTypesAndContributionMap":{}}]}],"zenithyap":[{"date":"2023-03-01","commitResults":[{"hash":"7287d0b916cf4c4da61c2274002edaa9507b683d","isMergeCommit":false,"messageTitle":"Update zenithyap about us","messageBody":"","fileTypesAndContributionMap":{"docs":{"insertions":5,"deletions":5}}},{"hash":"2e5039aa11cac6dd1270fc4e676a71b403992e56","isMergeCommit":false,"messageTitle":"Add zenithyap skeletal ppp","messageBody":"","fileTypesAndContributionMap":{"docs":{"insertions":12,"deletions":0}}},{"hash":"7bd6371baa2fb157fbee6adc8c50e6fbafc4f7df","isMergeCommit":false,"messageTitle":"Add newline EOF zenithyap.md","messageBody":"","fileTypesAndContributionMap":{"docs":{"insertions":1,"deletions":1}}},{"hash":"91d5a474630cabea121b8ca0c94840245fae6f71","isMergeCommit":true,"messageTitle":"Merge pull request #19 from zenithyap/11-update-about-us","messageBody":"Update zenithyap about us","fileTypesAndContributionMap":{}},{"hash":"f05ab3a70a35d6683cc5fdca1291173dbc557e9e","isMergeCommit":true,"messageTitle":"Merge pull request #20 from zenithyap/14-add-skeletal-ppp","messageBody":"Add zenithyap skeletal ppp","fileTypesAndContributionMap":{}}]},{"date":"2023-03-02","commitResults":[{"hash":"3a09863f039e7b9d663393ad6eb51d0d65d929fd","isMergeCommit":false,"messageTitle":"Update list feature in UG","messageBody":"","fileTypesAndContributionMap":{"docs":{"insertions":2,"deletions":2}}},{"hash":"0f88390269a1e0a34d753d297b09c2a5cb705760","isMergeCommit":true,"messageTitle":"Merge pull request #53 from zenithyap/update-user-guide","messageBody":"Update list feature in UG ","fileTypesAndContributionMap":{}}]},{"date":"2023-03-10","commitResults":[{"hash":"8fcc4cb6ad149eefc22ce1e5d10f1b1a3dcf544a","isMergeCommit":false,"messageTitle":"Rename src folder","messageBody":"","fileTypesAndContributionMap":{"functional-code":{"insertions":1666,"deletions":1661},"other":{"insertions":759,"deletions":759},"test-code":{"insertions":1931,"deletions":1932}}},{"hash":"301615b00bc9373c72a7a93364fa652d6a423a4d","isMergeCommit":false,"messageTitle":"Fix checkstyle","messageBody":"","fileTypesAndContributionMap":{"functional-code":{"insertions":30,"deletions":25},"test-code":{"insertions":114,"deletions":106}}},{"hash":"686efc3d9443ebb7d31178d41522582227ad657d","isMergeCommit":false,"messageTitle":"Add message constraint to Progress","messageBody":"","fileTypesAndContributionMap":{"functional-code":{"insertions":1,"deletions":0}}},{"hash":"4b4818484663296f16cbf5e410581cf9c6017c4b","isMergeCommit":false,"messageTitle":"Add name changes","messageBody":"","fileTypesAndContributionMap":{"other":{"insertions":1,"deletions":1},"test-code":{"insertions":6,"deletions":6}}},{"hash":"cb8458206207b98d309c7dd777e4777c4b8ec6bc","isMergeCommit":false,"messageTitle":"Add test case for CliSyntax","messageBody":"","fileTypesAndContributionMap":{"test-code":{"insertions":13,"deletions":0}}},{"hash":"14942da0d6e120676b44bde6e43ecb718eef088c","isMergeCommit":false,"messageTitle":"Fix import order for CliSyntaxTest","messageBody":"","fileTypesAndContributionMap":{"test-code":{"insertions":2,"deletions":2}}},{"hash":"e23fcc8e368b8f0923b3103f844e70ede7418bec","isMergeCommit":false,"messageTitle":"Complete test for CliSyntax","messageBody":"","fileTypesAndContributionMap":{"test-code":{"insertions":24,"deletions":0}}}]},{"date":"2023-03-11","commitResults":[{"hash":"81b7a9cb8075014e9189963fc002ef6839f05b5e","isMergeCommit":false,"messageTitle":"Fix spelling in ClearCommand","messageBody":"","fileTypesAndContributionMap":{"functional-code":{"insertions":1,"deletions":1}}}]}]},"authorFileTypeContributionMap":{"wongyx":{"docs":17,"functional-code":34,"test-code":195},"zhoyx":{"docs":38,"functional-code":94,"test-code":0},"Wong-Jia-Jun":{"docs":45,"functional-code":313,"test-code":0},"NoyaRoeT":{"docs":121,"functional-code":74,"test-code":100},"zenithyap":{"docs":19,"functional-code":1931,"test-code":2185,"other":1}},"authorContributionVariance":{"wongyx":7859.2812,"zhoyx":4501.1313,"Wong-Jia-Jun":12213.7295,"NoyaRoeT":5844.382,"zenithyap":2813097.5},"authorDisplayNameMap":{"wongyx":"CS2103T-T13-4 WONG..IANG","zhoyx":"CS2103T-T13-4 ZHOU..UXIN","Wong-Jia-Jun":"CS2103T-T13-4 WONG.. JUN","NoyaRoeT":"CS2103T-T13-4 TEO ..AYON","zenithyap":"CS2103T-T13-4 YAP ..NITH"}}
