[{"path":"README.md","fileType":"docs","lines":[{"lineNumber":1,"author":{"gitId":"TamKengHong"},"content":"# Teaching Assistant Assistant","lastModifiedDate":"2023-03-02"},{"lineNumber":2,"author":{"gitId":"-"},"content":"","lastModifiedDate":"2023-02-14"},{"lineNumber":3,"author":{"gitId":"-"},"content":"[![CI Status](https://github.com/se-edu/addressbook-level3/workflows/Java%20CI/badge.svg)](https://github.com/se-edu/addressbook-level3/actions)","lastModifiedDate":"2020-05-23"},{"lineNumber":4,"author":{"gitId":"-"},"content":"","lastModifiedDate":"2020-05-23"},{"lineNumber":5,"author":{"gitId":"TamKengHong"},"content":"![Ui](https://user-images.githubusercontent.com/59087730/222305199-8590f0f0-7e6d-4801-bcb9-cbb2a48fa28e.png)","lastModifiedDate":"2023-03-02"},{"lineNumber":6,"author":{"gitId":"-"},"content":"","lastModifiedDate":"2023-03-02"},{"lineNumber":7,"author":{"gitId":"-"},"content":"","lastModifiedDate":"2020-05-23"},{"lineNumber":8,"author":{"gitId":"TamKengHong"},"content":"Teaching Assistant Assistant (TAA) is a desktop app for managing teaching assistant activities, optimized for use via a Command Line Interface (CLI) while still having the benefits of a Graphical User Interface (GUI). If you can type fast, TAA can get your teaching assistant tasks done faster than traditional GUI apps.","lastModifiedDate":"2023-03-02"},{"lineNumber":9,"author":{"gitId":"TamKengHong"},"content":"","lastModifiedDate":"2023-03-02"},{"lineNumber":10,"author":{"gitId":"TamKengHong"},"content":"This project is based on the AddressBook-Level3 project created by the [SE-EDU initiative](https://se-education.org).","lastModifiedDate":"2023-03-02"}],"authorContributionMap":{"-":5,"TamKengHong":5}},{"path":"docs/AboutUs.md","fileType":"docs","lines":[{"lineNumber":1,"author":{"gitId":"-"},"content":"---","lastModifiedDate":"2020-05-23"},{"lineNumber":2,"author":{"gitId":"-"},"content":"layout: page","lastModifiedDate":"2020-05-23"},{"lineNumber":3,"author":{"gitId":"-"},"content":"title: About Us","lastModifiedDate":"2020-05-23"},{"lineNumber":4,"author":{"gitId":"-"},"content":"---","lastModifiedDate":"2020-05-23"},{"lineNumber":5,"author":{"gitId":"-"},"content":"","lastModifiedDate":"2020-05-23"},{"lineNumber":6,"author":{"gitId":"-"},"content":"We are a team based in the [School of Computing, National University of Singapore](http://www.comp.nus.edu.sg).","lastModifiedDate":"2020-05-23"},{"lineNumber":7,"author":{"gitId":"-"},"content":"","lastModifiedDate":"2020-05-23"},{"lineNumber":8,"author":{"gitId":"-"},"content":"You can reach us at the email `seer[at]comp.nus.edu.sg`","lastModifiedDate":"2020-06-17"},{"lineNumber":9,"author":{"gitId":"-"},"content":"","lastModifiedDate":"2020-06-17"},{"lineNumber":10,"author":{"gitId":"-"},"content":"## Project team","lastModifiedDate":"2020-06-07"},{"lineNumber":11,"author":{"gitId":"-"},"content":"","lastModifiedDate":"2020-05-23"},{"lineNumber":12,"author":{"gitId":"-"},"content":"### John Doe","lastModifiedDate":"2020-05-23"},{"lineNumber":13,"author":{"gitId":"-"},"content":"","lastModifiedDate":"2020-05-23"},{"lineNumber":14,"author":{"gitId":"-"},"content":"\u003cimg src\u003d\"images/johndoe.png\" width\u003d\"200px\"\u003e","lastModifiedDate":"2020-06-17"},{"lineNumber":15,"author":{"gitId":"-"},"content":"","lastModifiedDate":"2020-05-23"},{"lineNumber":16,"author":{"gitId":"-"},"content":"[[homepage](http://www.comp.nus.edu.sg/~damithch)]","lastModifiedDate":"2020-05-23"},{"lineNumber":17,"author":{"gitId":"-"},"content":"[[github](https://github.com/johndoe)]","lastModifiedDate":"2020-06-17"},{"lineNumber":18,"author":{"gitId":"-"},"content":"[[portfolio](team/johndoe.md)]","lastModifiedDate":"2020-05-23"},{"lineNumber":19,"author":{"gitId":"-"},"content":"","lastModifiedDate":"2020-05-23"},{"lineNumber":20,"author":{"gitId":"-"},"content":"* Role: Project Advisor","lastModifiedDate":"2020-05-23"},{"lineNumber":21,"author":{"gitId":"-"},"content":"","lastModifiedDate":"2020-05-23"},{"lineNumber":22,"author":{"gitId":"TamKengHong"},"content":"### Tam Keng Hong","lastModifiedDate":"2023-03-03"},{"lineNumber":23,"author":{"gitId":"-"},"content":"","lastModifiedDate":"2020-05-23"},{"lineNumber":24,"author":{"gitId":"TamKengHong"},"content":"\u003cimg src\u003d\"images/tamkenghong.png\" width\u003d\"200px\"\u003e","lastModifiedDate":"2023-03-03"},{"lineNumber":25,"author":{"gitId":"-"},"content":"","lastModifiedDate":"2020-05-23"},{"lineNumber":26,"author":{"gitId":"TamKengHong"},"content":"[[github](http://github.com/TamKengHong)]","lastModifiedDate":"2023-03-03"},{"lineNumber":27,"author":{"gitId":"TamKengHong"},"content":"[[portfolio](team/tamkenghong.md)]","lastModifiedDate":"2023-03-03"},{"lineNumber":28,"author":{"gitId":"-"},"content":"","lastModifiedDate":"2020-05-23"},{"lineNumber":29,"author":{"gitId":"-"},"content":"* Role: Team Lead","lastModifiedDate":"2020-05-23"},{"lineNumber":30,"author":{"gitId":"-"},"content":"* Responsibilities: UI","lastModifiedDate":"2020-05-23"},{"lineNumber":31,"author":{"gitId":"-"},"content":"","lastModifiedDate":"2020-05-23"},{"lineNumber":32,"author":{"gitId":"bojie3"},"content":"### Xu BoJie","lastModifiedDate":"2023-03-03"},{"lineNumber":33,"author":{"gitId":"-"},"content":"","lastModifiedDate":"2020-05-23"},{"lineNumber":34,"author":{"gitId":"bojie3"},"content":"\u003cimg src\u003d\"images/bojie3.png\" width\u003d\"200px\"\u003e","lastModifiedDate":"2023-03-03"},{"lineNumber":35,"author":{"gitId":"-"},"content":"","lastModifiedDate":"2020-05-23"},{"lineNumber":36,"author":{"gitId":"bojie3"},"content":"[[github](http://github.com/bojie3)] ","lastModifiedDate":"2023-03-03"},{"lineNumber":37,"author":{"gitId":"bojie3"},"content":"[[portfolio](team/bojie3.md)]","lastModifiedDate":"2023-03-03"},{"lineNumber":38,"author":{"gitId":"-"},"content":"","lastModifiedDate":"2020-05-23"},{"lineNumber":39,"author":{"gitId":"-"},"content":"* Role: Developer","lastModifiedDate":"2020-05-23"},{"lineNumber":40,"author":{"gitId":"-"},"content":"* Responsibilities: Data","lastModifiedDate":"2020-05-23"},{"lineNumber":41,"author":{"gitId":"-"},"content":"","lastModifiedDate":"2020-05-23"},{"lineNumber":42,"author":{"gitId":"chunzkok"},"content":"### Kok Chun Zhi","lastModifiedDate":"2023-03-05"},{"lineNumber":43,"author":{"gitId":"-"},"content":"","lastModifiedDate":"2020-05-23"},{"lineNumber":44,"author":{"gitId":"chunzkok"},"content":"\u003cimg src\u003d\"images/chunzkok.png\" width\u003d\"200px\"\u003e","lastModifiedDate":"2023-03-05"},{"lineNumber":45,"author":{"gitId":"-"},"content":"","lastModifiedDate":"2020-05-23"},{"lineNumber":46,"author":{"gitId":"chunzkok"},"content":"[[github](http://github.com/chunzkok)]","lastModifiedDate":"2023-03-05"},{"lineNumber":47,"author":{"gitId":"chunzkok"},"content":"[[portfolio](team/chunzkok.md)]","lastModifiedDate":"2023-03-05"},{"lineNumber":48,"author":{"gitId":"-"},"content":"","lastModifiedDate":"2020-05-23"},{"lineNumber":49,"author":{"gitId":"-"},"content":"* Role: Developer","lastModifiedDate":"2020-05-23"},{"lineNumber":50,"author":{"gitId":"chunzkok"},"content":"* Responsibilities: Class List: Insertion, Deletion and Grouping of Students (Class List)","lastModifiedDate":"2023-03-05"},{"lineNumber":51,"author":{"gitId":"-"},"content":"","lastModifiedDate":"2023-03-05"},{"lineNumber":52,"author":{"gitId":"-"},"content":"","lastModifiedDate":"2020-05-23"},{"lineNumber":53,"author":{"gitId":"chunzkok"},"content":"### Jean Doe","lastModifiedDate":"2023-03-05"},{"lineNumber":54,"author":{"gitId":"-"},"content":"","lastModifiedDate":"2020-05-23"},{"lineNumber":55,"author":{"gitId":"-"},"content":"\u003cimg src\u003d\"images/johndoe.png\" width\u003d\"200px\"\u003e","lastModifiedDate":"2020-06-17"},{"lineNumber":56,"author":{"gitId":"-"},"content":"","lastModifiedDate":"2020-05-23"},{"lineNumber":57,"author":{"gitId":"-"},"content":"[[github](http://github.com/johndoe)]","lastModifiedDate":"2020-06-17"},{"lineNumber":58,"author":{"gitId":"-"},"content":"[[portfolio](team/johndoe.md)]","lastModifiedDate":"2020-05-23"},{"lineNumber":59,"author":{"gitId":"-"},"content":"","lastModifiedDate":"2020-05-23"},{"lineNumber":60,"author":{"gitId":"-"},"content":"* Role: Developer","lastModifiedDate":"2020-05-23"},{"lineNumber":61,"author":{"gitId":"-"},"content":"* Responsibilities: UI","lastModifiedDate":"2020-05-23"}],"authorContributionMap":{"chunzkok":6,"bojie3":4,"-":47,"TamKengHong":4}},{"path":"docs/DeveloperGuide.md","fileType":"docs","lines":[{"lineNumber":1,"author":{"gitId":"-"},"content":"---","lastModifiedDate":"2020-05-23"},{"lineNumber":2,"author":{"gitId":"-"},"content":"layout: page","lastModifiedDate":"2020-05-23"},{"lineNumber":3,"author":{"gitId":"-"},"content":"title: Developer Guide","lastModifiedDate":"2020-05-23"},{"lineNumber":4,"author":{"gitId":"-"},"content":"---","lastModifiedDate":"2020-05-23"},{"lineNumber":5,"author":{"gitId":"-"},"content":"* Table of Contents","lastModifiedDate":"2020-05-23"},{"lineNumber":6,"author":{"gitId":"-"},"content":"{:toc}","lastModifiedDate":"2020-05-23"},{"lineNumber":7,"author":{"gitId":"-"},"content":"","lastModifiedDate":"2020-05-23"},{"lineNumber":8,"author":{"gitId":"-"},"content":"--------------------------------------------------------------------------------------------------------------------","lastModifiedDate":"2020-05-23"},{"lineNumber":9,"author":{"gitId":"-"},"content":"","lastModifiedDate":"2021-07-30"},{"lineNumber":10,"author":{"gitId":"-"},"content":"## **Acknowledgements**","lastModifiedDate":"2021-07-30"},{"lineNumber":11,"author":{"gitId":"-"},"content":"","lastModifiedDate":"2021-07-30"},{"lineNumber":12,"author":{"gitId":"chunzkok"},"content":"This project is based on the AddressBook-Level3 project created by the [SE-EDU initiative](https://se-education.org/).","lastModifiedDate":"2023-03-05"},{"lineNumber":13,"author":{"gitId":"-"},"content":"","lastModifiedDate":"2021-07-30"},{"lineNumber":14,"author":{"gitId":"-"},"content":"--------------------------------------------------------------------------------------------------------------------","lastModifiedDate":"2021-07-30"},{"lineNumber":15,"author":{"gitId":"-"},"content":"","lastModifiedDate":"2020-05-23"},{"lineNumber":16,"author":{"gitId":"-"},"content":"## **Setting up, getting started**","lastModifiedDate":"2020-05-23"},{"lineNumber":17,"author":{"gitId":"-"},"content":"","lastModifiedDate":"2020-05-23"},{"lineNumber":18,"author":{"gitId":"-"},"content":"Refer to the guide [_Setting up and getting started_](SettingUp.md).","lastModifiedDate":"2020-05-23"},{"lineNumber":19,"author":{"gitId":"-"},"content":"","lastModifiedDate":"2020-05-23"},{"lineNumber":20,"author":{"gitId":"-"},"content":"--------------------------------------------------------------------------------------------------------------------","lastModifiedDate":"2020-05-23"},{"lineNumber":21,"author":{"gitId":"-"},"content":"","lastModifiedDate":"2020-05-23"},{"lineNumber":22,"author":{"gitId":"-"},"content":"## **Appendix: Requirements**","lastModifiedDate":"2020-05-23"},{"lineNumber":23,"author":{"gitId":"-"},"content":"","lastModifiedDate":"2020-05-23"},{"lineNumber":24,"author":{"gitId":"-"},"content":"### Product scope","lastModifiedDate":"2020-05-23"},{"lineNumber":25,"author":{"gitId":"-"},"content":"","lastModifiedDate":"2020-05-23"},{"lineNumber":26,"author":{"gitId":"-"},"content":"**Target user profile**:","lastModifiedDate":"2020-05-23"},{"lineNumber":27,"author":{"gitId":"-"},"content":"","lastModifiedDate":"2020-05-23"},{"lineNumber":28,"author":{"gitId":"-"},"content":"* has a need to manage a significant number of contacts","lastModifiedDate":"2020-05-23"},{"lineNumber":29,"author":{"gitId":"-"},"content":"* prefer desktop apps over other types","lastModifiedDate":"2020-05-23"},{"lineNumber":30,"author":{"gitId":"-"},"content":"* can type fast","lastModifiedDate":"2020-05-23"},{"lineNumber":31,"author":{"gitId":"-"},"content":"* prefers typing to mouse interactions","lastModifiedDate":"2020-05-26"},{"lineNumber":32,"author":{"gitId":"-"},"content":"* is reasonably comfortable using CLI apps","lastModifiedDate":"2020-05-23"},{"lineNumber":33,"author":{"gitId":"-"},"content":"","lastModifiedDate":"2020-05-23"},{"lineNumber":34,"author":{"gitId":"chunzkok"},"content":"**Value proposition**: get teaching assistant tasks done more conveniently and quickly as compared to traditional GUI apps","lastModifiedDate":"2023-03-05"},{"lineNumber":35,"author":{"gitId":"-"},"content":"","lastModifiedDate":"2020-05-23"},{"lineNumber":36,"author":{"gitId":"-"},"content":"### User stories","lastModifiedDate":"2020-06-07"},{"lineNumber":37,"author":{"gitId":"-"},"content":"","lastModifiedDate":"2020-05-23"},{"lineNumber":38,"author":{"gitId":"-"},"content":"Priorities: High (must have) - `* * *`, Medium (nice to have) - `* *`, Low (unlikely to have) - `*`","lastModifiedDate":"2020-05-23"},{"lineNumber":39,"author":{"gitId":"-"},"content":"","lastModifiedDate":"2020-05-23"},{"lineNumber":40,"author":{"gitId":"-"},"content":"| Priority | As a …​        | I want to …​                                          | So that I can…​                                                      |","lastModifiedDate":"2020-05-23"},{"lineNumber":41,"author":{"gitId":"chunzkok"},"content":"|----------|----------------|-------------------------------------------------------|----------------------------------------------------------------------|","lastModifiedDate":"2023-03-05"},{"lineNumber":42,"author":{"gitId":"chunzkok"},"content":"| `* * *`  | responsible TA | track students\u0027 participation statuses                | award participation marks to students fairly and accurately          |","lastModifiedDate":"2023-03-05"},{"lineNumber":43,"author":{"gitId":"chunzkok"},"content":"| `* * *`  | forgetful TA   | track valid reasons for a student\u0027s absence           | record attendance for those with valid reasons                       |","lastModifiedDate":"2023-03-05"},{"lineNumber":44,"author":{"gitId":"chunzkok"},"content":"| `* * *`  | forgetful TA   | track student assignment submissions/scores/deadlines | grade assignments easily                                             |","lastModifiedDate":"2023-03-05"},{"lineNumber":45,"author":{"gitId":"chunzkok"},"content":"| `* * *`  | user           | have CSV files storing my data                        | make backups to guard against data loss                              |","lastModifiedDate":"2023-03-05"},{"lineNumber":46,"author":{"gitId":"chunzkok"},"content":"| `* * *`  | user           | load in CSV files to restore data                     | avoid having to do manual data entry when using the app from scratch |","lastModifiedDate":"2023-03-05"},{"lineNumber":47,"author":{"gitId":"chunzkok"},"content":"| `* * *`  | user           | exit the app gracefully                               | avoid data corruption                                                |","lastModifiedDate":"2023-03-05"},{"lineNumber":48,"author":{"gitId":"chunzkok"},"content":"| `* *`    | forgetful TA   | track questions asked by students                     | answer them on time                                                  |","lastModifiedDate":"2023-03-05"},{"lineNumber":49,"author":{"gitId":"chunzkok"},"content":"| `* *`    | forgetful TA   | keep a timeline/lesson plan for each lesson           | complete the lessons on time without missing out on any content      |","lastModifiedDate":"2023-03-05"},{"lineNumber":50,"author":{"gitId":"chunzkok"},"content":"| `* *`    | forgetful TA   | be reminded to take attendance before class ends      | award attendance marks correctly                                     |","lastModifiedDate":"2023-03-05"},{"lineNumber":51,"author":{"gitId":"chunzkok"},"content":"| `* *`    | TA             | group students quickly and fairly                     | reduce time wasted due to group formation                            |","lastModifiedDate":"2023-03-05"},{"lineNumber":52,"author":{"gitId":"chunzkok"},"content":"| `* *`    | TA             | search students by keywords                           | lessen the mental load required to find a student                    |","lastModifiedDate":"2023-03-05"},{"lineNumber":53,"author":{"gitId":"chunzkok"},"content":"| `*`      | head TA        | manage all other TAs                                  | track whether each TA has done their job correctly                   |","lastModifiedDate":"2023-03-05"},{"lineNumber":54,"author":{"gitId":"-"},"content":"","lastModifiedDate":"2020-05-23"},{"lineNumber":55,"author":{"gitId":"-"},"content":"*{More to be added}*","lastModifiedDate":"2020-05-23"},{"lineNumber":56,"author":{"gitId":"-"},"content":"","lastModifiedDate":"2020-05-23"},{"lineNumber":57,"author":{"gitId":"-"},"content":"### Use cases","lastModifiedDate":"2020-06-07"},{"lineNumber":58,"author":{"gitId":"-"},"content":"","lastModifiedDate":"2020-05-23"},{"lineNumber":59,"author":{"gitId":"bojie3"},"content":"(For all use cases below, the **System** is the `TAA` and the **Actor** is the `user`, unless specified otherwise)","lastModifiedDate":"2023-03-06"},{"lineNumber":60,"author":{"gitId":"-"},"content":"","lastModifiedDate":"2020-05-23"},{"lineNumber":61,"author":{"gitId":"bojie3"},"content":"**Use case: delete a student**","lastModifiedDate":"2023-03-06"},{"lineNumber":62,"author":{"gitId":"-"},"content":"","lastModifiedDate":"2023-03-06"},{"lineNumber":63,"author":{"gitId":"-"},"content":"**MSS**","lastModifiedDate":"2023-03-06"},{"lineNumber":64,"author":{"gitId":"-"},"content":"","lastModifiedDate":"2023-03-06"},{"lineNumber":65,"author":{"gitId":"bojie3"},"content":"1.  User requests to list all students in a class","lastModifiedDate":"2023-03-06"},{"lineNumber":66,"author":{"gitId":"bojie3"},"content":"2.  TAA shows a list of students","lastModifiedDate":"2023-03-06"},{"lineNumber":67,"author":{"gitId":"bojie3"},"content":"3.  User requests to delete a specific student in the list","lastModifiedDate":"2023-03-06"},{"lineNumber":68,"author":{"gitId":"bojie3"},"content":"4.  TAA deletes the person","lastModifiedDate":"2023-03-06"},{"lineNumber":69,"author":{"gitId":"-"},"content":"","lastModifiedDate":"2020-05-23"},{"lineNumber":70,"author":{"gitId":"-"},"content":"    Use case ends.","lastModifiedDate":"2020-05-23"},{"lineNumber":71,"author":{"gitId":"-"},"content":"","lastModifiedDate":"2020-05-23"},{"lineNumber":72,"author":{"gitId":"-"},"content":"**Extensions**","lastModifiedDate":"2023-03-06"},{"lineNumber":73,"author":{"gitId":"-"},"content":"","lastModifiedDate":"2020-05-23"},{"lineNumber":74,"author":{"gitId":"-"},"content":"* 2a. The list is empty.","lastModifiedDate":"2023-03-06"},{"lineNumber":75,"author":{"gitId":"-"},"content":"","lastModifiedDate":"2020-05-23"},{"lineNumber":76,"author":{"gitId":"-"},"content":"  Use case ends.","lastModifiedDate":"2023-03-06"},{"lineNumber":77,"author":{"gitId":"-"},"content":"","lastModifiedDate":"2020-05-23"},{"lineNumber":78,"author":{"gitId":"-"},"content":"* 3a. The given index is invalid.","lastModifiedDate":"2023-03-06"},{"lineNumber":79,"author":{"gitId":"-"},"content":"","lastModifiedDate":"2020-05-23"},{"lineNumber":80,"author":{"gitId":"bojie3"},"content":"    * 3a1. TAA shows an error message.","lastModifiedDate":"2023-03-06"},{"lineNumber":81,"author":{"gitId":"-"},"content":"","lastModifiedDate":"2020-05-23"},{"lineNumber":82,"author":{"gitId":"-"},"content":"      Use case resumes at step 2.","lastModifiedDate":"2023-03-06"},{"lineNumber":83,"author":{"gitId":"-"},"content":"      ","lastModifiedDate":"2020-05-23"},{"lineNumber":84,"author":{"gitId":"bojie3"},"content":" ","lastModifiedDate":"2023-03-06"},{"lineNumber":85,"author":{"gitId":"-"},"content":"*{More to be added}*","lastModifiedDate":"2020-05-23"},{"lineNumber":86,"author":{"gitId":"-"},"content":"","lastModifiedDate":"2020-05-23"},{"lineNumber":87,"author":{"gitId":"-"},"content":"### Glossary","lastModifiedDate":"2020-05-23"},{"lineNumber":88,"author":{"gitId":"-"},"content":"","lastModifiedDate":"2020-05-23"},{"lineNumber":89,"author":{"gitId":"-"},"content":"* **Mainstream OS**: Windows, Linux, Unix, OS-X","lastModifiedDate":"2020-05-23"},{"lineNumber":90,"author":{"gitId":"-"},"content":"* **Private contact detail**: A contact detail that is not meant to be shared with others","lastModifiedDate":"2020-05-23"},{"lineNumber":91,"author":{"gitId":"-"},"content":"","lastModifiedDate":"2020-05-23"},{"lineNumber":92,"author":{"gitId":"-"},"content":"--------------------------------------------------------------------------------------------------------------------","lastModifiedDate":"2020-05-23"},{"lineNumber":93,"author":{"gitId":"-"},"content":"","lastModifiedDate":"2020-05-23"},{"lineNumber":94,"author":{"gitId":"-"},"content":"## **Appendix: Instructions for manual testing**","lastModifiedDate":"2020-05-23"},{"lineNumber":95,"author":{"gitId":"-"},"content":"","lastModifiedDate":"2020-05-23"},{"lineNumber":96,"author":{"gitId":"-"},"content":"Given below are instructions to test the app manually.","lastModifiedDate":"2020-05-23"},{"lineNumber":97,"author":{"gitId":"-"},"content":"","lastModifiedDate":"2020-05-23"},{"lineNumber":98,"author":{"gitId":"-"},"content":"\u003cdiv markdown\u003d\"span\" class\u003d\"alert alert-info\"\u003e:information_source: **Note:** These instructions only provide a starting point for testers to work on;","lastModifiedDate":"2020-05-23"},{"lineNumber":99,"author":{"gitId":"-"},"content":"testers are expected to do more *exploratory* testing.","lastModifiedDate":"2020-05-23"},{"lineNumber":100,"author":{"gitId":"-"},"content":"","lastModifiedDate":"2020-05-23"},{"lineNumber":101,"author":{"gitId":"-"},"content":"\u003c/div\u003e","lastModifiedDate":"2020-05-23"},{"lineNumber":102,"author":{"gitId":"-"},"content":"","lastModifiedDate":"2020-05-23"},{"lineNumber":103,"author":{"gitId":"-"},"content":"### Launch and shutdown","lastModifiedDate":"2020-05-23"},{"lineNumber":104,"author":{"gitId":"-"},"content":"","lastModifiedDate":"2020-05-23"},{"lineNumber":105,"author":{"gitId":"-"},"content":"1. Initial launch","lastModifiedDate":"2020-05-23"},{"lineNumber":106,"author":{"gitId":"-"},"content":"","lastModifiedDate":"2020-05-23"},{"lineNumber":107,"author":{"gitId":"-"},"content":"   1. Download the jar file and copy into an empty folder","lastModifiedDate":"2020-05-23"},{"lineNumber":108,"author":{"gitId":"-"},"content":"","lastModifiedDate":"2020-05-23"},{"lineNumber":109,"author":{"gitId":"-"},"content":"   1. Double-click the jar file Expected: Shows the GUI with a set of sample contacts. The window size may not be optimum.","lastModifiedDate":"2020-05-23"},{"lineNumber":110,"author":{"gitId":"-"},"content":"","lastModifiedDate":"2020-05-23"},{"lineNumber":111,"author":{"gitId":"-"},"content":"1. Saving window preferences","lastModifiedDate":"2020-05-23"},{"lineNumber":112,"author":{"gitId":"-"},"content":"","lastModifiedDate":"2020-05-23"},{"lineNumber":113,"author":{"gitId":"-"},"content":"   1. Resize the window to an optimum size. Move the window to a different location. Close the window.","lastModifiedDate":"2020-05-23"},{"lineNumber":114,"author":{"gitId":"-"},"content":"","lastModifiedDate":"2020-05-23"},{"lineNumber":115,"author":{"gitId":"-"},"content":"   1. Re-launch the app by double-clicking the jar file.\u003cbr\u003e","lastModifiedDate":"2020-05-23"},{"lineNumber":116,"author":{"gitId":"-"},"content":"       Expected: The most recent window size and location is retained.","lastModifiedDate":"2020-05-23"},{"lineNumber":117,"author":{"gitId":"-"},"content":"","lastModifiedDate":"2020-05-23"},{"lineNumber":118,"author":{"gitId":"-"},"content":"1. _{ more test cases …​ }_","lastModifiedDate":"2020-05-23"},{"lineNumber":119,"author":{"gitId":"-"},"content":"","lastModifiedDate":"2020-05-23"},{"lineNumber":120,"author":{"gitId":"-"},"content":"### Deleting a person","lastModifiedDate":"2020-05-23"},{"lineNumber":121,"author":{"gitId":"-"},"content":"","lastModifiedDate":"2020-05-23"},{"lineNumber":122,"author":{"gitId":"-"},"content":"1. Deleting a person while all persons are being shown","lastModifiedDate":"2020-05-23"},{"lineNumber":123,"author":{"gitId":"-"},"content":"","lastModifiedDate":"2020-05-23"},{"lineNumber":124,"author":{"gitId":"-"},"content":"   1. Prerequisites: List all persons using the `list` command. Multiple persons in the list.","lastModifiedDate":"2020-05-23"},{"lineNumber":125,"author":{"gitId":"-"},"content":"","lastModifiedDate":"2020-05-23"},{"lineNumber":126,"author":{"gitId":"-"},"content":"   1. Test case: `delete 1`\u003cbr\u003e","lastModifiedDate":"2020-05-23"},{"lineNumber":127,"author":{"gitId":"-"},"content":"      Expected: First contact is deleted from the list. Details of the deleted contact shown in the status message. Timestamp in the status bar is updated.","lastModifiedDate":"2020-05-23"},{"lineNumber":128,"author":{"gitId":"-"},"content":"","lastModifiedDate":"2020-05-23"},{"lineNumber":129,"author":{"gitId":"-"},"content":"   1. Test case: `delete 0`\u003cbr\u003e","lastModifiedDate":"2020-05-23"},{"lineNumber":130,"author":{"gitId":"-"},"content":"      Expected: No person is deleted. Error details shown in the status message. Status bar remains the same.","lastModifiedDate":"2020-05-23"},{"lineNumber":131,"author":{"gitId":"-"},"content":"","lastModifiedDate":"2020-05-23"},{"lineNumber":132,"author":{"gitId":"-"},"content":"   1. Other incorrect delete commands to try: `delete`, `delete x`, `...` (where x is larger than the list size)\u003cbr\u003e","lastModifiedDate":"2020-05-23"},{"lineNumber":133,"author":{"gitId":"-"},"content":"      Expected: Similar to previous.","lastModifiedDate":"2020-05-23"},{"lineNumber":134,"author":{"gitId":"-"},"content":"","lastModifiedDate":"2020-05-23"},{"lineNumber":135,"author":{"gitId":"-"},"content":"1. _{ more test cases …​ }_","lastModifiedDate":"2020-05-23"},{"lineNumber":136,"author":{"gitId":"-"},"content":"","lastModifiedDate":"2020-05-23"},{"lineNumber":137,"author":{"gitId":"-"},"content":"### Saving data","lastModifiedDate":"2020-05-23"},{"lineNumber":138,"author":{"gitId":"-"},"content":"","lastModifiedDate":"2020-05-23"},{"lineNumber":139,"author":{"gitId":"-"},"content":"1. Dealing with missing/corrupted data files","lastModifiedDate":"2020-05-23"},{"lineNumber":140,"author":{"gitId":"-"},"content":"","lastModifiedDate":"2020-05-23"},{"lineNumber":141,"author":{"gitId":"-"},"content":"   1. _{explain how to simulate a missing/corrupted file, and the expected behavior}_","lastModifiedDate":"2020-05-23"},{"lineNumber":142,"author":{"gitId":"-"},"content":"","lastModifiedDate":"2020-05-23"},{"lineNumber":143,"author":{"gitId":"-"},"content":"1. _{ more test cases …​ }_","lastModifiedDate":"2020-05-23"}],"authorContributionMap":{"chunzkok":15,"bojie3":8,"-":120}},{"path":"docs/UserGuide.md","fileType":"docs","lines":[{"lineNumber":1,"author":{"gitId":"-"},"content":"---","lastModifiedDate":"2020-05-23"},{"lineNumber":2,"author":{"gitId":"-"},"content":"layout: page","lastModifiedDate":"2020-05-23"},{"lineNumber":3,"author":{"gitId":"-"},"content":"title: User Guide","lastModifiedDate":"2020-05-23"},{"lineNumber":4,"author":{"gitId":"-"},"content":"---","lastModifiedDate":"2020-05-23"},{"lineNumber":5,"author":{"gitId":"-"},"content":"","lastModifiedDate":"2020-05-23"},{"lineNumber":6,"author":{"gitId":"bojie3"},"content":"Teaching Assistant Assistant (TAA) is a **desktop app for managing teaching assistant activities, optimized for use via a Command Line Interface** (CLI) while still having the benefits of a Graphical User Interface (GUI). If you can type fast, TAA can get your teaching assistant tasks done faster than traditional GUI apps.","lastModifiedDate":"2023-03-04"},{"lineNumber":7,"author":{"gitId":"-"},"content":"","lastModifiedDate":"2020-05-23"},{"lineNumber":8,"author":{"gitId":"-"},"content":"* Table of Contents","lastModifiedDate":"2020-05-23"},{"lineNumber":9,"author":{"gitId":"-"},"content":"{:toc}","lastModifiedDate":"2020-05-23"},{"lineNumber":10,"author":{"gitId":"-"},"content":"","lastModifiedDate":"2020-05-23"},{"lineNumber":11,"author":{"gitId":"-"},"content":"--------------------------------------------------------------------------------------------------------------------","lastModifiedDate":"2020-05-23"},{"lineNumber":12,"author":{"gitId":"-"},"content":"","lastModifiedDate":"2020-05-23"},{"lineNumber":13,"author":{"gitId":"-"},"content":"## Quick start","lastModifiedDate":"2020-05-23"},{"lineNumber":14,"author":{"gitId":"-"},"content":"","lastModifiedDate":"2020-05-23"},{"lineNumber":15,"author":{"gitId":"-"},"content":"1. Ensure you have Java `11` or above installed in your Computer.","lastModifiedDate":"2020-05-23"},{"lineNumber":16,"author":{"gitId":"-"},"content":"","lastModifiedDate":"2020-05-23"},{"lineNumber":17,"author":{"gitId":"-"},"content":"1. Download the latest `addressbook.jar` from [here](https://github.com/se-edu/addressbook-level3/releases).","lastModifiedDate":"2020-05-23"},{"lineNumber":18,"author":{"gitId":"-"},"content":"","lastModifiedDate":"2020-05-23"},{"lineNumber":19,"author":{"gitId":"-"},"content":"1. Copy the file to the folder you want to use as the _home folder_ for your AddressBook.","lastModifiedDate":"2020-05-23"},{"lineNumber":20,"author":{"gitId":"-"},"content":"","lastModifiedDate":"2020-05-23"},{"lineNumber":21,"author":{"gitId":"-"},"content":"1. Open a command terminal, `cd` into the folder you put the jar file in, and use the `java -jar addressbook.jar` command to run the application.\u003cbr\u003e","lastModifiedDate":"2023-01-01"},{"lineNumber":22,"author":{"gitId":"-"},"content":"   A GUI similar to the below should appear in a few seconds. Note how the app contains some sample data.\u003cbr\u003e","lastModifiedDate":"2023-01-01"},{"lineNumber":23,"author":{"gitId":"-"},"content":"   ![Ui](images/Ui.png)","lastModifiedDate":"2020-05-23"},{"lineNumber":24,"author":{"gitId":"-"},"content":"","lastModifiedDate":"2020-05-23"},{"lineNumber":25,"author":{"gitId":"-"},"content":"1. Type the command in the command box and press Enter to execute it. e.g. typing **`help`** and pressing Enter will open the help window.\u003cbr\u003e","lastModifiedDate":"2020-05-23"},{"lineNumber":26,"author":{"gitId":"-"},"content":"   Some example commands you can try:","lastModifiedDate":"2020-05-23"},{"lineNumber":27,"author":{"gitId":"-"},"content":"","lastModifiedDate":"2020-05-23"},{"lineNumber":28,"author":{"gitId":"-"},"content":"   * `list` : Lists all contacts.","lastModifiedDate":"2023-01-01"},{"lineNumber":29,"author":{"gitId":"-"},"content":"","lastModifiedDate":"2020-05-23"},{"lineNumber":30,"author":{"gitId":"-"},"content":"   * `add n/John Doe p/98765432 e/johnd@example.com a/John street, block 123, #01-01` : Adds a contact named `John Doe` to the Address Book.","lastModifiedDate":"2023-01-01"},{"lineNumber":31,"author":{"gitId":"-"},"content":"","lastModifiedDate":"2020-05-23"},{"lineNumber":32,"author":{"gitId":"-"},"content":"   * `delete 3` : Deletes the 3rd contact shown in the current list.","lastModifiedDate":"2023-01-01"},{"lineNumber":33,"author":{"gitId":"-"},"content":"","lastModifiedDate":"2020-05-23"},{"lineNumber":34,"author":{"gitId":"-"},"content":"   * `clear` : Deletes all contacts.","lastModifiedDate":"2023-01-01"},{"lineNumber":35,"author":{"gitId":"-"},"content":"","lastModifiedDate":"2020-05-23"},{"lineNumber":36,"author":{"gitId":"-"},"content":"   * `exit` : Exits the app.","lastModifiedDate":"2023-01-01"},{"lineNumber":37,"author":{"gitId":"-"},"content":"","lastModifiedDate":"2020-05-23"},{"lineNumber":38,"author":{"gitId":"bojie3"},"content":"## Feature summary","lastModifiedDate":"2023-03-04"},{"lineNumber":39,"author":{"gitId":"bojie3"},"content":"1. [Attendance](#Attendance)","lastModifiedDate":"2023-03-04"},{"lineNumber":40,"author":{"gitId":"bojie3"},"content":"    * mark","lastModifiedDate":"2023-03-04"},{"lineNumber":41,"author":{"gitId":"bojie3"},"content":"    * unmark","lastModifiedDate":"2023-03-04"},{"lineNumber":42,"author":{"gitId":"bojie3"},"content":"    * exit","lastModifiedDate":"2023-03-04"},{"lineNumber":43,"author":{"gitId":"chunzkok"},"content":"1. [Assignments](#Assignments)","lastModifiedDate":"2023-03-05"},{"lineNumber":44,"author":{"gitId":"chunzkok"},"content":"1. [Class List](#Class-List)","lastModifiedDate":"2023-03-05"},{"lineNumber":45,"author":{"gitId":"bojie3"},"content":"1. CSV Parser","lastModifiedDate":"2023-03-05"},{"lineNumber":46,"author":{"gitId":"-"},"content":"","lastModifiedDate":"2020-05-23"},{"lineNumber":47,"author":{"gitId":"-"},"content":"--------------------------------------------------------------------------------------------------------------------","lastModifiedDate":"2020-05-23"},{"lineNumber":48,"author":{"gitId":"-"},"content":"","lastModifiedDate":"2020-05-23"},{"lineNumber":49,"author":{"gitId":"chunzkok"},"content":"# Features","lastModifiedDate":"2023-03-05"},{"lineNumber":50,"author":{"gitId":"-"},"content":"","lastModifiedDate":"2020-05-23"},{"lineNumber":51,"author":{"gitId":"bojie3"},"content":"## Attendance","lastModifiedDate":"2023-03-04"},{"lineNumber":52,"author":{"gitId":"bojie3"},"content":"Directs you to the attendance system. Within the attendance system, you can call:","lastModifiedDate":"2023-03-04"},{"lineNumber":53,"author":{"gitId":"bojie3"},"content":"* mark","lastModifiedDate":"2023-03-04"},{"lineNumber":54,"author":{"gitId":"bojie3"},"content":"* unmark","lastModifiedDate":"2023-03-04"},{"lineNumber":55,"author":{"gitId":"bojie3"},"content":"* exit","lastModifiedDate":"2023-03-04"},{"lineNumber":56,"author":{"gitId":"-"},"content":"","lastModifiedDate":"2023-03-04"},{"lineNumber":57,"author":{"gitId":"bojie3"},"content":"### Mark attendance: `mark`","lastModifiedDate":"2023-03-04"},{"lineNumber":58,"author":{"gitId":"bojie3"},"content":"Marks the attendance of a student for that week\u003cbr\u003e","lastModifiedDate":"2023-03-05"},{"lineNumber":59,"author":{"gitId":"bojie3"},"content":"Format: `mark {student_name} {week_number}`\u003cbr\u003e","lastModifiedDate":"2023-03-05"},{"lineNumber":60,"author":{"gitId":"bojie3"},"content":"Examples","lastModifiedDate":"2023-03-04"},{"lineNumber":61,"author":{"gitId":"bojie3"},"content":"* `mark john 1`","lastModifiedDate":"2023-03-05"},{"lineNumber":62,"author":{"gitId":"bojie3"},"content":"* `mark james 1`","lastModifiedDate":"2023-03-05"},{"lineNumber":63,"author":{"gitId":"-"},"content":"","lastModifiedDate":"2023-03-04"},{"lineNumber":64,"author":{"gitId":"bojie3"},"content":"### Unmark attendance: `unmark`","lastModifiedDate":"2023-03-04"},{"lineNumber":65,"author":{"gitId":"bojie3"},"content":"Unmarks the attendance of a student for that week\u003cbr\u003e","lastModifiedDate":"2023-03-05"},{"lineNumber":66,"author":{"gitId":"bojie3"},"content":"Format: `unmark {student_name} {week_number}`\u003cbr\u003e","lastModifiedDate":"2023-03-05"},{"lineNumber":67,"author":{"gitId":"bojie3"},"content":"Examples","lastModifiedDate":"2023-03-04"},{"lineNumber":68,"author":{"gitId":"bojie3"},"content":"* `unmark john 1`","lastModifiedDate":"2023-03-05"},{"lineNumber":69,"author":{"gitId":"bojie3"},"content":"* `unmark james 1`","lastModifiedDate":"2023-03-05"},{"lineNumber":70,"author":{"gitId":"-"},"content":"","lastModifiedDate":"2023-03-04"},{"lineNumber":71,"author":{"gitId":"bojie3"},"content":"### Exit attendance system: `exit`","lastModifiedDate":"2023-03-04"},{"lineNumber":72,"author":{"gitId":"bojie3"},"content":"Exits the attendance system.\u003cbr\u003e","lastModifiedDate":"2023-03-05"},{"lineNumber":73,"author":{"gitId":"bojie3"},"content":"Format: `exit`","lastModifiedDate":"2023-03-04"},{"lineNumber":74,"author":{"gitId":"-"},"content":"","lastModifiedDate":"2023-03-05"},{"lineNumber":75,"author":{"gitId":"chunzkok"},"content":"## Assignments","lastModifiedDate":"2023-03-05"},{"lineNumber":76,"author":{"gitId":"-"},"content":"","lastModifiedDate":"2023-03-05"},{"lineNumber":77,"author":{"gitId":"chunzkok"},"content":"## Class List","lastModifiedDate":"2023-03-05"},{"lineNumber":78,"author":{"gitId":"chunzkok"},"content":"`class_list`","lastModifiedDate":"2023-03-05"},{"lineNumber":79,"author":{"gitId":"-"},"content":"","lastModifiedDate":"2023-03-05"},{"lineNumber":80,"author":{"gitId":"chunzkok"},"content":"Directs you to the class list system.","lastModifiedDate":"2023-03-05"},{"lineNumber":81,"author":{"gitId":"chunzkok"},"content":"In this system, you can call the following commands:","lastModifiedDate":"2023-03-05"},{"lineNumber":82,"author":{"gitId":"-"},"content":"","lastModifiedDate":"2023-03-05"},{"lineNumber":83,"author":{"gitId":"chunzkok"},"content":"- Create class list: `create`","lastModifiedDate":"2023-03-05"},{"lineNumber":84,"author":{"gitId":"chunzkok"},"content":"- (Random) Groupings: `rand_grp`","lastModifiedDate":"2023-03-05"},{"lineNumber":85,"author":{"gitId":"chunzkok"},"content":"- Adding a student: `add`","lastModifiedDate":"2023-03-05"},{"lineNumber":86,"author":{"gitId":"chunzkok"},"content":"- Deleting a student: `delete`","lastModifiedDate":"2023-03-05"},{"lineNumber":87,"author":{"gitId":"chunzkok"},"content":"- Listing all students: `list`","lastModifiedDate":"2023-03-05"},{"lineNumber":88,"author":{"gitId":"chunzkok"},"content":"- Find student: `find`","lastModifiedDate":"2023-03-05"},{"lineNumber":89,"author":{"gitId":"-"},"content":"","lastModifiedDate":"2023-03-05"},{"lineNumber":90,"author":{"gitId":"chunzkok"},"content":"### Create a class list: `create` [coming soon]","lastModifiedDate":"2023-03-05"},{"lineNumber":91,"author":{"gitId":"chunzkok"},"content":"Creates a class list to store the information about a group of students.","lastModifiedDate":"2023-03-05"},{"lineNumber":92,"author":{"gitId":"chunzkok"},"content":"","lastModifiedDate":"2023-03-05"},{"lineNumber":93,"author":{"gitId":"chunzkok"},"content":"Format: `create LIST_NAME [STUDENT_NAMES]`","lastModifiedDate":"2023-03-05"},{"lineNumber":94,"author":{"gitId":"chunzkok"},"content":"- The argument `LIST_NAME` should be the name of the new class list","lastModifiedDate":"2023-03-05"},{"lineNumber":95,"author":{"gitId":"chunzkok"},"content":"The argument `[STUDENT_NAMES]` should consist of a sequence of student names, separated by commas.","lastModifiedDate":"2023-03-05"},{"lineNumber":96,"author":{"gitId":"chunzkok"},"content":"","lastModifiedDate":"2023-03-05"},{"lineNumber":97,"author":{"gitId":"chunzkok"},"content":"","lastModifiedDate":"2023-03-05"},{"lineNumber":98,"author":{"gitId":"chunzkok"},"content":"Examples:","lastModifiedDate":"2023-03-05"},{"lineNumber":99,"author":{"gitId":"chunzkok"},"content":"- `create cs2103t-t14 Alex, John, Bonnie, Clyde` creates a class list of size 4 with 4 students: Alex, John, Bonnie and Clyde.","lastModifiedDate":"2023-03-05"},{"lineNumber":100,"author":{"gitId":"chunzkok"},"content":"- `create cs6244` creates an empty class list.","lastModifiedDate":"2023-03-05"},{"lineNumber":101,"author":{"gitId":"chunzkok"},"content":"","lastModifiedDate":"2023-03-05"},{"lineNumber":102,"author":{"gitId":"chunzkok"},"content":"","lastModifiedDate":"2023-03-05"},{"lineNumber":103,"author":{"gitId":"chunzkok"},"content":"### Random grouping of students: `rand_grp` [coming soon]","lastModifiedDate":"2023-03-05"},{"lineNumber":104,"author":{"gitId":"chunzkok"},"content":"Forms random groups of a specified size within a given class list.","lastModifiedDate":"2023-03-05"},{"lineNumber":105,"author":{"gitId":"chunzkok"},"content":"","lastModifiedDate":"2023-03-05"},{"lineNumber":106,"author":{"gitId":"chunzkok"},"content":"Format: `rand_grp CLASS_LIST GROUP_SIZE`","lastModifiedDate":"2023-03-05"},{"lineNumber":107,"author":{"gitId":"chunzkok"},"content":"- The argument `CLASS_LIST` should be the name of a given class list","lastModifiedDate":"2023-03-05"},{"lineNumber":108,"author":{"gitId":"chunzkok"},"content":"- The search for `CLASS_LIST` is case-insensitive. e.g. cs2103T will match CS2103T","lastModifiedDate":"2023-03-05"},{"lineNumber":109,"author":{"gitId":"chunzkok"},"content":"- The argument `GROUP_SIZE` will determine the size of the groups to be formed.","lastModifiedDate":"2023-03-05"},{"lineNumber":110,"author":{"gitId":"chunzkok"},"content":"","lastModifiedDate":"2023-03-05"},{"lineNumber":111,"author":{"gitId":"chunzkok"},"content":"","lastModifiedDate":"2023-03-05"},{"lineNumber":112,"author":{"gitId":"chunzkok"},"content":"Examples:","lastModifiedDate":"2023-03-05"},{"lineNumber":113,"author":{"gitId":"chunzkok"},"content":"- `rand_grp cs2103t-t14 2` returns: Group 1: Alex, John; Group 2: Bonnie, Clyde","lastModifiedDate":"2023-03-05"},{"lineNumber":114,"author":{"gitId":"chunzkok"},"content":"- `rand_grp cs2103t-t14 3` returns: Group 1: Alex, John, Clyde; Group 2: Bonnie","lastModifiedDate":"2023-03-05"},{"lineNumber":115,"author":{"gitId":"chunzkok"},"content":"","lastModifiedDate":"2023-03-05"},{"lineNumber":116,"author":{"gitId":"chunzkok"},"content":"### Adding a student: `add` [coming soon]","lastModifiedDate":"2023-03-05"},{"lineNumber":117,"author":{"gitId":"chunzkok"},"content":"Adds a student to a given class list.","lastModifiedDate":"2023-03-05"},{"lineNumber":118,"author":{"gitId":"chunzkok"},"content":"","lastModifiedDate":"2023-03-05"},{"lineNumber":119,"author":{"gitId":"chunzkok"},"content":"Format: `add STUDENT_NAME CLASS_LIST`","lastModifiedDate":"2023-03-05"},{"lineNumber":120,"author":{"gitId":"chunzkok"},"content":"The argument `STUDENT_NAME` should be the name of the student to be added","lastModifiedDate":"2023-03-05"},{"lineNumber":121,"author":{"gitId":"chunzkok"},"content":"The argument `CLASS_LIST` should be the name of a given class list","lastModifiedDate":"2023-03-05"},{"lineNumber":122,"author":{"gitId":"chunzkok"},"content":"The search for `CLASS_LIST` is case-insensitive. e.g. cs2103T will match CS2103T","lastModifiedDate":"2023-03-05"},{"lineNumber":123,"author":{"gitId":"chunzkok"},"content":"","lastModifiedDate":"2023-03-05"},{"lineNumber":124,"author":{"gitId":"chunzkok"},"content":"","lastModifiedDate":"2023-03-05"},{"lineNumber":125,"author":{"gitId":"chunzkok"},"content":"Examples:","lastModifiedDate":"2023-03-05"},{"lineNumber":126,"author":{"gitId":"chunzkok"},"content":"- `add Tom cs2103t-t14` adds Tom to the class list CS2103T-T14","lastModifiedDate":"2023-03-05"},{"lineNumber":127,"author":{"gitId":"chunzkok"},"content":"- `add Harry cs6244` adds Harry to the class list CS6244","lastModifiedDate":"2023-03-05"},{"lineNumber":128,"author":{"gitId":"chunzkok"},"content":"","lastModifiedDate":"2023-03-05"},{"lineNumber":129,"author":{"gitId":"chunzkok"},"content":"","lastModifiedDate":"2023-03-05"},{"lineNumber":130,"author":{"gitId":"chunzkok"},"content":"### Deleting a student: `delete` [coming soon]","lastModifiedDate":"2023-03-05"},{"lineNumber":131,"author":{"gitId":"chunzkok"},"content":"Deletes a student from a given class list.","lastModifiedDate":"2023-03-05"},{"lineNumber":132,"author":{"gitId":"chunzkok"},"content":"","lastModifiedDate":"2023-03-05"},{"lineNumber":133,"author":{"gitId":"chunzkok"},"content":"Format: `delete STUDENT_NAME CLASS_LIST`","lastModifiedDate":"2023-03-05"},{"lineNumber":134,"author":{"gitId":"chunzkok"},"content":"- The argument `STUDENT_NAME` should be the name of the student to be deleted","lastModifiedDate":"2023-03-05"},{"lineNumber":135,"author":{"gitId":"chunzkok"},"content":"- The search for `STUDENT_NAME` is case-insensitive. e.g. bOb will match BOB","lastModifiedDate":"2023-03-05"},{"lineNumber":136,"author":{"gitId":"chunzkok"},"content":"- The argument `CLASS_LIST` should be the name of a given class list","lastModifiedDate":"2023-03-05"},{"lineNumber":137,"author":{"gitId":"chunzkok"},"content":"- The search for `CLASS_LIST` is case-insensitive. e.g. cs2103T will match CS2103T","lastModifiedDate":"2023-03-05"},{"lineNumber":138,"author":{"gitId":"chunzkok"},"content":"","lastModifiedDate":"2023-03-05"},{"lineNumber":139,"author":{"gitId":"chunzkok"},"content":"","lastModifiedDate":"2023-03-05"},{"lineNumber":140,"author":{"gitId":"chunzkok"},"content":"Examples:","lastModifiedDate":"2023-03-05"},{"lineNumber":141,"author":{"gitId":"chunzkok"},"content":"- `delete Tom cs2103t-t14` removes Tom from the class list CS2103T-T14","lastModifiedDate":"2023-03-05"},{"lineNumber":142,"author":{"gitId":"chunzkok"},"content":"- `delete Harry cs6244` removes Harry from the class list CS6244","lastModifiedDate":"2023-03-05"},{"lineNumber":143,"author":{"gitId":"chunzkok"},"content":"","lastModifiedDate":"2023-03-05"},{"lineNumber":144,"author":{"gitId":"chunzkok"},"content":"","lastModifiedDate":"2023-03-05"},{"lineNumber":145,"author":{"gitId":"chunzkok"},"content":"## CSV Parser","lastModifiedDate":"2023-03-05"},{"lineNumber":146,"author":{"gitId":"chunzkok"},"content":"","lastModifiedDate":"2023-03-05"},{"lineNumber":147,"author":{"gitId":"bojie3"},"content":"--------------------------------------------------------------------------------------------------------------------","lastModifiedDate":"2023-03-05"},{"lineNumber":148,"author":{"gitId":"-"},"content":"","lastModifiedDate":"2020-05-23"},{"lineNumber":149,"author":{"gitId":"-"},"content":"### Viewing help : `help`","lastModifiedDate":"2020-05-23"},{"lineNumber":150,"author":{"gitId":"-"},"content":"","lastModifiedDate":"2020-05-23"},{"lineNumber":151,"author":{"gitId":"-"},"content":"Shows a message explaning how to access the help page.","lastModifiedDate":"2020-05-23"},{"lineNumber":152,"author":{"gitId":"-"},"content":"","lastModifiedDate":"2020-05-23"},{"lineNumber":153,"author":{"gitId":"-"},"content":"![help message](images/helpMessage.png)","lastModifiedDate":"2020-05-23"},{"lineNumber":154,"author":{"gitId":"-"},"content":"","lastModifiedDate":"2020-05-23"},{"lineNumber":155,"author":{"gitId":"-"},"content":"Format: `help`","lastModifiedDate":"2020-05-23"},{"lineNumber":156,"author":{"gitId":"-"},"content":"","lastModifiedDate":"2020-05-23"},{"lineNumber":157,"author":{"gitId":"-"},"content":"","lastModifiedDate":"2020-05-23"},{"lineNumber":158,"author":{"gitId":"-"},"content":"### Adding a person: `add`","lastModifiedDate":"2020-05-23"},{"lineNumber":159,"author":{"gitId":"-"},"content":"","lastModifiedDate":"2020-05-23"},{"lineNumber":160,"author":{"gitId":"-"},"content":"Adds a person to the address book.","lastModifiedDate":"2020-05-23"},{"lineNumber":161,"author":{"gitId":"-"},"content":"","lastModifiedDate":"2020-05-23"},{"lineNumber":162,"author":{"gitId":"-"},"content":"Format: `add n/NAME p/PHONE_NUMBER e/EMAIL a/ADDRESS [t/TAG]…​`","lastModifiedDate":"2020-05-23"},{"lineNumber":163,"author":{"gitId":"-"},"content":"","lastModifiedDate":"2020-05-23"},{"lineNumber":164,"author":{"gitId":"-"},"content":"\u003cdiv markdown\u003d\"span\" class\u003d\"alert alert-primary\"\u003e:bulb: **Tip:**","lastModifiedDate":"2020-05-23"},{"lineNumber":165,"author":{"gitId":"-"},"content":"A person can have any number of tags (including 0)","lastModifiedDate":"2020-05-23"},{"lineNumber":166,"author":{"gitId":"-"},"content":"\u003c/div\u003e","lastModifiedDate":"2020-05-23"},{"lineNumber":167,"author":{"gitId":"-"},"content":"","lastModifiedDate":"2020-05-23"},{"lineNumber":168,"author":{"gitId":"-"},"content":"Examples:","lastModifiedDate":"2020-05-23"},{"lineNumber":169,"author":{"gitId":"-"},"content":"* `add n/John Doe p/98765432 e/johnd@example.com a/John street, block 123, #01-01`","lastModifiedDate":"2020-05-23"},{"lineNumber":170,"author":{"gitId":"-"},"content":"* `add n/Betsy Crowe t/friend e/betsycrowe@example.com a/Newgate Prison p/1234567 t/criminal`","lastModifiedDate":"2020-05-23"},{"lineNumber":171,"author":{"gitId":"-"},"content":"","lastModifiedDate":"2020-05-23"},{"lineNumber":172,"author":{"gitId":"-"},"content":"### Listing all persons : `list`","lastModifiedDate":"2020-05-23"},{"lineNumber":173,"author":{"gitId":"-"},"content":"","lastModifiedDate":"2020-05-23"},{"lineNumber":174,"author":{"gitId":"-"},"content":"Shows a list of all persons in the address book.","lastModifiedDate":"2020-05-23"},{"lineNumber":175,"author":{"gitId":"-"},"content":"","lastModifiedDate":"2020-05-23"},{"lineNumber":176,"author":{"gitId":"-"},"content":"Format: `list`","lastModifiedDate":"2020-05-23"},{"lineNumber":177,"author":{"gitId":"-"},"content":"","lastModifiedDate":"2020-05-23"},{"lineNumber":178,"author":{"gitId":"-"},"content":"### Editing a person : `edit`","lastModifiedDate":"2020-05-23"},{"lineNumber":179,"author":{"gitId":"-"},"content":"","lastModifiedDate":"2020-05-23"},{"lineNumber":180,"author":{"gitId":"-"},"content":"Edits an existing person in the address book.","lastModifiedDate":"2020-05-23"},{"lineNumber":181,"author":{"gitId":"-"},"content":"","lastModifiedDate":"2020-05-23"},{"lineNumber":182,"author":{"gitId":"-"},"content":"Format: `edit INDEX [n/NAME] [p/PHONE] [e/EMAIL] [a/ADDRESS] [t/TAG]…​`","lastModifiedDate":"2020-05-23"},{"lineNumber":183,"author":{"gitId":"-"},"content":"","lastModifiedDate":"2020-05-23"},{"lineNumber":184,"author":{"gitId":"-"},"content":"* Edits the person at the specified `INDEX`. The index refers to the index number shown in the displayed person list. The index **must be a positive integer** 1, 2, 3, …​","lastModifiedDate":"2020-05-23"},{"lineNumber":185,"author":{"gitId":"-"},"content":"* At least one of the optional fields must be provided.","lastModifiedDate":"2020-05-23"},{"lineNumber":186,"author":{"gitId":"-"},"content":"* Existing values will be updated to the input values.","lastModifiedDate":"2020-05-23"},{"lineNumber":187,"author":{"gitId":"-"},"content":"* When editing tags, the existing tags of the person will be removed i.e adding of tags is not cumulative.","lastModifiedDate":"2020-05-23"},{"lineNumber":188,"author":{"gitId":"-"},"content":"* You can remove all the person’s tags by typing `t/` without","lastModifiedDate":"2020-05-23"},{"lineNumber":189,"author":{"gitId":"-"},"content":"    specifying any tags after it.","lastModifiedDate":"2020-05-23"},{"lineNumber":190,"author":{"gitId":"-"},"content":"","lastModifiedDate":"2020-05-23"},{"lineNumber":191,"author":{"gitId":"-"},"content":"Examples:","lastModifiedDate":"2020-05-23"},{"lineNumber":192,"author":{"gitId":"-"},"content":"*  `edit 1 p/91234567 e/johndoe@example.com` Edits the phone number and email address of the 1st person to be `91234567` and `johndoe@example.com` respectively.","lastModifiedDate":"2020-05-23"},{"lineNumber":193,"author":{"gitId":"-"},"content":"*  `edit 2 n/Betsy Crower t/` Edits the name of the 2nd person to be `Betsy Crower` and clears all existing tags.","lastModifiedDate":"2020-05-23"},{"lineNumber":194,"author":{"gitId":"-"},"content":"","lastModifiedDate":"2020-05-23"},{"lineNumber":195,"author":{"gitId":"-"},"content":"### Locating persons by name: `find`","lastModifiedDate":"2020-05-23"},{"lineNumber":196,"author":{"gitId":"-"},"content":"","lastModifiedDate":"2020-05-23"},{"lineNumber":197,"author":{"gitId":"-"},"content":"Finds persons whose names contain any of the given keywords.","lastModifiedDate":"2020-05-23"},{"lineNumber":198,"author":{"gitId":"-"},"content":"","lastModifiedDate":"2020-05-23"},{"lineNumber":199,"author":{"gitId":"-"},"content":"Format: `find KEYWORD [MORE_KEYWORDS]`","lastModifiedDate":"2020-05-23"},{"lineNumber":200,"author":{"gitId":"-"},"content":"","lastModifiedDate":"2020-05-23"},{"lineNumber":201,"author":{"gitId":"-"},"content":"* The search is case-insensitive. e.g `hans` will match `Hans`","lastModifiedDate":"2020-05-23"},{"lineNumber":202,"author":{"gitId":"-"},"content":"* The order of the keywords does not matter. e.g. `Hans Bo` will match `Bo Hans`","lastModifiedDate":"2020-05-23"},{"lineNumber":203,"author":{"gitId":"-"},"content":"* Only the name is searched.","lastModifiedDate":"2020-05-23"},{"lineNumber":204,"author":{"gitId":"-"},"content":"* Only full words will be matched e.g. `Han` will not match `Hans`","lastModifiedDate":"2020-05-23"},{"lineNumber":205,"author":{"gitId":"-"},"content":"* Persons matching at least one keyword will be returned (i.e. `OR` search).","lastModifiedDate":"2020-05-23"},{"lineNumber":206,"author":{"gitId":"-"},"content":"  e.g. `Hans Bo` will return `Hans Gruber`, `Bo Yang`","lastModifiedDate":"2020-05-23"},{"lineNumber":207,"author":{"gitId":"-"},"content":"","lastModifiedDate":"2020-05-23"},{"lineNumber":208,"author":{"gitId":"-"},"content":"Examples:","lastModifiedDate":"2020-05-23"},{"lineNumber":209,"author":{"gitId":"-"},"content":"* `find John` returns `john` and `John Doe`","lastModifiedDate":"2020-05-23"},{"lineNumber":210,"author":{"gitId":"-"},"content":"* `find alex david` returns `Alex Yeoh`, `David Li`\u003cbr\u003e","lastModifiedDate":"2020-05-23"},{"lineNumber":211,"author":{"gitId":"-"},"content":"  ![result for \u0027find alex david\u0027](images/findAlexDavidResult.png)","lastModifiedDate":"2020-05-23"},{"lineNumber":212,"author":{"gitId":"-"},"content":"","lastModifiedDate":"2020-05-23"},{"lineNumber":213,"author":{"gitId":"-"},"content":"### Deleting a person : `delete`","lastModifiedDate":"2020-05-23"},{"lineNumber":214,"author":{"gitId":"-"},"content":"","lastModifiedDate":"2020-05-23"},{"lineNumber":215,"author":{"gitId":"-"},"content":"Deletes the specified person from the address book.","lastModifiedDate":"2020-05-23"},{"lineNumber":216,"author":{"gitId":"-"},"content":"","lastModifiedDate":"2020-05-23"},{"lineNumber":217,"author":{"gitId":"-"},"content":"Format: `delete INDEX`","lastModifiedDate":"2020-05-23"},{"lineNumber":218,"author":{"gitId":"-"},"content":"","lastModifiedDate":"2020-05-23"},{"lineNumber":219,"author":{"gitId":"-"},"content":"* Deletes the person at the specified `INDEX`.","lastModifiedDate":"2020-05-23"},{"lineNumber":220,"author":{"gitId":"-"},"content":"* The index refers to the index number shown in the displayed person list.","lastModifiedDate":"2020-05-23"},{"lineNumber":221,"author":{"gitId":"-"},"content":"* The index **must be a positive integer** 1, 2, 3, …​","lastModifiedDate":"2020-05-23"},{"lineNumber":222,"author":{"gitId":"-"},"content":"","lastModifiedDate":"2020-05-23"},{"lineNumber":223,"author":{"gitId":"-"},"content":"Examples:","lastModifiedDate":"2020-05-23"},{"lineNumber":224,"author":{"gitId":"-"},"content":"* `list` followed by `delete 2` deletes the 2nd person in the address book.","lastModifiedDate":"2020-05-23"},{"lineNumber":225,"author":{"gitId":"-"},"content":"* `find Betsy` followed by `delete 1` deletes the 1st person in the results of the `find` command.","lastModifiedDate":"2020-05-23"},{"lineNumber":226,"author":{"gitId":"-"},"content":"","lastModifiedDate":"2020-05-23"},{"lineNumber":227,"author":{"gitId":"-"},"content":"### Clearing all entries : `clear`","lastModifiedDate":"2020-05-23"},{"lineNumber":228,"author":{"gitId":"-"},"content":"","lastModifiedDate":"2020-05-23"},{"lineNumber":229,"author":{"gitId":"-"},"content":"Clears all entries from the address book.","lastModifiedDate":"2020-05-23"},{"lineNumber":230,"author":{"gitId":"-"},"content":"","lastModifiedDate":"2020-05-23"},{"lineNumber":231,"author":{"gitId":"-"},"content":"Format: `clear`","lastModifiedDate":"2020-05-23"},{"lineNumber":232,"author":{"gitId":"-"},"content":"","lastModifiedDate":"2020-05-23"},{"lineNumber":233,"author":{"gitId":"-"},"content":"### Exiting the program : `exit`","lastModifiedDate":"2020-05-23"},{"lineNumber":234,"author":{"gitId":"-"},"content":"","lastModifiedDate":"2020-05-23"},{"lineNumber":235,"author":{"gitId":"-"},"content":"Exits the program.","lastModifiedDate":"2020-05-23"},{"lineNumber":236,"author":{"gitId":"-"},"content":"","lastModifiedDate":"2020-05-23"},{"lineNumber":237,"author":{"gitId":"-"},"content":"Format: `exit`","lastModifiedDate":"2020-05-23"},{"lineNumber":238,"author":{"gitId":"-"},"content":"","lastModifiedDate":"2020-05-23"},{"lineNumber":239,"author":{"gitId":"-"},"content":"### Saving the data","lastModifiedDate":"2020-05-23"},{"lineNumber":240,"author":{"gitId":"-"},"content":"","lastModifiedDate":"2020-05-23"},{"lineNumber":241,"author":{"gitId":"-"},"content":"AddressBook data are saved in the hard disk automatically after any command that changes the data. There is no need to save manually.","lastModifiedDate":"2020-05-23"},{"lineNumber":242,"author":{"gitId":"-"},"content":"","lastModifiedDate":"2020-05-23"},{"lineNumber":243,"author":{"gitId":"-"},"content":"### Editing the data file","lastModifiedDate":"2021-02-04"},{"lineNumber":244,"author":{"gitId":"-"},"content":"","lastModifiedDate":"2021-02-04"},{"lineNumber":245,"author":{"gitId":"-"},"content":"AddressBook data are saved as a JSON file `[JAR file location]/data/addressbook.json`. Advanced users are welcome to update data directly by editing that data file.","lastModifiedDate":"2021-02-04"},{"lineNumber":246,"author":{"gitId":"-"},"content":"","lastModifiedDate":"2021-02-04"},{"lineNumber":247,"author":{"gitId":"-"},"content":"\u003cdiv markdown\u003d\"span\" class\u003d\"alert alert-warning\"\u003e:exclamation: **Caution:**","lastModifiedDate":"2021-02-04"},{"lineNumber":248,"author":{"gitId":"-"},"content":"If your changes to the data file makes its format invalid, AddressBook will discard all data and start with an empty data file at the next run.","lastModifiedDate":"2021-02-04"},{"lineNumber":249,"author":{"gitId":"-"},"content":"\u003c/div\u003e","lastModifiedDate":"2021-02-04"},{"lineNumber":250,"author":{"gitId":"-"},"content":"","lastModifiedDate":"2021-02-04"},{"lineNumber":251,"author":{"gitId":"-"},"content":"### Archiving data files `[coming in v2.0]`","lastModifiedDate":"2020-05-23"},{"lineNumber":252,"author":{"gitId":"-"},"content":"","lastModifiedDate":"2020-05-23"},{"lineNumber":253,"author":{"gitId":"-"},"content":"_Details coming soon ..._","lastModifiedDate":"2021-02-04"},{"lineNumber":254,"author":{"gitId":"-"},"content":"","lastModifiedDate":"2020-05-23"},{"lineNumber":255,"author":{"gitId":"-"},"content":"--------------------------------------------------------------------------------------------------------------------","lastModifiedDate":"2020-05-23"},{"lineNumber":256,"author":{"gitId":"-"},"content":"","lastModifiedDate":"2020-05-23"},{"lineNumber":257,"author":{"gitId":"-"},"content":"## FAQ","lastModifiedDate":"2020-05-23"},{"lineNumber":258,"author":{"gitId":"-"},"content":"","lastModifiedDate":"2020-05-23"},{"lineNumber":259,"author":{"gitId":"-"},"content":"**Q**: How do I transfer my data to another Computer?\u003cbr\u003e","lastModifiedDate":"2020-05-23"},{"lineNumber":260,"author":{"gitId":"-"},"content":"**A**: Install the app in the other computer and overwrite the empty data file it creates with the file that contains the data of your previous AddressBook home folder.","lastModifiedDate":"2020-05-23"},{"lineNumber":261,"author":{"gitId":"-"},"content":"","lastModifiedDate":"2020-05-23"},{"lineNumber":262,"author":{"gitId":"-"},"content":"--------------------------------------------------------------------------------------------------------------------","lastModifiedDate":"2020-05-23"},{"lineNumber":263,"author":{"gitId":"-"},"content":"","lastModifiedDate":"2020-05-23"},{"lineNumber":264,"author":{"gitId":"-"},"content":"## Command summary","lastModifiedDate":"2020-05-23"},{"lineNumber":265,"author":{"gitId":"-"},"content":"","lastModifiedDate":"2020-05-23"},{"lineNumber":266,"author":{"gitId":"-"},"content":"Action | Format, Examples","lastModifiedDate":"2020-05-23"},{"lineNumber":267,"author":{"gitId":"-"},"content":"--------|------------------","lastModifiedDate":"2020-05-23"},{"lineNumber":268,"author":{"gitId":"-"},"content":"**Add** | `add n/NAME p/PHONE_NUMBER e/EMAIL a/ADDRESS [t/TAG]…​` \u003cbr\u003e e.g., `add n/James Ho p/22224444 e/jamesho@example.com a/123, Clementi Rd, 1234665 t/friend t/colleague`","lastModifiedDate":"2020-05-23"},{"lineNumber":269,"author":{"gitId":"-"},"content":"**Clear** | `clear`","lastModifiedDate":"2020-05-23"},{"lineNumber":270,"author":{"gitId":"-"},"content":"**Delete** | `delete INDEX`\u003cbr\u003e e.g., `delete 3`","lastModifiedDate":"2020-05-23"},{"lineNumber":271,"author":{"gitId":"-"},"content":"**Edit** | `edit INDEX [n/NAME] [p/PHONE_NUMBER] [e/EMAIL] [a/ADDRESS] [t/TAG]…​`\u003cbr\u003e e.g.,`edit 2 n/James Lee e/jameslee@example.com`","lastModifiedDate":"2020-05-23"},{"lineNumber":272,"author":{"gitId":"-"},"content":"**Find** | `find KEYWORD [MORE_KEYWORDS]`\u003cbr\u003e e.g., `find James Jake`","lastModifiedDate":"2020-05-23"},{"lineNumber":273,"author":{"gitId":"-"},"content":"**List** | `list`","lastModifiedDate":"2020-05-23"},{"lineNumber":274,"author":{"gitId":"-"},"content":"**Help** | `help`","lastModifiedDate":"2020-05-23"}],"authorContributionMap":{"chunzkok":71,"bojie3":28,"-":175}},{"path":"docs/team/bojie3.md","fileType":"docs","lines":[{"lineNumber":1,"author":{"gitId":"bojie3"},"content":"---","lastModifiedDate":"2023-03-03"},{"lineNumber":2,"author":{"gitId":"bojie3"},"content":"layout: page","lastModifiedDate":"2023-03-03"},{"lineNumber":3,"author":{"gitId":"bojie3"},"content":"title: Bojie\u0027s Project Portfolio Page","lastModifiedDate":"2023-03-03"},{"lineNumber":4,"author":{"gitId":"bojie3"},"content":"---","lastModifiedDate":"2023-03-03"},{"lineNumber":5,"author":{"gitId":"bojie3"},"content":"","lastModifiedDate":"2023-03-03"},{"lineNumber":6,"author":{"gitId":"bojie3"},"content":"### Project: Teaching assistant assistant","lastModifiedDate":"2023-03-03"},{"lineNumber":7,"author":{"gitId":"bojie3"},"content":"","lastModifiedDate":"2023-03-03"},{"lineNumber":8,"author":{"gitId":"bojie3"},"content":"* **Overview**","lastModifiedDate":"2023-03-03"},{"lineNumber":9,"author":{"gitId":"bojie3"},"content":"* To be added soon","lastModifiedDate":"2023-03-03"},{"lineNumber":10,"author":{"gitId":"bojie3"},"content":"","lastModifiedDate":"2023-03-03"},{"lineNumber":11,"author":{"gitId":"bojie3"},"content":"Teaching assistant assistant: to be added soon","lastModifiedDate":"2023-03-03"},{"lineNumber":12,"author":{"gitId":"bojie3"},"content":"","lastModifiedDate":"2023-03-03"},{"lineNumber":13,"author":{"gitId":"bojie3"},"content":"Given below are my contributions to the project.","lastModifiedDate":"2023-03-03"},{"lineNumber":14,"author":{"gitId":"bojie3"},"content":"","lastModifiedDate":"2023-03-03"},{"lineNumber":15,"author":{"gitId":"bojie3"},"content":"* **Summary of Contributions**","lastModifiedDate":"2023-03-03"},{"lineNumber":16,"author":{"gitId":"bojie3"},"content":"  * Code contributed: to be added soon","lastModifiedDate":"2023-03-03"},{"lineNumber":17,"author":{"gitId":"bojie3"},"content":"  * Enhancements implemented: to be added soon","lastModifiedDate":"2023-03-03"},{"lineNumber":18,"author":{"gitId":"bojie3"},"content":"  * Contributions to the UG: to be added soon","lastModifiedDate":"2023-03-03"},{"lineNumber":19,"author":{"gitId":"bojie3"},"content":"  * Contributions to the DG: to be added soon","lastModifiedDate":"2023-03-03"},{"lineNumber":20,"author":{"gitId":"bojie3"},"content":"  * Contributions to team-based tasks: to be added soon","lastModifiedDate":"2023-03-03"},{"lineNumber":21,"author":{"gitId":"bojie3"},"content":"  * Review/mentoring contributions: to be added soon","lastModifiedDate":"2023-03-03"},{"lineNumber":22,"author":{"gitId":"bojie3"},"content":"  * Contributions beyond the project team: to be added soon","lastModifiedDate":"2023-03-03"},{"lineNumber":23,"author":{"gitId":"bojie3"},"content":"","lastModifiedDate":"2023-03-03"},{"lineNumber":24,"author":{"gitId":"bojie3"},"content":"","lastModifiedDate":"2023-03-03"}],"authorContributionMap":{"bojie3":24}},{"path":"docs/team/chunzkok.md","fileType":"docs","lines":[{"lineNumber":1,"author":{"gitId":"chunzkok"},"content":"# Chun Zhi\u0027s Project Portfolio Page","lastModifiedDate":"2023-03-05"},{"lineNumber":2,"author":{"gitId":"chunzkok"},"content":"","lastModifiedDate":"2023-03-05"},{"lineNumber":3,"author":{"gitId":"chunzkok"},"content":"## Project: Teaching Assistant Assistant","lastModifiedDate":"2023-03-05"},{"lineNumber":4,"author":{"gitId":"chunzkok"},"content":"Teaching Assistant Assistant (TAA) is a desktop app for managing teaching assistant","lastModifiedDate":"2023-03-05"},{"lineNumber":5,"author":{"gitId":"chunzkok"},"content":"activities, optimized for use via a Command Line Interface (CLI) while still having","lastModifiedDate":"2023-03-05"},{"lineNumber":6,"author":{"gitId":"chunzkok"},"content":"the benefits of a Graphical User Interface (GUI). If you can type fast, TAA can get","lastModifiedDate":"2023-03-05"},{"lineNumber":7,"author":{"gitId":"chunzkok"},"content":"your teaching assistant tasks done faster than traditional GUI apps.","lastModifiedDate":"2023-03-05"},{"lineNumber":8,"author":{"gitId":"chunzkok"},"content":"","lastModifiedDate":"2023-03-05"},{"lineNumber":9,"author":{"gitId":"chunzkok"},"content":"Given below are my contributions to the project.","lastModifiedDate":"2023-03-05"},{"lineNumber":10,"author":{"gitId":"chunzkok"},"content":"- **Code Contributed**: [RepoSense Link](https://nus-cs2103-ay2223s2.github.io/tp-dashboard/?search\u003d\u0026sort\u003dgroupTitle\u0026sortWithin\u003dtitle\u0026timeframe\u003dcommit\u0026mergegroup\u003d\u0026groupSelect\u003dgroupByRepos\u0026breakdown\u003dtrue\u0026checkedFileTypes\u003ddocs~functional-code~test-code~other\u0026since\u003d2023-02-17\u0026tabOpen\u003dtrue\u0026tabType\u003dauthorship\u0026tabAuthor\u003dchunzkok\u0026tabRepo\u003dAY2223S2-CS2103T-T14-4%2Ftp%5Bmaster%5D\u0026authorshipIsMergeGroup\u003dfalse\u0026authorshipFileTypes\u003d\u0026authorshipIsBinaryFileTypeChecked\u003dfalse\u0026authorshipIsIgnoredFilesChecked\u003dfalse)","lastModifiedDate":"2023-03-05"},{"lineNumber":11,"author":{"gitId":"chunzkok"},"content":"- **Enhancements implemented**: to be added soon","lastModifiedDate":"2023-03-05"},{"lineNumber":12,"author":{"gitId":"chunzkok"},"content":"- **Contributions to the UG**: Class List -- create class list, group, insert and delete students ","lastModifiedDate":"2023-03-05"},{"lineNumber":13,"author":{"gitId":"chunzkok"},"content":"- **Contributions to the DG**: to be added soon","lastModifiedDate":"2023-03-05"},{"lineNumber":14,"author":{"gitId":"chunzkok"},"content":"- **Contributions to team-based tasks**: to be added soon","lastModifiedDate":"2023-03-05"},{"lineNumber":15,"author":{"gitId":"chunzkok"},"content":"- **Review/mentoring contributions**: to be added soon","lastModifiedDate":"2023-03-05"},{"lineNumber":16,"author":{"gitId":"chunzkok"},"content":"- **Contributions beyond the project team**: to be added soon","lastModifiedDate":"2023-03-05"}],"authorContributionMap":{"chunzkok":16}},{"path":"docs/team/tamkenghong.md","fileType":"docs","lines":[{"lineNumber":1,"author":{"gitId":"TamKengHong"},"content":"---","lastModifiedDate":"2023-03-03"},{"lineNumber":2,"author":{"gitId":"TamKengHong"},"content":"layout: page","lastModifiedDate":"2023-03-03"},{"lineNumber":3,"author":{"gitId":"TamKengHong"},"content":"title: Tam Keng Hong\u0027s Project Portfolio Page","lastModifiedDate":"2023-03-03"},{"lineNumber":4,"author":{"gitId":"TamKengHong"},"content":"---","lastModifiedDate":"2023-03-03"},{"lineNumber":5,"author":{"gitId":"TamKengHong"},"content":"","lastModifiedDate":"2023-03-03"},{"lineNumber":6,"author":{"gitId":"TamKengHong"},"content":"### Overview","lastModifiedDate":"2023-03-03"},{"lineNumber":7,"author":{"gitId":"TamKengHong"},"content":"","lastModifiedDate":"2023-03-03"},{"lineNumber":8,"author":{"gitId":"TamKengHong"},"content":"To be added soon.","lastModifiedDate":"2023-03-03"},{"lineNumber":9,"author":{"gitId":"TamKengHong"},"content":"","lastModifiedDate":"2023-03-03"},{"lineNumber":10,"author":{"gitId":"TamKengHong"},"content":"### Summary of Contributions","lastModifiedDate":"2023-03-03"},{"lineNumber":11,"author":{"gitId":"TamKengHong"},"content":"","lastModifiedDate":"2023-03-03"},{"lineNumber":12,"author":{"gitId":"TamKengHong"},"content":"- Code contributed","lastModifiedDate":"2023-03-03"},{"lineNumber":13,"author":{"gitId":"TamKengHong"},"content":"- Enhancements implemented: A summary of the enhancements you implemented.","lastModifiedDate":"2023-03-03"},{"lineNumber":14,"author":{"gitId":"TamKengHong"},"content":"- Contributions to the UG: Which sections did you contribute to the UG?","lastModifiedDate":"2023-03-03"},{"lineNumber":15,"author":{"gitId":"TamKengHong"},"content":"- Contributions to the DG: Which sections did you contribute to the DG? Which UML diagrams did you add/updated?","lastModifiedDate":"2023-03-03"},{"lineNumber":16,"author":{"gitId":"TamKengHong"},"content":"- Contributions to team-based tasks","lastModifiedDate":"2023-03-03"},{"lineNumber":17,"author":{"gitId":"TamKengHong"},"content":"- Review/mentoring contributions: Links to PRs reviewed, instances of helping team members in other ways.","lastModifiedDate":"2023-03-03"},{"lineNumber":18,"author":{"gitId":"TamKengHong"},"content":"- Contributions beyond the project team:","lastModifiedDate":"2023-03-03"}],"authorContributionMap":{"TamKengHong":18}}]
