{"authorDailyContributionsMap":{"jerrrren":[{"date":"2023-03-04","commitResults":[{"hash":"136fe03b41493fa6b1c9a79ada772134dbadcbdc","isMergeCommit":false,"messageTitle":"add ppp and image","messageBody":"","fileTypesAndContributionMap":{"docs":{"insertions":26,"deletions":0}}}]},{"date":"2023-03-05","commitResults":[{"hash":"fe542c33cd15ea28ef4b963d7c56710d25964615","isMergeCommit":false,"messageTitle":"rectify Jer En\u0027s ppp title","messageBody":"","fileTypesAndContributionMap":{"docs":{"insertions":2,"deletions":2}}},{"hash":"79e8f7e9aa7ad6fb9cd52d4b336c4961124a70e0","isMergeCommit":false,"messageTitle":"add Jer En\u0027s features","messageBody":"","fileTypesAndContributionMap":{"docs":{"insertions":38,"deletions":52}}},{"hash":"8e3cd373a7a2c008172cd43882f5836080ea45e8","isMergeCommit":false,"messageTitle":"add Jer En\u0027s features","messageBody":"","fileTypesAndContributionMap":{"docs":{"insertions":1,"deletions":1}}},{"hash":"caa851bd3c5131ba0572d4b7061bc63365fbfbdc","isMergeCommit":false,"messageTitle":"add Jer En\u0027s features","messageBody":"","fileTypesAndContributionMap":{"docs":{"insertions":0,"deletions":1}}},{"hash":"a8baf277e19b6d993e8d3ce534f8985f060a8a47","isMergeCommit":false,"messageTitle":"add listevent to UG","messageBody":"","fileTypesAndContributionMap":{"docs":{"insertions":14,"deletions":3}}},{"hash":"b94d99410b9f6dfea4eb1755a0a598c13ae8f33d","isMergeCommit":false,"messageTitle":"add user stories from docs","messageBody":"","fileTypesAndContributionMap":{"docs":{"insertions":17,"deletions":1}}},{"hash":"f585101e04de0b51d52b440acd98b274fe8b4521","isMergeCommit":false,"messageTitle":"add user stories from docs","messageBody":"","fileTypesAndContributionMap":{"docs":{"insertions":0,"deletions":2}}},{"hash":"805f3e560efadc5997a27d70f23a69bfc976a25e","isMergeCommit":false,"messageTitle":"transfer DG from docs to git","messageBody":"","fileTypesAndContributionMap":{"docs":{"insertions":99,"deletions":1}}},{"hash":"800f5cf45e9678e58b44a495d57691ee9803cb15","isMergeCommit":false,"messageTitle":"update jer en use cases","messageBody":"","fileTypesAndContributionMap":{"docs":{"insertions":102,"deletions":6}}},{"hash":"7a7de4d4aa3f8251df0b967cba0468cac8f903d1","isMergeCommit":true,"messageTitle":"update UG change name to command","messageBody":"","fileTypesAndContributionMap":{}},{"hash":"7fc36a1ff30e0ddcc27dcf1343bcf6d0338d85c2","isMergeCommit":true,"messageTitle":"Merge branch \u0027master\u0027 of https://github.com/jerrrren/tp into jeren-UG-Update","messageBody":"","fileTypesAndContributionMap":{}},{"hash":"ca33ee1341df9c0cee41ae2afbc40f7cd2795623","isMergeCommit":true,"messageTitle":"Merge branch \u0027master\u0027 of https://github.com/jerrrren/tp into jeren-UG-Update","messageBody":"","fileTypesAndContributionMap":{}},{"hash":"974d8c8214b5bfc7541e2667b112497ed5eaaa29","isMergeCommit":false,"messageTitle":"remove whitespaces","messageBody":"","fileTypesAndContributionMap":{"docs":{"insertions":28,"deletions":28}}}]}],"jweeyh":[{"date":"2023-03-05","commitResults":[{"hash":"f30cb20231fad2fcb885699d7d7e124c026acc6b","isMergeCommit":false,"messageTitle":"Update AboutUs.md with jweeyh info","messageBody":"","fileTypesAndContributionMap":{"docs":{"insertions":5,"deletions":4}}},{"hash":"16305f89ac079a1055badf999ac1e68724754268","isMergeCommit":false,"messageTitle":"Remove placeholders from AboutUs.md and create jweeyh.md","messageBody":"","fileTypesAndContributionMap":{"docs":{"insertions":26,"deletions":19}}},{"hash":"c40f7caecc32db502bbe48dce470e9004b31405f","isMergeCommit":true,"messageTitle":"Merge remote-tracking branch \u0027origin/aboutus\u0027 into aboutus","messageBody":"# Conflicts:\n#\tdocs/AboutUs.md\n","fileTypesAndContributionMap":{}}]},{"date":"2023-03-06","commitResults":[{"hash":"a50ea7f4a273328db787231e890de32a44c8715d","isMergeCommit":false,"messageTitle":"Edit jweeyh.md and AboutUs.md","messageBody":"","fileTypesAndContributionMap":{"docs":{"insertions":5,"deletions":7}}},{"hash":"1a1ed0907e4afa3b3bba55780bb599d1fe3f48f8","isMergeCommit":false,"messageTitle":"Update for ./run-checks.sh","messageBody":"","fileTypesAndContributionMap":{"docs":{"insertions":2,"deletions":2}}},{"hash":"55857ca0292253a71b1da1d79be0a80b2ad27de4","isMergeCommit":false,"messageTitle":"Update for ./run-checks.sh","messageBody":"","fileTypesAndContributionMap":{"docs":{"insertions":1,"deletions":0}}},{"hash":"9193137fb39d244502f11c43f5b141c86b234ff4","isMergeCommit":false,"messageTitle":"Update for ./run-checks.sh","messageBody":"","fileTypesAndContributionMap":{"docs":{"insertions":4,"deletions":1}}},{"hash":"37383a8b6f966ba3bd64cdf057bd674cb8f9996f","isMergeCommit":false,"messageTitle":"Update for ./run-checks.sh","messageBody":"","fileTypesAndContributionMap":{"docs":{"insertions":1,"deletions":0}}},{"hash":"06182bd9d59b4c52e273a2e8d53c3b5b8aa0292f","isMergeCommit":false,"messageTitle":"Update for ./run-checks.sh","messageBody":"","fileTypesAndContributionMap":{"docs":{"insertions":1,"deletions":6}}},{"hash":"a1e55acb8e528b0cf9a8489bff7749b47b651c9d","isMergeCommit":false,"messageTitle":"Update for ./run-checks.sh","messageBody":"","fileTypesAndContributionMap":{"docs":{"insertions":27,"deletions":6}}},{"hash":"5f9eaab141e62256c8e4c51540524546381d0b84","isMergeCommit":false,"messageTitle":"Update for ./run-checks.sh","messageBody":"","fileTypesAndContributionMap":{"docs":{"insertions":3,"deletions":3}}},{"hash":"7e48b31df3e1a6101b02740f046debd2b2cb885d","isMergeCommit":false,"messageTitle":"Update for ./run-checks.sh","messageBody":"","fileTypesAndContributionMap":{"docs":{"insertions":1,"deletions":1}}},{"hash":"c734620303a230b9cbca186221ae95b6f7e9e480","isMergeCommit":true,"messageTitle":"Merge pull request #50 from jweeyh/aboutus","messageBody":"Update AboutUs.md with jweeyh info","fileTypesAndContributionMap":{}}]}],"pkwangjoo":[{"date":"2023-03-05","commitResults":[{"hash":"015fb65010c5c66e734356ceb535769561cf9884","isMergeCommit":false,"messageTitle":"Update AboutUs page","messageBody":"","fileTypesAndContributionMap":{"docs":{"insertions":16,"deletions":15}}},{"hash":"4199e439b0af3e093db4ff2cee175762768e4dd7","isMergeCommit":false,"messageTitle":"Create skeletal PPP and include link in AboutUs","messageBody":"","fileTypesAndContributionMap":{"docs":{"insertions":49,"deletions":1}}},{"hash":"e508bd7cacee4e706c64f0a5e1d66659e4e6c595","isMergeCommit":false,"messageTitle":"Update user guide for performance review","messageBody":"","fileTypesAndContributionMap":{"docs":{"insertions":145,"deletions":103}}},{"hash":"5aafe7f9103a96b37cb418aa70c700de05cfd9aa","isMergeCommit":false,"messageTitle":"Revert \"Update user guide for performance review\"","messageBody":"This reverts commit e508bd7cacee4e706c64f0a5e1d66659e4e6c595.\n","fileTypesAndContributionMap":{"docs":{"insertions":103,"deletions":145}}},{"hash":"d19fac169d329b45ad38abb842ec9ecd82f0cd4a","isMergeCommit":false,"messageTitle":"Restore original format for user guide","messageBody":"","fileTypesAndContributionMap":{"docs":{"insertions":36,"deletions":16}}},{"hash":"b232e73894a31ebd82549bac741b337fd3185870","isMergeCommit":true,"messageTitle":"Merge branch \u0027master\u0027 into branch-UG","messageBody":"","fileTypesAndContributionMap":{}}]},{"date":"2023-03-08","commitResults":[{"hash":"c0e1edb63609978beb291022c95f1e8d2b658622","isMergeCommit":false,"messageTitle":"Rename package","messageBody":"","fileTypesAndContributionMap":{"other":{"insertions":803,"deletions":803},"docs":{"insertions":13,"deletions":13},"test-code":{"insertions":3,"deletions":3}}},{"hash":"fa8fa89a5a234e758e4d3e838fe0e8b57d7ff950","isMergeCommit":false,"messageTitle":"Rename AddressBook in model","messageBody":"","fileTypesAndContributionMap":{"functional-code":{"insertions":86,"deletions":89},"other":{"insertions":50,"deletions":50},"docs":{"insertions":1,"deletions":1},"test-code":{"insertions":47,"deletions":47}}},{"hash":"77aa814f8145911f20d046c678bd8d928db9c75d","isMergeCommit":false,"messageTitle":"Rename AddressBookStorage to SudoHrStorage","messageBody":"","fileTypesAndContributionMap":{"functional-code":{"insertions":14,"deletions":14},"other":{"insertions":4,"deletions":4},"test-code":{"insertions":13,"deletions":13}}},{"hash":"d342ed815847ae237a6640d18506f9f4590cb308","isMergeCommit":false,"messageTitle":"Rename JsonSerializableAddressBook to JsonSerializableSudoHr","messageBody":"","fileTypesAndContributionMap":{"functional-code":{"insertions":3,"deletions":3},"other":{"insertions":5,"deletions":5},"test-code":{"insertions":7,"deletions":7}}},{"hash":"da00f1a35936f8279ce859d5d147716ce04f8d7a","isMergeCommit":false,"messageTitle":"Refactor methods in SudoHrStorage","messageBody":"","fileTypesAndContributionMap":{"functional-code":{"insertions":31,"deletions":31},"test-code":{"insertions":12,"deletions":12}}},{"hash":"5e0e5f1c9d29958a6e56b3049b088d2c0d620161","isMergeCommit":false,"messageTitle":"Refactor params in SudoHrStorage","messageBody":"","fileTypesAndContributionMap":{"functional-code":{"insertions":13,"deletions":13},"test-code":{"insertions":1,"deletions":1}}},{"hash":"1c6d4eeffdddac81d50912797b7ed8722f6d60b0","isMergeCommit":false,"messageTitle":"Refactor JsonSudoHrStorage","messageBody":"","fileTypesAndContributionMap":{"functional-code":{"insertions":3,"deletions":3}}},{"hash":"77ef09828245c601a61c2d7716e2ad6997364609","isMergeCommit":false,"messageTitle":"Refactor JsonSerializableSudoHr","messageBody":"","fileTypesAndContributionMap":{"functional-code":{"insertions":1,"deletions":1}}},{"hash":"1b68d7a6d453b37d7220429cfb142eb9e572ba03","isMergeCommit":false,"messageTitle":"Model: Refactor AddressBook to SudoHr","messageBody":"","fileTypesAndContributionMap":{"functional-code":{"insertions":36,"deletions":36},"test-code":{"insertions":30,"deletions":30}}},{"hash":"9c2a142d28f1f3f781a7208f10d40229dc8358b9","isMergeCommit":false,"messageTitle":"Logic: Refactor AddressBook to SudoHr","messageBody":"","fileTypesAndContributionMap":{"functional-code":{"insertions":5,"deletions":5}}},{"hash":"64b172d0ac957d4cca2afeb03a2e6f802e7495ed","isMergeCommit":false,"messageTitle":"build.gradle: Refactor AddressBook to SudoHr","messageBody":"","fileTypesAndContributionMap":{"other":{"insertions":1,"deletions":1}}},{"hash":"be207583e1cf01125dd8f30e0f398c1dd70908fe","isMergeCommit":false,"messageTitle":"MainApp: Refactor AddressBook to SudoHr","messageBody":"","fileTypesAndContributionMap":{"functional-code":{"insertions":5,"deletions":5}}}]},{"date":"2023-03-09","commitResults":[{"hash":"da1e43f8ceada7d66187e6f64468d8c3cbb5f1ca","isMergeCommit":false,"messageTitle":"Refactor test cases","messageBody":"","fileTypesAndContributionMap":{"test-code":{"insertions":1,"deletions":1}}},{"hash":"5313935f502c5c36ad57c370188a1202f22bf70b","isMergeCommit":false,"messageTitle":"Make checkstyle happy","messageBody":"","fileTypesAndContributionMap":{"functional-code":{"insertions":6,"deletions":2}}},{"hash":"cfd24fad5333253293c34a17a5e5f8ea103440a8","isMergeCommit":false,"messageTitle":"Make checkstyle happy","messageBody":"","fileTypesAndContributionMap":{"functional-code":{"insertions":3,"deletions":2}}},{"hash":"eca657c8e2619d4621fba1281fd35907e11dd2e5","isMergeCommit":false,"messageTitle":"Make checkstyle happy","messageBody":"","fileTypesAndContributionMap":{"test-code":{"insertions":9,"deletions":7}}}]}],"4ndrelim":[{"date":"2023-03-02","commitResults":[{"hash":"1bf84a4935d2dfe7ddd5367bf043bfd4f99be3a5","isMergeCommit":false,"messageTitle":"Update AboutUs.md to include personal responsibilities","messageBody":"","fileTypesAndContributionMap":{"docs":{"insertions":7,"deletions":7}}},{"hash":"696487993ffe030410804a4d5dbd61ff8aefb053","isMergeCommit":false,"messageTitle":"Add skeletal PPP","messageBody":"","fileTypesAndContributionMap":{"docs":{"insertions":48,"deletions":50}}}]},{"date":"2023-03-05","commitResults":[{"hash":"f7bdba84086f7d19a41444f262d8f1fad58cb9b1","isMergeCommit":false,"messageTitle":"Remove unnecessary link from AboutUs.md","messageBody":"","fileTypesAndContributionMap":{"docs":{"insertions":0,"deletions":1}}},{"hash":"302aab11c6e681ee56c4916eb99e9def66552f53","isMergeCommit":true,"messageTitle":"Merge pull request #29 from kennethk-1201/branch-Update-AboutUs","messageBody":"Update AboutUs (Kenneth)","fileTypesAndContributionMap":{}},{"hash":"c03cf9abf2fb23d8df7e59b303b5a1a60b6c490e","isMergeCommit":true,"messageTitle":"Merge pull request #37 from kennethk-1201/branch-update-UG","messageBody":"Set up template headers for team to fill in UG","fileTypesAndContributionMap":{}},{"hash":"783d2455c39beb0dae0c74579ebabdb61cb26b27","isMergeCommit":true,"messageTitle":"Merge pull request #36 from kennethk-1201/branch-update-scss","messageBody":"Branch update scss","fileTypesAndContributionMap":{}},{"hash":"263bd3cb0fc2819ed4ca7038faf4bdce5ecbc72d","isMergeCommit":false,"messageTitle":"Update user guide for leave component","messageBody":"","fileTypesAndContributionMap":{"docs":{"insertions":22,"deletions":22}}},{"hash":"042613205939b169851866f81039d6c73b18f84a","isMergeCommit":false,"messageTitle":"Fix style","messageBody":"","fileTypesAndContributionMap":{"docs":{"insertions":2,"deletions":2}}},{"hash":"e97959d22edf3232eff89da6da34005a79daa5f3","isMergeCommit":true,"messageTitle":"Resolve merge conflict for AboutUs.md","messageBody":"","fileTypesAndContributionMap":{}},{"hash":"0d5c4ec99170d8f019cec43690055371af332ef8","isMergeCommit":true,"messageTitle":"Merge branch \u0027master\u0027 into branch-UpdateUG","messageBody":"","fileTypesAndContributionMap":{}},{"hash":"f647098f81c2b8bab6aaef25a502504b6a03575a","isMergeCommit":true,"messageTitle":"Merge pull request #41 from kennethk-1201/branch-update-yaml","messageBody":"Update config.yaml","fileTypesAndContributionMap":{}},{"hash":"16114521728194aca0b1e2cfc7566bf1159e1db7","isMergeCommit":true,"messageTitle":"Merge pull request #34 from jerrrren/updatePPP","messageBody":"add ppp and image","fileTypesAndContributionMap":{}},{"hash":"32f629e9ace5e123067ba81316bc6f8b51539338","isMergeCommit":true,"messageTitle":"Merge pull request #42 from kennethk-1201/branch-update-readme","messageBody":"Remove traces of AB-3 in readme","fileTypesAndContributionMap":{}},{"hash":"5df3f6cdef346721f8f3c28161d8dc341ab67fbc","isMergeCommit":true,"messageTitle":"Merge pull request #45 from kennethk-1201/branch-update-dg","messageBody":"Branch update dg","fileTypesAndContributionMap":{}}]},{"date":"2023-03-06","commitResults":[{"hash":"ac927535df7ad5daa3d1925e92bcc170225012c0","isMergeCommit":true,"messageTitle":"Merge pull request #51 from kennethk-1201/branch-change-UG","messageBody":"Remove some features, command note and portion of command summary","fileTypesAndContributionMap":{}}]},{"date":"2023-03-09","commitResults":[{"hash":"65e30704eba551d82f28e874032d121ccb487f0b","isMergeCommit":true,"messageTitle":"Merge pull request #83 from pkwangjoo/branch-refactor-addressbook","messageBody":"Refactor addressbook components to sudohr","fileTypesAndContributionMap":{}}]},{"date":"2023-03-10","commitResults":[{"hash":"def2b62815378c353c70330284acc4816a725293","isMergeCommit":false,"messageTitle":"Introduce ID to AddCommand and update related docs","messageBody":"","fileTypesAndContributionMap":{"functional-code":{"insertions":13,"deletions":5}}},{"hash":"029a7b0db8a679c83f768cb369a65163b315338e","isMergeCommit":false,"messageTitle":"Add id class for person objects","messageBody":"","fileTypesAndContributionMap":{"functional-code":{"insertions":55,"deletions":0}}},{"hash":"c7023396031de32ddf889f1b176f0030f872a5f6","isMergeCommit":false,"messageTitle":"Implement parsing of person Id","messageBody":"","fileTypesAndContributionMap":{"functional-code":{"insertions":18,"deletions":1}}},{"hash":"d191e91d413387c615a87e507cb89b062a3987d3","isMergeCommit":false,"messageTitle":"Update person class to incorporate id attribute","messageBody":"","fileTypesAndContributionMap":{"functional-code":{"insertions":24,"deletions":6}}},{"hash":"3a178902f63efed9cc94fca9b1cf9991c01078bb","isMergeCommit":false,"messageTitle":"Update warning method in person class","messageBody":"","fileTypesAndContributionMap":{"functional-code":{"insertions":4,"deletions":4}}}]},{"date":"2023-03-11","commitResults":[{"hash":"8ef3f6d9e0b8944aca5aaa38f5a4de18bfb0cae3","isMergeCommit":false,"messageTitle":"Refactor edit command and parser to include id field","messageBody":"","fileTypesAndContributionMap":{"functional-code":{"insertions":20,"deletions":5}}},{"hash":"3598eb4c222f7729ef5fc69174e7acb6a8ed0f9c","isMergeCommit":false,"messageTitle":"Edit personCard to display employee id","messageBody":"","fileTypesAndContributionMap":{"functional-code":{"insertions":8,"deletions":4}}}]},{"date":"2023-03-12","commitResults":[{"hash":"4a2a94371af43e786af39c75382cae3e729c990c","isMergeCommit":false,"messageTitle":"Update PersonCard and Json file to include id","messageBody":"","fileTypesAndContributionMap":{"functional-code":{"insertions":17,"deletions":3}}},{"hash":"c09f42aa25eed09d95a831abcfd807f9363b4c3a","isMergeCommit":false,"messageTitle":"Run id validation tests","messageBody":"","fileTypesAndContributionMap":{"test-code":{"insertions":40,"deletions":0}}},{"hash":"2f7f3fa67470aff463a7ada09d4979a861b1edd1","isMergeCommit":false,"messageTitle":"Test new AddCommand and integration","messageBody":"","fileTypesAndContributionMap":{"functional-code":{"insertions":7,"deletions":6},"test-code":{"insertions":71,"deletions":19}}},{"hash":"4360cfe9384ab98807b989cf899a42df0cf0bce8","isMergeCommit":false,"messageTitle":"Run command tests","messageBody":"","fileTypesAndContributionMap":{"test-code":{"insertions":20,"deletions":6}}},{"hash":"a8f47776e8ee9a984bc6049fa8f5cb1db57d86c7","isMergeCommit":false,"messageTitle":"Test storage functionalities with updated person class","messageBody":"","fileTypesAndContributionMap":{"test-code":{"insertions":4,"deletions":3}}},{"hash":"72f0dcc514e4f1b555e9a5502146c9643e210812","isMergeCommit":false,"messageTitle":"Fix bug in PersonCard display","messageBody":"","fileTypesAndContributionMap":{"functional-code":{"insertions":1,"deletions":1}}},{"hash":"736e02b07f3e48cf6b14ce660e4e3d8227e16274","isMergeCommit":false,"messageTitle":"Fix styles","messageBody":"","fileTypesAndContributionMap":{"functional-code":{"insertions":17,"deletions":9}}},{"hash":"976f7cbe8e588cbd83e886e7cf311000b57162e6","isMergeCommit":false,"messageTitle":"Fix style errors","messageBody":"","fileTypesAndContributionMap":{"test-code":{"insertions":10,"deletions":5}}},{"hash":"19b704fdcfc35303506ff4aaa23258a2796f1140","isMergeCommit":false,"messageTitle":"Test LogicManager","messageBody":"","fileTypesAndContributionMap":{"test-code":{"insertions":2,"deletions":1}}},{"hash":"b51d3bd2701f1f70533637c42495875799223219","isMergeCommit":false,"messageTitle":"Change definition of isSamePerson and check for similar identity fields","messageBody":"","fileTypesAndContributionMap":{"functional-code":{"insertions":12,"deletions":4},"test-code":{"insertions":59,"deletions":20}}},{"hash":"26871a059b274d5931d633f36d279b80c33c4d8e","isMergeCommit":false,"messageTitle":"Style checks","messageBody":"","fileTypesAndContributionMap":{"test-code":{"insertions":15,"deletions":7}}},{"hash":"8b618876152fc6ea03debff5a1cbca7198393d15","isMergeCommit":false,"messageTitle":"Fix bug in EditCommandParser","messageBody":"","fileTypesAndContributionMap":{"functional-code":{"insertions":1,"deletions":1},"test-code":{"insertions":69,"deletions":34}}},{"hash":"ee78bda3bb563c8addec9af71d8a1bb461a741f6","isMergeCommit":false,"messageTitle":"Fix style errors","messageBody":"","fileTypesAndContributionMap":{"functional-code":{"insertions":2,"deletions":1},"test-code":{"insertions":5,"deletions":5}}},{"hash":"b324362b91a0592bf25a8f139e30a7a2156d9c5b","isMergeCommit":false,"messageTitle":"Allow preceding zeroes for id field","messageBody":"An id field is allowed to have preceding zeroes but SudoHR will trim\npreceding zeroes internally to avoid duplicated numbers like \"01\" and\n\"1\".\n","fileTypesAndContributionMap":{"functional-code":{"insertions":13,"deletions":4},"test-code":{"insertions":22,"deletions":5}}},{"hash":"2bbf1ea86462dfc4328113db2aaafdb0dac1035a","isMergeCommit":true,"messageTitle":"Resolve merge conflict","messageBody":"","fileTypesAndContributionMap":{}},{"hash":"316f9392d568b25dcf865d5efa8b9d72f15c2d0d","isMergeCommit":false,"messageTitle":"Integrate department with ID and test","messageBody":"","fileTypesAndContributionMap":{"functional-code":{"insertions":2,"deletions":13},"test-code":{"insertions":12,"deletions":59}}},{"hash":"c9d079c35e2bf45c1b7b75876c84705d2f49e675","isMergeCommit":true,"messageTitle":"Merge pull request #88 from 4ndrelim/branch-UpdatePerson","messageBody":"Integrate ID into Person Class","fileTypesAndContributionMap":{}}]}],"kennethk-1201":[{"date":"2023-02-18","commitResults":[{"hash":"1b16c31ae14af3fc4b6c0c5e08681676e5568d57","isMergeCommit":false,"messageTitle":"Update README.md","messageBody":"","fileTypesAndContributionMap":{"docs":{"insertions":2,"deletions":0}}}]},{"date":"2023-03-04","commitResults":[{"hash":"4d165faef0dea18a6ab79857821359130bf956b6","isMergeCommit":false,"messageTitle":"Update AboutUs","messageBody":"","fileTypesAndContributionMap":{"docs":{"insertions":5,"deletions":6}}},{"hash":"4e6202e2e77929d5be940881c24347f31a2eb78c","isMergeCommit":true,"messageTitle":"Merge pull request #24 from 4ndrelim/branch-SkeletalPPP","messageBody":"Add skeletal PPP for Andre","fileTypesAndContributionMap":{}},{"hash":"d7aed405f2fa9bb13fa78397557496dea3808b0f","isMergeCommit":false,"messageTitle":"Set up template headers for team to fill in","messageBody":"","fileTypesAndContributionMap":{"docs":{"insertions":379,"deletions":1}}}]},{"date":"2023-03-05","commitResults":[{"hash":"f81fcf38fae85fd6c1dcfc9ec8d66cdc94b05760","isMergeCommit":false,"messageTitle":"Update PPP","messageBody":"","fileTypesAndContributionMap":{"docs":{"insertions":7,"deletions":28}}},{"hash":"c7978c3ea77228d313e8bc47877146d9efe56642","isMergeCommit":false,"messageTitle":"Rename PPP to kennethk-1201","messageBody":"","fileTypesAndContributionMap":{"docs":{"insertions":0,"deletions":0}}},{"hash":"0b531f694ff30891a577540a08ba2f50a8d38545","isMergeCommit":false,"messageTitle":"Fix PPP error","messageBody":"","fileTypesAndContributionMap":{"docs":{"insertions":8,"deletions":8}}},{"hash":"5651e5aab8eed4bbad3e5e7c972602949dc04835","isMergeCommit":true,"messageTitle":"Merge pull request #38 from kennethk-1201/branch-add-ppp","messageBody":"Update PPP","fileTypesAndContributionMap":{}},{"hash":"f56496634fbd8d6b87dc220c74715941d12434ec","isMergeCommit":false,"messageTitle":"Update kenneth section","messageBody":"","fileTypesAndContributionMap":{"docs":{"insertions":11,"deletions":83}}},{"hash":"555c4589c16873ae9edbd07501b289c349da41fa","isMergeCommit":false,"messageTitle":"Rectify possible CI test error","messageBody":"","fileTypesAndContributionMap":{"docs":{"insertions":1,"deletions":2}}},{"hash":"29a90c943d3d277a02506ea4c68dce8eb9576ccb","isMergeCommit":false,"messageTitle":"Add newline at EOF","messageBody":"","fileTypesAndContributionMap":{"docs":{"insertions":2,"deletions":2}}},{"hash":"a7c4c6117a713a0e659ebd4d5d2642cef58acf5f","isMergeCommit":true,"messageTitle":"Merge pull request #23 from 4ndrelim/branch-AboutUs","messageBody":"Update AboutUs.md to include personal responsibilities for Andre","fileTypesAndContributionMap":{}},{"hash":"5d8b6733ce5de51491bf73228de182f083e28945","isMergeCommit":true,"messageTitle":"Merge pull request #40 from kennethk-1201/branch-update-ug-kenneth","messageBody":"Branch update ug kenneth","fileTypesAndContributionMap":{}},{"hash":"cfb55e8386d665f511f16a5a344bfcd154906bca","isMergeCommit":false,"messageTitle":"Fix EOF","messageBody":"","fileTypesAndContributionMap":{"docs":{"insertions":1,"deletions":1}}},{"hash":"d555e2a4fe7dfe57fc0a98b089978f582fc92fdf","isMergeCommit":true,"messageTitle":"Merge pull request #39 from 4ndrelim/branch-UpdateUG","messageBody":"Update user guide for leave component","fileTypesAndContributionMap":{}},{"hash":"cfe7f58c857781ca8dad9fd865aa49c520a6d573","isMergeCommit":false,"messageTitle":"Remove traces of AB-3 in readme","messageBody":"","fileTypesAndContributionMap":{"docs":{"insertions":6,"deletions":9}}},{"hash":"e306ed985f51e488f6373e856227f36030c758c8","isMergeCommit":false,"messageTitle":"Update newline at EOF","messageBody":"","fileTypesAndContributionMap":{"docs":{"insertions":1,"deletions":1}}},{"hash":"526e52afddbff95d51e2dcb15bbf9483d031d229","isMergeCommit":true,"messageTitle":"Merge pull request #44 from jerrrren/jerren-DG-update","messageBody":"Jerren transfer dg from docs to github","fileTypesAndContributionMap":{}},{"hash":"b1fb5cca13b4db786696196b268e7c95960e63ce","isMergeCommit":false,"messageTitle":"Update fixes to README, UserGuide and DG","messageBody":"","fileTypesAndContributionMap":{"docs":{"insertions":49,"deletions":42}}},{"hash":"1954695f882856e5220ac68af1db9743341a81df","isMergeCommit":false,"messageTitle":"Update DG","messageBody":"","fileTypesAndContributionMap":{"docs":{"insertions":176,"deletions":66}}},{"hash":"c825b0f4483951bc3e4fb094065060884909719e","isMergeCommit":false,"messageTitle":"Update AddressBook names with SudoHR if applicable","messageBody":"","fileTypesAndContributionMap":{"docs":{"insertions":66,"deletions":66}}},{"hash":"d6f1a5f8c25929394878048071230e318cedc18f","isMergeCommit":true,"messageTitle":"Merge pull request #46 from pkwangjoo/branch-AboutUs","messageBody":"Update AboutUs (Kwangjoo)","fileTypesAndContributionMap":{}},{"hash":"1f3543c4dc13498f6518d0a32a9d0e56d914ea7e","isMergeCommit":false,"messageTitle":"Update portfolio","messageBody":"","fileTypesAndContributionMap":{"docs":{"insertions":1,"deletions":1}}},{"hash":"c035e79c5374354dfc8da6913a463acf34202777","isMergeCommit":true,"messageTitle":"Merge branch \u0027master\u0027 into branch-update-dg","messageBody":"","fileTypesAndContributionMap":{}},{"hash":"3ef24482d3dd273f70d899972014ef3eb52f03d0","isMergeCommit":false,"messageTitle":"Fix issues","messageBody":"","fileTypesAndContributionMap":{"docs":{"insertions":27,"deletions":27}}},{"hash":"f563187c8e4c8f10e8d3789d95e38c5f72c5f21b","isMergeCommit":true,"messageTitle":"Merge pull request #49 from pkwangjoo/branch-UG","messageBody":"Update user guide for performance review","fileTypesAndContributionMap":{}},{"hash":"2411f071a279dffb349ed1bc392a7d4b435344b0","isMergeCommit":true,"messageTitle":"Merge pull request #43 from jerrrren/jeren-UG-Update","messageBody":"Jeren ug update Jer En\u0027s features","fileTypesAndContributionMap":{}}]},{"date":"2023-03-06","commitResults":[{"hash":"0f983311c5aa6daa6b1c22c3f4f0bb0a140ceabc","isMergeCommit":false,"messageTitle":"Remove some features, command note and portion of command summary","messageBody":"","fileTypesAndContributionMap":{"docs":{"insertions":8,"deletions":46}}},{"hash":"f036497420eaf154356e8ae0b757da0cf532b297","isMergeCommit":false,"messageTitle":"Remove all instances of address book","messageBody":"","fileTypesAndContributionMap":{"docs":{"insertions":9,"deletions":9}}},{"hash":"844ace8d9520ad0da53c2fe2d87d26d4be8ea6b5","isMergeCommit":false,"messageTitle":"Update DG as well","messageBody":"","fileTypesAndContributionMap":{"docs":{"insertions":1,"deletions":7}}},{"hash":"c89ba48907ff60b8d62422fcabb20d306cadc342","isMergeCommit":false,"messageTitle":"Update NFR","messageBody":"","fileTypesAndContributionMap":{"docs":{"insertions":4,"deletions":3}}}]},{"date":"2023-03-08","commitResults":[{"hash":"a704761c56dbbc54bc91c3c19b00894a76cd8391","isMergeCommit":false,"messageTitle":"Create Department class","messageBody":"","fileTypesAndContributionMap":{"functional-code":{"insertions":73,"deletions":0}}},{"hash":"624fc3768fe1a5f6067d28b067fa8ab9d7702875","isMergeCommit":false,"messageTitle":"Complete foundation for UniqueDepartmentList class","messageBody":"","fileTypesAndContributionMap":{"functional-code":{"insertions":108,"deletions":1}}},{"hash":"71258bf53fdef62dd05a29f0350b70bb1ff18642","isMergeCommit":false,"messageTitle":"Create DepartmentManager class","messageBody":"","fileTypesAndContributionMap":{"functional-code":{"insertions":116,"deletions":18}}},{"hash":"fa5553bf1882e3566f3742bf08f2243e40938012","isMergeCommit":false,"messageTitle":"Complete Department logic on AddressBook level","messageBody":"","fileTypesAndContributionMap":{"functional-code":{"insertions":97,"deletions":6}}}]},{"date":"2023-03-09","commitResults":[{"hash":"4a4b47dbaf6997a1eddeaadd0237588e4c37b925","isMergeCommit":false,"messageTitle":"Create department exception classes","messageBody":"","fileTypesAndContributionMap":{"functional-code":{"insertions":95,"deletions":15}}}]},{"date":"2023-03-10","commitResults":[{"hash":"48758b2cb2426db284eb60e195980cb523c3dbec","isMergeCommit":false,"messageTitle":"Completed Add Department Command","messageBody":"","fileTypesAndContributionMap":{"functional-code":{"insertions":264,"deletions":39}}},{"hash":"cc738fd1371739b273ba2b72b0a13b63d01532e4","isMergeCommit":true,"messageTitle":"Resync address to sudoHR renaming","messageBody":"","fileTypesAndContributionMap":{}},{"hash":"fe3eb069dfba932650cbc494f3300fc407fe0cda","isMergeCommit":false,"messageTitle":"Add storage for departments","messageBody":"","fileTypesAndContributionMap":{"functional-code":{"insertions":113,"deletions":16}}},{"hash":"4da7d60d8d835d1309a9010aa0305c6010b16e05","isMergeCommit":false,"messageTitle":"Fix checkstyle","messageBody":"","fileTypesAndContributionMap":{"functional-code":{"insertions":47,"deletions":33}}},{"hash":"c877ea39216af3b376aa640e127a4cb66ae740bf","isMergeCommit":false,"messageTitle":"Fix checkstyle again","messageBody":"","fileTypesAndContributionMap":{"functional-code":{"insertions":1,"deletions":1}}},{"hash":"25cdb8126476019b1f77c58fefb5c09edd6a2794","isMergeCommit":false,"messageTitle":"Create tests for AddCommand","messageBody":"","fileTypesAndContributionMap":{"functional-code":{"insertions":11,"deletions":0},"test-code":{"insertions":267,"deletions":5}}}]},{"date":"2023-03-11","commitResults":[{"hash":"a995181db15793580b31f7a947b150a3ac79bdf4","isMergeCommit":false,"messageTitle":"Fix checkstyle","messageBody":"","fileTypesAndContributionMap":{"functional-code":{"insertions":3,"deletions":5},"docs":{"insertions":0,"deletions":1},"test-code":{"insertions":1,"deletions":1}}},{"hash":"094b667c3d884e9c8a305f556de9267e572468a2","isMergeCommit":false,"messageTitle":"Fix checkstyle","messageBody":"","fileTypesAndContributionMap":{"test-code":{"insertions":13,"deletions":9}}},{"hash":"454e1244f7a743504e1d34fc508b61b1c08dc6fd","isMergeCommit":false,"messageTitle":"Add more tests :(","messageBody":"","fileTypesAndContributionMap":{"functional-code":{"insertions":19,"deletions":4},"test-code":{"insertions":651,"deletions":33}}},{"hash":"02ebf70122d7293aa76fad91d2f6da609c4a7e37","isMergeCommit":false,"messageTitle":"Fix more checkstyle","messageBody":"","fileTypesAndContributionMap":{"functional-code":{"insertions":2,"deletions":2}}},{"hash":"1c134f86b15d2f27bb51b0412d4fe50e7faac443","isMergeCommit":false,"messageTitle":"Fix more checkstyle..","messageBody":"","fileTypesAndContributionMap":{"test-code":{"insertions":58,"deletions":36}}},{"hash":"bd8ab8dd2f41d9664df974c20f27629b710e3ff9","isMergeCommit":false,"messageTitle":"Fix more checkstyle...","messageBody":"","fileTypesAndContributionMap":{"test-code":{"insertions":15,"deletions":10}}},{"hash":"8da55fa97c88d02d5eb3bee1c71ff2621c72f2a7","isMergeCommit":false,"messageTitle":"Fix more checkstyleee","messageBody":"","fileTypesAndContributionMap":{"test-code":{"insertions":3,"deletions":1}}},{"hash":"ae91beaa9f50cdbbbb6eae8b7c7bcffb3de60f08","isMergeCommit":false,"messageTitle":"Fix moree","messageBody":"","fileTypesAndContributionMap":{"test-code":{"insertions":1,"deletions":1}}},{"hash":"d0cd352c1bbb0988ff67f726154515dea24592a9","isMergeCommit":false,"messageTitle":"Fix more hopefully","messageBody":"","fileTypesAndContributionMap":{"test-code":{"insertions":6,"deletions":5}}},{"hash":"845b43db0f0e76c715580eea182880b559555437","isMergeCommit":false,"messageTitle":"Fix again","messageBody":"","fileTypesAndContributionMap":{"test-code":{"insertions":0,"deletions":4}}}]},{"date":"2023-03-12","commitResults":[{"hash":"a1b8ef8c821f868f2b07d3aec0b802041fa0d70a","isMergeCommit":false,"messageTitle":"Create EditDepartmentCommand and EditDepartmentCommandParser","messageBody":"","fileTypesAndContributionMap":{"functional-code":{"insertions":204,"deletions":2}}},{"hash":"5412076a8a4eab41bfe9fe472c0d7a92ae7c98d9","isMergeCommit":false,"messageTitle":"Complete EditDepartmentCommand","messageBody":"","fileTypesAndContributionMap":{"functional-code":{"insertions":4,"deletions":10}}},{"hash":"d31280ca1fe81039a24fd7d394961d3b9eda9ecc","isMergeCommit":false,"messageTitle":"Handle some update department stuff","messageBody":"","fileTypesAndContributionMap":{"functional-code":{"insertions":18,"deletions":0},"test-code":{"insertions":237,"deletions":0}}},{"hash":"987cc9a636f75da8f65963fb10a41507f4e7bf70","isMergeCommit":true,"messageTitle":"Merge pull request #84 from kennethk-1201/branch-department","messageBody":"Create Department Command","fileTypesAndContributionMap":{}},{"hash":"8e542f5654b78edb20dbb1035701e0a5671b854b","isMergeCommit":false,"messageTitle":"Complete tests","messageBody":"","fileTypesAndContributionMap":{"functional-code":{"insertions":10,"deletions":1},"test-code":{"insertions":121,"deletions":96}}},{"hash":"e5e8ecc7ccd3e87ad5b859e6eabbca3fab75a06a","isMergeCommit":true,"messageTitle":"Merge upstream","messageBody":"","fileTypesAndContributionMap":{}},{"hash":"60b3b413f2f0c519a6b3a2b8866a04012a01f6ad","isMergeCommit":false,"messageTitle":"Fix checkstyle","messageBody":"","fileTypesAndContributionMap":{"functional-code":{"insertions":18,"deletions":8}}},{"hash":"a7d4be469dbcd54e9d5b2c6c6c4e5d49141b8ed8","isMergeCommit":false,"messageTitle":"Fix all checkstyles","messageBody":"","fileTypesAndContributionMap":{"functional-code":{"insertions":11,"deletions":7},"test-code":{"insertions":31,"deletions":11}}}]},{"date":"2023-03-13","commitResults":[{"hash":"76b6b72cadec2b1e50353cc3e812106c6d0e7944","isMergeCommit":true,"messageTitle":"Merge pull request #92 from kennethk-1201/branch-department-update","messageBody":"Branch department update\r\n\r\nFeatures/changes:\r\n- Command format: edep n/\r\n- Removed all filtered list tests for EditDepartmentCommand, as edit command uses department name, not an index from a department list view.","fileTypesAndContributionMap":{}}]}]},"authorFileTypeContributionMap":{"jerrrren":{"docs":257,"functional-code":0,"test-code":0},"jweeyh":{"docs":51,"functional-code":0,"test-code":0},"pkwangjoo":{"docs":111,"functional-code":491,"test-code":534,"other":2},"4ndrelim":{"docs":69,"functional-code":188,"test-code":306},"kennethk-1201":{"docs":452,"functional-code":953,"test-code":1166,"other":1}},"authorContributionVariance":{"jerrrren":6075.558,"jweeyh":293.28,"pkwangjoo":227111.86,"4ndrelim":14667.759,"kennethk-1201":86811.02},"authorDisplayNameMap":{"jerrrren":"CS2103T-T17-2 CHEE..R EN","jweeyh":"CS2103T-T17-2 WEE ..THAN","pkwangjoo":"CS2103T-T17-2 PARK.. JOO","4ndrelim":"CS2103T-T17-2 ANDR..IKAI","kennethk-1201":"CS2103T-T17-2 KIAN..NETH"}}
