{"authorDailyContributionsMap":{"jerrrren":[{"date":"2023-03-04","commitResults":[{"hash":"136fe03b41493fa6b1c9a79ada772134dbadcbdc","isMergeCommit":false,"messageTitle":"add ppp and image","messageBody":"","fileTypesAndContributionMap":{"docs":{"insertions":26,"deletions":0}}}]},{"date":"2023-03-05","commitResults":[{"hash":"fe542c33cd15ea28ef4b963d7c56710d25964615","isMergeCommit":false,"messageTitle":"rectify Jer En\u0027s ppp title","messageBody":"","fileTypesAndContributionMap":{"docs":{"insertions":2,"deletions":2}}},{"hash":"79e8f7e9aa7ad6fb9cd52d4b336c4961124a70e0","isMergeCommit":false,"messageTitle":"add Jer En\u0027s features","messageBody":"","fileTypesAndContributionMap":{"docs":{"insertions":38,"deletions":52}}},{"hash":"8e3cd373a7a2c008172cd43882f5836080ea45e8","isMergeCommit":false,"messageTitle":"add Jer En\u0027s features","messageBody":"","fileTypesAndContributionMap":{"docs":{"insertions":1,"deletions":1}}},{"hash":"caa851bd3c5131ba0572d4b7061bc63365fbfbdc","isMergeCommit":false,"messageTitle":"add Jer En\u0027s features","messageBody":"","fileTypesAndContributionMap":{"docs":{"insertions":0,"deletions":1}}},{"hash":"a8baf277e19b6d993e8d3ce534f8985f060a8a47","isMergeCommit":false,"messageTitle":"add listevent to UG","messageBody":"","fileTypesAndContributionMap":{"docs":{"insertions":14,"deletions":3}}},{"hash":"b94d99410b9f6dfea4eb1755a0a598c13ae8f33d","isMergeCommit":false,"messageTitle":"add user stories from docs","messageBody":"","fileTypesAndContributionMap":{"docs":{"insertions":17,"deletions":1}}},{"hash":"f585101e04de0b51d52b440acd98b274fe8b4521","isMergeCommit":false,"messageTitle":"add user stories from docs","messageBody":"","fileTypesAndContributionMap":{"docs":{"insertions":0,"deletions":2}}},{"hash":"805f3e560efadc5997a27d70f23a69bfc976a25e","isMergeCommit":false,"messageTitle":"transfer DG from docs to git","messageBody":"","fileTypesAndContributionMap":{"docs":{"insertions":99,"deletions":1}}},{"hash":"800f5cf45e9678e58b44a495d57691ee9803cb15","isMergeCommit":false,"messageTitle":"update jer en use cases","messageBody":"","fileTypesAndContributionMap":{"docs":{"insertions":102,"deletions":6}}},{"hash":"7a7de4d4aa3f8251df0b967cba0468cac8f903d1","isMergeCommit":true,"messageTitle":"update UG change name to command","messageBody":"","fileTypesAndContributionMap":{}},{"hash":"7fc36a1ff30e0ddcc27dcf1343bcf6d0338d85c2","isMergeCommit":true,"messageTitle":"Merge branch \u0027master\u0027 of https://github.com/jerrrren/tp into jeren-UG-Update","messageBody":"","fileTypesAndContributionMap":{}},{"hash":"ca33ee1341df9c0cee41ae2afbc40f7cd2795623","isMergeCommit":true,"messageTitle":"Merge branch \u0027master\u0027 of https://github.com/jerrrren/tp into jeren-UG-Update","messageBody":"","fileTypesAndContributionMap":{}},{"hash":"974d8c8214b5bfc7541e2667b112497ed5eaaa29","isMergeCommit":false,"messageTitle":"remove whitespaces","messageBody":"","fileTypesAndContributionMap":{"docs":{"insertions":28,"deletions":28}}}]},{"date":"2023-03-15","commitResults":[{"hash":"05b68ff6639ef8ace03f1a4d11a6f67ea1f8ca45","isMergeCommit":false,"messageTitle":"implement addleave and delete leave","messageBody":"","fileTypesAndContributionMap":{"functional-code":{"insertions":2326,"deletions":64},"test-code":{"insertions":1647,"deletions":114}}}]},{"date":"2023-03-16","commitResults":[{"hash":"714690155d368200b7d3d21d2b839a2664570d23","isMergeCommit":false,"messageTitle":"rectify checkstyle","messageBody":"","fileTypesAndContributionMap":{"functional-code":{"insertions":20,"deletions":23},"test-code":{"insertions":7,"deletions":7}}}]},{"date":"2023-03-17","commitResults":[{"hash":"1c095581a7b272442343a12915dbb127fd5ebdcf","isMergeCommit":true,"messageTitle":"resolve merge conflicts","messageBody":"","fileTypesAndContributionMap":{}}]},{"date":"2023-03-18","commitResults":[{"hash":"11686f2e04abb2dcbcfd78c1000386bdf0c0b822","isMergeCommit":false,"messageTitle":"Merge with master","messageBody":"","fileTypesAndContributionMap":{"functional-code":{"insertions":129,"deletions":185}}},{"hash":"7f95332903d23d4b31a2acb184ca9210f879b50b","isMergeCommit":false,"messageTitle":"Change from person to employee for Leave classes","messageBody":"","fileTypesAndContributionMap":{"functional-code":{"insertions":98,"deletions":97}}},{"hash":"34ac6969ea1d9ed3902084d646eec6fb7e686411","isMergeCommit":false,"messageTitle":"Rectify checkstyle","messageBody":"","fileTypesAndContributionMap":{"functional-code":{"insertions":54,"deletions":48},"test-code":{"insertions":173,"deletions":26}}},{"hash":"b13585c04905eb9ce60e5d21896fcf35ad670501","isMergeCommit":false,"messageTitle":"Remove wrong comment from SudoHr.java","messageBody":"","fileTypesAndContributionMap":{"functional-code":{"insertions":0,"deletions":4}}},{"hash":"33eca43b04aa04c7ebd8c0d06e6afb907174fd19","isMergeCommit":false,"messageTitle":"Change title to date","messageBody":"","fileTypesAndContributionMap":{"functional-code":{"insertions":25,"deletions":26}}},{"hash":"1b8691911f0660c699321dfd27e30d071d8e71d5","isMergeCommit":true,"messageTitle":"Merge branch \u0027master\u0027 of https://github.com/jerrrren/tp into branch-add-leave","messageBody":"","fileTypesAndContributionMap":{}},{"hash":"e71c16e0d2ea745a3683477a5c0b6f45ef6dc1d4","isMergeCommit":true,"messageTitle":"Merge branch \u0027branch-add-leave\u0027 of https://github.com/jerrrren/tp into branch-add-leave","messageBody":"","fileTypesAndContributionMap":{}},{"hash":"6b137e4799991b925f82b6c2f1ddbc14f9452877","isMergeCommit":false,"messageTitle":"Rectify checkstyle","messageBody":"","fileTypesAndContributionMap":{"functional-code":{"insertions":0,"deletions":3}}},{"hash":"7f0323eb162561e6c13866015024697effe926d5","isMergeCommit":false,"messageTitle":"Rectify Checkstyle","messageBody":"","fileTypesAndContributionMap":{"test-code":{"insertions":69,"deletions":0}}},{"hash":"a78a5efca264f75d95474fb9c497c53574409b4c","isMergeCommit":false,"messageTitle":"Rectify Checkstyle","messageBody":"","fileTypesAndContributionMap":{"test-code":{"insertions":1,"deletions":0}}},{"hash":"097043a2aacba0b5745cf4d67d81b16e722b8161","isMergeCommit":false,"messageTitle":"Add assertions into AddCommandTest.java that were deleted by accident","messageBody":"","fileTypesAndContributionMap":{"test-code":{"insertions":4,"deletions":8}}},{"hash":"beb5eb76eefc9a50a8ba09fc063db3070291a4b2","isMergeCommit":false,"messageTitle":"Modify JsonSerializableSudoHR.java to ensure all employees exists before adding leaves","messageBody":"","fileTypesAndContributionMap":{"functional-code":{"insertions":13,"deletions":6}}},{"hash":"30cfb4520a413ae137ae6436555b6ff794388102","isMergeCommit":false,"messageTitle":"Remove formatting changes in AddCommandParserTest.java","messageBody":"","fileTypesAndContributionMap":{"test-code":{"insertions":5,"deletions":9}}},{"hash":"2439e2507cf9fbdec4ec829398ba2d49445c8a5e","isMergeCommit":false,"messageTitle":"Remove formatting changes in AddCommandParserTest.java","messageBody":"","fileTypesAndContributionMap":{"test-code":{"insertions":2,"deletions":3}}},{"hash":"f12ea40c3131f252cf08a5cd4898dd0952fe7c56","isMergeCommit":false,"messageTitle":"Remove formatting changes in AddCommandParserTest.java","messageBody":"","fileTypesAndContributionMap":{"test-code":{"insertions":2,"deletions":3}}},{"hash":"5c8d0e7d4d5492ebac787cd10d2d9181ff194671","isMergeCommit":false,"messageTitle":"Remove formatting changes in AddCommandParserTest.java","messageBody":"","fileTypesAndContributionMap":{"test-code":{"insertions":2,"deletions":2}}},{"hash":"1dcfce1e30792819056264236a9b9579979a775c","isMergeCommit":false,"messageTitle":"Resolve checkstyle","messageBody":"","fileTypesAndContributionMap":{"functional-code":{"insertions":1,"deletions":1},"test-code":{"insertions":2,"deletions":0}}},{"hash":"bbddd5c5d78964d489e797780909a924775979c5","isMergeCommit":false,"messageTitle":"Resolve checkstyle","messageBody":"","fileTypesAndContributionMap":{"test-code":{"insertions":1,"deletions":1}}},{"hash":"790caebc3a341bede8f0dd40597016aa08b6482c","isMergeCommit":false,"messageTitle":"Modify Leave.java to use Unique Employee List as implementation","messageBody":"","fileTypesAndContributionMap":{"functional-code":{"insertions":25,"deletions":17}}}]},{"date":"2023-03-19","commitResults":[{"hash":"079d6731dc4a558bd71cc4ab83119b3341cd2e62","isMergeCommit":true,"messageTitle":"Merge branch \u0027master\u0027 into branch-add-leave","messageBody":"","fileTypesAndContributionMap":{}},{"hash":"a6d4fa94a0fd6ff6d3ec5980001dbcfc2051d7b9","isMergeCommit":false,"messageTitle":"Add testCases for SerializableSudoHR","messageBody":"","fileTypesAndContributionMap":{"functional-code":{"insertions":51,"deletions":37},"other":{"insertions":4,"deletions":4},"test-code":{"insertions":241,"deletions":6}}},{"hash":"1bcdc5ebe2874bbcc361041e6e2615b03a8d7698","isMergeCommit":true,"messageTitle":"Merge branch \u0027branch-add-leave\u0027 of https://github.com/jerrrren/tp into branch-add-leave","messageBody":"","fileTypesAndContributionMap":{}}]},{"date":"2023-03-20","commitResults":[{"hash":"c09a08100d24ef8e01c8e725a3f14df00757e591","isMergeCommit":false,"messageTitle":"Add tests for Leave classes","messageBody":"","fileTypesAndContributionMap":{"test-code":{"insertions":278,"deletions":0}}},{"hash":"d056fa373c92cbf18b8a6b892ef70bb6015980a1","isMergeCommit":true,"messageTitle":"Merge branch \u0027master\u0027 of https://github.com/jerrrren/tp into branch-add-leave","messageBody":"","fileTypesAndContributionMap":{}},{"hash":"57c697dced6a31b4a949830286407da6064a0b0a","isMergeCommit":false,"messageTitle":"Modify RemoveEmployeeFromDeparmentCommandTest.java to use LeaveDate","messageBody":"","fileTypesAndContributionMap":{"test-code":{"insertions":2,"deletions":2}}},{"hash":"80fc6e144e4bc685a5364f2c1c9c703e0296f0ec","isMergeCommit":false,"messageTitle":"Add junit test for Leave parser methods","messageBody":"","fileTypesAndContributionMap":{"functional-code":{"insertions":10,"deletions":3},"test-code":{"insertions":162,"deletions":0}}},{"hash":"7e74e881e09b7e87b17e41980bf93a72661887b0","isMergeCommit":false,"messageTitle":"Add JUnit tests for AddEmployeeToLeaveCommand","messageBody":"","fileTypesAndContributionMap":{"test-code":{"insertions":563,"deletions":0}}},{"hash":"111ed87a56b79cf7a4eeb5902c90feabfa52baca","isMergeCommit":false,"messageTitle":"Add JUnit tests for DeleteEmployeeFromLeaveCommandTest","messageBody":"","fileTypesAndContributionMap":{"test-code":{"insertions":362,"deletions":107}}},{"hash":"e0adc77e6848632732d2812918d8ff685bc99a88","isMergeCommit":false,"messageTitle":"Add JUnit tests for SudoHr","messageBody":"","fileTypesAndContributionMap":{"test-code":{"insertions":76,"deletions":0}}}]},{"date":"2023-03-21","commitResults":[{"hash":"737159dd6f53f8d973f0f9461bed374a70b1fd22","isMergeCommit":true,"messageTitle":"Modify JUnit tests for leave classes to use eID","messageBody":"","fileTypesAndContributionMap":{}},{"hash":"616d7b833b75a1eb03cd3e4890246a08c35cf2d8","isMergeCommit":false,"messageTitle":"Add JUnit tests for listEmployeeInLeaveCommand","messageBody":"","fileTypesAndContributionMap":{"other":{"insertions":2,"deletions":5},"test-code":{"insertions":66,"deletions":1}}},{"hash":"31d260592f15576dd59e0213348f341b3dd7cf84","isMergeCommit":true,"messageTitle":"Merge branch \u0027master\u0027 of https://github.com/jerrrren/tp into branch-add-leave","messageBody":"","fileTypesAndContributionMap":{}}]},{"date":"2023-03-22","commitResults":[{"hash":"2d01104ec130f104c102653d4ba160e2be3294ce","isMergeCommit":false,"messageTitle":"Modify stubs to use assertions","messageBody":"","fileTypesAndContributionMap":{"functional-code":{"insertions":213,"deletions":1},"test-code":{"insertions":597,"deletions":50}}},{"hash":"047d43bc8b41ccae415ff232d1c45634307ac73b","isMergeCommit":false,"messageTitle":"Add testcase for non existant employee in Leave.remove()","messageBody":"","fileTypesAndContributionMap":{"test-code":{"insertions":19,"deletions":12}}},{"hash":"ba73bbdab98eb5606397357c5b243512111b3ffd","isMergeCommit":false,"messageTitle":"Change automatically generated stub methods to use assertions","messageBody":"","fileTypesAndContributionMap":{"functional-code":{"insertions":4,"deletions":5},"test-code":{"insertions":18,"deletions":25}}},{"hash":"3ab168b665ff4ed4d2862bf1275d5bad39b34c30","isMergeCommit":false,"messageTitle":"Change automatically generated stub methods to use assertions","messageBody":"","fileTypesAndContributionMap":{"test-code":{"insertions":14,"deletions":24}}},{"hash":"cad2bbc0d07b18c588404e3fad917df33b44b2ef","isMergeCommit":false,"messageTitle":"Change automatically generated stub methods to use assertions","messageBody":"","fileTypesAndContributionMap":{"test-code":{"insertions":1,"deletions":1}}}]},{"date":"2023-03-23","commitResults":[{"hash":"adfaf2b419cce552b84ac275330dc1e52135241c","isMergeCommit":false,"messageTitle":"Change UnsupportedOperationException to AssertionError","messageBody":"","fileTypesAndContributionMap":{"test-code":{"insertions":33,"deletions":66}}},{"hash":"1ec98625d26d90cd199f8c59d3e43907bad03789","isMergeCommit":false,"messageTitle":"Rename SudoHr getLeave to getLeaveIfExists","messageBody":"","fileTypesAndContributionMap":{"functional-code":{"insertions":9,"deletions":5},"test-code":{"insertions":5,"deletions":5}}},{"hash":"2d4594eaf74863453e8377091c5a4427ee8a2d0e","isMergeCommit":false,"messageTitle":"Clarify comments for nonexistant employee","messageBody":"","fileTypesAndContributionMap":{"test-code":{"insertions":1,"deletions":1}}},{"hash":"b5167199df74f72d4b07de9188264b041925a022","isMergeCommit":true,"messageTitle":"Merge with master","messageBody":"","fileTypesAndContributionMap":{}},{"hash":"2ef4d65a4df3d342dda87d38980670f7c14541df","isMergeCommit":true,"messageTitle":"Merge branch \u0027branch-add-leave\u0027 into branch-add-leave-in-range","messageBody":"","fileTypesAndContributionMap":{}},{"hash":"f6121df885bd144eb1c77ebb1bf5a9b3ce190d17","isMergeCommit":false,"messageTitle":"Merge with master","messageBody":"","fileTypesAndContributionMap":{"test-code":{"insertions":40,"deletions":39}}},{"hash":"9b717c440077476230e66f13235755f8971bd04d","isMergeCommit":false,"messageTitle":"Create file for jerren uml","messageBody":"","fileTypesAndContributionMap":{"functional-code":{"insertions":1,"deletions":1},"docs":{"insertions":86,"deletions":1}}},{"hash":"8e886c3e49031907442fb59ce6c632474772e8a6","isMergeCommit":false,"messageTitle":"Update DG for Jer En","messageBody":"","fileTypesAndContributionMap":{"docs":{"insertions":75,"deletions":30}}}]},{"date":"2023-03-24","commitResults":[{"hash":"d1ba2c84e779b1e8a0a67f50cebf3178a03e528b","isMergeCommit":true,"messageTitle":"Merge branch \u0027master\u0027 of https://github.com/jerrrren/tp into branch-add-leave","messageBody":"","fileTypesAndContributionMap":{}},{"hash":"6329f5dad13032d6f17fbdbbfd862f5808e728aa","isMergeCommit":true,"messageTitle":"Merge pull request #143 from jerrrren/jeren-update-dg","messageBody":"Jeren update dg","fileTypesAndContributionMap":{}},{"hash":"e9fb05893892ba1cc363678088b3be805c37022a","isMergeCommit":true,"messageTitle":"Merge branch \u0027master\u0027 of https://github.com/jerrrren/tp into branch-add-leave-in-range","messageBody":"","fileTypesAndContributionMap":{}},{"hash":"cc3bbe6957f604ce82fb482d97f89dfeb9070269","isMergeCommit":false,"messageTitle":"Implement sort leave by date","messageBody":"","fileTypesAndContributionMap":{"functional-code":{"insertions":30,"deletions":4}}}]},{"date":"2023-03-26","commitResults":[{"hash":"43417d7ba156e13db2ad84f367ce0b2e9b7271e6","isMergeCommit":false,"messageTitle":"Edit message for range restriction and change parser to use ParserUtil.arePrefixesPresent","messageBody":"","fileTypesAndContributionMap":{"functional-code":{"insertions":7,"deletions":42},"test-code":{"insertions":1,"deletions":1}}},{"hash":"faaf27b7b2d26e20bdbbfb1e48046e70c8528c05","isMergeCommit":true,"messageTitle":"Merge pull request #142 from jerrrren/branch-add-leave-in-range","messageBody":"Branch add leave in range","fileTypesAndContributionMap":{}}]}],"jweeyh":[{"date":"2023-03-05","commitResults":[{"hash":"f30cb20231fad2fcb885699d7d7e124c026acc6b","isMergeCommit":false,"messageTitle":"Update AboutUs.md with jweeyh info","messageBody":"","fileTypesAndContributionMap":{"docs":{"insertions":5,"deletions":4}}},{"hash":"16305f89ac079a1055badf999ac1e68724754268","isMergeCommit":false,"messageTitle":"Remove placeholders from AboutUs.md and create jweeyh.md","messageBody":"","fileTypesAndContributionMap":{"docs":{"insertions":26,"deletions":19}}},{"hash":"c40f7caecc32db502bbe48dce470e9004b31405f","isMergeCommit":true,"messageTitle":"Merge remote-tracking branch \u0027origin/aboutus\u0027 into aboutus","messageBody":"# Conflicts:\n#\tdocs/AboutUs.md\n","fileTypesAndContributionMap":{}}]},{"date":"2023-03-06","commitResults":[{"hash":"a50ea7f4a273328db787231e890de32a44c8715d","isMergeCommit":false,"messageTitle":"Edit jweeyh.md and AboutUs.md","messageBody":"","fileTypesAndContributionMap":{"docs":{"insertions":5,"deletions":7}}},{"hash":"1a1ed0907e4afa3b3bba55780bb599d1fe3f48f8","isMergeCommit":false,"messageTitle":"Update for ./run-checks.sh","messageBody":"","fileTypesAndContributionMap":{"docs":{"insertions":2,"deletions":2}}},{"hash":"55857ca0292253a71b1da1d79be0a80b2ad27de4","isMergeCommit":false,"messageTitle":"Update for ./run-checks.sh","messageBody":"","fileTypesAndContributionMap":{"docs":{"insertions":1,"deletions":0}}},{"hash":"9193137fb39d244502f11c43f5b141c86b234ff4","isMergeCommit":false,"messageTitle":"Update for ./run-checks.sh","messageBody":"","fileTypesAndContributionMap":{"docs":{"insertions":4,"deletions":1}}},{"hash":"37383a8b6f966ba3bd64cdf057bd674cb8f9996f","isMergeCommit":false,"messageTitle":"Update for ./run-checks.sh","messageBody":"","fileTypesAndContributionMap":{"docs":{"insertions":1,"deletions":0}}},{"hash":"06182bd9d59b4c52e273a2e8d53c3b5b8aa0292f","isMergeCommit":false,"messageTitle":"Update for ./run-checks.sh","messageBody":"","fileTypesAndContributionMap":{"docs":{"insertions":1,"deletions":6}}},{"hash":"a1e55acb8e528b0cf9a8489bff7749b47b651c9d","isMergeCommit":false,"messageTitle":"Update for ./run-checks.sh","messageBody":"","fileTypesAndContributionMap":{"docs":{"insertions":27,"deletions":6}}},{"hash":"5f9eaab141e62256c8e4c51540524546381d0b84","isMergeCommit":false,"messageTitle":"Update for ./run-checks.sh","messageBody":"","fileTypesAndContributionMap":{"docs":{"insertions":3,"deletions":3}}},{"hash":"7e48b31df3e1a6101b02740f046debd2b2cb885d","isMergeCommit":false,"messageTitle":"Update for ./run-checks.sh","messageBody":"","fileTypesAndContributionMap":{"docs":{"insertions":1,"deletions":1}}},{"hash":"c734620303a230b9cbca186221ae95b6f7e9e480","isMergeCommit":true,"messageTitle":"Merge pull request #50 from jweeyh/aboutus","messageBody":"Update AboutUs.md with jweeyh info","fileTypesAndContributionMap":{}}]},{"date":"2023-03-12","commitResults":[{"hash":"9a5e023728f42b8b69e7a397f36e77031b31d20b","isMergeCommit":false,"messageTitle":"Add DepartmentCard and their respective fmxl files","messageBody":"","fileTypesAndContributionMap":{"functional-code":{"insertions":97,"deletions":1}}},{"hash":"4ab194701f56fb1618d1a287b65d0abd74bbdc4a","isMergeCommit":true,"messageTitle":"Merge branch \u0027AY2223S2-CS2103T-T17-2:master\u0027 into GUI-branch","messageBody":"","fileTypesAndContributionMap":{}}]},{"date":"2023-03-13","commitResults":[{"hash":"dd473e7941ea6f7fd67f58b4443c444e8e1936a9","isMergeCommit":true,"messageTitle":"Merge branch \u0027AY2223S2-CS2103T-T17-2:master\u0027 into GUI-branch","messageBody":"","fileTypesAndContributionMap":{}},{"hash":"51160d1934f8d98f664766a0f5a5d65961dc6096","isMergeCommit":false,"messageTitle":"Add DepartmentListPanel, UI displays Persons on top, Departments below","messageBody":"","fileTypesAndContributionMap":{"functional-code":{"insertions":85,"deletions":6}}},{"hash":"4aea745e92f6fa3a93cca76dd585641868aef0bc","isMergeCommit":false,"messageTitle":"Display Persons and Departments side-by-side on GUI","messageBody":"","fileTypesAndContributionMap":{"functional-code":{"insertions":17,"deletions":13}}}]},{"date":"2023-03-16","commitResults":[{"hash":"966b5b6a373be77fb23d30877491f860e51a0810","isMergeCommit":false,"messageTitle":"Add back onAction and onCloseRequest to root and MenuItems in MainWindow.fxml","messageBody":"","fileTypesAndContributionMap":{"functional-code":{"insertions":6,"deletions":6}}},{"hash":"7e6e18ac4702e99e3df8371f55ccbeb1a0a92c96","isMergeCommit":true,"messageTitle":"Merge branch \u0027master\u0027 into GUI-branch","messageBody":"# Conflicts:\n#\tsrc/main/java/seedu/sudohr/logic/Logic.java\n#\tsrc/main/java/seedu/sudohr/logic/LogicManager.java\n#\tsrc/main/java/seedu/sudohr/ui/EmployeeCard.java\n#\tsrc/main/java/seedu/sudohr/ui/MainWindow.java\n#\tsrc/main/resources/view/MainWindow.fxml\n","fileTypesAndContributionMap":{}},{"hash":"d143309dda46340f3f1962586bcbc3c923a7a259","isMergeCommit":false,"messageTitle":"Change icon for Sudo","messageBody":"","fileTypesAndContributionMap":{"functional-code":{"insertions":11,"deletions":8}}},{"hash":"e8eb20d51822c990c8380115aa3706270b692389","isMergeCommit":false,"messageTitle":"Change icon for Sudo","messageBody":"","fileTypesAndContributionMap":{"functional-code":{"insertions":1,"deletions":1}}},{"hash":"a0a31d1bc2ea1778e7535cfe110e15b5045a37d0","isMergeCommit":false,"messageTitle":"Change icon for Sudo","messageBody":"","fileTypesAndContributionMap":{"functional-code":{"insertions":1,"deletions":1}}},{"hash":"5eccc19432a0b1d88c45d2da823f65d8e9d87b51","isMergeCommit":false,"messageTitle":"Fix checkstyle","messageBody":"","fileTypesAndContributionMap":{"functional-code":{"insertions":1,"deletions":1}}}]},{"date":"2023-03-18","commitResults":[{"hash":"bb8c85400d5ab7e6a89186c04f64bb2f8cef5dcf","isMergeCommit":false,"messageTitle":"Allow windows to reesize to dimensions less than 5000px on height and width.","messageBody":"","fileTypesAndContributionMap":{"functional-code":{"insertions":19,"deletions":15}}}]}],"pkwangjoo":[{"date":"2023-03-05","commitResults":[{"hash":"015fb65010c5c66e734356ceb535769561cf9884","isMergeCommit":false,"messageTitle":"Update AboutUs page","messageBody":"","fileTypesAndContributionMap":{"docs":{"insertions":16,"deletions":15}}},{"hash":"4199e439b0af3e093db4ff2cee175762768e4dd7","isMergeCommit":false,"messageTitle":"Create skeletal PPP and include link in AboutUs","messageBody":"","fileTypesAndContributionMap":{"docs":{"insertions":49,"deletions":1}}},{"hash":"e508bd7cacee4e706c64f0a5e1d66659e4e6c595","isMergeCommit":false,"messageTitle":"Update user guide for performance review","messageBody":"","fileTypesAndContributionMap":{"docs":{"insertions":145,"deletions":103}}},{"hash":"5aafe7f9103a96b37cb418aa70c700de05cfd9aa","isMergeCommit":false,"messageTitle":"Revert \"Update user guide for performance review\"","messageBody":"This reverts commit e508bd7cacee4e706c64f0a5e1d66659e4e6c595.\n","fileTypesAndContributionMap":{"docs":{"insertions":103,"deletions":145}}},{"hash":"d19fac169d329b45ad38abb842ec9ecd82f0cd4a","isMergeCommit":false,"messageTitle":"Restore original format for user guide","messageBody":"","fileTypesAndContributionMap":{"docs":{"insertions":36,"deletions":16}}},{"hash":"b232e73894a31ebd82549bac741b337fd3185870","isMergeCommit":true,"messageTitle":"Merge branch \u0027master\u0027 into branch-UG","messageBody":"","fileTypesAndContributionMap":{}}]},{"date":"2023-03-08","commitResults":[{"hash":"c0e1edb63609978beb291022c95f1e8d2b658622","isMergeCommit":false,"messageTitle":"Rename package","messageBody":"","fileTypesAndContributionMap":{"other":{"insertions":803,"deletions":803},"docs":{"insertions":13,"deletions":13},"test-code":{"insertions":3,"deletions":3}}},{"hash":"fa8fa89a5a234e758e4d3e838fe0e8b57d7ff950","isMergeCommit":false,"messageTitle":"Rename AddressBook in model","messageBody":"","fileTypesAndContributionMap":{"functional-code":{"insertions":86,"deletions":89},"other":{"insertions":50,"deletions":50},"docs":{"insertions":1,"deletions":1},"test-code":{"insertions":47,"deletions":47}}},{"hash":"77aa814f8145911f20d046c678bd8d928db9c75d","isMergeCommit":false,"messageTitle":"Rename AddressBookStorage to SudoHrStorage","messageBody":"","fileTypesAndContributionMap":{"functional-code":{"insertions":14,"deletions":14},"other":{"insertions":4,"deletions":4},"test-code":{"insertions":13,"deletions":13}}},{"hash":"d342ed815847ae237a6640d18506f9f4590cb308","isMergeCommit":false,"messageTitle":"Rename JsonSerializableAddressBook to JsonSerializableSudoHr","messageBody":"","fileTypesAndContributionMap":{"functional-code":{"insertions":3,"deletions":3},"other":{"insertions":5,"deletions":5},"test-code":{"insertions":7,"deletions":7}}},{"hash":"da00f1a35936f8279ce859d5d147716ce04f8d7a","isMergeCommit":false,"messageTitle":"Refactor methods in SudoHrStorage","messageBody":"","fileTypesAndContributionMap":{"functional-code":{"insertions":31,"deletions":31},"test-code":{"insertions":12,"deletions":12}}},{"hash":"5e0e5f1c9d29958a6e56b3049b088d2c0d620161","isMergeCommit":false,"messageTitle":"Refactor params in SudoHrStorage","messageBody":"","fileTypesAndContributionMap":{"functional-code":{"insertions":13,"deletions":13},"test-code":{"insertions":1,"deletions":1}}},{"hash":"1c6d4eeffdddac81d50912797b7ed8722f6d60b0","isMergeCommit":false,"messageTitle":"Refactor JsonSudoHrStorage","messageBody":"","fileTypesAndContributionMap":{"functional-code":{"insertions":3,"deletions":3}}},{"hash":"77ef09828245c601a61c2d7716e2ad6997364609","isMergeCommit":false,"messageTitle":"Refactor JsonSerializableSudoHr","messageBody":"","fileTypesAndContributionMap":{"functional-code":{"insertions":1,"deletions":1}}},{"hash":"1b68d7a6d453b37d7220429cfb142eb9e572ba03","isMergeCommit":false,"messageTitle":"Model: Refactor AddressBook to SudoHr","messageBody":"","fileTypesAndContributionMap":{"functional-code":{"insertions":36,"deletions":36},"test-code":{"insertions":30,"deletions":30}}},{"hash":"9c2a142d28f1f3f781a7208f10d40229dc8358b9","isMergeCommit":false,"messageTitle":"Logic: Refactor AddressBook to SudoHr","messageBody":"","fileTypesAndContributionMap":{"functional-code":{"insertions":5,"deletions":5}}},{"hash":"64b172d0ac957d4cca2afeb03a2e6f802e7495ed","isMergeCommit":false,"messageTitle":"build.gradle: Refactor AddressBook to SudoHr","messageBody":"","fileTypesAndContributionMap":{"other":{"insertions":1,"deletions":1}}},{"hash":"be207583e1cf01125dd8f30e0f398c1dd70908fe","isMergeCommit":false,"messageTitle":"MainApp: Refactor AddressBook to SudoHr","messageBody":"","fileTypesAndContributionMap":{"functional-code":{"insertions":5,"deletions":5}}}]},{"date":"2023-03-09","commitResults":[{"hash":"da1e43f8ceada7d66187e6f64468d8c3cbb5f1ca","isMergeCommit":false,"messageTitle":"Refactor test cases","messageBody":"","fileTypesAndContributionMap":{"test-code":{"insertions":1,"deletions":1}}},{"hash":"5313935f502c5c36ad57c370188a1202f22bf70b","isMergeCommit":false,"messageTitle":"Make checkstyle happy","messageBody":"","fileTypesAndContributionMap":{"functional-code":{"insertions":6,"deletions":2}}},{"hash":"cfd24fad5333253293c34a17a5e5f8ea103440a8","isMergeCommit":false,"messageTitle":"Make checkstyle happy","messageBody":"","fileTypesAndContributionMap":{"functional-code":{"insertions":3,"deletions":2}}},{"hash":"eca657c8e2619d4621fba1281fd35907e11dd2e5","isMergeCommit":false,"messageTitle":"Make checkstyle happy","messageBody":"","fileTypesAndContributionMap":{"test-code":{"insertions":9,"deletions":7}}}]},{"date":"2023-03-13","commitResults":[{"hash":"dcaec5993b945967b27d0f04b56f4ddd67e94203","isMergeCommit":false,"messageTitle":"Rename person package","messageBody":"","fileTypesAndContributionMap":{"functional-code":{"insertions":45,"deletions":45},"other":{"insertions":12,"deletions":12},"test-code":{"insertions":64,"deletions":55}}},{"hash":"76b0e58a74ff70713ceeea38e547827d5c29f629","isMergeCommit":false,"messageTitle":"Rename person class","messageBody":"","fileTypesAndContributionMap":{"functional-code":{"insertions":123,"deletions":123},"other":{"insertions":8,"deletions":8},"test-code":{"insertions":124,"deletions":124}}},{"hash":"06b96a1be96ff230de365c52109890c21fe9215a","isMergeCommit":false,"messageTitle":"Model: Refactor person to employee","messageBody":"","fileTypesAndContributionMap":{"functional-code":{"insertions":44,"deletions":44},"test-code":{"insertions":60,"deletions":60}}},{"hash":"947b5591180ca8d936f15231347c40a122ac60be","isMergeCommit":false,"messageTitle":"UniqueEmployeeList: Refactor person to employee","messageBody":"","fileTypesAndContributionMap":{"functional-code":{"insertions":27,"deletions":27},"other":{"insertions":33,"deletions":33},"test-code":{"insertions":28,"deletions":28}}},{"hash":"7a05cfbc53fa4395a97a1fb883cc2ed31d25f423","isMergeCommit":false,"messageTitle":"employee.exceptions: Refactor person to employee","messageBody":"","fileTypesAndContributionMap":{"functional-code":{"insertions":26,"deletions":26},"test-code":{"insertions":9,"deletions":9}}},{"hash":"02b3fde5416ea3ba85b126a94abe4a956f637b17","isMergeCommit":false,"messageTitle":"ModelManager: Refactor person to employee","messageBody":"","fileTypesAndContributionMap":{"functional-code":{"insertions":5,"deletions":5}}},{"hash":"1ad4aa14e3751a21ea212593cb29edd41d18f42b","isMergeCommit":false,"messageTitle":"SudoHr: Refactor person to employee","messageBody":"","fileTypesAndContributionMap":{"functional-code":{"insertions":37,"deletions":37},"test-code":{"insertions":19,"deletions":19}}},{"hash":"52f9b007cf5dcf94e5ab3cf7e126fc11d1c82b7e","isMergeCommit":false,"messageTitle":"NameContainsKeywordsPredicate: Refactor person to employee","messageBody":"","fileTypesAndContributionMap":{"functional-code":{"insertions":2,"deletions":2}}},{"hash":"af6d789e54f34a2491843c4341afbfcdf1a7489d","isMergeCommit":false,"messageTitle":"AddCommand: Refactor person to employee","messageBody":"","fileTypesAndContributionMap":{"functional-code":{"insertions":11,"deletions":11},"test-code":{"insertions":2,"deletions":2}}},{"hash":"116cd7c54e34c0f9df0962aee235bd1a8893f619","isMergeCommit":false,"messageTitle":"DeleteCommand: Refactor person to employee","messageBody":"","fileTypesAndContributionMap":{"functional-code":{"insertions":6,"deletions":6},"test-code":{"insertions":2,"deletions":2}}},{"hash":"958fb07fb37252fa3af43a648a24185e66107e51","isMergeCommit":false,"messageTitle":"EditCommand: Refactor person to employee","messageBody":"","fileTypesAndContributionMap":{"functional-code":{"insertions":7,"deletions":7},"test-code":{"insertions":6,"deletions":6}}},{"hash":"ed5d2a670dab3fa3a59298f3a328a60fa129d34d","isMergeCommit":false,"messageTitle":"models.exceptions: Refactor error message to show employees","messageBody":"","fileTypesAndContributionMap":{"functional-code":{"insertions":1,"deletions":1}}},{"hash":"a807aca93543db6a82beceb54a666d862eec8b38","isMergeCommit":false,"messageTitle":"Storage: Refactor person to employee","messageBody":"","fileTypesAndContributionMap":{"functional-code":{"insertions":16,"deletions":16},"other":{"insertions":12,"deletions":12},"test-code":{"insertions":27,"deletions":27}}},{"hash":"babd2efd264645ea2baa2c8b56dfee41752e3653","isMergeCommit":false,"messageTitle":"Logic: Refactor person to employee","messageBody":"","fileTypesAndContributionMap":{"functional-code":{"insertions":49,"deletions":49},"test-code":{"insertions":40,"deletions":40}}},{"hash":"f53324f1ffa2c597ce1b936dbf12d4705178ec1a","isMergeCommit":false,"messageTitle":"commons: Refactor person to employee","messageBody":"","fileTypesAndContributionMap":{"functional-code":{"insertions":5,"deletions":5},"test-code":{"insertions":9,"deletions":9}}},{"hash":"fa46926ffe1d06f4f80dd54f344fed3dca31f594","isMergeCommit":false,"messageTitle":"Ui: Refactor person to employee","messageBody":"","fileTypesAndContributionMap":{"functional-code":{"insertions":58,"deletions":58},"other":{"insertions":15,"deletions":15},"docs":{"insertions":1,"deletions":1}}}]},{"date":"2023-03-14","commitResults":[{"hash":"18ae8c2aecdc148ea5ce67c1c2656e54b380243e","isMergeCommit":false,"messageTitle":"Fix checkstyle issues","messageBody":"","fileTypesAndContributionMap":{"functional-code":{"insertions":22,"deletions":16},"test-code":{"insertions":9,"deletions":2}}}]},{"date":"2023-03-15","commitResults":[{"hash":"34f6b36c729ddc787baa90bbcd5d22b7aaa88979","isMergeCommit":true,"messageTitle":"Merge pull request #93 from 4ndrelim/branch-EnforceIdentities","messageBody":"Update code to enforce identities check","fileTypesAndContributionMap":{}}]},{"date":"2023-03-17","commitResults":[{"hash":"f5bab6a7faeb05749888e3ee26309bf58026085a","isMergeCommit":false,"messageTitle":"Create DeleteDepartmentCommand","messageBody":"","fileTypesAndContributionMap":{"functional-code":{"insertions":47,"deletions":0}}},{"hash":"d98f241ef075522795bc15804b610a65ad9b32df","isMergeCommit":false,"messageTitle":"Create DeleteDepartmentCommandParser","messageBody":"","fileTypesAndContributionMap":{"functional-code":{"insertions":32,"deletions":1}}},{"hash":"1f70c582400c0be8a921d78f20e696c722d5562d","isMergeCommit":false,"messageTitle":"Make testcases for DeleteDepartmentCommand","messageBody":"","fileTypesAndContributionMap":{"functional-code":{"insertions":8,"deletions":1},"test-code":{"insertions":79,"deletions":0}}},{"hash":"598df5e6f227f6d59e93d250024863878d04d01d","isMergeCommit":false,"messageTitle":"Cascade delete employee to department and write tests","messageBody":"","fileTypesAndContributionMap":{"functional-code":{"insertions":10,"deletions":0},"test-code":{"insertions":47,"deletions":2}}},{"hash":"3bfa143059eda1f8eee200b2b0c0eecd0b40fc60","isMergeCommit":false,"messageTitle":"Fix checkstyle issues","messageBody":"","fileTypesAndContributionMap":{"functional-code":{"insertions":3,"deletions":1}}},{"hash":"197f645c153addbad6078d8a801bee261171967c","isMergeCommit":false,"messageTitle":"Fix checkstyle issues","messageBody":"","fileTypesAndContributionMap":{"functional-code":{"insertions":1,"deletions":1}}},{"hash":"fa85d04cb992bdae5f0603d6b4a0171a967bd301","isMergeCommit":false,"messageTitle":"Fix checkstyle issues","messageBody":"","fileTypesAndContributionMap":{"functional-code":{"insertions":5,"deletions":0},"test-code":{"insertions":9,"deletions":6}}},{"hash":"e48d35f227281df41e2b383782845468b36bf4a4","isMergeCommit":false,"messageTitle":"Create ListDepartmentCommand and modify SudoHrParser","messageBody":"","fileTypesAndContributionMap":{"functional-code":{"insertions":32,"deletions":0}}},{"hash":"021aa9ce54cbafa126b3c664ee0e87de3a4192fe","isMergeCommit":false,"messageTitle":"Make testcases for ListDepartmentCommand","messageBody":"","fileTypesAndContributionMap":{"test-code":{"insertions":35,"deletions":0}}},{"hash":"d8bce1e6335a6c936c2fd93a1c5778e11d02267f","isMergeCommit":false,"messageTitle":"Revert \"Make testcases for ListDepartmentCommand\"","messageBody":"This reverts commit 021aa9ce54cbafa126b3c664ee0e87de3a4192fe.\n","fileTypesAndContributionMap":{"test-code":{"insertions":0,"deletions":35}}},{"hash":"550c7833190f868ef97707c32e705e06e46be522","isMergeCommit":false,"messageTitle":"Revert \"Create ListDepartmentCommand and modify SudoHrParser\"","messageBody":"This reverts commit e48d35f227281df41e2b383782845468b36bf4a4.\n","fileTypesAndContributionMap":{"functional-code":{"insertions":0,"deletions":32}}},{"hash":"80c080e4685f3cc46f137e6c81e36941880373ac","isMergeCommit":false,"messageTitle":"Create ListDepartmentCommand and modify SudoHrParser","messageBody":"","fileTypesAndContributionMap":{"functional-code":{"insertions":32,"deletions":0}}},{"hash":"e08a7c4129b526c85caeff8ff742bd028b85568c","isMergeCommit":false,"messageTitle":"Make testcases for ListDepartmentCommand","messageBody":"","fileTypesAndContributionMap":{"test-code":{"insertions":35,"deletions":0}}}]},{"date":"2023-03-18","commitResults":[{"hash":"c0f67b1acb98d82b81d82c5a515f0790553e2a70","isMergeCommit":true,"messageTitle":"Merge branch \u0027master\u0027 into branch-delete-department-mergeable","messageBody":"","fileTypesAndContributionMap":{}},{"hash":"13d1bbf064557b88509fd9263fd4bde0fef6dd04","isMergeCommit":false,"messageTitle":"DeleteCommand: Filter department before removing employee","messageBody":"","fileTypesAndContributionMap":{"functional-code":{"insertions":3,"deletions":1}}},{"hash":"fe83bbddc79881f31bca30c6e4e4347c12513b29","isMergeCommit":false,"messageTitle":"DeleteDepartmentCommandParser: Add more checks","messageBody":"","fileTypesAndContributionMap":{"functional-code":{"insertions":20,"deletions":2}}},{"hash":"2ed29a258bdeffb74df3766912bf5c34b13ed26a","isMergeCommit":false,"messageTitle":"DeleteDepartmentCommandParser: Remove try catch and add more checks","messageBody":"","fileTypesAndContributionMap":{"functional-code":{"insertions":3,"deletions":8}}},{"hash":"48f2ad3a2abae4f0cd569f0eef33f8334e549d21","isMergeCommit":false,"messageTitle":"Fix example usage message","messageBody":"","fileTypesAndContributionMap":{"functional-code":{"insertions":2,"deletions":1}}},{"hash":"e66d46b2cc5cb21085d320b2f7e0379e60b4ab6f","isMergeCommit":false,"messageTitle":"Add testcases for DeleteDepartmentCommandParser","messageBody":"","fileTypesAndContributionMap":{"test-code":{"insertions":50,"deletions":0}}},{"hash":"596bfe0b2e841a03d9a594357f047c50881c2e9f","isMergeCommit":false,"messageTitle":"Fix checkstyle issues","messageBody":"","fileTypesAndContributionMap":{"functional-code":{"insertions":0,"deletions":2}}}]},{"date":"2023-03-19","commitResults":[{"hash":"0fd00913541a2b7e582cb223440831c5197b75ba","isMergeCommit":true,"messageTitle":"Merge branch \u0027master\u0027 into branch-list-department","messageBody":"","fileTypesAndContributionMap":{}},{"hash":"bebe9bf564d61ef9ebccf4f1e0fe67e9a3b13555","isMergeCommit":true,"messageTitle":"Merge branch \u0027master\u0027 into branch-delete-department-mergeable","messageBody":"","fileTypesAndContributionMap":{}}]},{"date":"2023-03-20","commitResults":[{"hash":"910aab9b620c454ffc29597fc5bb90e5228fa42f","isMergeCommit":false,"messageTitle":"Move DeleteDepartmentCommand to commands.department","messageBody":"","fileTypesAndContributionMap":{"functional-code":{"insertions":2,"deletions":2},"other":{"insertions":3,"deletions":1},"test-code":{"insertions":2,"deletions":1}}},{"hash":"9a0359d05ccbf3bbc23f98e08869702a8cb9ceee","isMergeCommit":false,"messageTitle":"Create DepartmentNameContainsKeywordPredicate","messageBody":"","fileTypesAndContributionMap":{"functional-code":{"insertions":35,"deletions":0},"test-code":{"insertions":80,"deletions":0}}},{"hash":"c86d6eb8f88708baaa944cf72d4570a5b73a0043","isMergeCommit":false,"messageTitle":"Support FindDepartmentCommand","messageBody":"","fileTypesAndContributionMap":{"functional-code":{"insertions":89,"deletions":0}}},{"hash":"a081d4f683bc0af683d3c7f021bf5be79e4c302c","isMergeCommit":false,"messageTitle":"Add testcases for FindDepartmentCommand","messageBody":"","fileTypesAndContributionMap":{"test-code":{"insertions":82,"deletions":0}}},{"hash":"1c6ead8cdfc819baec1cb84c0f7f687e413b4992","isMergeCommit":false,"messageTitle":"Fix checkstyle issues","messageBody":"","fileTypesAndContributionMap":{"test-code":{"insertions":1,"deletions":0}}}]},{"date":"2023-03-21","commitResults":[{"hash":"5c33804efb47de1ecd796b971f82424cf6533944","isMergeCommit":false,"messageTitle":"Add FindDepartmentCommandParserTest","messageBody":"","fileTypesAndContributionMap":{"test-code":{"insertions":35,"deletions":0}}},{"hash":"3d049c16f1f99272ebe6e5821c317f2b4640f563","isMergeCommit":false,"messageTitle":"Create ListEmployeesInDepartmentCommand skeleton code","messageBody":"","fileTypesAndContributionMap":{"functional-code":{"insertions":51,"deletions":0}}},{"hash":"4558b792be18cfbb4b8d94d3b082c31c3bbdab5e","isMergeCommit":false,"messageTitle":"Implement ListEmployeesInDepartmentCommand and write testcases","messageBody":"","fileTypesAndContributionMap":{"functional-code":{"insertions":19,"deletions":7},"test-code":{"insertions":66,"deletions":0}}},{"hash":"16a1d09d0bb12ef73926a32bb27eae0833e151eb","isMergeCommit":false,"messageTitle":"Create ListEmployeesInDepartmentCommandParser","messageBody":"","fileTypesAndContributionMap":{"functional-code":{"insertions":40,"deletions":0}}},{"hash":"04016ab53f8052d91214d0cfc693ce3777efaa2b","isMergeCommit":false,"messageTitle":"Add testcases for ListEmployeesInDepartmentParser","messageBody":"","fileTypesAndContributionMap":{"functional-code":{"insertions":2,"deletions":1},"test-code":{"insertions":42,"deletions":0}}},{"hash":"b131f62fb53e8e399d0bb7ab6f699a15bb5c8663","isMergeCommit":true,"messageTitle":"Merge pull request #125 from pkwangjoo/branch-find-department","messageBody":"Branch find department","fileTypesAndContributionMap":{}},{"hash":"f2c8d7a2b2d7aed523b1aafc7a35db7d0c4f9434","isMergeCommit":true,"messageTitle":"Merge branch \u0027master\u0027 into branch-list-emp-in-dep","messageBody":"","fileTypesAndContributionMap":{}}]},{"date":"2023-03-22","commitResults":[{"hash":"5b99c94be63769defc99908da56ef2c3970de05d","isMergeCommit":false,"messageTitle":"Fix checkstyle issues","messageBody":"","fileTypesAndContributionMap":{"functional-code":{"insertions":1,"deletions":1}}},{"hash":"e62db68948e42be1eb0412075c55e3b8d5253e59","isMergeCommit":false,"messageTitle":"Create ListLeavesByEmployeeCommand","messageBody":"","fileTypesAndContributionMap":{"functional-code":{"insertions":40,"deletions":0}}}]},{"date":"2023-03-23","commitResults":[{"hash":"7b3da2ecf97a2b4f568dd1f0c313b6c9e96f22ba","isMergeCommit":false,"messageTitle":"Handle empty departments and write test cases","messageBody":"","fileTypesAndContributionMap":{"functional-code":{"insertions":7,"deletions":0},"test-code":{"insertions":22,"deletions":1}}},{"hash":"624ccfce768ae1a7a8eaa1c1d7401276d7ad7c71","isMergeCommit":false,"messageTitle":"Fix checkstyle issues","messageBody":"","fileTypesAndContributionMap":{"test-code":{"insertions":2,"deletions":1}}},{"hash":"28c251aab8967222735bde786d6e2587b80e10b9","isMergeCommit":true,"messageTitle":"Merge pull request #134 from pkwangjoo/branch-list-emp-in-dep","messageBody":"Support listing of employees in a given department","fileTypesAndContributionMap":{}},{"hash":"82b74a43a2530f18e39cac19ff89a02c11fe9639","isMergeCommit":true,"messageTitle":"Merge pull request #126 from jerrrren/branch-add-leave","messageBody":"Branch add leave","fileTypesAndContributionMap":{}},{"hash":"9037793bdf345d2c8d3341afbdfd7f647ec5dbf8","isMergeCommit":true,"messageTitle":"Merge branch \u0027master\u0027 into branch-list-employee-leave","messageBody":"","fileTypesAndContributionMap":{}},{"hash":"0a57815eb09b4550ac62396908cf241913fdc40c","isMergeCommit":false,"messageTitle":"Create ListLeavesByEmployeeCommandParser","messageBody":"","fileTypesAndContributionMap":{"functional-code":{"insertions":35,"deletions":0}}},{"hash":"fefafe22912aef0df5e3eca1a91c46edfa0335a2","isMergeCommit":false,"messageTitle":"Handle employee is null case in ListLeavesByEmployee","messageBody":"","fileTypesAndContributionMap":{"functional-code":{"insertions":15,"deletions":1}}}]},{"date":"2023-03-24","commitResults":[{"hash":"fb341ec8315148cb8a29bcafe5aa59cfbc18b3d1","isMergeCommit":false,"messageTitle":"Update DG","messageBody":"","fileTypesAndContributionMap":{"docs":{"insertions":9,"deletions":10}}},{"hash":"ca5ea34125e53c3d3d5f44c1f03c7c1f3673ecb2","isMergeCommit":true,"messageTitle":"Merge pull request #144 from pkwangjoo/branch-dg","messageBody":"Update DG","fileTypesAndContributionMap":{}},{"hash":"24d2c1fe9fc2c585ef9b19c0b197691b58a76617","isMergeCommit":false,"messageTitle":"Set up ListLeavesByEmployeeCommandTest","messageBody":"","fileTypesAndContributionMap":{"test-code":{"insertions":42,"deletions":0}}},{"hash":"eb621dfe5b1cc682f31dfbfeb13078b19c30a508","isMergeCommit":true,"messageTitle":"Merge branch \u0027master\u0027 into branch-list-employee-leave","messageBody":"","fileTypesAndContributionMap":{}},{"hash":"cc30163cd46503991d610f4285ff68e65888d862","isMergeCommit":false,"messageTitle":"Write tests for ListLeavesByEmployeeCommand","messageBody":"","fileTypesAndContributionMap":{"test-code":{"insertions":30,"deletions":16}}},{"hash":"a6aaacdf79ee8b5f43b85732ed5c0995063a4668","isMergeCommit":false,"messageTitle":"Write tests for ListLeavesByEmployeeCommandParser","messageBody":"","fileTypesAndContributionMap":{"functional-code":{"insertions":7,"deletions":0},"test-code":{"insertions":42,"deletions":0}}},{"hash":"afe045108e1de9d6689fec6ba97ab2b34b21e37c","isMergeCommit":false,"messageTitle":"Add command parser to SudoHrParser","messageBody":"","fileTypesAndContributionMap":{"functional-code":{"insertions":7,"deletions":1}}},{"hash":"66b7e0a9c77e06448b01f4aaae79dc1a140ff025","isMergeCommit":false,"messageTitle":"Fix checkstyle issues","messageBody":"","fileTypesAndContributionMap":{"test-code":{"insertions":3,"deletions":1}}}]},{"date":"2023-03-27","commitResults":[{"hash":"50ab9a89da0c7c52d3b01a0e2ea819b8dc050db9","isMergeCommit":false,"messageTitle":"Fix typo","messageBody":"","fileTypesAndContributionMap":{"functional-code":{"insertions":1,"deletions":1}}},{"hash":"0a773e3f03ac4f36853249d54a4a4f7af55dd101","isMergeCommit":true,"messageTitle":"Merge branch \u0027master\u0027 into branch-list-employee-leave","messageBody":"","fileTypesAndContributionMap":{}},{"hash":"5df980f057a08e56c9b0241aac17506bfa554ca0","isMergeCommit":true,"messageTitle":"Merge pull request #145 from pkwangjoo/branch-list-employee-leave","messageBody":"Branch list employee leave","fileTypesAndContributionMap":{}}]}],"4ndrelim":[{"date":"2023-03-02","commitResults":[{"hash":"1bf84a4935d2dfe7ddd5367bf043bfd4f99be3a5","isMergeCommit":false,"messageTitle":"Update AboutUs.md to include personal responsibilities","messageBody":"","fileTypesAndContributionMap":{"docs":{"insertions":7,"deletions":7}}},{"hash":"696487993ffe030410804a4d5dbd61ff8aefb053","isMergeCommit":false,"messageTitle":"Add skeletal PPP","messageBody":"","fileTypesAndContributionMap":{"docs":{"insertions":48,"deletions":50}}}]},{"date":"2023-03-05","commitResults":[{"hash":"f7bdba84086f7d19a41444f262d8f1fad58cb9b1","isMergeCommit":false,"messageTitle":"Remove unnecessary link from AboutUs.md","messageBody":"","fileTypesAndContributionMap":{"docs":{"insertions":0,"deletions":1}}},{"hash":"302aab11c6e681ee56c4916eb99e9def66552f53","isMergeCommit":true,"messageTitle":"Merge pull request #29 from kennethk-1201/branch-Update-AboutUs","messageBody":"Update AboutUs (Kenneth)","fileTypesAndContributionMap":{}},{"hash":"c03cf9abf2fb23d8df7e59b303b5a1a60b6c490e","isMergeCommit":true,"messageTitle":"Merge pull request #37 from kennethk-1201/branch-update-UG","messageBody":"Set up template headers for team to fill in UG","fileTypesAndContributionMap":{}},{"hash":"783d2455c39beb0dae0c74579ebabdb61cb26b27","isMergeCommit":true,"messageTitle":"Merge pull request #36 from kennethk-1201/branch-update-scss","messageBody":"Branch update scss","fileTypesAndContributionMap":{}},{"hash":"263bd3cb0fc2819ed4ca7038faf4bdce5ecbc72d","isMergeCommit":false,"messageTitle":"Update user guide for leave component","messageBody":"","fileTypesAndContributionMap":{"docs":{"insertions":22,"deletions":22}}},{"hash":"042613205939b169851866f81039d6c73b18f84a","isMergeCommit":false,"messageTitle":"Fix style","messageBody":"","fileTypesAndContributionMap":{"docs":{"insertions":2,"deletions":2}}},{"hash":"e97959d22edf3232eff89da6da34005a79daa5f3","isMergeCommit":true,"messageTitle":"Resolve merge conflict for AboutUs.md","messageBody":"","fileTypesAndContributionMap":{}},{"hash":"0d5c4ec99170d8f019cec43690055371af332ef8","isMergeCommit":true,"messageTitle":"Merge branch \u0027master\u0027 into branch-UpdateUG","messageBody":"","fileTypesAndContributionMap":{}},{"hash":"f647098f81c2b8bab6aaef25a502504b6a03575a","isMergeCommit":true,"messageTitle":"Merge pull request #41 from kennethk-1201/branch-update-yaml","messageBody":"Update config.yaml","fileTypesAndContributionMap":{}},{"hash":"16114521728194aca0b1e2cfc7566bf1159e1db7","isMergeCommit":true,"messageTitle":"Merge pull request #34 from jerrrren/updatePPP","messageBody":"add ppp and image","fileTypesAndContributionMap":{}},{"hash":"32f629e9ace5e123067ba81316bc6f8b51539338","isMergeCommit":true,"messageTitle":"Merge pull request #42 from kennethk-1201/branch-update-readme","messageBody":"Remove traces of AB-3 in readme","fileTypesAndContributionMap":{}},{"hash":"5df3f6cdef346721f8f3c28161d8dc341ab67fbc","isMergeCommit":true,"messageTitle":"Merge pull request #45 from kennethk-1201/branch-update-dg","messageBody":"Branch update dg","fileTypesAndContributionMap":{}}]},{"date":"2023-03-06","commitResults":[{"hash":"ac927535df7ad5daa3d1925e92bcc170225012c0","isMergeCommit":true,"messageTitle":"Merge pull request #51 from kennethk-1201/branch-change-UG","messageBody":"Remove some features, command note and portion of command summary","fileTypesAndContributionMap":{}}]},{"date":"2023-03-09","commitResults":[{"hash":"65e30704eba551d82f28e874032d121ccb487f0b","isMergeCommit":true,"messageTitle":"Merge pull request #83 from pkwangjoo/branch-refactor-addressbook","messageBody":"Refactor addressbook components to sudohr","fileTypesAndContributionMap":{}}]},{"date":"2023-03-10","commitResults":[{"hash":"def2b62815378c353c70330284acc4816a725293","isMergeCommit":false,"messageTitle":"Introduce ID to AddCommand and update related docs","messageBody":"","fileTypesAndContributionMap":{"functional-code":{"insertions":13,"deletions":5}}},{"hash":"029a7b0db8a679c83f768cb369a65163b315338e","isMergeCommit":false,"messageTitle":"Add id class for person objects","messageBody":"","fileTypesAndContributionMap":{"functional-code":{"insertions":55,"deletions":0}}},{"hash":"c7023396031de32ddf889f1b176f0030f872a5f6","isMergeCommit":false,"messageTitle":"Implement parsing of person Id","messageBody":"","fileTypesAndContributionMap":{"functional-code":{"insertions":18,"deletions":1}}},{"hash":"d191e91d413387c615a87e507cb89b062a3987d3","isMergeCommit":false,"messageTitle":"Update person class to incorporate id attribute","messageBody":"","fileTypesAndContributionMap":{"functional-code":{"insertions":24,"deletions":6}}},{"hash":"3a178902f63efed9cc94fca9b1cf9991c01078bb","isMergeCommit":false,"messageTitle":"Update warning method in person class","messageBody":"","fileTypesAndContributionMap":{"functional-code":{"insertions":4,"deletions":4}}}]},{"date":"2023-03-11","commitResults":[{"hash":"8ef3f6d9e0b8944aca5aaa38f5a4de18bfb0cae3","isMergeCommit":false,"messageTitle":"Refactor edit command and parser to include id field","messageBody":"","fileTypesAndContributionMap":{"functional-code":{"insertions":20,"deletions":5}}},{"hash":"3598eb4c222f7729ef5fc69174e7acb6a8ed0f9c","isMergeCommit":false,"messageTitle":"Edit personCard to display employee id","messageBody":"","fileTypesAndContributionMap":{"functional-code":{"insertions":8,"deletions":4}}}]},{"date":"2023-03-12","commitResults":[{"hash":"4a2a94371af43e786af39c75382cae3e729c990c","isMergeCommit":false,"messageTitle":"Update PersonCard and Json file to include id","messageBody":"","fileTypesAndContributionMap":{"functional-code":{"insertions":17,"deletions":3}}},{"hash":"c09f42aa25eed09d95a831abcfd807f9363b4c3a","isMergeCommit":false,"messageTitle":"Run id validation tests","messageBody":"","fileTypesAndContributionMap":{"test-code":{"insertions":40,"deletions":0}}},{"hash":"2f7f3fa67470aff463a7ada09d4979a861b1edd1","isMergeCommit":false,"messageTitle":"Test new AddCommand and integration","messageBody":"","fileTypesAndContributionMap":{"functional-code":{"insertions":7,"deletions":6},"test-code":{"insertions":71,"deletions":19}}},{"hash":"4360cfe9384ab98807b989cf899a42df0cf0bce8","isMergeCommit":false,"messageTitle":"Run command tests","messageBody":"","fileTypesAndContributionMap":{"test-code":{"insertions":20,"deletions":6}}},{"hash":"a8f47776e8ee9a984bc6049fa8f5cb1db57d86c7","isMergeCommit":false,"messageTitle":"Test storage functionalities with updated person class","messageBody":"","fileTypesAndContributionMap":{"test-code":{"insertions":4,"deletions":3}}},{"hash":"72f0dcc514e4f1b555e9a5502146c9643e210812","isMergeCommit":false,"messageTitle":"Fix bug in PersonCard display","messageBody":"","fileTypesAndContributionMap":{"functional-code":{"insertions":1,"deletions":1}}},{"hash":"736e02b07f3e48cf6b14ce660e4e3d8227e16274","isMergeCommit":false,"messageTitle":"Fix styles","messageBody":"","fileTypesAndContributionMap":{"functional-code":{"insertions":17,"deletions":9}}},{"hash":"976f7cbe8e588cbd83e886e7cf311000b57162e6","isMergeCommit":false,"messageTitle":"Fix style errors","messageBody":"","fileTypesAndContributionMap":{"test-code":{"insertions":10,"deletions":5}}},{"hash":"19b704fdcfc35303506ff4aaa23258a2796f1140","isMergeCommit":false,"messageTitle":"Test LogicManager","messageBody":"","fileTypesAndContributionMap":{"test-code":{"insertions":2,"deletions":1}}},{"hash":"b51d3bd2701f1f70533637c42495875799223219","isMergeCommit":false,"messageTitle":"Change definition of isSamePerson and check for similar identity fields","messageBody":"","fileTypesAndContributionMap":{"functional-code":{"insertions":12,"deletions":4},"test-code":{"insertions":59,"deletions":20}}},{"hash":"26871a059b274d5931d633f36d279b80c33c4d8e","isMergeCommit":false,"messageTitle":"Style checks","messageBody":"","fileTypesAndContributionMap":{"test-code":{"insertions":15,"deletions":7}}},{"hash":"8b618876152fc6ea03debff5a1cbca7198393d15","isMergeCommit":false,"messageTitle":"Fix bug in EditCommandParser","messageBody":"","fileTypesAndContributionMap":{"functional-code":{"insertions":1,"deletions":1},"test-code":{"insertions":69,"deletions":34}}},{"hash":"ee78bda3bb563c8addec9af71d8a1bb461a741f6","isMergeCommit":false,"messageTitle":"Fix style errors","messageBody":"","fileTypesAndContributionMap":{"functional-code":{"insertions":2,"deletions":1},"test-code":{"insertions":5,"deletions":5}}},{"hash":"b324362b91a0592bf25a8f139e30a7a2156d9c5b","isMergeCommit":false,"messageTitle":"Allow preceding zeroes for id field","messageBody":"An id field is allowed to have preceding zeroes but SudoHR will trim\npreceding zeroes internally to avoid duplicated numbers like \"01\" and\n\"1\".\n","fileTypesAndContributionMap":{"functional-code":{"insertions":13,"deletions":4},"test-code":{"insertions":22,"deletions":5}}},{"hash":"2bbf1ea86462dfc4328113db2aaafdb0dac1035a","isMergeCommit":true,"messageTitle":"Resolve merge conflict","messageBody":"","fileTypesAndContributionMap":{}},{"hash":"316f9392d568b25dcf865d5efa8b9d72f15c2d0d","isMergeCommit":false,"messageTitle":"Integrate department with ID and test","messageBody":"","fileTypesAndContributionMap":{"functional-code":{"insertions":2,"deletions":13},"test-code":{"insertions":12,"deletions":59}}},{"hash":"c9d079c35e2bf45c1b7b75876c84705d2f49e675","isMergeCommit":true,"messageTitle":"Merge pull request #88 from 4ndrelim/branch-UpdatePerson","messageBody":"Integrate ID into Person Class","fileTypesAndContributionMap":{}},{"hash":"f367adf908d31bc4d4228b36470f10c99f423df1","isMergeCommit":false,"messageTitle":"Refactor identities check for person class and test","messageBody":"","fileTypesAndContributionMap":{"functional-code":{"insertions":38,"deletions":12},"test-code":{"insertions":137,"deletions":14}}}]},{"date":"2023-03-13","commitResults":[{"hash":"2ff9490f94aeb29f95cc54da2bbfbc8b55a97f03","isMergeCommit":false,"messageTitle":"Disallow person with the same id, email, phone number to be added","messageBody":"","fileTypesAndContributionMap":{"functional-code":{"insertions":105,"deletions":12}}},{"hash":"eaf6837c5a74c281977b895038f6b870dc39dd55","isMergeCommit":false,"messageTitle":"Test UniquePersonList with updated identities check","messageBody":"","fileTypesAndContributionMap":{"functional-code":{"insertions":3,"deletions":3},"test-code":{"insertions":200,"deletions":3}}},{"hash":"e52294d47cf250d7d4885c9d8068190dfbdc9ddf","isMergeCommit":false,"messageTitle":"Update SudoHr with new identities check and test","messageBody":"","fileTypesAndContributionMap":{"functional-code":{"insertions":42,"deletions":0},"test-code":{"insertions":129,"deletions":12}}},{"hash":"4dc0094c73f247c5e69ace3d739e67a9ee16dac8","isMergeCommit":false,"messageTitle":"Complete integration of identities check for add command","messageBody":"","fileTypesAndContributionMap":{"functional-code":{"insertions":4,"deletions":4},"test-code":{"insertions":204,"deletions":6}}},{"hash":"b4e054a314e16a3596b032e88d2f85245b84431a","isMergeCommit":false,"messageTitle":"Add duplicate messages","messageBody":"","fileTypesAndContributionMap":{"functional-code":{"insertions":8,"deletions":6}}},{"hash":"d9a6d94d220d7c2bdfe51f2300877895ef14e0fd","isMergeCommit":true,"messageTitle":"Resolve merge conflict","messageBody":"","fileTypesAndContributionMap":{}}]},{"date":"2023-03-14","commitResults":[{"hash":"51c9275228ccf0e9b471b9e55157a57e36ca3035","isMergeCommit":false,"messageTitle":"Add test cases for edit person","messageBody":"","fileTypesAndContributionMap":{"functional-code":{"insertions":11,"deletions":3},"test-code":{"insertions":43,"deletions":6}}},{"hash":"8b7ecade001b3b1e4d4a5018ec0b454290b8e627","isMergeCommit":true,"messageTitle":"Merge pull request #97 from pkwangjoo/branch-refactor-person","messageBody":"Refactor person to employee","fileTypesAndContributionMap":{}},{"hash":"34dfb4776a4c39058a05693b402c49d762940d41","isMergeCommit":true,"messageTitle":"Resolve merge conflicts","messageBody":"","fileTypesAndContributionMap":{}},{"hash":"4018fe29eea253be8a9864f96ea3aa6487f7fc7a","isMergeCommit":false,"messageTitle":"Rename person instances to employee for main files","messageBody":"","fileTypesAndContributionMap":{"functional-code":{"insertions":69,"deletions":70},"test-code":{"insertions":54,"deletions":54}}},{"hash":"4a9df54db3be97d04d12774392476f9acea75d04","isMergeCommit":false,"messageTitle":"Revert \"Rename person instances to employee for main files for consistency\"","messageBody":"This reverts commit 4018fe29eea253be8a9864f96ea3aa6487f7fc7a.\n","fileTypesAndContributionMap":{"functional-code":{"insertions":70,"deletions":69},"test-code":{"insertions":54,"deletions":54}}}]},{"date":"2023-03-15","commitResults":[{"hash":"fdd4e218c619c1a998ebd25ee4e240029eb57bdc","isMergeCommit":false,"messageTitle":"Amend logic for equality of UniqueEmployeeList and heavily tests commands","messageBody":"","fileTypesAndContributionMap":{"functional-code":{"insertions":99,"deletions":6},"test-code":{"insertions":306,"deletions":23}}},{"hash":"1604e14bc3930fc36f54c39ab066b6e347904227","isMergeCommit":false,"messageTitle":"Complete tests for SudoHr","messageBody":"","fileTypesAndContributionMap":{"functional-code":{"insertions":1,"deletions":1},"test-code":{"insertions":346,"deletions":15}}},{"hash":"96dacebd8a39903047fbc84183d4cbdfaf6e23f9","isMergeCommit":false,"messageTitle":"Fix code quality for imports","messageBody":"","fileTypesAndContributionMap":{"test-code":{"insertions":25,"deletions":4}}},{"hash":"728606262f2f37c9d605969eb8f22d65040f5d6a","isMergeCommit":false,"messageTitle":"Test ModelManager","messageBody":"","fileTypesAndContributionMap":{"test-code":{"insertions":288,"deletions":2}}},{"hash":"2bc4a01a9f6386ce62a74c056ab886bb3e0c7022","isMergeCommit":false,"messageTitle":"Integrate changes into serializable files and test","messageBody":"","fileTypesAndContributionMap":{"functional-code":{"insertions":10,"deletions":2},"test-code":{"insertions":42,"deletions":5}}},{"hash":"b7ff123a64a6557691230e76d5a5c4569ad9780e","isMergeCommit":false,"messageTitle":"Test editCommand","messageBody":"","fileTypesAndContributionMap":{"functional-code":{"insertions":4,"deletions":1},"test-code":{"insertions":4,"deletions":11}}},{"hash":"88a5f70376a01b8c57081d54a763c0ae4ee3788f","isMergeCommit":false,"messageTitle":"Shift logic of checking duplicated fields from editCommand to uniqueEmployeeList","messageBody":"","fileTypesAndContributionMap":{"functional-code":{"insertions":72,"deletions":3},"test-code":{"insertions":52,"deletions":0}}},{"hash":"5ba18d241a50b025d582525106dc8b138d72b7bb","isMergeCommit":false,"messageTitle":"Fix style checks","messageBody":"","fileTypesAndContributionMap":{"functional-code":{"insertions":9,"deletions":9},"test-code":{"insertions":45,"deletions":34}}},{"hash":"552ab8cdd690b65faae2354cc501c709c3440d5f","isMergeCommit":false,"messageTitle":"Fix bug for UnqiueEmployeeList equals method and refactor code","messageBody":"","fileTypesAndContributionMap":{"functional-code":{"insertions":8,"deletions":13},"test-code":{"insertions":8,"deletions":0}}},{"hash":"657cbfd282545a734ed02cbeb908d4e4c7133120","isMergeCommit":false,"messageTitle":"Refactor code for consistency","messageBody":"","fileTypesAndContributionMap":{"functional-code":{"insertions":9,"deletions":18}}}]},{"date":"2023-03-16","commitResults":[{"hash":"d2dc01220418efe524e2e37e31febb141a9f342a","isMergeCommit":false,"messageTitle":"Remove all references to person and replace with employee","messageBody":"","fileTypesAndContributionMap":{"functional-code":{"insertions":155,"deletions":155},"other":{"insertions":174,"deletions":175},"test-code":{"insertions":1133,"deletions":1135}}},{"hash":"c511bea3235894784bea098430862f43a9b35449","isMergeCommit":false,"messageTitle":"Fix style checks","messageBody":"","fileTypesAndContributionMap":{"test-code":{"insertions":32,"deletions":42}}},{"hash":"768b35f7d9cf93ba7672cfe5aae3a26180974b7c","isMergeCommit":true,"messageTitle":"Merge pull request #94 from jweeyh/GUI-branch","messageBody":"Update GUI for Departments","fileTypesAndContributionMap":{}}]},{"date":"2023-03-17","commitResults":[{"hash":"274c3245992792161eb4cc7606b0227c32e31c97","isMergeCommit":true,"messageTitle":"Merge pull request #105 from kennethk-1201/add-employee-to-department","messageBody":"As a HR personnel, I can add an employee to a department","tags":["v1.2"],"fileTypesAndContributionMap":{}}]},{"date":"2023-03-18","commitResults":[{"hash":"04c8f1b0f74f22bc837f45b7bc04775e44f07401","isMergeCommit":true,"messageTitle":"Merge pull request #115 from jweeyh/GUI-branch","messageBody":"Update Ui.png and made window resizable to fit windows of less than 5000px","fileTypesAndContributionMap":{}}]},{"date":"2023-03-19","commitResults":[{"hash":"96af765d8353b99e69a9ff3bbdeaaad135b7b958","isMergeCommit":false,"messageTitle":"Change to use of id for add commands","messageBody":"","fileTypesAndContributionMap":{"functional-code":{"insertions":93,"deletions":58},"test-code":{"insertions":87,"deletions":36}}},{"hash":"765ce06e5460614ee69cc00ec2669e2186c51d09","isMergeCommit":false,"messageTitle":"Fix styles","messageBody":"","fileTypesAndContributionMap":{"functional-code":{"insertions":5,"deletions":9},"test-code":{"insertions":4,"deletions":3}}},{"hash":"1ccce366f4e734f32e55e4f7be94073c25c86977","isMergeCommit":false,"messageTitle":"Introduce eid prefix to decouple from id field","messageBody":"","fileTypesAndContributionMap":{"functional-code":{"insertions":7,"deletions":5},"test-code":{"insertions":3,"deletions":4}}},{"hash":"bdd86dd4ab532acc6a5396dfb092e27236a9b845","isMergeCommit":false,"messageTitle":"Fix bugs","messageBody":"","fileTypesAndContributionMap":{"test-code":{"insertions":5,"deletions":10}}},{"hash":"d213ff23b055b3a7b4cbff0b18352d26d7542818","isMergeCommit":false,"messageTitle":"Fix logic for edit commands using ID","messageBody":"","fileTypesAndContributionMap":{"functional-code":{"insertions":23,"deletions":25}}},{"hash":"f5e3a64ec97ba503a54aebced529c424a5bbd8f6","isMergeCommit":false,"messageTitle":"Add more test cases","messageBody":"","fileTypesAndContributionMap":{"test-code":{"insertions":89,"deletions":65}}},{"hash":"5f2988bdf45b0b1aa8c452709d9f931a5c050fed","isMergeCommit":true,"messageTitle":"Merge pull request #108 from pkwangjoo/branch-list-department","messageBody":"Branch list department","fileTypesAndContributionMap":{}},{"hash":"1efe6571808d37308d3349993c41aa634e806489","isMergeCommit":false,"messageTitle":"Convert use of indexes to employee ID for edit commands","messageBody":"","fileTypesAndContributionMap":{"functional-code":{"insertions":1,"deletions":3},"test-code":{"insertions":120,"deletions":89}}},{"hash":"3e7b47308d7022789723be213d8955cace59e46a","isMergeCommit":true,"messageTitle":"Fix merge conflicts","messageBody":"","fileTypesAndContributionMap":{}},{"hash":"287839415983d90a666978acabe698f8b544af00","isMergeCommit":false,"messageTitle":"Change id to eid for department level commands","messageBody":"","fileTypesAndContributionMap":{"functional-code":{"insertions":4,"deletions":4},"test-code":{"insertions":8,"deletions":8}}}]},{"date":"2023-03-20","commitResults":[{"hash":"274fe03bf0078a2647516984962509f5701a1b3f","isMergeCommit":true,"messageTitle":"Fix merge conflicts","messageBody":"","fileTypesAndContributionMap":{}},{"hash":"73e2d73e6a56bf7fe95421ea9b52a068a7621c30","isMergeCommit":true,"messageTitle":"Merge pull request #107 from pkwangjoo/branch-delete-department-mergeable","messageBody":"Branch delete department mergeable","fileTypesAndContributionMap":{}},{"hash":"f1ba1b4bd3fd34a978e5e27a6e6eae7c4728bc12","isMergeCommit":false,"messageTitle":"Use ID for leave commands","messageBody":"","fileTypesAndContributionMap":{"functional-code":{"insertions":39,"deletions":41},"other":{"insertions":29,"deletions":18}}},{"hash":"0a023ee85aef5af8cafa37cf7d838b658cf9253e","isMergeCommit":false,"messageTitle":"Fix style checks","messageBody":"","fileTypesAndContributionMap":{"functional-code":{"insertions":6,"deletions":8},"other":{"insertions":3,"deletions":3},"test-code":{"insertions":3,"deletions":3}}},{"hash":"734c039920e500d158aaa8d807ddb9547a9331ed","isMergeCommit":true,"messageTitle":"Fix merge conflict","messageBody":"","fileTypesAndContributionMap":{}},{"hash":"6b1e99217e725168d2477c83f8828c11d0e7c695","isMergeCommit":false,"messageTitle":"Fix bugs","messageBody":"","fileTypesAndContributionMap":{"functional-code":{"insertions":10,"deletions":10},"test-code":{"insertions":11,"deletions":10}}},{"hash":"e12767018e2dcc97baa46d25e706c30d14e0aeb8","isMergeCommit":true,"messageTitle":"Merge pull request #117 from 4ndrelim/branch-UseEmployeeId","messageBody":"Convert to use of employee ID","fileTypesAndContributionMap":{}}]},{"date":"2023-03-23","commitResults":[{"hash":"7a8e8a58a4174b877edcff2aeaa96a37caad75e9","isMergeCommit":false,"messageTitle":"Hnadle cascading of delete and edit commands","messageBody":"","fileTypesAndContributionMap":{"functional-code":{"insertions":77,"deletions":38},"test-code":{"insertions":40,"deletions":0}}},{"hash":"2aff6b48580de22d7701616abc66c7c70d459dea","isMergeCommit":false,"messageTitle":"Fix styles","messageBody":"","fileTypesAndContributionMap":{"functional-code":{"insertions":7,"deletions":6}}},{"hash":"36ae59cb2f23e785b44555bbafcb5cbf283c0c2c","isMergeCommit":false,"messageTitle":"Refactor edit cascading for leaves","messageBody":"","fileTypesAndContributionMap":{"functional-code":{"insertions":12,"deletions":7}}},{"hash":"7056ff56298f50614eacc1fcccde7e1192a81dd3","isMergeCommit":false,"messageTitle":"Add test cases and fix bugs","messageBody":"","fileTypesAndContributionMap":{"functional-code":{"insertions":9,"deletions":2},"test-code":{"insertions":176,"deletions":34}}},{"hash":"ff977df376e1d590498b5b1b009c15cb1707bbe7","isMergeCommit":true,"messageTitle":"Resolve merge conflicts","messageBody":"","fileTypesAndContributionMap":{}},{"hash":"ad2ae781f93b55ee52cbb6327652842305d4fe79","isMergeCommit":false,"messageTitle":"Add methods for leave and test cascade commands","messageBody":"","fileTypesAndContributionMap":{"functional-code":{"insertions":43,"deletions":1},"test-code":{"insertions":156,"deletions":3}}},{"hash":"50a8fe66a5601c3ed3ffafcbfbbc89f816bde557","isMergeCommit":false,"messageTitle":"Fix styles","messageBody":"","fileTypesAndContributionMap":{"functional-code":{"insertions":15,"deletions":16}}},{"hash":"bcccda9141eb35f9792b11f2df390525b684ef3d","isMergeCommit":true,"messageTitle":"Merge pull request #118 from kennethk-1201/list-department-for-employee","messageBody":"List department for employee","tags":["v1.3.trial"],"fileTypesAndContributionMap":{}},{"hash":"6a275832fd74687ed122d32dd9d5962acd6b3f17","isMergeCommit":true,"messageTitle":"Merge pull request #141 from jerrrren/branch-add-leave","messageBody":"Branch add leave","fileTypesAndContributionMap":{}}]},{"date":"2023-03-24","commitResults":[{"hash":"5e1d4515347844c7a63b57cd52f976f7cee482ee","isMergeCommit":false,"messageTitle":"Add some information about employees","messageBody":"","fileTypesAndContributionMap":{"docs":{"insertions":27,"deletions":5}}},{"hash":"ce3db3bb0310169a9f8aa10a9107dbb2b1aad71e","isMergeCommit":true,"messageTitle":"Merge pull request #146 from 4ndrelim/branch-UpdateDG","messageBody":"Add some information about employees on DG","fileTypesAndContributionMap":{}}]},{"date":"2023-03-26","commitResults":[{"hash":"2dbb1f484cfcb8c91e3792b254280bf1f734c376","isMergeCommit":false,"messageTitle":"Add command for list leaves","messageBody":"","fileTypesAndContributionMap":{"functional-code":{"insertions":30,"deletions":5},"other":{"insertions":4,"deletions":0},"test-code":{"insertions":44,"deletions":2}}},{"hash":"234edd4fbf38aa2e587d93052998edd9a069db4b","isMergeCommit":false,"messageTitle":"Fix bug for list departments command","messageBody":"","fileTypesAndContributionMap":{"functional-code":{"insertions":2,"deletions":2},"test-code":{"insertions":3,"deletions":0}}},{"hash":"912d96f69de331b4c6709905c74f1713ee4e2f75","isMergeCommit":false,"messageTitle":"Fix bug for list leaves","messageBody":"","fileTypesAndContributionMap":{"functional-code":{"insertions":2,"deletions":1},"test-code":{"insertions":0,"deletions":3}}},{"hash":"ef79440dc22a495e37ef8f8d1bd09d1c31090620","isMergeCommit":false,"messageTitle":"Fix styles and comment buggy code","messageBody":"","fileTypesAndContributionMap":{"functional-code":{"insertions":15,"deletions":1},"test-code":{"insertions":13,"deletions":8}}},{"hash":"3354b017bdba4d21dbaeae058357f32235e2b29b","isMergeCommit":false,"messageTitle":"Change department name to reference","messageBody":"","fileTypesAndContributionMap":{"test-code":{"insertions":3,"deletions":1}}},{"hash":"49adf2e1f3e2ed24f61d197a519edb5e6c4939d9","isMergeCommit":false,"messageTitle":"Fix style check error","messageBody":"","fileTypesAndContributionMap":{"test-code":{"insertions":2,"deletions":2}}},{"hash":"23a5293b5a8adff626eb1f77d433474e23d9861e","isMergeCommit":true,"messageTitle":"Merge pull request #147 from jerrrren/branch-change-leave-list-to-sort","messageBody":"Implement sort leave by date","fileTypesAndContributionMap":{}},{"hash":"432090bc5cdacf17eb48fc781083532aac945c0a","isMergeCommit":true,"messageTitle":"Merge branch \u0027master\u0027 into branch-ListLeaves","messageBody":"","fileTypesAndContributionMap":{}}]},{"date":"2023-03-27","commitResults":[{"hash":"6d4f66c477fbf46c54b03d0be7ca93052e01a628","isMergeCommit":true,"messageTitle":"Merge pull request #153 from kennethk-1201/fix-modelmanager","messageBody":"Fix test issues","fileTypesAndContributionMap":{}}]}],"kennethk-1201":[{"date":"2023-02-18","commitResults":[{"hash":"1b16c31ae14af3fc4b6c0c5e08681676e5568d57","isMergeCommit":false,"messageTitle":"Update README.md","messageBody":"","fileTypesAndContributionMap":{"docs":{"insertions":2,"deletions":0}}}]},{"date":"2023-03-04","commitResults":[{"hash":"4d165faef0dea18a6ab79857821359130bf956b6","isMergeCommit":false,"messageTitle":"Update AboutUs","messageBody":"","fileTypesAndContributionMap":{"docs":{"insertions":5,"deletions":6}}},{"hash":"4e6202e2e77929d5be940881c24347f31a2eb78c","isMergeCommit":true,"messageTitle":"Merge pull request #24 from 4ndrelim/branch-SkeletalPPP","messageBody":"Add skeletal PPP for Andre","fileTypesAndContributionMap":{}},{"hash":"d7aed405f2fa9bb13fa78397557496dea3808b0f","isMergeCommit":false,"messageTitle":"Set up template headers for team to fill in","messageBody":"","fileTypesAndContributionMap":{"docs":{"insertions":379,"deletions":1}}}]},{"date":"2023-03-05","commitResults":[{"hash":"f81fcf38fae85fd6c1dcfc9ec8d66cdc94b05760","isMergeCommit":false,"messageTitle":"Update PPP","messageBody":"","fileTypesAndContributionMap":{"docs":{"insertions":7,"deletions":28}}},{"hash":"c7978c3ea77228d313e8bc47877146d9efe56642","isMergeCommit":false,"messageTitle":"Rename PPP to kennethk-1201","messageBody":"","fileTypesAndContributionMap":{"docs":{"insertions":0,"deletions":0}}},{"hash":"0b531f694ff30891a577540a08ba2f50a8d38545","isMergeCommit":false,"messageTitle":"Fix PPP error","messageBody":"","fileTypesAndContributionMap":{"docs":{"insertions":8,"deletions":8}}},{"hash":"5651e5aab8eed4bbad3e5e7c972602949dc04835","isMergeCommit":true,"messageTitle":"Merge pull request #38 from kennethk-1201/branch-add-ppp","messageBody":"Update PPP","fileTypesAndContributionMap":{}},{"hash":"f56496634fbd8d6b87dc220c74715941d12434ec","isMergeCommit":false,"messageTitle":"Update kenneth section","messageBody":"","fileTypesAndContributionMap":{"docs":{"insertions":11,"deletions":83}}},{"hash":"555c4589c16873ae9edbd07501b289c349da41fa","isMergeCommit":false,"messageTitle":"Rectify possible CI test error","messageBody":"","fileTypesAndContributionMap":{"docs":{"insertions":1,"deletions":2}}},{"hash":"29a90c943d3d277a02506ea4c68dce8eb9576ccb","isMergeCommit":false,"messageTitle":"Add newline at EOF","messageBody":"","fileTypesAndContributionMap":{"docs":{"insertions":2,"deletions":2}}},{"hash":"a7c4c6117a713a0e659ebd4d5d2642cef58acf5f","isMergeCommit":true,"messageTitle":"Merge pull request #23 from 4ndrelim/branch-AboutUs","messageBody":"Update AboutUs.md to include personal responsibilities for Andre","fileTypesAndContributionMap":{}},{"hash":"5d8b6733ce5de51491bf73228de182f083e28945","isMergeCommit":true,"messageTitle":"Merge pull request #40 from kennethk-1201/branch-update-ug-kenneth","messageBody":"Branch update ug kenneth","fileTypesAndContributionMap":{}},{"hash":"cfb55e8386d665f511f16a5a344bfcd154906bca","isMergeCommit":false,"messageTitle":"Fix EOF","messageBody":"","fileTypesAndContributionMap":{"docs":{"insertions":1,"deletions":1}}},{"hash":"d555e2a4fe7dfe57fc0a98b089978f582fc92fdf","isMergeCommit":true,"messageTitle":"Merge pull request #39 from 4ndrelim/branch-UpdateUG","messageBody":"Update user guide for leave component","fileTypesAndContributionMap":{}},{"hash":"cfe7f58c857781ca8dad9fd865aa49c520a6d573","isMergeCommit":false,"messageTitle":"Remove traces of AB-3 in readme","messageBody":"","fileTypesAndContributionMap":{"docs":{"insertions":6,"deletions":9}}},{"hash":"e306ed985f51e488f6373e856227f36030c758c8","isMergeCommit":false,"messageTitle":"Update newline at EOF","messageBody":"","fileTypesAndContributionMap":{"docs":{"insertions":1,"deletions":1}}},{"hash":"526e52afddbff95d51e2dcb15bbf9483d031d229","isMergeCommit":true,"messageTitle":"Merge pull request #44 from jerrrren/jerren-DG-update","messageBody":"Jerren transfer dg from docs to github","fileTypesAndContributionMap":{}},{"hash":"b1fb5cca13b4db786696196b268e7c95960e63ce","isMergeCommit":false,"messageTitle":"Update fixes to README, UserGuide and DG","messageBody":"","fileTypesAndContributionMap":{"docs":{"insertions":49,"deletions":42}}},{"hash":"1954695f882856e5220ac68af1db9743341a81df","isMergeCommit":false,"messageTitle":"Update DG","messageBody":"","fileTypesAndContributionMap":{"docs":{"insertions":176,"deletions":66}}},{"hash":"c825b0f4483951bc3e4fb094065060884909719e","isMergeCommit":false,"messageTitle":"Update AddressBook names with SudoHR if applicable","messageBody":"","fileTypesAndContributionMap":{"docs":{"insertions":66,"deletions":66}}},{"hash":"d6f1a5f8c25929394878048071230e318cedc18f","isMergeCommit":true,"messageTitle":"Merge pull request #46 from pkwangjoo/branch-AboutUs","messageBody":"Update AboutUs (Kwangjoo)","fileTypesAndContributionMap":{}},{"hash":"1f3543c4dc13498f6518d0a32a9d0e56d914ea7e","isMergeCommit":false,"messageTitle":"Update portfolio","messageBody":"","fileTypesAndContributionMap":{"docs":{"insertions":1,"deletions":1}}},{"hash":"c035e79c5374354dfc8da6913a463acf34202777","isMergeCommit":true,"messageTitle":"Merge branch \u0027master\u0027 into branch-update-dg","messageBody":"","fileTypesAndContributionMap":{}},{"hash":"3ef24482d3dd273f70d899972014ef3eb52f03d0","isMergeCommit":false,"messageTitle":"Fix issues","messageBody":"","fileTypesAndContributionMap":{"docs":{"insertions":27,"deletions":27}}},{"hash":"f563187c8e4c8f10e8d3789d95e38c5f72c5f21b","isMergeCommit":true,"messageTitle":"Merge pull request #49 from pkwangjoo/branch-UG","messageBody":"Update user guide for performance review","fileTypesAndContributionMap":{}},{"hash":"2411f071a279dffb349ed1bc392a7d4b435344b0","isMergeCommit":true,"messageTitle":"Merge pull request #43 from jerrrren/jeren-UG-Update","messageBody":"Jeren ug update Jer En\u0027s features","fileTypesAndContributionMap":{}}]},{"date":"2023-03-06","commitResults":[{"hash":"0f983311c5aa6daa6b1c22c3f4f0bb0a140ceabc","isMergeCommit":false,"messageTitle":"Remove some features, command note and portion of command summary","messageBody":"","fileTypesAndContributionMap":{"docs":{"insertions":8,"deletions":46}}},{"hash":"f036497420eaf154356e8ae0b757da0cf532b297","isMergeCommit":false,"messageTitle":"Remove all instances of address book","messageBody":"","fileTypesAndContributionMap":{"docs":{"insertions":9,"deletions":9}}},{"hash":"844ace8d9520ad0da53c2fe2d87d26d4be8ea6b5","isMergeCommit":false,"messageTitle":"Update DG as well","messageBody":"","fileTypesAndContributionMap":{"docs":{"insertions":1,"deletions":7}}},{"hash":"c89ba48907ff60b8d62422fcabb20d306cadc342","isMergeCommit":false,"messageTitle":"Update NFR","messageBody":"","fileTypesAndContributionMap":{"docs":{"insertions":4,"deletions":3}}}]},{"date":"2023-03-08","commitResults":[{"hash":"a704761c56dbbc54bc91c3c19b00894a76cd8391","isMergeCommit":false,"messageTitle":"Create Department class","messageBody":"","fileTypesAndContributionMap":{"functional-code":{"insertions":73,"deletions":0}}},{"hash":"624fc3768fe1a5f6067d28b067fa8ab9d7702875","isMergeCommit":false,"messageTitle":"Complete foundation for UniqueDepartmentList class","messageBody":"","fileTypesAndContributionMap":{"functional-code":{"insertions":108,"deletions":1}}},{"hash":"71258bf53fdef62dd05a29f0350b70bb1ff18642","isMergeCommit":false,"messageTitle":"Create DepartmentManager class","messageBody":"","fileTypesAndContributionMap":{"functional-code":{"insertions":116,"deletions":18}}},{"hash":"fa5553bf1882e3566f3742bf08f2243e40938012","isMergeCommit":false,"messageTitle":"Complete Department logic on AddressBook level","messageBody":"","fileTypesAndContributionMap":{"functional-code":{"insertions":97,"deletions":6}}}]},{"date":"2023-03-09","commitResults":[{"hash":"4a4b47dbaf6997a1eddeaadd0237588e4c37b925","isMergeCommit":false,"messageTitle":"Create department exception classes","messageBody":"","fileTypesAndContributionMap":{"functional-code":{"insertions":95,"deletions":15}}}]},{"date":"2023-03-10","commitResults":[{"hash":"48758b2cb2426db284eb60e195980cb523c3dbec","isMergeCommit":false,"messageTitle":"Completed Add Department Command","messageBody":"","fileTypesAndContributionMap":{"functional-code":{"insertions":264,"deletions":39}}},{"hash":"cc738fd1371739b273ba2b72b0a13b63d01532e4","isMergeCommit":true,"messageTitle":"Resync address to sudoHR renaming","messageBody":"","fileTypesAndContributionMap":{}},{"hash":"fe3eb069dfba932650cbc494f3300fc407fe0cda","isMergeCommit":false,"messageTitle":"Add storage for departments","messageBody":"","fileTypesAndContributionMap":{"functional-code":{"insertions":113,"deletions":16}}},{"hash":"4da7d60d8d835d1309a9010aa0305c6010b16e05","isMergeCommit":false,"messageTitle":"Fix checkstyle","messageBody":"","fileTypesAndContributionMap":{"functional-code":{"insertions":47,"deletions":33}}},{"hash":"c877ea39216af3b376aa640e127a4cb66ae740bf","isMergeCommit":false,"messageTitle":"Fix checkstyle again","messageBody":"","fileTypesAndContributionMap":{"functional-code":{"insertions":1,"deletions":1}}},{"hash":"25cdb8126476019b1f77c58fefb5c09edd6a2794","isMergeCommit":false,"messageTitle":"Create tests for AddCommand","messageBody":"","fileTypesAndContributionMap":{"functional-code":{"insertions":11,"deletions":0},"test-code":{"insertions":267,"deletions":5}}}]},{"date":"2023-03-11","commitResults":[{"hash":"a995181db15793580b31f7a947b150a3ac79bdf4","isMergeCommit":false,"messageTitle":"Fix checkstyle","messageBody":"","fileTypesAndContributionMap":{"functional-code":{"insertions":3,"deletions":5},"docs":{"insertions":0,"deletions":1},"test-code":{"insertions":1,"deletions":1}}},{"hash":"094b667c3d884e9c8a305f556de9267e572468a2","isMergeCommit":false,"messageTitle":"Fix checkstyle","messageBody":"","fileTypesAndContributionMap":{"test-code":{"insertions":13,"deletions":9}}},{"hash":"454e1244f7a743504e1d34fc508b61b1c08dc6fd","isMergeCommit":false,"messageTitle":"Add more tests :(","messageBody":"","fileTypesAndContributionMap":{"functional-code":{"insertions":19,"deletions":4},"test-code":{"insertions":651,"deletions":33}}},{"hash":"02ebf70122d7293aa76fad91d2f6da609c4a7e37","isMergeCommit":false,"messageTitle":"Fix more checkstyle","messageBody":"","fileTypesAndContributionMap":{"functional-code":{"insertions":2,"deletions":2}}},{"hash":"1c134f86b15d2f27bb51b0412d4fe50e7faac443","isMergeCommit":false,"messageTitle":"Fix more checkstyle..","messageBody":"","fileTypesAndContributionMap":{"test-code":{"insertions":58,"deletions":36}}},{"hash":"bd8ab8dd2f41d9664df974c20f27629b710e3ff9","isMergeCommit":false,"messageTitle":"Fix more checkstyle...","messageBody":"","fileTypesAndContributionMap":{"test-code":{"insertions":15,"deletions":10}}},{"hash":"8da55fa97c88d02d5eb3bee1c71ff2621c72f2a7","isMergeCommit":false,"messageTitle":"Fix more checkstyleee","messageBody":"","fileTypesAndContributionMap":{"test-code":{"insertions":3,"deletions":1}}},{"hash":"ae91beaa9f50cdbbbb6eae8b7c7bcffb3de60f08","isMergeCommit":false,"messageTitle":"Fix moree","messageBody":"","fileTypesAndContributionMap":{"test-code":{"insertions":1,"deletions":1}}},{"hash":"d0cd352c1bbb0988ff67f726154515dea24592a9","isMergeCommit":false,"messageTitle":"Fix more hopefully","messageBody":"","fileTypesAndContributionMap":{"test-code":{"insertions":6,"deletions":5}}},{"hash":"845b43db0f0e76c715580eea182880b559555437","isMergeCommit":false,"messageTitle":"Fix again","messageBody":"","fileTypesAndContributionMap":{"test-code":{"insertions":0,"deletions":4}}}]},{"date":"2023-03-12","commitResults":[{"hash":"a1b8ef8c821f868f2b07d3aec0b802041fa0d70a","isMergeCommit":false,"messageTitle":"Create EditDepartmentCommand and EditDepartmentCommandParser","messageBody":"","fileTypesAndContributionMap":{"functional-code":{"insertions":204,"deletions":2}}},{"hash":"5412076a8a4eab41bfe9fe472c0d7a92ae7c98d9","isMergeCommit":false,"messageTitle":"Complete EditDepartmentCommand","messageBody":"","fileTypesAndContributionMap":{"functional-code":{"insertions":4,"deletions":10}}},{"hash":"d31280ca1fe81039a24fd7d394961d3b9eda9ecc","isMergeCommit":false,"messageTitle":"Handle some update department stuff","messageBody":"","fileTypesAndContributionMap":{"functional-code":{"insertions":18,"deletions":0},"test-code":{"insertions":237,"deletions":0}}},{"hash":"987cc9a636f75da8f65963fb10a41507f4e7bf70","isMergeCommit":true,"messageTitle":"Merge pull request #84 from kennethk-1201/branch-department","messageBody":"Create Department Command","fileTypesAndContributionMap":{}},{"hash":"8e542f5654b78edb20dbb1035701e0a5671b854b","isMergeCommit":false,"messageTitle":"Complete tests","messageBody":"","fileTypesAndContributionMap":{"functional-code":{"insertions":10,"deletions":1},"test-code":{"insertions":121,"deletions":96}}},{"hash":"e5e8ecc7ccd3e87ad5b859e6eabbca3fab75a06a","isMergeCommit":true,"messageTitle":"Merge upstream","messageBody":"","fileTypesAndContributionMap":{}},{"hash":"60b3b413f2f0c519a6b3a2b8866a04012a01f6ad","isMergeCommit":false,"messageTitle":"Fix checkstyle","messageBody":"","fileTypesAndContributionMap":{"functional-code":{"insertions":18,"deletions":8}}},{"hash":"a7d4be469dbcd54e9d5b2c6c6c4e5d49141b8ed8","isMergeCommit":false,"messageTitle":"Fix all checkstyles","messageBody":"","fileTypesAndContributionMap":{"functional-code":{"insertions":11,"deletions":7},"test-code":{"insertions":31,"deletions":11}}}]},{"date":"2023-03-13","commitResults":[{"hash":"76b6b72cadec2b1e50353cc3e812106c6d0e7944","isMergeCommit":true,"messageTitle":"Merge pull request #92 from kennethk-1201/branch-department-update","messageBody":"Branch department update\r\n\r\nFeatures/changes:\r\n- Command format: edep n/\r\n- Removed all filtered list tests for EditDepartmentCommand, as edit command uses department name, not an index from a department list view.","fileTypesAndContributionMap":{}}]},{"date":"2023-03-14","commitResults":[{"hash":"d8f457a8dc4f866d0ce6fff0ba85385b96af1d4d","isMergeCommit":false,"messageTitle":"Create AddEmployeeToDepartmentCommand class","messageBody":"","fileTypesAndContributionMap":{"functional-code":{"insertions":134,"deletions":10}}},{"hash":"054a75e78f8142caceeed92a76550a901ff9273e","isMergeCommit":false,"messageTitle":"Rename class correctly","messageBody":"","fileTypesAndContributionMap":{"other":{"insertions":0,"deletions":0}}},{"hash":"6001d2af3236fcfe71588826ca72e7c1acec2496","isMergeCommit":false,"messageTitle":"Complete parser method","messageBody":"","fileTypesAndContributionMap":{"functional-code":{"insertions":49,"deletions":0}}}]},{"date":"2023-03-15","commitResults":[{"hash":"537a83f5a741e0e77d2dbc421f76705e51ee7e80","isMergeCommit":false,"messageTitle":"Complete AddEmployeeToDepartmentCommand implementation","messageBody":"","fileTypesAndContributionMap":{"functional-code":{"insertions":8,"deletions":3}}},{"hash":"c41f6837af1fb5a51b998b295cdb277dd67964cd","isMergeCommit":false,"messageTitle":"Complete AddEmployeeToDepartmentCommandParserTest","messageBody":"","fileTypesAndContributionMap":{"functional-code":{"insertions":3,"deletions":1},"test-code":{"insertions":330,"deletions":0}}}]},{"date":"2023-03-16","commitResults":[{"hash":"921d1d61f5ab807824793a9db24dd4fcd96434aa","isMergeCommit":false,"messageTitle":"Fix checkstyle","messageBody":"","fileTypesAndContributionMap":{"functional-code":{"insertions":15,"deletions":12},"test-code":{"insertions":66,"deletions":17}}},{"hash":"7719448890756e96a8ab6995749d529d5e41e279","isMergeCommit":true,"messageTitle":"Merge pull request #106 from 4ndrelim/branch-RenamePerson","messageBody":"Remove all references to person and replace with employee","fileTypesAndContributionMap":{}},{"hash":"31274c27ae94fc465ae14c82855ed953b48889fb","isMergeCommit":true,"messageTitle":"Remove all person references","messageBody":"","fileTypesAndContributionMap":{}}]},{"date":"2023-03-17","commitResults":[{"hash":"7bb736e570adeb9e2ce582462dc8736ed500c4ac","isMergeCommit":false,"messageTitle":"Prevent non-existent employee in department","messageBody":"","fileTypesAndContributionMap":{"functional-code":{"insertions":10,"deletions":0}}},{"hash":"88360c3d101e6aaa0d90a895be8f06439c656187","isMergeCommit":false,"messageTitle":"Complete test cases","messageBody":"","fileTypesAndContributionMap":{"functional-code":{"insertions":14,"deletions":1},"test-code":{"insertions":49,"deletions":1}}},{"hash":"c69df320135da49ab89e1fca065a3337a7381414","isMergeCommit":false,"messageTitle":"Fix checkstyle","messageBody":"","fileTypesAndContributionMap":{"functional-code":{"insertions":0,"deletions":8},"test-code":{"insertions":2,"deletions":1}}}]},{"date":"2023-03-18","commitResults":[{"hash":"1c18e3b4f98aeb920bbb5f83356a4823ffe00a49","isMergeCommit":false,"messageTitle":"Complete RemovEmployeeFromDepartmentCommandParse","messageBody":"","fileTypesAndContributionMap":{"functional-code":{"insertions":4,"deletions":0}}},{"hash":"6a790edc52c0eda26862395b4d9eae7dd32b0b0c","isMergeCommit":false,"messageTitle":"Refactor department and employees into packages","messageBody":"","fileTypesAndContributionMap":{"functional-code":{"insertions":145,"deletions":12},"other":{"insertions":101,"deletions":52},"test-code":{"insertions":306,"deletions":12}}},{"hash":"c46190228d892b4fc6d1c8088475314c4836340d","isMergeCommit":false,"messageTitle":"Complete tests","messageBody":"","fileTypesAndContributionMap":{"test-code":{"insertions":45,"deletions":0}}},{"hash":"87421d30940468e8facb55a82b61444f14862c58","isMergeCommit":false,"messageTitle":"Fix checkstyle","messageBody":"","fileTypesAndContributionMap":{"functional-code":{"insertions":27,"deletions":11},"test-code":{"insertions":13,"deletions":23}}},{"hash":"82df32e4e0dc63454caa54e50c8279836ae529e2","isMergeCommit":false,"messageTitle":"Complete test cases","messageBody":"","fileTypesAndContributionMap":{"functional-code":{"insertions":14,"deletions":1},"test-code":{"insertions":49,"deletions":1}}},{"hash":"53b8c4feda6f812c39997322af8077b2840514a8","isMergeCommit":false,"messageTitle":"Fix checkstyle","messageBody":"","fileTypesAndContributionMap":{"functional-code":{"insertions":0,"deletions":8},"test-code":{"insertions":2,"deletions":1}}}]},{"date":"2023-03-19","commitResults":[{"hash":"882544c44db69f3e0fcbc3c975d757c40a44368c","isMergeCommit":false,"messageTitle":"Complete ListEmployeeDepartmentCommand","messageBody":"","fileTypesAndContributionMap":{"functional-code":{"insertions":132,"deletions":0}}},{"hash":"26a1d97496f673658d4d60bdf0c572a242b482b2","isMergeCommit":false,"messageTitle":"Complete test cases","messageBody":"","fileTypesAndContributionMap":{"functional-code":{"insertions":18,"deletions":3},"test-code":{"insertions":75,"deletions":0}}},{"hash":"b9d1451de8828d5f93b077d09813301a12ad4bdc","isMergeCommit":false,"messageTitle":"Complete checkstyle","messageBody":"","fileTypesAndContributionMap":{"functional-code":{"insertions":9,"deletions":5},"test-code":{"insertions":2,"deletions":1}}},{"hash":"0845af4144950a1c7fbd96a016e485d59ac02fc2","isMergeCommit":false,"messageTitle":"Complete predicate level tests","messageBody":"","fileTypesAndContributionMap":{"functional-code":{"insertions":1,"deletions":0},"test-code":{"insertions":53,"deletions":0}}},{"hash":"c73275fa3da3c185429affccfdb8802c5174f739","isMergeCommit":true,"messageTitle":"Merge pull request #103 from jerrrren/branch-add-leave","messageBody":"implement addleave and delete leave","fileTypesAndContributionMap":{}},{"hash":"7d2b3417e07587d0d5ff65abdda75fbf06908aa5","isMergeCommit":true,"messageTitle":"Fix merge conflict","messageBody":"","fileTypesAndContributionMap":{}},{"hash":"87c5e55366a6e2bea75cdafd743dee5838ff5501","isMergeCommit":false,"messageTitle":"Add data consistency check","messageBody":"","fileTypesAndContributionMap":{"functional-code":{"insertions":17,"deletions":1},"test-code":{"insertions":9,"deletions":0}}},{"hash":"7f157e8bf5b98120ca94880640cd40754fd60646","isMergeCommit":true,"messageTitle":"Fix merge conflicts","messageBody":"","fileTypesAndContributionMap":{}},{"hash":"080af8daac59eac47732ad5e5363aea00b005ea8","isMergeCommit":true,"messageTitle":"fix merge conflicts","messageBody":"","fileTypesAndContributionMap":{}},{"hash":"d6b72d7d3e2ce8b9b5437c51cef3b997870146d5","isMergeCommit":false,"messageTitle":"Update checkstyle + new tests","messageBody":"","fileTypesAndContributionMap":{"functional-code":{"insertions":3,"deletions":3},"test-code":{"insertions":2,"deletions":6}}},{"hash":"1d28e492a3c2c966c7b90e472895dcc4bb5ca87c","isMergeCommit":false,"messageTitle":"Fix checkstyle","messageBody":"","fileTypesAndContributionMap":{"test-code":{"insertions":6,"deletions":1}}},{"hash":"8f79c07baeb1575013502b906ca7da3aa931be21","isMergeCommit":true,"messageTitle":"Merge pull request #112 from kennethk-1201/remove-employee-from-department","messageBody":"Remove employee from department","fileTypesAndContributionMap":{}}]},{"date":"2023-03-23","commitResults":[{"hash":"18f6fe92ab2ecb4211de000737e8d77c33f14be3","isMergeCommit":false,"messageTitle":"Update DG","messageBody":"","fileTypesAndContributionMap":{"docs":{"insertions":240,"deletions":330}}},{"hash":"116bfa7c696d765413c399863ae38236db59ed54","isMergeCommit":true,"messageTitle":"Merge branch \u0027master\u0027 into update-DG","messageBody":"","fileTypesAndContributionMap":{}},{"hash":"6c7af44117f4a0bae6a8ca1a39c0f33f6cebc844","isMergeCommit":true,"messageTitle":"Handle PR comments + merge conflicts","messageBody":"","fileTypesAndContributionMap":{}},{"hash":"1f72ba346c5cff907b8e8c41727c88872a6b85c2","isMergeCommit":false,"messageTitle":"Fix checkstyle","messageBody":"","fileTypesAndContributionMap":{"functional-code":{"insertions":7,"deletions":1},"test-code":{"insertions":0,"deletions":4}}},{"hash":"1d53f89c0c6b579ab5b3bacfefa79f69aa9e653d","isMergeCommit":true,"messageTitle":"Merge pull request #136 from kennethk-1201/update-DG","messageBody":"Update DG (forced because it\u0027s just a dg)","fileTypesAndContributionMap":{}},{"hash":"780e6c115a8501a9995052f1dd611add0ebd0f69","isMergeCommit":true,"messageTitle":"Merge pull request #135 from 4ndrelim/branch-CascadeEditCommandForDept","messageBody":"Cascade delete and edit commands for employee to departments and leave","fileTypesAndContributionMap":{}},{"hash":"8a0950e0e84e26c898718eba0b9b50d6b7a136aa","isMergeCommit":true,"messageTitle":"Fix merge conflicts","messageBody":"","fileTypesAndContributionMap":{}}]},{"date":"2023-03-26","commitResults":[{"hash":"551782f6a40fdb3297757c709614ac2fb0a77551","isMergeCommit":false,"messageTitle":"Fix test issues","messageBody":"","fileTypesAndContributionMap":{"functional-code":{"insertions":3,"deletions":2},"test-code":{"insertions":11,"deletions":2}}},{"hash":"9f6d0b1ef7a7d92319e3973f22d47a0714996808","isMergeCommit":true,"messageTitle":"Merge pull request #152 from 4ndrelim/branch-ListLeaves","messageBody":"List Leaves Command","fileTypesAndContributionMap":{}},{"hash":"2fbd69cdbd0d87e06d7c25a110021fce91e4d1c5","isMergeCommit":true,"messageTitle":"Fix merge conflicts","messageBody":"","fileTypesAndContributionMap":{}},{"hash":"de27d5519d8ee0a5481be53a91d0b7b61837eb63","isMergeCommit":false,"messageTitle":"Fix the test cases","messageBody":"","fileTypesAndContributionMap":{"test-code":{"insertions":2,"deletions":6}}}]}]},"authorFileTypeContributionMap":{"jerrrren":{"docs":386,"functional-code":1375,"test-code":2491},"jweeyh":{"docs":51,"functional-code":189,"test-code":0},"pkwangjoo":{"docs":120,"functional-code":1189,"test-code":1081,"other":2},"4ndrelim":{"docs":89,"functional-code":939,"test-code":3161,"other":4},"kennethk-1201":{"docs":632,"functional-code":1403,"test-code":2060,"other":1}},"authorContributionVariance":{"jerrrren":514165.03,"jweeyh":777.2042,"pkwangjoo":227553.12,"4ndrelim":303904.34,"kennethk-1201":77925.875},"authorDisplayNameMap":{"jerrrren":"CS2103T-T17-2 CHEE..R EN","jweeyh":"CS2103T-T17-2 WEE ..THAN","pkwangjoo":"CS2103T-T17-2 PARK.. JOO","4ndrelim":"CS2103T-T17-2 ANDR..IKAI","kennethk-1201":"CS2103T-T17-2 KIAN..NETH"}}
