{"authorDailyContributionsMap":{"ryanjansen":[{"date":"2023-02-23","commitResults":[{"hash":"70ca6bc6bd6c618877140c299d17d1de7d39dc53","messageTitle":"Added Ryan\u0027s role to PPP","messageBody":"","fileTypesAndContributionMap":{"docs":{"insertions":27,"deletions":0}}}]}],"bernicetoh":[{"date":"2023-02-21","commitResults":[{"hash":"3feee78377a0b53a6e2b11e67100c36300d685a9","messageTitle":"Update AboutUs.md","messageBody":"","fileTypesAndContributionMap":{"docs":{"insertions":23,"deletions":17}}},{"hash":"67e5a47fdb77f4da7f466f7b1190ef863f561364","messageTitle":"Create bernicetoh skeletal PPP","messageBody":"","fileTypesAndContributionMap":{"docs":{"insertions":27,"deletions":0}}},{"hash":"5f100a342e4f8c94ed7d83a8dd41e87a18289ce3","messageTitle":"Link PPPs in AboutUs.md","messageBody":"","fileTypesAndContributionMap":{"docs":{"insertions":3,"deletions":0}}},{"hash":"251372fe8fc5d9081b8cf9be6b5fb0b8099d3ad2","messageTitle":"Update project title in bernicetoh.md","messageBody":"","fileTypesAndContributionMap":{"docs":{"insertions":1,"deletions":1}}},{"hash":"413bf48615bce5abacf76294d836a48918133508","messageTitle":"Update new feature in bernicetoh.md","messageBody":"","fileTypesAndContributionMap":{"docs":{"insertions":7,"deletions":2}}}]},{"date":"2023-02-23","commitResults":[{"hash":"fddc6b4986393a9f58a6ce7f4f079a54feded605","messageTitle":"Update ryanjansen img in AboutUs.md","messageBody":"","fileTypesAndContributionMap":{"docs":{"insertions":1,"deletions":1}}}]},{"date":"2023-03-01","commitResults":[{"hash":"15fcd2263b9f6af55fcc0f25823f9952984f3643","messageTitle":"Update AboutUs.md file names","messageBody":"","fileTypesAndContributionMap":{"docs":{"insertions":3,"deletions":3}}}]}],"kyueran":[{"date":"2023-02-21","commitResults":[{"hash":"a9178059fa5462c512b1967a88aa6ba1561d9354","messageTitle":"Update user guide","messageBody":"","fileTypesAndContributionMap":{"docs":{"insertions":47,"deletions":96}}},{"hash":"5fae0a751e38f2daded315292937f2d7a083469c","messageTitle":"Create kyueran\u0027s PPP","messageBody":"","fileTypesAndContributionMap":{"docs":{"insertions":27,"deletions":0}}},{"hash":"5032c25af459612cd533bfc6ed14f783d293395a","messageTitle":"Update Developer Guide","messageBody":"","fileTypesAndContributionMap":{"docs":{"insertions":81,"deletions":39}}}]}],"Mr-Teal":[{"date":"2023-02-21","commitResults":[{"hash":"9e1f3b3b13f39bd0462f0bccf00c551e3637f4a9","messageTitle":"Create Mr.Teal’s template PPP.","messageBody":"","fileTypesAndContributionMap":{"docs":{"insertions":24,"deletions":0}}},{"hash":"698c28416f9ce8bfdd9c9bf1da34e6cfa48d68ea","messageTitle":"Update UserGuide.md","messageBody":"","fileTypesAndContributionMap":{"docs":{"insertions":1,"deletions":3}}}]},{"date":"2023-03-01","commitResults":[{"hash":"b383ea298271428fe0b8d617e5cffefdac62d329","messageTitle":"Update mr-teal.md","messageBody":"","fileTypesAndContributionMap":{"docs":{"insertions":1,"deletions":1}}}]}],"germainelee02":[{"date":"2023-02-21","commitResults":[{"hash":"33b25ad875ffd814551c3f8a78fe0021b36c1dbd","messageTitle":"Update README.md and add Ui.png","messageBody":"","fileTypesAndContributionMap":{"docs":{"insertions":7,"deletions":10}}},{"hash":"a40f5b42ff8945ffd8a5b88b251ee82361453817","messageTitle":"Create germainelee02 PPP","messageBody":"","fileTypesAndContributionMap":{"docs":{"insertions":36,"deletions":0}}},{"hash":"584b687e008fccc087f8b3cd7240c50d73ca2c6e","messageTitle":"Create germainelee02 skeletal PPP","messageBody":"","fileTypesAndContributionMap":{"docs":{"insertions":9,"deletions":15}}},{"hash":"7720ef0fcf3323918fb3bc6eb7ab2130aaa117e4","messageTitle":"Add my role to PPP","messageBody":"","fileTypesAndContributionMap":{"docs":{"insertions":7,"deletions":6}}}]},{"date":"2023-02-26","commitResults":[{"hash":"70d4a63abb1ca37bad9b8c406090883e72c77727","messageTitle":"tutorial-adding-command","messageBody":"","fileTypesAndContributionMap":{"functional-code":{"insertions":290,"deletions":52},"test-code":{"insertions":63,"deletions":12}}},{"hash":"3e805d3c943192ace732d418e0984dcba8c8708b","messageTitle":"Revert \"tutorial-adding-command\"","messageBody":"","fileTypesAndContributionMap":{"functional-code":{"insertions":52,"deletions":290},"test-code":{"insertions":12,"deletions":63}}},{"hash":"2c841d6d088f814840762180acd204ec0c9d47f1","messageTitle":"changed PPP","messageBody":"","fileTypesAndContributionMap":{"docs":{"insertions":1,"deletions":0}}}]}]},"authorFileTypeContributionMap":{"ryanjansen":{"docs":27,"functional-code":0,"test-code":0},"bernicetoh":{"docs":59,"functional-code":0,"test-code":0},"kyueran":{"docs":147,"functional-code":0,"test-code":0},"Mr-Teal":{"docs":24,"functional-code":0,"test-code":0},"germainelee02":{"docs":39,"functional-code":0,"test-code":0}},"authorContributionVariance":{"ryanjansen":51.763306,"bernicetoh":460.89935,"kyueran":5971.598,"Mr-Teal":55.28994,"germainelee02":49192.9},"authorDisplayNameMap":{"ryanjansen":"CS2103T-W09-1 JANS..RICK","bernicetoh":"CS2103T-W09-1 BERN.. TOH","kyueran":"CS2103T-W09-1 KANG.. RAN","Mr-Teal":"CS2103T-W09-1 DING..HIYU","germainelee02":"CS2103T-W09-1 GERM..MING"}}
