{"authorDailyContributionsMap":{"MrTwit99":[{"date":"2023-02-22","commitResults":[{"hash":"54754a8121862330f312492c9a4a51175337fc05","isMergeCommit":true,"messageTitle":"Merge pull request #15 from securespider/master","messageBody":"Updated AboutUs and Added Skeletal PPP","fileTypesAndContributionMap":{}},{"hash":"03a104f790bf6f042d69a07ea5546631566da8ee","isMergeCommit":false,"messageTitle":"Update securespider.md","messageBody":"","fileTypesAndContributionMap":{"docs":{"insertions":2,"deletions":1}}},{"hash":"ee13e5f14938c26a1b0a552e17280a457e922eda","isMergeCommit":false,"messageTitle":"Add wenjue.md as part of \"Add a skeletal PPP\"","messageBody":"Fixes #17 #18 minor checkstyle errors in diatbbin.md \u0026 UserGuide.md\n\nAmend some changes in AboutUs.md\n\nAdd wenjue details into AboutUs.md\n","fileTypesAndContributionMap":{"docs":{"insertions":17,"deletions":14}}},{"hash":"e03ba5cfe5b2adbc136abb49fb5417c2c40f1b2c","isMergeCommit":false,"messageTitle":"Amend some changes in UserGuide.md","messageBody":"Add use case from GoogleDocs to DeveloperGuide.md\n\nAdd numbering column for user stories in DeveloperGuide.md\n","fileTypesAndContributionMap":{"docs":{"insertions":135,"deletions":89}}},{"hash":"cd9992637213e1ddcecfdcaa4035f53852194c3b","isMergeCommit":true,"messageTitle":"Merge branch \u0027branch-DeveloperGuide\u0027","messageBody":"","fileTypesAndContributionMap":{}}]},{"date":"2023-02-23","commitResults":[{"hash":"13c7f9e0f39d1451d5aea07c6bb281cd09bbe16f","isMergeCommit":false,"messageTitle":"Fix issue with PPP skeleton naming and photo naming for developer MrTwit99 by refractoring wenjue.png \u003e mrtwit99.png and wenjue.md \u003e mrtwit99.md","messageBody":"Fix photo naming issue for developer securespider by refractoring\nvincent.png \u003e securespider.png\n","fileTypesAndContributionMap":{"docs":{"insertions":4,"deletions":4}}},{"hash":"c6da6cafcf2f62fabadb59b834943c485c6b6ef4","isMergeCommit":false,"messageTitle":"Add Use Cases UC02-UC04, NFRs and Glossary","messageBody":"","fileTypesAndContributionMap":{"docs":{"insertions":100,"deletions":8}}},{"hash":"67e2e1d89b22c50575f57960e3e366e2409217cd","isMergeCommit":false,"messageTitle":"Fix trailing whitespace error at DeveloperGuide.md, UserGuide.md and securespider.md","messageBody":"","fileTypesAndContributionMap":{"docs":{"insertions":5,"deletions":6}}}]},{"date":"2023-02-26","commitResults":[{"hash":"a5e249e19ce796692d1f37550a7a95601393a49c","isMergeCommit":true,"messageTitle":"Merge pull request #29 from mayuanxin1234/master","messageBody":"Update DeveloperGuide.md and push all user stories, etc. to below where addressbook had them to solve dashboard issue","fileTypesAndContributionMap":{}}]},{"date":"2023-03-07","commitResults":[{"hash":"2bf50fa89ac6c7c64623119ea371ce4ca35bd445","isMergeCommit":false,"messageTitle":"Edit DeveloperGuide.md to change from \"I want...\" to \"I can...\" and \"So that I can...\" to \"So that...\" and amend the ordering of user stories so that it is based on highest priority","messageBody":"","fileTypesAndContributionMap":{"docs":{"insertions":36,"deletions":36}}}]},{"date":"2023-03-08","commitResults":[{"hash":"ebcbb84f508864a03598206fa19968f3fbc78f0b","isMergeCommit":false,"messageTitle":"Fix majority of Checkstyle errors, unable to fix some of the Checkstyle errors","messageBody":"Note:\nMain checkstyle errors fixed are, such as missing Javadoc comments,\nformatting etc\n","fileTypesAndContributionMap":{"functional-code":{"insertions":135,"deletions":45},"test-code":{"insertions":1,"deletions":0}}},{"hash":"9278c161f36668d7694b86d0e75524b31af75ad1","isMergeCommit":false,"messageTitle":"Fix majority of the Checkstyle errors for package Model","messageBody":"","fileTypesAndContributionMap":{"functional-code":{"insertions":10,"deletions":2}}},{"hash":"7f374c60614bb869380df901373e292ef8125dec","isMergeCommit":true,"messageTitle":"Merge pull request #46 from Diatbbin/branch-add-parent","messageBody":"Add parent and relationship class","fileTypesAndContributionMap":{}}]},{"date":"2023-03-09","commitResults":[{"hash":"a824aba2fa98c9a26447f7a4c20190c0665e133c","isMergeCommit":true,"messageTitle":"Merge pull request #48 from mayuanxin1234/v1.2a","messageBody":"Fix checkstyle error","fileTypesAndContributionMap":{}},{"hash":"ed8ea41f753af167a9f7f64d7c45f3d2af1b46d2","isMergeCommit":true,"messageTitle":"Merge branch \u0027master\u0027 of https://github.com/MrTwit99/tp","messageBody":"# Conflicts:\n#\tsrc/main/java/seedu/address/model/AddressBook.java\n#\tsrc/main/java/seedu/address/model/ModelManager.java\n#\tsrc/main/java/seedu/address/model/person/Age.java\n#\tsrc/main/java/seedu/address/model/person/Image.java\n#\tsrc/main/java/seedu/address/model/person/Person.java\n#\tsrc/main/java/seedu/address/model/person/Sex.java\n#\tsrc/main/java/seedu/address/model/person/student/Assignment.java\n#\tsrc/main/java/seedu/address/model/person/student/Attendance.java\n#\tsrc/main/java/seedu/address/model/person/student/Cca.java\n#\tsrc/main/java/seedu/address/model/person/student/Homework.java\n#\tsrc/main/java/seedu/address/model/person/student/IndexNumber.java\n#\tsrc/main/java/seedu/address/model/person/student/ParentName.java\n#\tsrc/main/java/seedu/address/model/person/student/Student.java\n#\tsrc/main/java/seedu/address/model/person/student/StudentClass.java\n#\tsrc/main/java/seedu/address/model/person/student/UniqueStudentList.java\n","fileTypesAndContributionMap":{}},{"hash":"0f0a0f131cb5804e3f6844b99ba606ec7689cedb","isMergeCommit":false,"messageTitle":"Fix checkstyle error in UniqueStudentList class in Model Package","messageBody":"","fileTypesAndContributionMap":{"functional-code":{"insertions":0,"deletions":1}}}]},{"date":"2023-03-12","commitResults":[{"hash":"00bbcfb219b90691e42227292a56502a80423b20","isMergeCommit":false,"messageTitle":"Add partial implementation of Add Parent command","messageBody":"Note:\nTo think of how to connect parents to students if manually\ncreating parents, also to consider how to display parents in GUI.\n","fileTypesAndContributionMap":{"functional-code":{"insertions":236,"deletions":45}}},{"hash":"27efe10d8d5a6725ea40c526e55170265ffa1446","isMergeCommit":false,"messageTitle":"Add parent creation implementation for AddressBook.java, ModelManager.java and UniqueParentList.java","messageBody":"","fileTypesAndContributionMap":{"functional-code":{"insertions":194,"deletions":2}}},{"hash":"1d5a59a35fb0a12a2e013a2ec1943eaa556d26de","isMergeCommit":false,"messageTitle":"Fix regressions caused by add Parent command","messageBody":"","fileTypesAndContributionMap":{"functional-code":{"insertions":16,"deletions":2}}},{"hash":"5b3ffc47a5347eae4bb664af401c62a9d0abfb70","isMergeCommit":false,"messageTitle":"Fix Checkstyle errors arose from Add Parent Command","messageBody":"","fileTypesAndContributionMap":{"functional-code":{"insertions":24,"deletions":5}}},{"hash":"03a1eb8286693dd1d0511f76f1495586bd13bf54","isMergeCommit":false,"messageTitle":"Fix checkstyle error arose from Add Parent Command","messageBody":"","fileTypesAndContributionMap":{"test-code":{"insertions":31,"deletions":0}}},{"hash":"da25691d17aaf28579e83438bcb7d91136250f3a","isMergeCommit":false,"messageTitle":"Add ability for users to input gender in both uppercase and lowercase by allowing our parser for gender in ParserUtil.java to automatically make the input gender become uppercase form","messageBody":"","fileTypesAndContributionMap":{"functional-code":{"insertions":1,"deletions":1}}},{"hash":"257f33da69b9b6c9244cb20c174097339c240d0d","isMergeCommit":false,"messageTitle":"Add details for \"add Parent\" command for the following files: Logic.java, LogicManager.java, ParentAddCommand.java,  AddressBookParser.java, Parent.java, Relationship.java,  MainWindow.java, MainWindow.fxml","messageBody":"Add ParentCard.java, ParentListPanel.java, ParentCard.fxml,\n ParentListPanel.fxml for \"add parent\" command\n","fileTypesAndContributionMap":{"functional-code":{"insertions":232,"deletions":22}}},{"hash":"59d4911f48d9ce3959a5c4f0740f5e5a1c5f7a2c","isMergeCommit":false,"messageTitle":"Fix checkstyle error for ParentListPanel.fxml","messageBody":"","fileTypesAndContributionMap":{"functional-code":{"insertions":1,"deletions":1}}},{"hash":"ab356c87ba110cbdedeb42fa014d22d8e5b79959","isMergeCommit":false,"messageTitle":"Fix checkstyle errors for Parent.java, ParentCard.java,  ParentListPanel.java","messageBody":"","fileTypesAndContributionMap":{"functional-code":{"insertions":8,"deletions":4}}}]},{"date":"2023-03-13","commitResults":[{"hash":"187953055c9526841402a609548113a0137684ec","isMergeCommit":false,"messageTitle":"Add defaultParent.png to fix error in showing parent on GUI","messageBody":"Fix format for helper message in ParentAddCommand.java and\nStudentAddCommand.java\n\nFix add parent command implementation in ArgumentMultimap.java,\nParentCommandParser.java, ParentCard.java\n\nFix GUI format in ParentCard.fxml, StudentCard.fxml, ParentCard.java\n","fileTypesAndContributionMap":{"functional-code":{"insertions":29,"deletions":14}}},{"hash":"d3494d3f7e482919da3b4511af28b6ff1b3fe0cc","isMergeCommit":false,"messageTitle":"Add JavaDoc for Parent.java and Student.java","messageBody":"","fileTypesAndContributionMap":{"functional-code":{"insertions":88,"deletions":25}}},{"hash":"f4ae95bc88f0066cc5982bfe148171622e2a0de8","isMergeCommit":true,"messageTitle":"Merge pull request #58 from securespider/branch-enhanced-class","messageBody":"Branch enhanced class","fileTypesAndContributionMap":{}},{"hash":"54503fbdb995947dfe36d6ff496a78b9061335a0","isMergeCommit":false,"messageTitle":"Fix issue with ability for users to add students from the same class with the same index number","messageBody":"","fileTypesAndContributionMap":{"functional-code":{"insertions":21,"deletions":4}}},{"hash":"b90576fb5121f3e6e87d7d8a9cd253f3535f200f","isMergeCommit":false,"messageTitle":"Fix checkstyle error with Person.java","messageBody":"","fileTypesAndContributionMap":{"functional-code":{"insertions":8,"deletions":3}}},{"hash":"647898e7a23367dc082c70588f7e39e996818224","isMergeCommit":false,"messageTitle":"Fix JUnit tests issue with DuplicateIndexNumber check of students from the same class","messageBody":"","fileTypesAndContributionMap":{"functional-code":{"insertions":9,"deletions":2}}},{"hash":"d681b5d96aa9054cade20d6b5a870ad7fad23301","isMergeCommit":true,"messageTitle":"Merge pull request #70 from mayuanxin1234/v1.2a","messageBody":"Add display of duplicate person error","fileTypesAndContributionMap":{}}]},{"date":"2023-03-14","commitResults":[{"hash":"6300de599440895e3269258944126ed5b55a50fa","isMergeCommit":true,"messageTitle":"Merge pull request #71 from mayuanxin1234/v1.2a","messageBody":"Implement student grade command","fileTypesAndContributionMap":{}},{"hash":"56dbd02ba5b9e0656252710681033b4788db2b17","isMergeCommit":false,"messageTitle":"Add getIndexNumber() and getStudentClass() in Parent.java","messageBody":"Edit UniqueParentList.java and Student.java to implement binding of\nparent to student\n\nNote:\nDO NOT MERGE, got issues not resolved yet, for instance internalList\nin UniqueParentList.java is empty although parents are already added\n","fileTypesAndContributionMap":{"functional-code":{"insertions":66,"deletions":2}}},{"hash":"9c75f215d20427caa48c6038c9c843e2af20ee98","isMergeCommit":false,"messageTitle":"Fix checkstyle errors","messageBody":"","fileTypesAndContributionMap":{"functional-code":{"insertions":4,"deletions":7}}}]},{"date":"2023-03-15","commitResults":[{"hash":"724895ec49077d122fd02e66344226a0c93a768d","isMergeCommit":true,"messageTitle":"Merge branch \u0027AY2223S2-CS2103T-T09-1:master\u0027 into branch-BindingParentStudent","messageBody":"","fileTypesAndContributionMap":{}},{"hash":"51ff2914ebe3a0243389b27778c9ff79d5014147","isMergeCommit":false,"messageTitle":"Fix Student constructor, now requires Parent Name, Parent Number and Relationship as COMPULSORY details for Student creation","messageBody":"Fix StudentCommandParser.java to incorporate NOK details for various\ncommands\n\nFix isSamePerson() in Person.java to check for Parents using their\nphone number\n\nFix Add Student Command in UserGuide.md to CORRECT way to call Add\nStudent Command\n\nRemove the case of PREFIX_PARENTNAME in getValue() of CliSyntax.java\n\nRemove getParent() and etc details from previous commits to Bind\nParent to Student in UniqueParentList.java and Student.java\n\nAdd NOK details in StudentCard.java, StudentCard.fxml\n\nNote:\nTo edit Parent classes as well like Student classes so that the\ncreation of Parent classes is dependent on index number, class, name\n, phone number and relationship\n\nTo bind parent to child via execute() in StudentAddCommand.java\n\nTo bind child to parent via execute() in ParentAddCommand.java\n","fileTypesAndContributionMap":{"functional-code":{"insertions":96,"deletions":83},"docs":{"insertions":4,"deletions":4}}},{"hash":"004c8654c7bfa47c5b64ab149fa28902fb1b5fb3","isMergeCommit":false,"messageTitle":"Fix checkstyle errors","messageBody":"","fileTypesAndContributionMap":{"functional-code":{"insertions":4,"deletions":5}}},{"hash":"3e861505435254e59dfe4c75091ebb8466e25e45","isMergeCommit":false,"messageTitle":"Fix UserGuide.md Add Student Command","messageBody":"Remove parseParentName() from ParserUtil.java\n\nAdd implementation of Student Binding to Parent during Add Student\nCommand (looks for Parent from existing parents or create new\nparent)\n\nNote:\n-To think of how to deal with catching ParseException in\nStudentAddCommand.java setParent()\n-To amend Parent class COMPULSORY details and bind parent to child\nduring creation\n","fileTypesAndContributionMap":{"functional-code":{"insertions":69,"deletions":16},"docs":{"insertions":1,"deletions":1}}},{"hash":"47399a3fb53d10571f302aa6455eb5b844a80a0c","isMergeCommit":true,"messageTitle":"Merge branch \u0027AY2223S2-CS2103T-T09-1:master\u0027 into branch-BindingParentStudent","messageBody":"","fileTypesAndContributionMap":{}},{"hash":"67814d570e50dcc118d636aa8e9cfa6ed008b332","isMergeCommit":false,"messageTitle":"Fix StudentGradeDeleteCommand field editedStudent in execute() to support updated Student constructor","messageBody":"","fileTypesAndContributionMap":{"functional-code":{"insertions":2,"deletions":2}}},{"hash":"8e73aef38edb398cde87d737f04ea5824afc3d9f","isMergeCommit":false,"messageTitle":"Fix Add Student Command to display Address in GUI","messageBody":"","fileTypesAndContributionMap":{"functional-code":{"insertions":31,"deletions":21}}},{"hash":"2f74978acc60ee0a047d745d838941b1ea99af6f","isMergeCommit":false,"messageTitle":"Change PREFIX_PHONE to PREFIX_PHONEPARENT in ParentCommandParser.java and ParentAddCommand.java","messageBody":"Fix GUI display for Student and Parent\n\nFix implementation of student binding to parent\n","fileTypesAndContributionMap":{"functional-code":{"insertions":49,"deletions":28}}},{"hash":"993a161fd820db3b9c3641b5c692bce161652c87","isMergeCommit":false,"messageTitle":"Fix checkstyle error","messageBody":"","fileTypesAndContributionMap":{"functional-code":{"insertions":0,"deletions":3}}},{"hash":"71d836e2876672d9410f69e7989bdc64560162bd","isMergeCommit":false,"messageTitle":"Fix Add Student command and Add Parent command in UserGuide.md","messageBody":"Add PREFIX_PARENTAGE and PREFIX_STUDENTAGE to differentiate between\nthe two due to different messages displayed if not given age in GUI\n\nNote:\n- Completed Binding of Parent to Student and Vice Versa.\n- Ready to Merge.\n- One issue: deal with catching ParseException in\nStudentAddCommand.java setParent()\n","fileTypesAndContributionMap":{"functional-code":{"insertions":69,"deletions":118},"docs":{"insertions":9,"deletions":9}}},{"hash":"8ad2b82a1364664d0862cebb3376c2c3e912ee8b","isMergeCommit":false,"messageTitle":"Fix checkstyle error","messageBody":"","fileTypesAndContributionMap":{"functional-code":{"insertions":7,"deletions":6}}},{"hash":"7dbb7f3cda4ac587d6055a067a51ca6f77f265f6","isMergeCommit":false,"messageTitle":"Fix Parent.java and StudentDeleteCommand.java so that when Student gets deleted, it unbinds from the Parent as well","messageBody":"","fileTypesAndContributionMap":{"functional-code":{"insertions":37,"deletions":0}}},{"hash":"2fc2d9735031f918868442459c17bffca8e1ab78","isMergeCommit":true,"messageTitle":"Merge branch \u0027AY2223S2-CS2103T-T09-1:master\u0027 into branch-BindingParentStudent","messageBody":"","fileTypesAndContributionMap":{}},{"hash":"be28e60df5737643af7d04a9c6f718f241a372dd","isMergeCommit":true,"messageTitle":"Merge pull request #79 from Diatbbin/branch-delete-parent","messageBody":"Update displayed messages and userguide","fileTypesAndContributionMap":{}}]},{"date":"2023-03-16","commitResults":[{"hash":"8335f5ac63661d51598b49610c9f04da1f1a049c","isMergeCommit":false,"messageTitle":"Fix previous problem where we could create student despite having issues binding the student to a parent where we try to create a NEW parent using an existing phone number that is already binded to a parent","messageBody":"","fileTypesAndContributionMap":{"functional-code":{"insertions":48,"deletions":22},"test-code":{"insertions":10,"deletions":0}}},{"hash":"4e08aae8f75aea9a735530bc5b4b2845351e915d","isMergeCommit":false,"messageTitle":"Add DuplicatePhoneException.java to throw a DuplicatePhoneException if user is trying to create a new parent with an existing phone number used by another parent with different names","messageBody":"Fix GUI display to show the DuplicatePhoneException error message when it is thrown\n","fileTypesAndContributionMap":{"functional-code":{"insertions":24,"deletions":1}}},{"hash":"771cb6bce95c027577a12f175aa17fe34ade7573","isMergeCommit":false,"messageTitle":"Fix checkstyle error","messageBody":"","fileTypesAndContributionMap":{"functional-code":{"insertions":5,"deletions":2}}}]}],"securespider":[{"date":"2023-02-17","commitResults":[{"hash":"0497e7c780e56696901dba9c5ff4caf4dd0f29a3","isMergeCommit":false,"messageTitle":"Update AboutUs.md","messageBody":"Template of AboutUs.md\r\n\r\nAdd in my information so that people who view the project can see who did it\r\n\r\nEdit my profile to include my role and image","fileTypesAndContributionMap":{"docs":{"insertions":4,"deletions":6}}}]},{"date":"2023-02-22","commitResults":[{"hash":"dcd9d5831064e5b3a667692dae1e98a7f554fc46","isMergeCommit":true,"messageTitle":"Merge branch \u0027master\u0027 into master","messageBody":"","fileTypesAndContributionMap":{}},{"hash":"ff9d1ace8f518c392b7ea1e1c856b4f29d7d7c02","isMergeCommit":true,"messageTitle":"Merge pull request #12 from Diatbbin/branch-AboutUs","messageBody":"Update AboutUs","fileTypesAndContributionMap":{}},{"hash":"4790489f27af6df5e79e22059fbe9ca0ba83ffa4","isMergeCommit":true,"messageTitle":"Merge pull request #13 from Diatbbin/branch-SkeletalPPP","messageBody":"Add skeletal PPP","fileTypesAndContributionMap":{}},{"hash":"57c09ba657a3149e94a65687f8e246849a46b846","isMergeCommit":false,"messageTitle":"Update AboutUs.md","messageBody":"Template of AboutUs.md\n\nAdd in my information so that people who view the project can see who did it\n\nEdit my profile to include my role and image\n","fileTypesAndContributionMap":{"docs":{"insertions":11,"deletions":1}}},{"hash":"0f59ee4f4fceeb8fdd990d7392de620425c4167f","isMergeCommit":false,"messageTitle":"Added Skeletal PPP","messageBody":"","fileTypesAndContributionMap":{"docs":{"insertions":48,"deletions":0}}},{"hash":"ad36f9e63ffe51e36a001201178de10f24a323c2","isMergeCommit":true,"messageTitle":"Merge remote-tracking branch \u0027origin/master\u0027","messageBody":"# Conflicts:\n#\tdocs/AboutUs.md\n","fileTypesAndContributionMap":{}},{"hash":"81f2403e7478261b118d66f2f13a404707e3901f","isMergeCommit":false,"messageTitle":"Updated AboutUs.md","messageBody":"Include Vincent\u0027s portfolio (PPP)\n","fileTypesAndContributionMap":{"docs":{"insertions":1,"deletions":0}}},{"hash":"0216454793198776830be90516bf184e3dc9d4fd","isMergeCommit":true,"messageTitle":"Merge pull request #16 from AY2223S2-CS2103T-T09-1/MrTwit99-patch-1","messageBody":"","fileTypesAndContributionMap":{}}]},{"date":"2023-02-23","commitResults":[{"hash":"2bbdda5f72f9634bd8f3cb8b2a35c628724bdcac","isMergeCommit":true,"messageTitle":"Merge pull request #24 from MrTwit99/branch-UseCase","messageBody":"Add Use Cases UC02-UC04, NFRs and Glossary","fileTypesAndContributionMap":{}},{"hash":"3d86326d814acab95417a6c6cb4eede2f0ac374b","isMergeCommit":true,"messageTitle":"Merge pull request #22 from MrTwit99/branch-AboutUs","messageBody":"Fix issue with PPP skeleton naming and photo naming for developer MrTwit99 and securespider","fileTypesAndContributionMap":{}}]},{"date":"2023-02-24","commitResults":[{"hash":"457ea13135e3723c89bfa0afb8441b97969a9e77","isMergeCommit":false,"messageTitle":"tutorial-adding-command","messageBody":"Added the comment command instead of remarks\n\nUser guide specified that comments can be made to students/parents\n","fileTypesAndContributionMap":{"functional-code":{"insertions":207,"deletions":8},"docs":{"insertions":41,"deletions":41},"test-code":{"insertions":165,"deletions":12}}},{"hash":"204ba2baa2a45dcb83d450d70ef588becb392199","isMergeCommit":false,"messageTitle":"Added newline at EOF to follow checkstyle requirements","messageBody":"","fileTypesAndContributionMap":{"functional-code":{"insertions":6,"deletions":6},"test-code":{"insertions":3,"deletions":3}}}]},{"date":"2023-03-03","commitResults":[{"hash":"3d5673c7d6a9b9b0334178f652699bb90de2007a","isMergeCommit":false,"messageTitle":"Updated DeveloperGuide.md with more NFR","messageBody":"","fileTypesAndContributionMap":{"docs":{"insertions":5,"deletions":0}}},{"hash":"87108b82acd8297e7b8529ba3ee2ff6c884a60ad","isMergeCommit":true,"messageTitle":"Merge branch \u0027master\u0027 into branch-update-dg","messageBody":"","fileTypesAndContributionMap":{}}]},{"date":"2023-03-10","commitResults":[{"hash":"6d0bcaec690fccedc48f82ccfc754f3caeeb3d21","isMergeCommit":false,"messageTitle":"Added score for Assignment and improved on the JavaDocs","messageBody":"","fileTypesAndContributionMap":{"functional-code":{"insertions":34,"deletions":22}}},{"hash":"10a32698e556c9299e8cc6e93e6e7f777ddb9efc","isMergeCommit":false,"messageTitle":"Added template for StudentGradeCommand to edit the grade attribute of student","messageBody":"","fileTypesAndContributionMap":{"functional-code":{"insertions":61,"deletions":3}}},{"hash":"3fb61f8e535983d9cdf6c44d8fe6c6db19ae420a","isMergeCommit":true,"messageTitle":"Merge branch \u0027tutorial-adding-command\u0027","messageBody":"# Conflicts:\n#\tsrc/main/java/seedu/address/logic/parser/CliSyntax.java\n","fileTypesAndContributionMap":{}},{"hash":"a22d63841420a75b8d7a7300e6a5d6edc16d4dea","isMergeCommit":false,"messageTitle":"Added Comment to the Person class","messageBody":"","fileTypesAndContributionMap":{"functional-code":{"insertions":31,"deletions":7}}},{"hash":"ec1ba5796ab0c0f4fcbedc903889de806556b905","isMergeCommit":false,"messageTitle":"Updated files to resolve checkstyle error","messageBody":"","fileTypesAndContributionMap":{"functional-code":{"insertions":22,"deletions":10},"test-code":{"insertions":33,"deletions":18}}},{"hash":"fbab6622097ae5938c9342177b49da050ebc16ff","isMergeCommit":false,"messageTitle":"Updated files to resolve checkstyle error","messageBody":"","fileTypesAndContributionMap":{"functional-code":{"insertions":8,"deletions":11}}}]},{"date":"2023-03-13","commitResults":[{"hash":"d1df611fced35116b6866217ae12f76d7e77489e","isMergeCommit":false,"messageTitle":"Added Class class to categorise students and parents","messageBody":"","fileTypesAndContributionMap":{"functional-code":{"insertions":319,"deletions":9}}},{"hash":"5cff1bd85ffd86dfd064ca00e510a2f72573b3c8","isMergeCommit":false,"messageTitle":"Updated Class class to work with the Student classes","messageBody":"","fileTypesAndContributionMap":{"functional-code":{"insertions":68,"deletions":35}}},{"hash":"3a43715185dc03a6e71ecc348e2b8b97079b4a0b","isMergeCommit":false,"messageTitle":"Updated files to fix gradle errors","messageBody":"","fileTypesAndContributionMap":{"functional-code":{"insertions":35,"deletions":37}}},{"hash":"9e90589fad8768472b75dfa0fc8f932b94b25003","isMergeCommit":false,"messageTitle":"Removed StudentClass.java","messageBody":"","fileTypesAndContributionMap":{"functional-code":{"insertions":0,"deletions":56}}},{"hash":"2318c536100469b8d8c19f58fdeffe9e0ab5f000","isMergeCommit":false,"messageTitle":"Added Class class to categorise students and parents","messageBody":"","fileTypesAndContributionMap":{"functional-code":{"insertions":319,"deletions":9}}},{"hash":"558c723ce0839a0287cacb3ff06fcab2d3071e0f","isMergeCommit":false,"messageTitle":"Updated Class class to work with the Student classes","messageBody":"","fileTypesAndContributionMap":{"functional-code":{"insertions":68,"deletions":35}}},{"hash":"c7a566e6112f80c0f3cbb987c768abc9d63cbcff","isMergeCommit":false,"messageTitle":"Updated files to fix gradle errors","messageBody":"","fileTypesAndContributionMap":{"functional-code":{"insertions":35,"deletions":37}}},{"hash":"e0a6132422af8a2505c7a02ac6c73ee947812237","isMergeCommit":false,"messageTitle":"Removed StudentClass.java","messageBody":"","fileTypesAndContributionMap":{"functional-code":{"insertions":0,"deletions":56}}},{"hash":"3caa07e4d5670a3ce30c2786ead95d70118be489","isMergeCommit":false,"messageTitle":"Updated tp to fix the Class class","messageBody":"","fileTypesAndContributionMap":{"functional-code":{"insertions":4,"deletions":4},"test-code":{"insertions":2,"deletions":2}}},{"hash":"c75b5db1f812cfb080a0e1a1571ccdce19331d56","isMergeCommit":true,"messageTitle":"Merge remote-tracking branch \u0027origin/branch-enhanced-class\u0027 into branch-enhanced-class","messageBody":"","fileTypesAndContributionMap":{}}]},{"date":"2023-03-16","commitResults":[{"hash":"96742f4c2173c6fa1c4afd40107c895da73f1f0b","isMergeCommit":true,"messageTitle":"Merge pull request #80 from mayuanxin1234/v1.2a","messageBody":"Update UI bugs","fileTypesAndContributionMap":{}}]}],"Diatbbin":[{"date":"2023-02-20","commitResults":[{"hash":"4610453073b84332406db907f47ed361d6f9b90b","isMergeCommit":false,"messageTitle":"Update AboutUs.md","messageBody":"","fileTypesAndContributionMap":{"docs":{"insertions":5,"deletions":4}}},{"hash":"025134c1f1fffbb6d67575cabb9c6576652ef4f9","isMergeCommit":false,"messageTitle":"Add skeletal PPP","messageBody":"","fileTypesAndContributionMap":{"docs":{"insertions":48,"deletions":0}}},{"hash":"2c072c31fec85576a7c6da3df3d23f494541b332","isMergeCommit":true,"messageTitle":"Merge branch \u0027master\u0027 into Update-AboutUs","messageBody":"","fileTypesAndContributionMap":{}},{"hash":"da01c615594479dfd11dc9efb34042154a502b31","isMergeCommit":true,"messageTitle":"Merge pull request #8 from mayuanxin1234/Update-AboutUs","messageBody":"Update aboutus.md","fileTypesAndContributionMap":{}},{"hash":"a81ca5a81dcf0a451c787d713ad6b2d3708296b7","isMergeCommit":true,"messageTitle":"Merge branch \u0027master\u0027 into Update-UserGuide","messageBody":"","fileTypesAndContributionMap":{}},{"hash":"d7efa7a8dfbb63df8fa7f1b87fb1d29ff0a1dd1d","isMergeCommit":true,"messageTitle":"Merge pull request #9 from mayuanxin1234/Update-UserGuide","messageBody":"Update UserGuide.md","fileTypesAndContributionMap":{}},{"hash":"e1197e51906c54025310af9d9869d2ca3143304a","isMergeCommit":true,"messageTitle":"Merge branch \u0027master\u0027 into Update-DeveloperGuide","messageBody":"","fileTypesAndContributionMap":{}},{"hash":"071184310fa0efca236fd9d11b1195b1faf4540e","isMergeCommit":true,"messageTitle":"Merge pull request #10 from mayuanxin1234/Update-DeveloperGuide","messageBody":"Update DeveloperGuide.md","fileTypesAndContributionMap":{}}]},{"date":"2023-02-22","commitResults":[{"hash":"69c3f841e40d833554d49688e642284dbb25e42c","isMergeCommit":true,"messageTitle":"Merge pull request #19 from mayuanxin1234/master","messageBody":"Update aboutus.md diatbbin","fileTypesAndContributionMap":{}},{"hash":"238eadc7d34820b7ce5fdd31e047c72b1a413f5f","isMergeCommit":true,"messageTitle":"Merge pull request #20 from MrTwit99/master","messageBody":"Fixes #17 #18 minor checkstyle errors in diatbbin.md \u0026 UserGuide.md","fileTypesAndContributionMap":{}}]},{"date":"2023-03-01","commitResults":[{"hash":"6f81513456a53d52c5f85fcd365a5fd38c0aa2f5","isMergeCommit":false,"messageTitle":"Update use cases and NFR in DG","messageBody":"","fileTypesAndContributionMap":{"docs":{"insertions":72,"deletions":14}}}]},{"date":"2023-03-07","commitResults":[{"hash":"fa43959ea8911e217daf29be5f5b21a9482fd79c","isMergeCommit":true,"messageTitle":"Merge pull request #44 from mayuanxin1234/v1.2a","messageBody":"Implement \u0027student add\u0027 command with additional test, attendance, assignment, homework, studentClass classes from vincent","fileTypesAndContributionMap":{}},{"hash":"3c4211f2831ab3d0035a215b4248a17de2534603","isMergeCommit":false,"messageTitle":"Add parent and relationship class and fix CI problems","messageBody":"","fileTypesAndContributionMap":{"functional-code":{"insertions":168,"deletions":5},"other":{"insertions":7,"deletions":3},"test-code":{"insertions":72,"deletions":28}}},{"hash":"484f21017ba4665db335fcc9493d0b17271b9cc2","isMergeCommit":false,"messageTitle":"Add newline at EOF for relationship","messageBody":"","fileTypesAndContributionMap":{"functional-code":{"insertions":1,"deletions":1}}}]},{"date":"2023-03-08","commitResults":[{"hash":"0083880e2536563303f055960ce589a531cefc1c","isMergeCommit":false,"messageTitle":"Update src/main/java/seedu/address/logic/parser/ParserUtil.java","messageBody":"Co-authored-by: MrTwit99 \u003c97277438+MrTwit99@users.noreply.github.com\u003e","fileTypesAndContributionMap":{"functional-code":{"insertions":8,"deletions":1}}}]},{"date":"2023-03-09","commitResults":[{"hash":"d6a1ece2c7d4845fab0b6f9d261355d50191cb73","isMergeCommit":true,"messageTitle":"Merge pull request #49 from MrTwit99/master","messageBody":"Merge conflicts with model package checkstyle errors fix","fileTypesAndContributionMap":{}}]},{"date":"2023-03-11","commitResults":[{"hash":"37e2c535db9626ea1ea6830cbaa2559ee365c5c1","isMergeCommit":true,"messageTitle":"Merge pull request #52 from mayuanxin1234/v1.2a","messageBody":"Implement student comment command","fileTypesAndContributionMap":{}}]},{"date":"2023-03-12","commitResults":[{"hash":"99863b54c5d04b93e2ffa3d927237112d0df3dc9","isMergeCommit":false,"messageTitle":"Implement delete student by class and index number","messageBody":"","fileTypesAndContributionMap":{"functional-code":{"insertions":93,"deletions":24},"test-code":{"insertions":16,"deletions":0}}},{"hash":"9ec5c2e22d665f138bff125a8622e5bd0bbd629e","isMergeCommit":true,"messageTitle":"Merge branch \u0027master\u0027 into branch-delete-student","messageBody":"","fileTypesAndContributionMap":{}},{"hash":"85541e4181ae44a750d01f6b4c54fd777585bff6","isMergeCommit":false,"messageTitle":"Add missing imports","messageBody":"","fileTypesAndContributionMap":{"functional-code":{"insertions":1,"deletions":0}}},{"hash":"2992aac4aa276bd625bddb149f64bbcdff96751b","isMergeCommit":false,"messageTitle":"Add newlines and remove trailing whitespace","messageBody":"","fileTypesAndContributionMap":{"functional-code":{"insertions":3,"deletions":4},"test-code":{"insertions":1,"deletions":1}}},{"hash":"ef09cce5f9a642711bacc058206842cf35b1c89c","isMergeCommit":false,"messageTitle":"Fix checkstyle errors","messageBody":"","fileTypesAndContributionMap":{"functional-code":{"insertions":4,"deletions":1}}},{"hash":"b0b90dff2563e9a2e390273cefd8c0b07d89f9e1","isMergeCommit":false,"messageTitle":"Fix checkstyle errors for imports","messageBody":"","fileTypesAndContributionMap":{"functional-code":{"insertions":1,"deletions":1}}},{"hash":"fe9906b2ab668b5c6b1143a971d346fd2b4aebe8","isMergeCommit":false,"messageTitle":"Update tests for delete command","messageBody":"","fileTypesAndContributionMap":{"functional-code":{"insertions":10,"deletions":10},"test-code":{"insertions":24,"deletions":13}}},{"hash":"89f96b3267747cf3f8fe34780b591c520526b38e","isMergeCommit":false,"messageTitle":"Fix checkstyle for AddressBookParserTest","messageBody":"","fileTypesAndContributionMap":{"test-code":{"insertions":7,"deletions":7}}}]},{"date":"2023-03-14","commitResults":[{"hash":"a1ae0070711f262d0589dcefc6454a8b85cf6921","isMergeCommit":true,"messageTitle":"Merge pull request #73 from mayuanxin1234/v1.2a","messageBody":"Fix parent add command cannot add phone number","fileTypesAndContributionMap":{}},{"hash":"3181d73956f595be9ca9fc4f3b3fd0447064d5c2","isMergeCommit":false,"messageTitle":"Implement delete parent","messageBody":"","fileTypesAndContributionMap":{"functional-code":{"insertions":95,"deletions":19}}}]},{"date":"2023-03-15","commitResults":[{"hash":"8a6885739d1b4ccd53234d09f7f1039e6ec83983","isMergeCommit":true,"messageTitle":"Update delete parent","messageBody":"","fileTypesAndContributionMap":{}},{"hash":"f841d67d810469b0d30601556a2065b1c1be6f25","isMergeCommit":false,"messageTitle":"Edit argMultiMap for parentDelete","messageBody":"","fileTypesAndContributionMap":{"functional-code":{"insertions":5,"deletions":3}}},{"hash":"fe9ada42a0487986179e4f6d53feb873e9f593f4","isMergeCommit":true,"messageTitle":"Merge https://github.com/AY2223S2-CS2103T-T09-1/tp into branch-delete-parent","messageBody":"","fileTypesAndContributionMap":{}},{"hash":"6d43fd2196294ecdc50af2add042c54e9d35b116","isMergeCommit":false,"messageTitle":"Fix bugs with parent delete","messageBody":"","fileTypesAndContributionMap":{"functional-code":{"insertions":23,"deletions":24}}},{"hash":"7c4ad7a50d8a8c63ea2ffd7585e33e6445a6061a","isMergeCommit":false,"messageTitle":"Add newline for parentDeleteCommand","messageBody":"","fileTypesAndContributionMap":{"functional-code":{"insertions":1,"deletions":1}}},{"hash":"a9dfd5039b99d23a7fb954c18bdd10423aa5d1f0","isMergeCommit":false,"messageTitle":"Fix checkstyle issues for parent delete","messageBody":"","fileTypesAndContributionMap":{"functional-code":{"insertions":29,"deletions":10}}},{"hash":"88f3f5604c3ce8266aabc0f4c5ed564f6b5f5201","isMergeCommit":false,"messageTitle":"Fix order of imports in ParentCommandParser","messageBody":"","fileTypesAndContributionMap":{"functional-code":{"insertions":1,"deletions":1}}},{"hash":"39e10b66f24a46bb56d411e589c6d5aa8494dfa4","isMergeCommit":false,"messageTitle":"Update tests","messageBody":"","fileTypesAndContributionMap":{"test-code":{"insertions":16,"deletions":16}}},{"hash":"30a22376bcffe67026f13c848feaad92d21253da","isMergeCommit":false,"messageTitle":"Update imports","messageBody":"","fileTypesAndContributionMap":{"test-code":{"insertions":12,"deletions":12}}},{"hash":"8827de467c0317b2edb70860f4f4de26cc04b9a4","isMergeCommit":false,"messageTitle":"Update imports","messageBody":"","fileTypesAndContributionMap":{"test-code":{"insertions":5,"deletions":5}}},{"hash":"ec66fbb2f830ab948365cb0509cfdc0a0bfb18e8","isMergeCommit":true,"messageTitle":"Merge https://github.com/AY2223S2-CS2103T-T09-1/tp into branch-delete-parent","messageBody":"","fileTypesAndContributionMap":{}},{"hash":"71e7cb7512f4683c0f52605e07c81f4f8ca87972","isMergeCommit":false,"messageTitle":"Update UserGuide for delete parent","messageBody":"","fileTypesAndContributionMap":{"functional-code":{"insertions":0,"deletions":1},"docs":{"insertions":3,"deletions":3}}},{"hash":"3d85fc9fabc0037944f5ecd333a66ebe5625c109","isMergeCommit":false,"messageTitle":"Fix checkstyle issues","messageBody":"","fileTypesAndContributionMap":{"functional-code":{"insertions":3,"deletions":2}}},{"hash":"d5d6a47057403c00d549b30e5ead0f53ad4c486b","isMergeCommit":true,"messageTitle":"Merge pull request #77 from mayuanxin1234/v1.2a","messageBody":"Update UI","fileTypesAndContributionMap":{}},{"hash":"91aa5059aa3393508d4a1b0ca4284d6caebbb89b","isMergeCommit":false,"messageTitle":"Update displayed messages and userguide","messageBody":"","fileTypesAndContributionMap":{"functional-code":{"insertions":4,"deletions":3},"docs":{"insertions":2,"deletions":2}}},{"hash":"c8cc0c50ddce79ec43bf577fee85c3a7cc7cc5b7","isMergeCommit":true,"messageTitle":"Merge https://github.com/AY2223S2-CS2103T-T09-1/tp into branch-delete-parent","messageBody":"","fileTypesAndContributionMap":{}}]}],"mayuanxin1234":[{"date":"2023-02-17","commitResults":[{"hash":"3fe26726c798b6f169aa86c54666b28b1fd1ded3","isMergeCommit":false,"messageTitle":"Update AboutUs.md","messageBody":"","fileTypesAndContributionMap":{"docs":{"insertions":9,"deletions":18}}},{"hash":"373b4ae33ec1a53e2caea3a0bd9563a2847ce381","isMergeCommit":false,"messageTitle":"Update README.md","messageBody":"","fileTypesAndContributionMap":{"docs":{"insertions":7,"deletions":6}}},{"hash":"96dffd12c8e7daab202b6c571f9b1fc83bbaefa6","isMergeCommit":false,"messageTitle":"Update UserGuide.md","messageBody":"","fileTypesAndContributionMap":{"docs":{"insertions":252,"deletions":82}}},{"hash":"65ec101e5d2515b0dfddf0d3d7d8d90e68f1c478","isMergeCommit":false,"messageTitle":"Create ppp mayuanxin1234","messageBody":"","fileTypesAndContributionMap":{"docs":{"insertions":1,"deletions":0}}},{"hash":"6ad7417d44baff90a7b5678c25f347dc0aa4e790","isMergeCommit":false,"messageTitle":"Update mayuanxin1234.md","messageBody":"","fileTypesAndContributionMap":{"docs":{"insertions":45,"deletions":0}}},{"hash":"e73b163fe6eee5e573d67a8b7158a35d90948c54","isMergeCommit":false,"messageTitle":"Update AboutUs.md","messageBody":"","fileTypesAndContributionMap":{"docs":{"insertions":1,"deletions":3}}},{"hash":"a24b7cdc368d134a51b53aa6747b0fd067e0fc16","isMergeCommit":false,"messageTitle":"Update DeveloperGuide.md","messageBody":"","fileTypesAndContributionMap":{"docs":{"insertions":89,"deletions":6}}}]},{"date":"2023-02-18","commitResults":[{"hash":"ebb6277489aaadd502601c5b3901dc72d7bf778a","isMergeCommit":false,"messageTitle":"Update aboutus.md","messageBody":"","fileTypesAndContributionMap":{"docs":{"insertions":9,"deletions":20}}},{"hash":"65cf96d0f62103eef53e34a1956651d1383ea7a8","isMergeCommit":false,"messageTitle":"Update UserGuide.md","messageBody":"","fileTypesAndContributionMap":{"docs":{"insertions":253,"deletions":83}}},{"hash":"69b32018594bc9267a674ebb4203ef07afee0d86","isMergeCommit":false,"messageTitle":"Update DeveloperGuide.md","messageBody":"","fileTypesAndContributionMap":{"docs":{"insertions":105,"deletions":22}}}]},{"date":"2023-02-22","commitResults":[{"hash":"20b9cb44689fcf9063333af88a5801e0b05dd0c0","isMergeCommit":false,"messageTitle":"Update aboutus.md diatbhin","messageBody":"","fileTypesAndContributionMap":{"docs":{"insertions":2,"deletions":2}}}]},{"date":"2023-02-25","commitResults":[{"hash":"16e95b45d745d2d5a090e59ace1a3b7509ccaa75","isMergeCommit":false,"messageTitle":"Update readme.md, docs/_config.yml, DeveloperGuide/md, UserGuide.md, Ui.png to solve problem highlighted in dashboard","messageBody":"","fileTypesAndContributionMap":{"docs":{"insertions":203,"deletions":88}}},{"hash":"e319d60177f3bc83d4451992ce19398cfb3791cb","isMergeCommit":false,"messageTitle":"Update DeveloperGuide.md and push all user stories, etc. to below where addressbook had them to solve dashboard issue","messageBody":"","fileTypesAndContributionMap":{"docs":{"insertions":0,"deletions":190}}}]},{"date":"2023-03-02","commitResults":[{"hash":"5e807cec42575e0b4b697b843d13a46c253c9a6f","isMergeCommit":true,"messageTitle":"Merge pull request #30 from Diatbbin/branch-DeveloperGuide","messageBody":"Update use cases and NFR in DG","fileTypesAndContributionMap":{}}]},{"date":"2023-03-03","commitResults":[{"hash":"95523292d2d8901575d9a0c01831ed25ffdf8a6b","isMergeCommit":true,"messageTitle":"Merge pull request #31 from securespider/branch-update-dg","messageBody":"Updated DeveloperGuide.md with more NFR","fileTypesAndContributionMap":{}}]},{"date":"2023-03-06","commitResults":[{"hash":"589a106297d4d31fdabeb8144f8c14c31d3203d0","isMergeCommit":false,"messageTitle":"Implement \u0027student add\u0027 command","messageBody":"","fileTypesAndContributionMap":{"functional-code":{"insertions":1146,"deletions":2},"test-code":{"insertions":689,"deletions":0}}},{"hash":"19beddc0eb6f346d1639c16b81957ce8625a805b","isMergeCommit":false,"messageTitle":"Fix developer guide trailing whitespace","messageBody":"","fileTypesAndContributionMap":{"docs":{"insertions":3,"deletions":3}}},{"hash":"08aeabdc547baae9dbb947795b028d798fb52a17","isMergeCommit":false,"messageTitle":"Fix Workflow problems","messageBody":"","fileTypesAndContributionMap":{"functional-code":{"insertions":1,"deletions":1}}},{"hash":"bdd46be3ce7b6f65138846a406e7b95950c34de3","isMergeCommit":false,"messageTitle":"Update checkstyle errors","messageBody":"","fileTypesAndContributionMap":{"functional-code":{"insertions":1,"deletions":5}}},{"hash":"8b119a62f6fd7f41f62ec339124ca9e05cc150e7","isMergeCommit":false,"messageTitle":"Add attendance, test, Homework, Assignment, StudentClass classes from vincent","messageBody":"","fileTypesAndContributionMap":{"functional-code":{"insertions":350,"deletions":15}}}]},{"date":"2023-03-07","commitResults":[{"hash":"a7a345a6f50afb30c80d17461ca4dae7d066da11","isMergeCommit":true,"messageTitle":"Merge pull request #45 from MrTwit99/branch-DeveloperGuide-v1","messageBody":"Edit DeveloperGuide.md\u0027s User Stories","fileTypesAndContributionMap":{}},{"hash":"1f541cb2301697fd39e83ee4fa27daf738655cfc","isMergeCommit":true,"messageTitle":"Merge branch \u0027AY2223S2-CS2103T-T09-1:master\u0027 into v1.2a","messageBody":"","fileTypesAndContributionMap":{}}]},{"date":"2023-03-08","commitResults":[{"hash":"700c75261508fbc8904b31eabf8e2acb1b046e69","isMergeCommit":false,"messageTitle":"Fix checkstyle error","messageBody":"","fileTypesAndContributionMap":{"functional-code":{"insertions":436,"deletions":143},"other":{"insertions":9,"deletions":6},"test-code":{"insertions":5,"deletions":1}}}]},{"date":"2023-03-10","commitResults":[{"hash":"641aca6fc2c94bdca588c581db4ad35a27fae1b3","isMergeCommit":true,"messageTitle":"Merge pull request #50 from securespider/branch-add-comment-person","messageBody":"","fileTypesAndContributionMap":{}},{"hash":"3ca36ac946260f9a5fb2677fae495db26f533d04","isMergeCommit":true,"messageTitle":"Merge pull request #51 from securespider/branch-grade-student","messageBody":"Add grade template for student","fileTypesAndContributionMap":{}},{"hash":"d3135be19961be16fe7375895d44f91323b6cba0","isMergeCommit":false,"messageTitle":"Implement student comment command","messageBody":"","fileTypesAndContributionMap":{"functional-code":{"insertions":201,"deletions":26}}}]},{"date":"2023-03-13","commitResults":[{"hash":"77886fbe0cffa4642b12f45dba64709c7bcd52ee","isMergeCommit":true,"messageTitle":"Merge pull request #54 from MrTwit99/branch-AddParent","messageBody":"Add implementation of Add Parent command","fileTypesAndContributionMap":{}},{"hash":"2d9682cd345b54f3238169420efee21404a374e6","isMergeCommit":true,"messageTitle":"Merge branch \u0027master\u0027 into branch-delete-student","messageBody":"","fileTypesAndContributionMap":{}},{"hash":"49a784215047a44e8b7ab7d9fc913b20faa55f17","isMergeCommit":false,"messageTitle":"Update StudentCommandParser.java","messageBody":"","fileTypesAndContributionMap":{"functional-code":{"insertions":1,"deletions":1}}},{"hash":"32dee1b292a68624ea8d8612fe1edb6d1ae0d071","isMergeCommit":false,"messageTitle":"Update AddressBookParser.java","messageBody":"","fileTypesAndContributionMap":{"functional-code":{"insertions":1,"deletions":1}}},{"hash":"ba28a2ce36eb76130445e5001ed5d432ea051fad","isMergeCommit":false,"messageTitle":"Update StudentCommandParser.java","messageBody":"","fileTypesAndContributionMap":{"functional-code":{"insertions":1,"deletions":1}}},{"hash":"10b91da79591c90492f42d7616e4f33147fdef01","isMergeCommit":true,"messageTitle":"Merge pull request #55 from Diatbbin/branch-delete-student","messageBody":"Implement delete student by class and index number","fileTypesAndContributionMap":{}},{"hash":"3135132182cef7f0d8d18ff149b42664252cd3fa","isMergeCommit":true,"messageTitle":"Merge pull request #69 from MrTwit99/branch-DuplicateIndexNumber","messageBody":"Fix issue where users can add student from the same class with the same index number as an existing student","fileTypesAndContributionMap":{}},{"hash":"e6bf83da8224479473a2c81ab94ea9d73c4b80d6","isMergeCommit":false,"messageTitle":"Add display of duplicate person error","messageBody":"","fileTypesAndContributionMap":{"functional-code":{"insertions":5,"deletions":0}}}]},{"date":"2023-03-14","commitResults":[{"hash":"1fcc9d95a5b6d74bfff91db1bf15b946cacf81ec","isMergeCommit":false,"messageTitle":"Implement student grade command","messageBody":"","fileTypesAndContributionMap":{"functional-code":{"insertions":390,"deletions":66}}},{"hash":"d4587c748cd1d9aa196a3a965db02bc84f020da7","isMergeCommit":false,"messageTitle":"Fix parent add command cannot add phone number","messageBody":"","fileTypesAndContributionMap":{"functional-code":{"insertions":15,"deletions":9},"test-code":{"insertions":16,"deletions":10}}},{"hash":"dd34e1d26b74d280787023c9718eaf8324833b33","isMergeCommit":false,"messageTitle":"Fix delete command prompts","messageBody":"","fileTypesAndContributionMap":{"functional-code":{"insertions":20,"deletions":10}}},{"hash":"1b6613da1a93535ca0ee062af906e337a3bc4374","isMergeCommit":false,"messageTitle":"Fix delete command prompt","messageBody":"","fileTypesAndContributionMap":{"functional-code":{"insertions":8,"deletions":9},"test-code":{"insertions":3,"deletions":4}}},{"hash":"fb8811f350a665efa7a082d28c1e289369e91a52","isMergeCommit":false,"messageTitle":"Implement student CLASS_NAME gradedelete in/\u003cINDEX_NUMBER\u003e [test/\u003cTEST_NAME\u003e hw/\u003cHOMEWORK_NAME\u003e]","messageBody":"","fileTypesAndContributionMap":{"functional-code":{"insertions":215,"deletions":30}}}]},{"date":"2023-03-15","commitResults":[{"hash":"f429bcbecfcb3e9d5df65651101a2da7e0a814c6","isMergeCommit":true,"messageTitle":"Merge pull request #74 from mayuanxin1234/v1.2a","messageBody":"Fix delete command prompts and implement student gradedelete command","fileTypesAndContributionMap":{}},{"hash":"5d9e39f60e7063c9b87cfd386518ffdd06da30dc","isMergeCommit":true,"messageTitle":"Merge pull request #72 from MrTwit99/branch-BindingParentStudent","messageBody":"branch-BindingStudentParent","fileTypesAndContributionMap":{}},{"hash":"8defb6961a6f6b3cfc7a50a008381f3afe1ac765","isMergeCommit":false,"messageTitle":"Update UI","messageBody":"","fileTypesAndContributionMap":{"functional-code":{"insertions":164,"deletions":162},"test-code":{"insertions":1,"deletions":1}}},{"hash":"4a4a73f23d01ea3a31761505440d5dd96e6a6dfa","isMergeCommit":true,"messageTitle":"Merge branch \u0027master\u0027 into v1.2a","messageBody":"","fileTypesAndContributionMap":{}},{"hash":"2264df36ba449f9254c9fef267af5f4572621156","isMergeCommit":false,"messageTitle":"Update checkstyle","messageBody":"","fileTypesAndContributionMap":{"functional-code":{"insertions":2,"deletions":2}}},{"hash":"8a09f08abbc70be5eb2f9361ea4f3d24845726e1","isMergeCommit":true,"messageTitle":"Merge branch \u0027v1.2a\u0027 of https://github.com/mayuanxin1234/tp into v1.2a","messageBody":"","fileTypesAndContributionMap":{}},{"hash":"12a5b032bf59f17685b7b36e573f313761199ada","isMergeCommit":true,"messageTitle":"Merge pull request #76 from Diatbbin/branch-delete-parent","messageBody":"Implement delete parent by phone number","fileTypesAndContributionMap":{}},{"hash":"634afb2188390d289b8262b3398ca399e5ea39a3","isMergeCommit":true,"messageTitle":"Merge pull request #78 from MrTwit99/branch-BindingParentStudent","messageBody":"Implement unbind of Student from Parent when Student gets deleted","fileTypesAndContributionMap":{}},{"hash":"748c1589702ff327fa63bf97aa2e00602f2c59b4","isMergeCommit":true,"messageTitle":"Merge branch \u0027master\u0027 into v1.2a","messageBody":"","fileTypesAndContributionMap":{}},{"hash":"4ba6e594bbf7befbc3449aefbab20aab81f04e0b","isMergeCommit":false,"messageTitle":"Update UI bugs","messageBody":"","fileTypesAndContributionMap":{"functional-code":{"insertions":71,"deletions":58}}}]},{"date":"2023-03-16","commitResults":[{"hash":"aa7aba22be5060033fd76724da9edba43a9ed47e","isMergeCommit":false,"messageTitle":"Patch black box","messageBody":"","fileTypesAndContributionMap":{"functional-code":{"insertions":1,"deletions":1}}},{"hash":"29805a720a0ba87b64efdf8cacef34caa3fccf32","isMergeCommit":true,"messageTitle":"Merge pull request #81 from MrTwit99/branch-BindingParentStudent","messageBody":"Fix previous bug where users are able to create student despite having binding issues with parent","fileTypesAndContributionMap":{}},{"hash":"640a91ecfdde98e6aaba6860621d6cc453fcbad2","isMergeCommit":true,"messageTitle":"Merge pull request #82 from MrTwit99/master","messageBody":"Add DuplicatePhoneException.java to throw a DuplicatePhoneException","fileTypesAndContributionMap":{}}]}]},"authorFileTypeContributionMap":{"MrTwit99":{"docs":102,"functional-code":1163,"test-code":42},"securespider":{"docs":98,"functional-code":652,"test-code":187},"Diatbbin":{"docs":128,"functional-code":324,"test-code":131},"mayuanxin1234":{"docs":327,"functional-code":2303,"test-code":695}},"authorContributionVariance":{"MrTwit99":38888.62,"securespider":51910.348,"Diatbbin":5568.259,"mayuanxin1234":204170.02},"authorDisplayNameMap":{"MrTwit99":"CS2103T-T09-1 YEO .. JUE","securespider":"CS2103T-T09-1 PANG..CENT","Diatbbin":"CS2103T-T09-1 LIM ..BBIN","mayuanxin1234":"CS2103T-T09-1 MA Y..NXIN"}}
