{"authorDailyContributionsMap":{"NappySprout":[{"date":"2023-02-27","commitResults":[{"hash":"7ecc89ca38e77c86260ceb38a0d98c72c353f71d","isMergeCommit":false,"messageTitle":"Add about us and portfolio pages","messageBody":"","fileTypesAndContributionMap":{"docs":{"insertions":158,"deletions":22}}}]}],"anchengyang":[{"date":"2023-02-20","commitResults":[{"hash":"73c8dbe30c180fce807b246c4d8a83dc17942315","isMergeCommit":false,"messageTitle":"Add fullstop","messageBody":"","fileTypesAndContributionMap":{"docs":{"insertions":1,"deletions":1}}}]},{"date":"2023-02-27","commitResults":[{"hash":"5992e4ecb1f52b38185201c813345437188ef380","isMergeCommit":true,"messageTitle":"Merge branch \u0027AY2223S2-CS2103T-F12-2:master\u0027 into undo","messageBody":"","fileTypesAndContributionMap":{}},{"hash":"9ed9f02213c29ed144637ad0977e086bf99eea9b","isMergeCommit":false,"messageTitle":"Add cy skeletal PPP","messageBody":"","fileTypesAndContributionMap":{"docs":{"insertions":46,"deletions":0}}},{"hash":"94f68d3a82e1a0c5a4b3be0bbc384b3ee61c448d","isMergeCommit":true,"messageTitle":"Merge pull request #1 from anchengyang/PPP","messageBody":"Add cy skeletal PPP","fileTypesAndContributionMap":{}},{"hash":"16d4a9a701727494fc7a87b28b19be48e39b783e","isMergeCommit":true,"messageTitle":"Merge pull request #1 from anchengyang/master","messageBody":"Skeletal PPP","fileTypesAndContributionMap":{}},{"hash":"07aa5b02f21b431ecc7a307ebe25dd1c1743d330","isMergeCommit":true,"messageTitle":"Merge pull request #22 from AY2223S2-CS2103T-F12-2/cy","messageBody":"Merge Cheng Yang\u0027s PPP to master branch","fileTypesAndContributionMap":{}},{"hash":"493cefa851b4847cc132158e82074a2fd7ea7e7c","isMergeCommit":true,"messageTitle":"Merge pull request #23 from NappySprout/about-us","messageBody":"Add about us and portfolio pages","fileTypesAndContributionMap":{}}]},{"date":"2023-03-01","commitResults":[{"hash":"051005f0450e0ce4128d1081bb92fb7478f9247c","isMergeCommit":false,"messageTitle":"Update use cases and NFR","messageBody":"","fileTypesAndContributionMap":{"docs":{"insertions":130,"deletions":23}}},{"hash":"2ee9c46501ffa02c485b64a7b760837ef159cedb","isMergeCommit":true,"messageTitle":"Merge pull request #28 from linustws/branch-update-site-wide-settings","messageBody":"Update site-wide settings","fileTypesAndContributionMap":{}},{"hash":"0e95c44655b88e80efafee042d2e5b451b504451","isMergeCommit":false,"messageTitle":"Change addressbook to CoDoc","messageBody":"","fileTypesAndContributionMap":{"docs":{"insertions":17,"deletions":17}}},{"hash":"ff7f4bb36c310544c305c366bf2ea837c6d6772d","isMergeCommit":false,"messageTitle":"Update use case","messageBody":"","fileTypesAndContributionMap":{"docs":{"insertions":3,"deletions":3}}}]}],"linustws":[{"date":"2023-02-23","commitResults":[{"hash":"7110f60366d69a43aba34d6b21712f3d0494f7b8","isMergeCommit":false,"messageTitle":"Add fullstop","messageBody":"","fileTypesAndContributionMap":{"docs":{"insertions":1,"deletions":1}}},{"hash":"a3e880357f7ec765a2bcfd35c86d628644ea658d","isMergeCommit":false,"messageTitle":"Upload skeletal PPP","messageBody":"","fileTypesAndContributionMap":{"docs":{"insertions":46,"deletions":0}}}]},{"date":"2023-02-25","commitResults":[{"hash":"4a39ffe542f2a16fa32b6b9e6961c1ef422edb08","isMergeCommit":false,"messageTitle":"Add Skeletal PPP :hammer:","messageBody":"","fileTypesAndContributionMap":{"docs":{"insertions":46,"deletions":0}}},{"hash":"7c8e80cec3498c3a9430136cc87214a018c58376","isMergeCommit":true,"messageTitle":"Merge branch \u0027master\u0027 of https://github.com/AY2223S2-CS2103T-F12-2/tp","messageBody":"","fileTypesAndContributionMap":{}}]},{"date":"2023-02-28","commitResults":[{"hash":"862bfcd7d9ff505a4374cf4c369d697b2f8f1366","isMergeCommit":false,"messageTitle":"Update REAME.md","messageBody":"","fileTypesAndContributionMap":{"docs":{"insertions":66,"deletions":13}}},{"hash":"f18d3e291c6007e771a047b2ee442439f8935ab4","isMergeCommit":true,"messageTitle":"Merge branch \u0027master\u0027 of https://github.com/AY2223S2-CS2103T-F12-2/tp","messageBody":"","fileTypesAndContributionMap":{}},{"hash":"7b4816891fc40116933bb61f09ae3634992f47b1","isMergeCommit":true,"messageTitle":"Merge branch \u0027master\u0027 into branch-update-readme","messageBody":"","fileTypesAndContributionMap":{}},{"hash":"b488173b3342c0cd6ecdfc937b58156c5e186b3d","isMergeCommit":true,"messageTitle":"Merge pull request #27 from harin0826/harin0826-about-us","messageBody":"Update Developer Guide","fileTypesAndContributionMap":{}},{"hash":"2ad4d4d98b230666ddfb7370dae1afff28e52959","isMergeCommit":true,"messageTitle":"Merge branch \u0027master\u0027 into branch-update-site-wide-settings","messageBody":"","fileTypesAndContributionMap":{}},{"hash":"5f83abb9fae8585253fe6f7b262b38f81440d1f4","isMergeCommit":false,"messageTitle":"Change Codoc to CoDoc","messageBody":"","fileTypesAndContributionMap":{"docs":{"insertions":4,"deletions":4}}}]},{"date":"2023-03-02","commitResults":[{"hash":"11a040a7eeda5664b98640ccdbaf16e8984660be","isMergeCommit":true,"messageTitle":"Merge pull request #32 from ShawnYip-Au/user-guide","messageBody":"UG updates","fileTypesAndContributionMap":{}}]},{"date":"2023-03-06","commitResults":[{"hash":"8b167f80a23d5da9d0197da94b23aba6b7e2472c","isMergeCommit":false,"messageTitle":"Change tags to skills","messageBody":"","fileTypesAndContributionMap":{"functional-code":{"insertions":172,"deletions":172},"docs":{"insertions":23,"deletions":23},"test-code":{"insertions":182,"deletions":175}}}]},{"date":"2023-03-07","commitResults":[{"hash":"eeaed09b0c0b092687a3cf3f82891ed1f56bc932","isMergeCommit":false,"messageTitle":"Renamed things like HUSBAND, FRIEND to valid skills, replaced everything related to tags","messageBody":"","fileTypesAndContributionMap":{"functional-code":{"insertions":1,"deletions":1},"docs":{"insertions":10,"deletions":10},"test-code":{"insertions":63,"deletions":63}}},{"hash":"734e56ac840106e149ff073324202590d0f681d8","isMergeCommit":false,"messageTitle":"Checkstyle","messageBody":"","fileTypesAndContributionMap":{"test-code":{"insertions":5,"deletions":5}}},{"hash":"97f4eab8736604c1570c8021c653ecc6695c75a9","isMergeCommit":false,"messageTitle":"Clean up remnants of tags","messageBody":"","fileTypesAndContributionMap":{"other":{"insertions":0,"deletions":0}}}]},{"date":"2023-03-08","commitResults":[{"hash":"83e44fb4f6c3432bf1067a742e28d629cc4ee2d2","isMergeCommit":false,"messageTitle":"Change findt to finds","messageBody":"","fileTypesAndContributionMap":{"docs":{"insertions":2,"deletions":2}}},{"hash":"eb51f48633e64d034946f22d5cd9eb0243352312","isMergeCommit":true,"messageTitle":"Merge pull request #46 from linustws/branch-tags-to-skills","messageBody":"Change tags to skills","fileTypesAndContributionMap":{}}]}],"ShawnYip-Au":[{"date":"2023-03-01","commitResults":[{"hash":"95bef5c161a133204d5b060c16773b57b09f478d","isMergeCommit":true,"messageTitle":"Merge pull request #29 from anchengyang/developerguide","messageBody":"Update use cases and NFR","fileTypesAndContributionMap":{}}]},{"date":"2023-03-02","commitResults":[{"hash":"73952794969e5c79f5a762f62e17d137602e33cb","isMergeCommit":false,"messageTitle":"Test markdown anchor point","messageBody":"","fileTypesAndContributionMap":{"docs":{"insertions":17,"deletions":9}}},{"hash":"89c1262825df90f0abf07e5b6e3f8c68edbc72d8","isMergeCommit":false,"messageTitle":"Test anchor point position","messageBody":"","fileTypesAndContributionMap":{"docs":{"insertions":2,"deletions":2}}},{"hash":"525871627f27dab65113f6c9dcc27c3b63d460cc","isMergeCommit":false,"messageTitle":"Complete intoduction, table of contents, command summary","messageBody":"","fileTypesAndContributionMap":{"docs":{"insertions":32,"deletions":21}}},{"hash":"5f738f414124d46adf02a5b73d4ac80e067902fd","isMergeCommit":false,"messageTitle":"UG for add feature","messageBody":"","fileTypesAndContributionMap":{"docs":{"insertions":84,"deletions":36}}},{"hash":"8828e6a0f9845948778e583068a2e2edb4d1c271","isMergeCommit":false,"messageTitle":"Transfer draft UG","messageBody":"","fileTypesAndContributionMap":{"docs":{"insertions":76,"deletions":103}}},{"hash":"d4beea6e6b77a508ebc8b6cefb9acc1ed2e4a280","isMergeCommit":false,"messageTitle":"Update UserGuide.md","messageBody":"","fileTypesAndContributionMap":{"docs":{"insertions":1,"deletions":1}}},{"hash":"8ea401a6925f1ce72a99e4fa20654a1dbc941e8e","isMergeCommit":true,"messageTitle":"Merge pull request #35 from harin0826/UG-grammar-fix","messageBody":"Fix minor grammar mistake in UserGuide.md","fileTypesAndContributionMap":{}},{"hash":"9dedaf986f4d8f1ef1882a725c81da4bdd36c4dc","isMergeCommit":true,"messageTitle":"Merge pull request #37 from harin0826/adaptation-UG","messageBody":"Modify UserGuide.md to adapt to specifications for CoDoc","fileTypesAndContributionMap":{}}]}],"harin0826":[{"date":"2023-02-28","commitResults":[{"hash":"71e7f0af697b0a6bfbc276db63699767fbd40e8e","isMergeCommit":true,"messageTitle":"Merge pull request #25 from linustws/branch-update-readme","messageBody":"Update README.md and merge to master from Linus\u0027s remote repo","fileTypesAndContributionMap":{}},{"hash":"3ec93acbdd36221361ced4d8c098925f7383f24f","isMergeCommit":false,"messageTitle":"Update Developer Guide","messageBody":"Product scope has been discussed and can be updated to the DG.\n\nThis updates the Target user profile, value proposition, User stories\nof the product scope.\n\nRemaining sections of product scope (Use cases, NFR, Glossary) to be\nupdated.\n","fileTypesAndContributionMap":{"docs":{"insertions":29,"deletions":16}}}]},{"date":"2023-03-02","commitResults":[{"hash":"fbb665abfb56f3b4ed159c3471155aa2337355cf","isMergeCommit":false,"messageTitle":"Fix minor grammar mistake in UserGuide.md","messageBody":"","fileTypesAndContributionMap":{"docs":{"insertions":1,"deletions":1}}},{"hash":"779df07821b287d4885dbb7b34c43271ced7b83c","isMergeCommit":false,"messageTitle":"Modify UserGuide.md to adapt to specifications for CoDoc","messageBody":"","fileTypesAndContributionMap":{"docs":{"insertions":14,"deletions":14}}}]}]},"authorFileTypeContributionMap":{"NappySprout":{"docs":158,"functional-code":0,"test-code":0},"anchengyang":{"docs":143,"functional-code":0,"test-code":0},"linustws":{"docs":130,"functional-code":173,"test-code":181,"other":1},"ShawnYip-Au":{"docs":134,"functional-code":0,"test-code":0},"harin0826":{"docs":43,"functional-code":0,"test-code":0}},"authorContributionVariance":{"NappySprout":1539.0,"anchengyang":1823.2477,"linustws":26778.65,"ShawnYip-Au":7004.16,"harin0826":132.1875},"authorDisplayNameMap":{"NappySprout":"CS2103T-F12-2 DARI.. ZHI","anchengyang":"CS2103T-F12-2 AN C..YANG","linustws":"CS2103T-F12-2 TAN ..INUS","ShawnYip-Au":"CS2103T-F12-2 YIP-..HAWN","harin0826":"CS2103T-F12-2 NAM ..ARIN"}}
