{"authorDailyContributionsMap":{"NappySprout":[{"date":"2023-02-27","commitResults":[{"hash":"7ecc89ca38e77c86260ceb38a0d98c72c353f71d","isMergeCommit":false,"messageTitle":"Add about us and portfolio pages","messageBody":"","fileTypesAndContributionMap":{"docs":{"insertions":158,"deletions":22}}}]},{"date":"2023-03-06","commitResults":[{"hash":"4d090f0b5253aebf98115b12123255588e4de9e1","isMergeCommit":true,"messageTitle":"Merge pull request #38 from harin0826/ui-v1.2","messageBody":"First iteration of UI modification","fileTypesAndContributionMap":{}}]},{"date":"2023-03-09","commitResults":[{"hash":"1dd1b15c41dfa528ae63bbf37a731b629829a3fc","isMergeCommit":false,"messageTitle":"Add module in Person class","messageBody":"","fileTypesAndContributionMap":{"functional-code":{"insertions":71,"deletions":10}}}]},{"date":"2023-03-10","commitResults":[{"hash":"d4aaa2518645e1036ea4cb978851a64fb0fa7eaf","isMergeCommit":false,"messageTitle":"Add modules into app","messageBody":"","fileTypesAndContributionMap":{"functional-code":{"insertions":157,"deletions":40}}},{"hash":"6867c5823ebffadb4e4382312d195164bc347a7f","isMergeCommit":true,"messageTitle":"Merge branch \u0027master\u0027 into branch-json-modules","messageBody":"","fileTypesAndContributionMap":{}},{"hash":"96e15628aef38da99afa009c946d3a735d2dd1f7","isMergeCommit":true,"messageTitle":"Merge pull request #50 from ShawnYip-Au/branch-json-modules","messageBody":"Add support for modules in Storage","fileTypesAndContributionMap":{}},{"hash":"44db945ad3aa41e9bafedef7c508b22b00336a7f","isMergeCommit":true,"messageTitle":"Add testcase, module class and storage","messageBody":"","fileTypesAndContributionMap":{}},{"hash":"8bd4d69b7a313cc5a01b7ac012cde65f8a9f43a6","isMergeCommit":false,"messageTitle":"Add style consistency","messageBody":"","fileTypesAndContributionMap":{"functional-code":{"insertions":56,"deletions":86}}},{"hash":"98dca5b8f17f676fc6138f4e629cbe14ed8809a9","isMergeCommit":false,"messageTitle":"Update typical person test file","messageBody":"","fileTypesAndContributionMap":{"functional-code":{"insertions":0,"deletions":1},"test-code":{"insertions":2,"deletions":1}}}]},{"date":"2023-03-13","commitResults":[{"hash":"b944db1182a859e0bbe09aa376eb1a7ecf379335","isMergeCommit":true,"messageTitle":"Merge pull request #53 from NappySprout/branch-modules","messageBody":"Branch modules","fileTypesAndContributionMap":{}},{"hash":"e3cb4d3516fd7a18dd6e08928f4008069a1b7f28","isMergeCommit":false,"messageTitle":"Add consistent names to tests in JsonAdaptedPersonTest.java","messageBody":"","fileTypesAndContributionMap":{"test-code":{"insertions":10,"deletions":11}}}]},{"date":"2023-03-15","commitResults":[{"hash":"e9d8b7f9ccfe1e2e27cb7cff8ac3cc35b763225d","isMergeCommit":false,"messageTitle":"Add year, course and their corresponding tests","messageBody":"","fileTypesAndContributionMap":{"functional-code":{"insertions":343,"deletions":52},"test-code":{"insertions":200,"deletions":37}}}]},{"date":"2023-03-21","commitResults":[{"hash":"1dd6f55decb6a1dfd7d0b0948a6370acbf35fa07","isMergeCommit":true,"messageTitle":"Merge pull request #94 from AY2223S2-CS2103T-F12-2/branch-linus-change-find-command","messageBody":"Change find for name, year, course to be AND for multiple keywords within the prefix","fileTypesAndContributionMap":{}},{"hash":"f76ccf1fca728bcdf830efde9d779a7e33125e92","isMergeCommit":true,"messageTitle":"Merge pull request #90 from anchengyang/developerguide","messageBody":"edit editSequenceDiagram","fileTypesAndContributionMap":{}}]},{"date":"2023-03-22","commitResults":[{"hash":"7c8c1323de1d742b50423d67aed93e7bb1e8fce4","isMergeCommit":false,"messageTitle":"Add stricter module input and add testcases","messageBody":"","fileTypesAndContributionMap":{"functional-code":{"insertions":24,"deletions":1},"test-code":{"insertions":16,"deletions":0}}},{"hash":"0c8534120d4b65e3bb3a089f45b998d13a5c3176","isMergeCommit":false,"messageTitle":"Fix style of testcases","messageBody":"","fileTypesAndContributionMap":{"test-code":{"insertions":1,"deletions":1}}},{"hash":"a642578b3fbf95be4c6f5cd8ae7c3e236700fe10","isMergeCommit":true,"messageTitle":"Merge pull request #92 from AY2223S2-CS2103T-F12-2/branch-dg-linus","messageBody":"Add github, linkedin, skills and find command details in DG","fileTypesAndContributionMap":{}},{"hash":"633891029f554270f48f67122290c3a5f6a151d7","isMergeCommit":false,"messageTitle":"Add module regex explanation and links in table of content","messageBody":"","fileTypesAndContributionMap":{"docs":{"insertions":27,"deletions":0}}}]}],"anchengyang":[{"date":"2023-02-20","commitResults":[{"hash":"73c8dbe30c180fce807b246c4d8a83dc17942315","isMergeCommit":false,"messageTitle":"Add fullstop","messageBody":"","fileTypesAndContributionMap":{"docs":{"insertions":1,"deletions":1}}}]},{"date":"2023-02-27","commitResults":[{"hash":"5992e4ecb1f52b38185201c813345437188ef380","isMergeCommit":true,"messageTitle":"Merge branch \u0027AY2223S2-CS2103T-F12-2:master\u0027 into undo","messageBody":"","fileTypesAndContributionMap":{}},{"hash":"9ed9f02213c29ed144637ad0977e086bf99eea9b","isMergeCommit":false,"messageTitle":"Add cy skeletal PPP","messageBody":"","fileTypesAndContributionMap":{"docs":{"insertions":46,"deletions":0}}},{"hash":"94f68d3a82e1a0c5a4b3be0bbc384b3ee61c448d","isMergeCommit":true,"messageTitle":"Merge pull request #1 from anchengyang/PPP","messageBody":"Add cy skeletal PPP","fileTypesAndContributionMap":{}},{"hash":"16d4a9a701727494fc7a87b28b19be48e39b783e","isMergeCommit":true,"messageTitle":"Merge pull request #1 from anchengyang/master","messageBody":"Skeletal PPP","fileTypesAndContributionMap":{}},{"hash":"07aa5b02f21b431ecc7a307ebe25dd1c1743d330","isMergeCommit":true,"messageTitle":"Merge pull request #22 from AY2223S2-CS2103T-F12-2/cy","messageBody":"Merge Cheng Yang\u0027s PPP to master branch","fileTypesAndContributionMap":{}},{"hash":"493cefa851b4847cc132158e82074a2fd7ea7e7c","isMergeCommit":true,"messageTitle":"Merge pull request #23 from NappySprout/about-us","messageBody":"Add about us and portfolio pages","fileTypesAndContributionMap":{}}]},{"date":"2023-03-01","commitResults":[{"hash":"051005f0450e0ce4128d1081bb92fb7478f9247c","isMergeCommit":false,"messageTitle":"Update use cases and NFR","messageBody":"","fileTypesAndContributionMap":{"docs":{"insertions":130,"deletions":23}}},{"hash":"2ee9c46501ffa02c485b64a7b760837ef159cedb","isMergeCommit":true,"messageTitle":"Merge pull request #28 from linustws/branch-update-site-wide-settings","messageBody":"Update site-wide settings","fileTypesAndContributionMap":{}},{"hash":"0e95c44655b88e80efafee042d2e5b451b504451","isMergeCommit":false,"messageTitle":"Change addressbook to CoDoc","messageBody":"","fileTypesAndContributionMap":{"docs":{"insertions":17,"deletions":17}}},{"hash":"ff7f4bb36c310544c305c366bf2ea837c6d6772d","isMergeCommit":false,"messageTitle":"Update use case","messageBody":"","fileTypesAndContributionMap":{"docs":{"insertions":3,"deletions":3}}}]},{"date":"2023-03-09","commitResults":[{"hash":"1f5be85444dea681d2a8c4738b036dbd9f9403d6","isMergeCommit":true,"messageTitle":"Merge pull request #47 from harin0826/ui-v1.2","messageBody":"[GUI] Add working right panel as InfoPanel and basic support for view command","fileTypesAndContributionMap":{}},{"hash":"ed10d422915ebad825ec23bc29db87badcc07fd2","isMergeCommit":true,"messageTitle":"Pull from ui-v1.2 branch in organization repo","messageBody":"","fileTypesAndContributionMap":{}},{"hash":"96a17df11ec31936c224d8087b7380eacb101127","isMergeCommit":false,"messageTitle":"Modify edit command to only edit protagonist","messageBody":"","fileTypesAndContributionMap":{"functional-code":{"insertions":13,"deletions":29}}},{"hash":"b934c1d1272a112a26cf825d222e8391cc000fb7","isMergeCommit":false,"messageTitle":"checkstyle","messageBody":"","fileTypesAndContributionMap":{"functional-code":{"insertions":0,"deletions":5}}},{"hash":"d1b7b7855250b1498ed6766c042a29643bb14de4","isMergeCommit":false,"messageTitle":"Comment edit command test cases","messageBody":"","fileTypesAndContributionMap":{"test-code":{"insertions":396,"deletions":396}}},{"hash":"91bff8f3037d79bdc4b3165587d1d806d7d3dcd0","isMergeCommit":false,"messageTitle":"checkstyle for test","messageBody":"","fileTypesAndContributionMap":{"test-code":{"insertions":11,"deletions":11}}},{"hash":"4d47279d5786fd4706bcee932ad0f2df4043e3bc","isMergeCommit":false,"messageTitle":"Fix skill test cases","messageBody":"","fileTypesAndContributionMap":{"test-code":{"insertions":15,"deletions":15}}},{"hash":"ad422196c52ec4ff014ed241a6f4874803b48009","isMergeCommit":false,"messageTitle":"checkstyle","messageBody":"","fileTypesAndContributionMap":{"test-code":{"insertions":11,"deletions":11}}}]},{"date":"2023-03-13","commitResults":[{"hash":"214cbb4ce0e688ecc5593fd129d8337f4e2988b0","isMergeCommit":false,"messageTitle":"Add and delete skills using edit command","messageBody":"","fileTypesAndContributionMap":{"functional-code":{"insertions":96,"deletions":24},"test-code":{"insertions":32,"deletions":23}}},{"hash":"e6b5461c5990d9734cfd179bd14b801ee15294d9","isMergeCommit":false,"messageTitle":"Update skills using edit command","messageBody":"","fileTypesAndContributionMap":{"functional-code":{"insertions":95,"deletions":10}}},{"hash":"1c97fc1ac01b8846746ef5db5a0dc6cf527324a7","isMergeCommit":true,"messageTitle":"Merge master into edit-command branch","messageBody":"","fileTypesAndContributionMap":{}},{"hash":"30fa0433cb49bff62d9e212c1b1d0affa47a23f2","isMergeCommit":false,"messageTitle":"Edit modules","messageBody":"","fileTypesAndContributionMap":{"functional-code":{"insertions":155,"deletions":29}}}]},{"date":"2023-03-14","commitResults":[{"hash":"87e3917b57e17eb6d0dd9debff29433ee3116d52","isMergeCommit":false,"messageTitle":"Fix test cases, left checkstyle errors","messageBody":"","fileTypesAndContributionMap":{"functional-code":{"insertions":22,"deletions":9},"test-code":{"insertions":472,"deletions":485}}},{"hash":"a65002fe66ce3d1d3595444a39a2c8a5d62eb191","isMergeCommit":true,"messageTitle":"Merge pull request #64 from linustws/branch-address-to-linkedin","messageBody":"Rename packages, AddressBook -\u003e Codoc, Change Address to Linkedin","fileTypesAndContributionMap":{}},{"hash":"4908add3e949256d9f73a82c7c4e73c963bb6111","isMergeCommit":true,"messageTitle":"Resolve conflicts from latest PR","messageBody":"","fileTypesAndContributionMap":{}},{"hash":"54bd45a43cd97ed246a15d16f4efa1778df16603","isMergeCommit":false,"messageTitle":"add command adds skills with prefix s/ instead of s+/, same for mods","messageBody":"","fileTypesAndContributionMap":{"functional-code":{"insertions":60,"deletions":54},"test-code":{"insertions":40,"deletions":26}}},{"hash":"8d7b8cd4e9c38b9cca89519358be534c8295f3e4","isMergeCommit":false,"messageTitle":"checkstyle","messageBody":"","fileTypesAndContributionMap":{"functional-code":{"insertions":6,"deletions":6},"test-code":{"insertions":0,"deletions":3}}}]},{"date":"2023-03-15","commitResults":[{"hash":"a2a49ca46d639a155a512f0a70f085e3652bdcb2","isMergeCommit":true,"messageTitle":"Merge pull request #68 from harin0826/master","messageBody":"[GUI] UI v1.2 that has a minimally working InfoPanel","fileTypesAndContributionMap":{}}]},{"date":"2023-03-19","commitResults":[{"hash":"53f0dd1b1f1a5c62c3acf46e3b3df205c3d057c0","isMergeCommit":true,"messageTitle":"Merge pull request #82 from linustws/branch-find-change-to-and","messageBody":"Change find OR to AND and change finding of name, year, course to contains instead of containsword","fileTypesAndContributionMap":{}}]},{"date":"2023-03-20","commitResults":[{"hash":"11cacdd153350c1b9e655ba3f0350157c71235d0","isMergeCommit":false,"messageTitle":"uppercase all courses","messageBody":"","fileTypesAndContributionMap":{"functional-code":{"insertions":2,"deletions":1}}},{"hash":"3cb1112b7138fc081575653a764fdc8ff48353de","isMergeCommit":false,"messageTitle":"Restructured the courses","messageBody":"","fileTypesAndContributionMap":{"functional-code":{"insertions":54,"deletions":25},"test-code":{"insertions":8,"deletions":6}}},{"hash":"49814fab4331ed140158e3d8bb0d8c5e2ce3a43b","isMergeCommit":false,"messageTitle":"Edited error messages","messageBody":"","fileTypesAndContributionMap":{"functional-code":{"insertions":12,"deletions":8}}},{"hash":"740eff9b4a2866635ba86e76cb315d45eaa9a4a2","isMergeCommit":false,"messageTitle":"Update DeveloperGuide.md","messageBody":"","fileTypesAndContributionMap":{"docs":{"insertions":214,"deletions":2}}},{"hash":"926b4b484f3b5beb257157c68e9ea9aa61c2db49","isMergeCommit":false,"messageTitle":"Update DeveloperGuide.md","messageBody":"","fileTypesAndContributionMap":{"docs":{"insertions":5,"deletions":5}}},{"hash":"427743b5057d7d346f5a2d12608f7c3858b2d799","isMergeCommit":false,"messageTitle":"Update DeveloperGuide.md","messageBody":"","fileTypesAndContributionMap":{"docs":{"insertions":214,"deletions":2}}},{"hash":"efb829a302655ce6b4045914f17cf9ec232ea1b9","isMergeCommit":false,"messageTitle":"Update DeveloperGuide.md","messageBody":"","fileTypesAndContributionMap":{"docs":{"insertions":2,"deletions":2}}},{"hash":"6bcc549b00a3285d5da27c08b39332facfffabbb","isMergeCommit":false,"messageTitle":"Update DeveloperGuide.md","messageBody":"","fileTypesAndContributionMap":{"docs":{"insertions":0,"deletions":5}}},{"hash":"7f50dd466e035062c7a2354862927e98bf1389b2","isMergeCommit":false,"messageTitle":"Update DeveloperGuide.md","messageBody":"","fileTypesAndContributionMap":{"docs":{"insertions":43,"deletions":5}}},{"hash":"b3f8a87f30618872917ae2ed3ab0621b41e77223","isMergeCommit":false,"messageTitle":"Update DeveloperGuide.md","messageBody":"","fileTypesAndContributionMap":{"docs":{"insertions":1,"deletions":1}}},{"hash":"d7755f7d8b90f0fb6c6979e16e4af1adcec53368","isMergeCommit":false,"messageTitle":"Update DeveloperGuide.md","messageBody":"","fileTypesAndContributionMap":{"docs":{"insertions":2,"deletions":14}}},{"hash":"47f47f6d793ac417c55b6ac1120279c76db7aaf3","isMergeCommit":false,"messageTitle":"Update DeveloperGuide.md","messageBody":"","fileTypesAndContributionMap":{"docs":{"insertions":1,"deletions":1}}},{"hash":"02221eb4dd86f47cc9aca18369e7be4601d8fb1d","isMergeCommit":false,"messageTitle":"Update DeveloperGuide.md","messageBody":"","fileTypesAndContributionMap":{"docs":{"insertions":1,"deletions":1}}},{"hash":"83e45fc978534bdba95fe7ef9e5e34bacaece930","isMergeCommit":false,"messageTitle":"Update DeveloperGuide.md","messageBody":"","fileTypesAndContributionMap":{"docs":{"insertions":10,"deletions":0}}},{"hash":"124e692ac8a2a1a23c6e6b53e38bd43085ace0e5","isMergeCommit":false,"messageTitle":"Update DeveloperGuide.md","messageBody":"","fileTypesAndContributionMap":{"docs":{"insertions":40,"deletions":1}}},{"hash":"8856213e43587193b221a63cf4052aa8c9b9aca4","isMergeCommit":false,"messageTitle":"Update DeveloperGuide.md","messageBody":"","fileTypesAndContributionMap":{"docs":{"insertions":9,"deletions":0}}},{"hash":"46cebee6b0c56eb449be37f96170c34e230476c7","isMergeCommit":false,"messageTitle":"edit model class diagram","messageBody":"","fileTypesAndContributionMap":{"docs":{"insertions":2,"deletions":0}}},{"hash":"31da042f5b30f6982c50c8da6427537ef379845d","isMergeCommit":true,"messageTitle":"Merge branch \u0027master\u0027 of https://github.com/anchengyang/tp into developerguide","messageBody":"","fileTypesAndContributionMap":{}},{"hash":"ecad8966bbc2d16b038593da57b7effb05a441a7","isMergeCommit":false,"messageTitle":"Person class and Edit Command class add to DG","messageBody":"","fileTypesAndContributionMap":{"functional-code":{"insertions":0,"deletions":1},"docs":{"insertions":201,"deletions":13}}},{"hash":"570c4954ecf0e660f4d1fd9232e1ed282c38d0da","isMergeCommit":true,"messageTitle":"resolve conflict","messageBody":"","fileTypesAndContributionMap":{}}]},{"date":"2023-03-21","commitResults":[{"hash":"6fc246c474a2e0de15866c48b7d3a23fdffccc23","isMergeCommit":false,"messageTitle":"Fix checkstyle error","messageBody":"","fileTypesAndContributionMap":{"functional-code":{"insertions":0,"deletions":1}}},{"hash":"0836772cc7e3bbe1e9f9ec9d8f21cbda2dfef32f","isMergeCommit":false,"messageTitle":"edit content page","messageBody":"","fileTypesAndContributionMap":{"docs":{"insertions":2,"deletions":1}}},{"hash":"c068db31ed19bd0a94ce2ed4a5a92ef2cf886e70","isMergeCommit":false,"messageTitle":"create CourseList for abstraction and add Course to DG","messageBody":"","fileTypesAndContributionMap":{"functional-code":{"insertions":25,"deletions":5},"other":{"insertions":5,"deletions":21},"docs":{"insertions":35,"deletions":0},"test-code":{"insertions":3,"deletions":3}}},{"hash":"85d901a316de599d5dfb1323157f8040f473103b","isMergeCommit":false,"messageTitle":"checkstyle","messageBody":"","fileTypesAndContributionMap":{"functional-code":{"insertions":5,"deletions":5}}},{"hash":"f7f238b863a9015a62437f358bfd782164be79c5","isMergeCommit":false,"messageTitle":"checkstyle test","messageBody":"","fileTypesAndContributionMap":{"test-code":{"insertions":3,"deletions":3}}},{"hash":"5f5d766c4cd3475be9b2c33153c006ffd86c4651","isMergeCommit":false,"messageTitle":"edit editSequenceDiagram","messageBody":"","fileTypesAndContributionMap":{"docs":{"insertions":7,"deletions":1}}}]},{"date":"2023-03-22","commitResults":[{"hash":"aadb3aea18649b480c0e548dc030373d41197cb3","isMergeCommit":false,"messageTitle":"new help window text","messageBody":"","fileTypesAndContributionMap":{"functional-code":{"insertions":31,"deletions":8}}},{"hash":"ca288486cf2cea63687b29e295410fda273311ae","isMergeCommit":false,"messageTitle":"Passes checkstyle for main and test","messageBody":"","fileTypesAndContributionMap":{"functional-code":{"insertions":1,"deletions":1},"docs":{"insertions":1,"deletions":1}}},{"hash":"1b52c0cee32360dbcf2e5161045e16cd80790968","isMergeCommit":false,"messageTitle":"new format for help window message","messageBody":"","fileTypesAndContributionMap":{"functional-code":{"insertions":10,"deletions":10}}},{"hash":"ea1dfcfdcae8c608b1b52c65fa7e44dc97f6f08d","isMergeCommit":false,"messageTitle":"add tableview to help window","messageBody":"","fileTypesAndContributionMap":{"functional-code":{"insertions":137,"deletions":27}}},{"hash":"0470148fa961bad873b2709fdc42f594c11ed797","isMergeCommit":false,"messageTitle":"Fix checkstyle","messageBody":"","fileTypesAndContributionMap":{"functional-code":{"insertions":33,"deletions":24}}},{"hash":"63802450216cc8eeffcc8de9a83ef416ef9dd82e","isMergeCommit":false,"messageTitle":"Update README.md","messageBody":"","fileTypesAndContributionMap":{"docs":{"insertions":4,"deletions":3}}},{"hash":"ec999bc959959f2d8cf0f3ac62ca7b03cd0a4653","isMergeCommit":false,"messageTitle":"Update README.md","messageBody":"","fileTypesAndContributionMap":{"docs":{"insertions":1,"deletions":2}}},{"hash":"6ffd66ecd956c3bb187ece5fd2038788493f8860","isMergeCommit":false,"messageTitle":"minor table ui changes","messageBody":"","fileTypesAndContributionMap":{"functional-code":{"insertions":39,"deletions":28}}},{"hash":"31dea98c4e212945b9dd3fdf2822d421853a541d","isMergeCommit":false,"messageTitle":"fix fxml checkstyle","messageBody":"","fileTypesAndContributionMap":{"functional-code":{"insertions":1,"deletions":2}}},{"hash":"bb8fe061c16fbf28aea72c718afe48819a999360","isMergeCommit":true,"messageTitle":"Merge pull request #98 from anchengyang/help-window","messageBody":"Help window","fileTypesAndContributionMap":{}},{"hash":"88cb3c0f33f804a92d9c2a8a63987312c22fac7b","isMergeCommit":false,"messageTitle":"Fix copy paste bug","messageBody":"","fileTypesAndContributionMap":{"functional-code":{"insertions":18,"deletions":27}}},{"hash":"2a24a14022a521f0f99710f385b016282058e649","isMergeCommit":false,"messageTitle":"Checkstyle fix","messageBody":"","fileTypesAndContributionMap":{"functional-code":{"insertions":8,"deletions":3}}},{"hash":"1795d081d5f7c1ca418ff679a483054146ce5641","isMergeCommit":true,"messageTitle":"Merge pull request #99 from anchengyang/help-window","messageBody":"Help window","fileTypesAndContributionMap":{}},{"hash":"bbf6d00961ce3fa170126b1e8667d89bd0b2c660","isMergeCommit":true,"messageTitle":"Merge pull request #105 from harin0826/edit-command-abstraction","messageBody":"Reworking EditCommand and EditCommandParser","fileTypesAndContributionMap":{}},{"hash":"e3a20bb1cbdd016a1a5039a27c82e6fdad54f922","isMergeCommit":true,"messageTitle":"Merge pull request #106 from NappySprout/branch-darie-dg","messageBody":"Add module regex explanation and links in table of content","fileTypesAndContributionMap":{}}]},{"date":"2023-03-24","commitResults":[{"hash":"f833d70e6cf76381868fb919d6e3602642f63eee","isMergeCommit":true,"messageTitle":"Merge pull request #110 from harin0826/gradle-enable-assertions","messageBody":"Enable assertions and handle shown warnings","fileTypesAndContributionMap":{}},{"hash":"a440d984f2dbffb5bb1de94c11b9fcb4e7b8b14b","isMergeCommit":true,"messageTitle":"Merge pull request #111 from harin0826/ui-refactoring-css","messageBody":"[UI] Refactoring CSS file name","fileTypesAndContributionMap":{}},{"hash":"1eb3a453e1abfb49b3986df890d4629027ae507d","isMergeCommit":true,"messageTitle":"Merge pull request #112 from harin0826/dg-update-ui","messageBody":"Add more update to developer guide for UI","fileTypesAndContributionMap":{}}]},{"date":"2023-03-25","commitResults":[{"hash":"bff5f538f029632d26043709b47eeff48af6ccb8","isMergeCommit":false,"messageTitle":"add left panel for course list","messageBody":"","fileTypesAndContributionMap":{"functional-code":{"insertions":103,"deletions":13}}}]}],"linustws":[{"date":"2023-02-23","commitResults":[{"hash":"7110f60366d69a43aba34d6b21712f3d0494f7b8","isMergeCommit":false,"messageTitle":"Add fullstop","messageBody":"","fileTypesAndContributionMap":{"docs":{"insertions":1,"deletions":1}}},{"hash":"a3e880357f7ec765a2bcfd35c86d628644ea658d","isMergeCommit":false,"messageTitle":"Upload skeletal PPP","messageBody":"","fileTypesAndContributionMap":{"docs":{"insertions":46,"deletions":0}}}]},{"date":"2023-02-25","commitResults":[{"hash":"4a39ffe542f2a16fa32b6b9e6961c1ef422edb08","isMergeCommit":false,"messageTitle":"Add Skeletal PPP :hammer:","messageBody":"","fileTypesAndContributionMap":{"docs":{"insertions":46,"deletions":0}}},{"hash":"7c8e80cec3498c3a9430136cc87214a018c58376","isMergeCommit":true,"messageTitle":"Merge branch \u0027master\u0027 of https://github.com/AY2223S2-CS2103T-F12-2/tp","messageBody":"","fileTypesAndContributionMap":{}}]},{"date":"2023-02-28","commitResults":[{"hash":"862bfcd7d9ff505a4374cf4c369d697b2f8f1366","isMergeCommit":false,"messageTitle":"Update REAME.md","messageBody":"","fileTypesAndContributionMap":{"docs":{"insertions":66,"deletions":13}}},{"hash":"f18d3e291c6007e771a047b2ee442439f8935ab4","isMergeCommit":true,"messageTitle":"Merge branch \u0027master\u0027 of https://github.com/AY2223S2-CS2103T-F12-2/tp","messageBody":"","fileTypesAndContributionMap":{}},{"hash":"7b4816891fc40116933bb61f09ae3634992f47b1","isMergeCommit":true,"messageTitle":"Merge branch \u0027master\u0027 into branch-update-readme","messageBody":"","fileTypesAndContributionMap":{}},{"hash":"b488173b3342c0cd6ecdfc937b58156c5e186b3d","isMergeCommit":true,"messageTitle":"Merge pull request #27 from harin0826/harin0826-about-us","messageBody":"Update Developer Guide","fileTypesAndContributionMap":{}},{"hash":"2ad4d4d98b230666ddfb7370dae1afff28e52959","isMergeCommit":true,"messageTitle":"Merge branch \u0027master\u0027 into branch-update-site-wide-settings","messageBody":"","fileTypesAndContributionMap":{}},{"hash":"5f83abb9fae8585253fe6f7b262b38f81440d1f4","isMergeCommit":false,"messageTitle":"Change Codoc to CoDoc","messageBody":"","fileTypesAndContributionMap":{"docs":{"insertions":4,"deletions":4}}}]},{"date":"2023-03-02","commitResults":[{"hash":"11a040a7eeda5664b98640ccdbaf16e8984660be","isMergeCommit":true,"messageTitle":"Merge pull request #32 from ShawnYip-Au/user-guide","messageBody":"UG updates","fileTypesAndContributionMap":{}}]},{"date":"2023-03-06","commitResults":[{"hash":"8b167f80a23d5da9d0197da94b23aba6b7e2472c","isMergeCommit":false,"messageTitle":"Change tags to skills","messageBody":"","fileTypesAndContributionMap":{"functional-code":{"insertions":172,"deletions":172},"docs":{"insertions":23,"deletions":23},"test-code":{"insertions":182,"deletions":175}}}]},{"date":"2023-03-07","commitResults":[{"hash":"eeaed09b0c0b092687a3cf3f82891ed1f56bc932","isMergeCommit":false,"messageTitle":"Renamed things like HUSBAND, FRIEND to valid skills, replaced everything related to tags","messageBody":"","fileTypesAndContributionMap":{"functional-code":{"insertions":1,"deletions":1},"docs":{"insertions":10,"deletions":10},"test-code":{"insertions":63,"deletions":63}}},{"hash":"734e56ac840106e149ff073324202590d0f681d8","isMergeCommit":false,"messageTitle":"Checkstyle","messageBody":"","fileTypesAndContributionMap":{"test-code":{"insertions":5,"deletions":5}}},{"hash":"97f4eab8736604c1570c8021c653ecc6695c75a9","isMergeCommit":false,"messageTitle":"Clean up remnants of tags","messageBody":"","fileTypesAndContributionMap":{"other":{"insertions":0,"deletions":0}}}]},{"date":"2023-03-08","commitResults":[{"hash":"83e44fb4f6c3432bf1067a742e28d629cc4ee2d2","isMergeCommit":false,"messageTitle":"Change findt to finds","messageBody":"","fileTypesAndContributionMap":{"docs":{"insertions":2,"deletions":2}}},{"hash":"eb51f48633e64d034946f22d5cd9eb0243352312","isMergeCommit":true,"messageTitle":"Merge pull request #46 from linustws/branch-tags-to-skills","messageBody":"Change tags to skills","fileTypesAndContributionMap":{}}]},{"date":"2023-03-12","commitResults":[{"hash":"633cf49e2e68bef8d36d1ece9e6e54be14ce3678","isMergeCommit":false,"messageTitle":"Make Phone and Address parameters optional","messageBody":"","fileTypesAndContributionMap":{"functional-code":{"insertions":42,"deletions":35},"test-code":{"insertions":0,"deletions":44}}},{"hash":"4dca060d354f5d9cf912f885d7b3bfeda6b5de4b","isMergeCommit":false,"messageTitle":"Change String MESSAGE_USAGE","messageBody":"","fileTypesAndContributionMap":{"functional-code":{"insertions":2,"deletions":2}}},{"hash":"b3bb09ad24f29a537f8e75611351f2c1dce0fc40","isMergeCommit":true,"messageTitle":"Merge pull request #56 from linustws/branch-phone-address-optional","messageBody":"Make Phone and Address parameters optional","fileTypesAndContributionMap":{}}]},{"date":"2023-03-13","commitResults":[{"hash":"0716c8a7473d922c9418f954b70f57ac520a4abd","isMergeCommit":false,"messageTitle":"Replace Codoc with CoDoc","messageBody":"","fileTypesAndContributionMap":{"functional-code":{"insertions":1,"deletions":1},"docs":{"insertions":10,"deletions":10}}},{"hash":"5b68ff320bc3f5049a5e27232443af1cb8b99356","isMergeCommit":false,"messageTitle":"Change title bar icon","messageBody":"","fileTypesAndContributionMap":{"functional-code":{"insertions":2,"deletions":2},"test-code":{"insertions":1,"deletions":1}}},{"hash":"8d78410e208b4c09370926dc077ae2f36a57ab41","isMergeCommit":false,"messageTitle":"Change phone to github, including test cases","messageBody":"","fileTypesAndContributionMap":{"functional-code":{"insertions":139,"deletions":132},"docs":{"insertions":9,"deletions":9},"test-code":{"insertions":177,"deletions":178}}},{"hash":"766cac7f5d2b0e84796751e691977740c8c83743","isMergeCommit":true,"messageTitle":"Merge pull request #60 from NappySprout/branch-consistent-names","messageBody":"Add consistent names to tests in JsonAdaptedPersonTest.java","fileTypesAndContributionMap":{}}]},{"date":"2023-03-14","commitResults":[{"hash":"f95b2ce502334db45bac089efcc6188e55d95548","isMergeCommit":false,"messageTitle":"Rename package to codoc","messageBody":"","fileTypesAndContributionMap":{"other":{"insertions":796,"deletions":833},"docs":{"insertions":9,"deletions":9},"test-code":{"insertions":299,"deletions":315}}},{"hash":"e91c89c750392e3a54f745592d9b4176069bb1bb","isMergeCommit":false,"messageTitle":"Change AddressBook to Codoc","messageBody":"","fileTypesAndContributionMap":{"functional-code":{"insertions":321,"deletions":329},"other":{"insertions":38,"deletions":39},"docs":{"insertions":138,"deletions":138},"test-code":{"insertions":546,"deletions":506}}},{"hash":"c1d864f4ab2a8f7018b70e5d3f6931933fbf5257","isMergeCommit":true,"messageTitle":"Merge upstream to branch-phone-to-github","messageBody":"","fileTypesAndContributionMap":{}},{"hash":"56f370079840ad3d1d34ade59fec74d9289c05e4","isMergeCommit":false,"messageTitle":"Checkstyle","messageBody":"","fileTypesAndContributionMap":{"functional-code":{"insertions":2,"deletions":2}}},{"hash":"7099a2d4a77c0192243dee609847bb1f759eea56","isMergeCommit":true,"messageTitle":"Merge branch-phone-to-github to branch-address-to-linkedin","messageBody":"","fileTypesAndContributionMap":{}},{"hash":"6d77552c631ed3ace831e63f3ee4526967ef19cb","isMergeCommit":false,"messageTitle":"More clearing up of AddressBook","messageBody":"","fileTypesAndContributionMap":{"test-code":{"insertions":9,"deletions":9}}},{"hash":"7ac1dd3b29e5e0ee7e85d05b28a98b1d83c686f8","isMergeCommit":false,"messageTitle":"Rename Address to Linkedin","messageBody":"","fileTypesAndContributionMap":{"functional-code":{"insertions":112,"deletions":112},"other":{"insertions":14,"deletions":14},"docs":{"insertions":37,"deletions":37},"test-code":{"insertions":163,"deletions":162}}},{"hash":"204a46e4aa91ba5451e576f9cac0635776686521","isMergeCommit":false,"messageTitle":"Update Linkedin constraints and test cases","messageBody":"","fileTypesAndContributionMap":{"functional-code":{"insertions":13,"deletions":12},"test-code":{"insertions":24,"deletions":20}}},{"hash":"dd16b81d03bbdcfb9646e54d2ff5c9bacc5047a4","isMergeCommit":true,"messageTitle":"Merge pull request #66 from anchengyang/edit-command","messageBody":"@anchengyang I\u0027ll merge for now, but can consider tweaking the code to avoid nesting as you continue modifying the edit command in upcoming commits/PRs. 👍 ","fileTypesAndContributionMap":{}}]},{"date":"2023-03-15","commitResults":[{"hash":"914e809ffc3c559a6ee13e48c5a9d81ea3795221","isMergeCommit":true,"messageTitle":"Merge pull request #67 from anchengyang/edit-command","messageBody":"Add command adds skills with prefix s/ instead of s+/, same for mods","fileTypesAndContributionMap":{}}]},{"date":"2023-03-16","commitResults":[{"hash":"927b73e8ad9bf63e17444efb14729508fbad992a","isMergeCommit":true,"messageTitle":"Merge pull request #71 from harin0826/master","messageBody":"[GUI] Design update","fileTypesAndContributionMap":{}}]},{"date":"2023-03-17","commitResults":[{"hash":"048f48c44f12af7bbf5e9d1fff7efa5098374372","isMergeCommit":false,"messageTitle":"Add find by year and course","messageBody":"","fileTypesAndContributionMap":{"functional-code":{"insertions":122,"deletions":16},"test-code":{"insertions":24,"deletions":28}}},{"hash":"854fc30d49736780caf095aa738b8d9e32d5cd2a","isMergeCommit":true,"messageTitle":"Merge pull request #75 from ShawnYip-Au/branch-find-skill","messageBody":"Implement find skills and modules","fileTypesAndContributionMap":{}},{"hash":"3e1fdcd1d4fa62b62b52d2098d04b47ea11af03d","isMergeCommit":false,"messageTitle":"Change find OR to AND","messageBody":"","fileTypesAndContributionMap":{"functional-code":{"insertions":77,"deletions":50},"other":{"insertions":8,"deletions":8}}}]},{"date":"2023-03-20","commitResults":[{"hash":"f3af9573d1b0ccf4d0a50c3d362392ed683691c6","isMergeCommit":true,"messageTitle":"Merge pull request #86 from anchengyang/standardize-course-output","messageBody":"Restructured the courses","fileTypesAndContributionMap":{}}]},{"date":"2023-03-21","commitResults":[{"hash":"cabaa0f65d928c0dc1b81462072a883afbbccc8b","isMergeCommit":true,"messageTitle":"Merge pull request #87 from anchengyang/standardize-course-output","messageBody":"Edited error messages","fileTypesAndContributionMap":{}},{"hash":"1691ffe6e38ef1c1861b9dcbc6f6d0e7426f150c","isMergeCommit":true,"messageTitle":"Merge pull request #88 from anchengyang/developerguide","messageBody":"Person, course and edit command classes","fileTypesAndContributionMap":{}},{"hash":"db664ce06df0d8d7aff033ee55e309ebec8e103e","isMergeCommit":false,"messageTitle":"Add Find command implementation details","messageBody":"","fileTypesAndContributionMap":{"functional-code":{"insertions":1,"deletions":1},"docs":{"insertions":140,"deletions":1}}},{"hash":"d4f39dc5019e403c349c827b712bbbf2416fc273","isMergeCommit":false,"messageTitle":"Change find for name, year, course to be AND for multiple keywords within the prefix","messageBody":"","fileTypesAndContributionMap":{"functional-code":{"insertions":3,"deletions":3},"test-code":{"insertions":20,"deletions":26}}}]},{"date":"2023-03-22","commitResults":[{"hash":"22816ac97acd0918f0be9ad4403eb1ede04e672a","isMergeCommit":true,"messageTitle":"Merge branch \u0027master\u0027 of https://github.com/AY2223S2-CS2103T-F12-2/tp into branch-dg-linus","messageBody":"","fileTypesAndContributionMap":{}},{"hash":"0122dbe34db87ac8f86bda1b76e2f186507d9733","isMergeCommit":false,"messageTitle":"Typo changes","messageBody":"","fileTypesAndContributionMap":{"docs":{"insertions":1,"deletions":1}}},{"hash":"58e6c757f39e05137ac7962688e9dd905ef62c8b","isMergeCommit":true,"messageTitle":"Merge branch \u0027master\u0027 of https://github.com/AY2223S2-CS2103T-F12-2/tp into branch-dg-linus","messageBody":"","fileTypesAndContributionMap":{}},{"hash":"aa145132e24dc054a3b0da3076ecd984734e892e","isMergeCommit":true,"messageTitle":"Merge pull request #97 from anchengyang/help-window","messageBody":"new help window text","fileTypesAndContributionMap":{}},{"hash":"9f537edea2ff65f51815fe731d621929ff46ac6d","isMergeCommit":true,"messageTitle":"Merge branch \u0027master\u0027 of https://github.com/AY2223S2-CS2103T-F12-2/tp into branch-dg-linus","messageBody":"","fileTypesAndContributionMap":{}},{"hash":"73f4e0581b32e99a5f889fe34ab1b01bf457c94f","isMergeCommit":false,"messageTitle":"Add find command details","messageBody":"","fileTypesAndContributionMap":{"docs":{"insertions":21,"deletions":7}}},{"hash":"4e84800e5e0fd5c4fa8e98018f189c6a216e7df3","isMergeCommit":false,"messageTitle":"Minor changes","messageBody":"","fileTypesAndContributionMap":{"docs":{"insertions":8,"deletions":7}}},{"hash":"974bcd0af3761fb8c043c78d1c7dca6b7426b106","isMergeCommit":false,"messageTitle":"Add activity diagram","messageBody":"","fileTypesAndContributionMap":{"functional-code":{"insertions":13,"deletions":14},"docs":{"insertions":67,"deletions":14}}},{"hash":"6ec0484e210b2ef1d0190b3b84b15d6fc2123f74","isMergeCommit":true,"messageTitle":"Merge branch \u0027master\u0027 of https://github.com/AY2223S2-CS2103T-F12-2/tp into branch-dg-linus","messageBody":"","fileTypesAndContributionMap":{}},{"hash":"15f7327b40a0b5623c88dcba8ec2eefa87943dfa","isMergeCommit":true,"messageTitle":"Merge pull request #102 from AY2223S2-CS2103T-F12-2/branch-dg-linus","messageBody":"Added activity diagram for find in DG, and some wording changes.","fileTypesAndContributionMap":{}},{"hash":"4879ecd4cdc07c530b08488e162be9473032fd74","isMergeCommit":false,"messageTitle":"Add scroll back to top","messageBody":"","fileTypesAndContributionMap":{"docs":{"insertions":2,"deletions":0}}},{"hash":"85e0d1b50ae17654afd6836599adcd3252c5ad7e","isMergeCommit":true,"messageTitle":"Merge pull request #103 from AY2223S2-CS2103T-F12-2/linus","messageBody":"Add scroll back to top","fileTypesAndContributionMap":{}},{"hash":"5d04b2dccbf53c7fbd571990d7b41b8d8791c444","isMergeCommit":true,"messageTitle":"Merge pull request #104 from ShawnYip-Au/branch-find-module-skill","messageBody":"Enhance find module and skills","fileTypesAndContributionMap":{}}]},{"date":"2023-03-23","commitResults":[{"hash":"899fdea44c527241142e3333512a319e5a84fc60","isMergeCommit":false,"messageTitle":"Fix copy url button","messageBody":"","fileTypesAndContributionMap":{"functional-code":{"insertions":2,"deletions":2}}},{"hash":"92cd28bb533db40347db89d1d3beccd18d906b8b","isMergeCommit":true,"messageTitle":"Merge pull request #107 from AY2223S2-CS2103T-F12-2/linus","messageBody":"Fix copy url button","fileTypesAndContributionMap":{}},{"hash":"913eb6bb100d106125476779d6fc325e0cce092f","isMergeCommit":true,"messageTitle":"Merge pull request #109 from ShawnYip-Au/branch-nested-find","messageBody":"Add nested find","fileTypesAndContributionMap":{}},{"hash":"c9414c35f6c32f1054b935c79ab66c3eb9e59e25","isMergeCommit":true,"messageTitle":"Merge pull request #108 from harin0826/harin-dg-update","messageBody":"","fileTypesAndContributionMap":{}}]},{"date":"2023-03-24","commitResults":[{"hash":"37f52a8d275d99ab6e73767b9d5bba1b682c1cf8","isMergeCommit":false,"messageTitle":".","messageBody":"","fileTypesAndContributionMap":{"functional-code":{"insertions":25,"deletions":4}}},{"hash":"9f899b4fc9eca8eec2cb2e65be3d0e7fe2c39ec3","isMergeCommit":false,"messageTitle":".","messageBody":"","fileTypesAndContributionMap":{"functional-code":{"insertions":153,"deletions":104}}},{"hash":"089255003c5ab58026864f09dd37b12dd98bf492","isMergeCommit":false,"messageTitle":"Add tab buttons","messageBody":"","fileTypesAndContributionMap":{"functional-code":{"insertions":90,"deletions":13}}},{"hash":"ee20d02909162b4d9f4e5c8e42028ea35dfdb7ba","isMergeCommit":false,"messageTitle":"Rename files to be consistent","messageBody":"","fileTypesAndContributionMap":{"other":{"insertions":0,"deletions":0}}},{"hash":"277f3e1b5db4263bb5cb5812485156182a16f54f","isMergeCommit":false,"messageTitle":"Rename files to be consistent","messageBody":"","fileTypesAndContributionMap":{"functional-code":{"insertions":1,"deletions":1}}},{"hash":"1089ad129d03b40b55e90bba32a6d84f5e4f23d5","isMergeCommit":false,"messageTitle":"Add button to person card","messageBody":"","fileTypesAndContributionMap":{"functional-code":{"insertions":58,"deletions":20}}},{"hash":"a10de324477e87ddf16eb7b61118ab10656b6b16","isMergeCommit":false,"messageTitle":"Try to resolve nullpointerexception","messageBody":"","fileTypesAndContributionMap":{"functional-code":{"insertions":1,"deletions":1}}},{"hash":"1c5e03ae01fe8b2d7ec6c47ddfdaafb9a45cc16c","isMergeCommit":false,"messageTitle":"Repositioned PersonCard details","messageBody":"","fileTypesAndContributionMap":{"functional-code":{"insertions":39,"deletions":28}}},{"hash":"db635c3ddeb6a12e4a1b1be3f4c03003f8abe792","isMergeCommit":true,"messageTitle":"Merge pull request #116 from ShawnYip-Au/master","messageBody":"Update Storage DG","fileTypesAndContributionMap":{}},{"hash":"d6557ed628d27a4f44698d37a1b9304ade855aee","isMergeCommit":false,"messageTitle":"Add profile pic to infotab","messageBody":"","fileTypesAndContributionMap":{"functional-code":{"insertions":105,"deletions":36},"test-code":{"insertions":264,"deletions":307}}},{"hash":"8364bacd08319bc3585a1b83ed62f07ae5a5c2f9","isMergeCommit":false,"messageTitle":"Add profile pic to personcard","messageBody":"","fileTypesAndContributionMap":{"functional-code":{"insertions":19,"deletions":7}}},{"hash":"5a312299e2055b4a8c50b4e05a583b2d9f244b58","isMergeCommit":false,"messageTitle":"Rename file","messageBody":"","fileTypesAndContributionMap":{"other":{"insertions":0,"deletions":0}}},{"hash":"235393cb9205591535ed6b8b0cc0730b8193ca04","isMergeCommit":false,"messageTitle":"Save Profile Pics","messageBody":"","fileTypesAndContributionMap":{"functional-code":{"insertions":63,"deletions":26},"test-code":{"insertions":24,"deletions":2}}}]},{"date":"2023-03-25","commitResults":[{"hash":"b01290fe5a9f8504e28bf9978ee7e888f962d402","isMergeCommit":false,"messageTitle":"Fix test cases","messageBody":"","fileTypesAndContributionMap":{"functional-code":{"insertions":10,"deletions":10},"test-code":{"insertions":407,"deletions":342}}},{"hash":"76140d5eca6c7b06d6b8aef1a023cef9bf2997f4","isMergeCommit":false,"messageTitle":"Change sample data to be different from AB3, more modules looking more complete","messageBody":"","fileTypesAndContributionMap":{"functional-code":{"insertions":86,"deletions":51}}},{"hash":"2ee566d1785856b3cf2a2712dbe7256826cdfb4d","isMergeCommit":true,"messageTitle":"Merge pull request #120 from anchengyang/course-panel","messageBody":"add left panel for course list","fileTypesAndContributionMap":{}},{"hash":"40e334d896cc6f241d776994c9e29d425d6deaef","isMergeCommit":true,"messageTitle":"Merge pulled upstream","messageBody":"","fileTypesAndContributionMap":{}},{"hash":"0bbdfc6daa69d8c9ef0df83afdd649c4cbcd2c9c","isMergeCommit":true,"messageTitle":"Merge pull request #119 from AY2223S2-CS2103T-F12-2/branch-ui","messageBody":"Add UI support","fileTypesAndContributionMap":{}},{"hash":"5ff7337d5438544deae45f00331e63e470887e7f","isMergeCommit":false,"messageTitle":"Fix resizing","messageBody":"","fileTypesAndContributionMap":{"functional-code":{"insertions":5,"deletions":5}}},{"hash":"bd211c1796f1bdeaef4e69ba86d160b6ad021491","isMergeCommit":true,"messageTitle":"Merge pull request #122 from linustws/branch-ui-fix","messageBody":"some ui resizing fix","fileTypesAndContributionMap":{}}]}],"ShawnYip-Au":[{"date":"2023-03-01","commitResults":[{"hash":"95bef5c161a133204d5b060c16773b57b09f478d","isMergeCommit":true,"messageTitle":"Merge pull request #29 from anchengyang/developerguide","messageBody":"Update use cases and NFR","fileTypesAndContributionMap":{}}]},{"date":"2023-03-02","commitResults":[{"hash":"73952794969e5c79f5a762f62e17d137602e33cb","isMergeCommit":false,"messageTitle":"Test markdown anchor point","messageBody":"","fileTypesAndContributionMap":{"docs":{"insertions":17,"deletions":9}}},{"hash":"89c1262825df90f0abf07e5b6e3f8c68edbc72d8","isMergeCommit":false,"messageTitle":"Test anchor point position","messageBody":"","fileTypesAndContributionMap":{"docs":{"insertions":2,"deletions":2}}},{"hash":"525871627f27dab65113f6c9dcc27c3b63d460cc","isMergeCommit":false,"messageTitle":"Complete intoduction, table of contents, command summary","messageBody":"","fileTypesAndContributionMap":{"docs":{"insertions":32,"deletions":21}}},{"hash":"5f738f414124d46adf02a5b73d4ac80e067902fd","isMergeCommit":false,"messageTitle":"UG for add feature","messageBody":"","fileTypesAndContributionMap":{"docs":{"insertions":84,"deletions":36}}},{"hash":"8828e6a0f9845948778e583068a2e2edb4d1c271","isMergeCommit":false,"messageTitle":"Transfer draft UG","messageBody":"","fileTypesAndContributionMap":{"docs":{"insertions":76,"deletions":103}}},{"hash":"d4beea6e6b77a508ebc8b6cefb9acc1ed2e4a280","isMergeCommit":false,"messageTitle":"Update UserGuide.md","messageBody":"","fileTypesAndContributionMap":{"docs":{"insertions":1,"deletions":1}}},{"hash":"8ea401a6925f1ce72a99e4fa20654a1dbc941e8e","isMergeCommit":true,"messageTitle":"Merge pull request #35 from harin0826/UG-grammar-fix","messageBody":"Fix minor grammar mistake in UserGuide.md","fileTypesAndContributionMap":{}},{"hash":"9dedaf986f4d8f1ef1882a725c81da4bdd36c4dc","isMergeCommit":true,"messageTitle":"Merge pull request #37 from harin0826/adaptation-UG","messageBody":"Modify UserGuide.md to adapt to specifications for CoDoc","fileTypesAndContributionMap":{}}]},{"date":"2023-03-10","commitResults":[{"hash":"99653973dd8c076eb5139b76ed5c88cda6e099ad","isMergeCommit":false,"messageTitle":"Create barebones mod package","messageBody":"","fileTypesAndContributionMap":{"functional-code":{"insertions":36,"deletions":3}}},{"hash":"b67e51278b92db7406197bbcc00a173d8aea35eb","isMergeCommit":false,"messageTitle":"Implement read and write capabilities for modules","messageBody":"","fileTypesAndContributionMap":{"functional-code":{"insertions":77,"deletions":4}}},{"hash":"8339b1212c2beff9b0480b97c974a80b2ff73c51","isMergeCommit":false,"messageTitle":"Fix test case","messageBody":"","fileTypesAndContributionMap":{"functional-code":{"insertions":12,"deletions":2},"test-code":{"insertions":38,"deletions":10}}},{"hash":"560139b42816e3c7c2494114da01f41762d97bed","isMergeCommit":false,"messageTitle":"Fix checkstyle","messageBody":"","fileTypesAndContributionMap":{"functional-code":{"insertions":8,"deletions":7}}},{"hash":"30749c9c29bdfbdb5a27e7389e1b2925bfdb23a6","isMergeCommit":false,"messageTitle":"Remove UnusedImports","messageBody":"","fileTypesAndContributionMap":{"test-code":{"insertions":0,"deletions":1}}}]},{"date":"2023-03-16","commitResults":[{"hash":"0d06aab2295b8be3ead757f4e22bd38114c65f63","isMergeCommit":true,"messageTitle":"Merge pull request #72 from harin0826/ui-viewCommand","messageBody":"[GUI] Implement more concise display for PersonListCard","tags":["v1.2"],"fileTypesAndContributionMap":{}}]},{"date":"2023-03-17","commitResults":[{"hash":"c5f02c3e23d2b81dab789e10b91c876d06a5dd4e","isMergeCommit":false,"messageTitle":"Recognise s/","messageBody":"","fileTypesAndContributionMap":{"functional-code":{"insertions":8,"deletions":0}}},{"hash":"8cd1083c386a87f90b4305272465eeb3aaa3facb","isMergeCommit":false,"messageTitle":"Implement search skill","messageBody":"","fileTypesAndContributionMap":{"functional-code":{"insertions":45,"deletions":3}}},{"hash":"9fa38f9519259f27158d28cd0d3db60fab1492dd","isMergeCommit":false,"messageTitle":"Check for empty parameter for s/","messageBody":"","fileTypesAndContributionMap":{"functional-code":{"insertions":6,"deletions":10}}},{"hash":"bc323eb42d5625dae57cf6a1b4acfcff443091b1","isMergeCommit":false,"messageTitle":"Add JavaDocs for skill predicate","messageBody":"","fileTypesAndContributionMap":{"functional-code":{"insertions":3,"deletions":1}}},{"hash":"99b70029625049f6e36d09fea9ba0aa6d9945ce8","isMergeCommit":true,"messageTitle":"Merge pull request #74 from linustws/branch-find-year-course","messageBody":"Add find by year and course","fileTypesAndContributionMap":{}},{"hash":"ce0222f45f5da25bc5f3f9e2b0529aa8208bbd34","isMergeCommit":true,"messageTitle":"Merge branch \u0027master\u0027 into branch-find-skill","messageBody":"","fileTypesAndContributionMap":{}},{"hash":"de2575efeabfe91fdf9b3bc84afd842b1164fe0c","isMergeCommit":false,"messageTitle":"Implement find module","messageBody":"","fileTypesAndContributionMap":{"functional-code":{"insertions":49,"deletions":0}}},{"hash":"c168df0ecf8fc3c8b6b70d917c8cce08cbea0b18","isMergeCommit":false,"messageTitle":"Clean up data file","messageBody":"","fileTypesAndContributionMap":{"functional-code":{"insertions":11,"deletions":6}}}]},{"date":"2023-03-21","commitResults":[{"hash":"1f2d384f25d4b4f17be35a52e63744515191a19e","isMergeCommit":true,"messageTitle":"Merge pull request #95 from harin0826/ui-fix-course","messageBody":"Fix potential ui bug","fileTypesAndContributionMap":{}}]},{"date":"2023-03-22","commitResults":[{"hash":"39838553302637151d4e68e8a03decf3f3838b05","isMergeCommit":true,"messageTitle":"Merge pull request #100 from NappySprout/branch-module-error","messageBody":"Add stricter module input and add testcases","fileTypesAndContributionMap":{}},{"hash":"5ca38504b7924f483dc685cf3edb5ead9a8a2642","isMergeCommit":false,"messageTitle":"Enhance find module and skills","messageBody":"","fileTypesAndContributionMap":{"functional-code":{"insertions":32,"deletions":12},"test-code":{"insertions":119,"deletions":0}}}]},{"date":"2023-03-23","commitResults":[{"hash":"e19e3cb7e56e0b5636a5131193abaac77b5fa761","isMergeCommit":false,"messageTitle":"Add nested find","messageBody":"","fileTypesAndContributionMap":{"functional-code":{"insertions":10,"deletions":1}}},{"hash":"844588b9503bd017327a22917a6f645e48687093","isMergeCommit":false,"messageTitle":"Move box to centre","messageBody":"","fileTypesAndContributionMap":{"docs":{"insertions":7,"deletions":2}}},{"hash":"be0a643969452569264f305bae0cedc69c9af53c","isMergeCommit":false,"messageTitle":"add arrow entering from outside","messageBody":"","fileTypesAndContributionMap":{"docs":{"insertions":7,"deletions":9}}},{"hash":"e84c51fad7e1d14c187a9fa0329cf0e4b4c6a5fc","isMergeCommit":false,"messageTitle":"Box alignment","messageBody":"","fileTypesAndContributionMap":{"docs":{"insertions":2,"deletions":2}}},{"hash":"87272cb5c856e474fdf229d659dc4b16dd2e300f","isMergeCommit":true,"messageTitle":"Merge branch \u0027master\u0027 into branch-storage-dg","messageBody":"","fileTypesAndContributionMap":{}}]},{"date":"2023-03-24","commitResults":[{"hash":"19eb0bf4dfeed1c18aecc66d2a33d0bcfbd61155","isMergeCommit":false,"messageTitle":"Add save activity diagram","messageBody":"","fileTypesAndContributionMap":{"docs":{"insertions":65,"deletions":0}}},{"hash":"2a0ac7072185c5720d23cf9c355d08ab586d636e","isMergeCommit":false,"messageTitle":"Update storage DG","messageBody":"","fileTypesAndContributionMap":{"docs":{"insertions":73,"deletions":10}}},{"hash":"97f3d3d2fd578830ab4e43a6172f9be436b48e4f","isMergeCommit":false,"messageTitle":"Fix checkstyle:","messageBody":"","fileTypesAndContributionMap":{"docs":{"insertions":1,"deletions":1}}},{"hash":"4f77f09cc62b666f54f03259e390ed364aaf76cf","isMergeCommit":false,"messageTitle":"Add assertion for ModuleContainsKeywordPredicate line 37","messageBody":"","fileTypesAndContributionMap":{"functional-code":{"insertions":1,"deletions":1}}},{"hash":"0694770808afc3b74d12c9dd1b4771fbab805069","isMergeCommit":false,"messageTitle":"Remove assertion","messageBody":"","fileTypesAndContributionMap":{"functional-code":{"insertions":0,"deletions":1}}},{"hash":"5f3868e98e3310ac626f172094e4b6fbc31da363","isMergeCommit":false,"messageTitle":"Remove lreferences.json","messageBody":"","fileTypesAndContributionMap":{"functional-code":{"insertions":2,"deletions":1}}},{"hash":"00913fff1153192c995957dc0c407895d3fbe72d","isMergeCommit":false,"messageTitle":"Resolve assertion false","messageBody":"","fileTypesAndContributionMap":{"functional-code":{"insertions":1,"deletions":2}}}]}],"harin0826":[{"date":"2023-02-28","commitResults":[{"hash":"71e7f0af697b0a6bfbc276db63699767fbd40e8e","isMergeCommit":true,"messageTitle":"Merge pull request #25 from linustws/branch-update-readme","messageBody":"Update README.md and merge to master from Linus\u0027s remote repo","fileTypesAndContributionMap":{}},{"hash":"3ec93acbdd36221361ced4d8c098925f7383f24f","isMergeCommit":false,"messageTitle":"Update Developer Guide","messageBody":"Product scope has been discussed and can be updated to the DG.\n\nThis updates the Target user profile, value proposition, User stories\nof the product scope.\n\nRemaining sections of product scope (Use cases, NFR, Glossary) to be\nupdated.\n","fileTypesAndContributionMap":{"docs":{"insertions":29,"deletions":16}}}]},{"date":"2023-03-02","commitResults":[{"hash":"fbb665abfb56f3b4ed159c3471155aa2337355cf","isMergeCommit":false,"messageTitle":"Fix minor grammar mistake in UserGuide.md","messageBody":"","fileTypesAndContributionMap":{"docs":{"insertions":1,"deletions":1}}},{"hash":"779df07821b287d4885dbb7b34c43271ced7b83c","isMergeCommit":false,"messageTitle":"Modify UserGuide.md to adapt to specifications for CoDoc","messageBody":"","fileTypesAndContributionMap":{"docs":{"insertions":14,"deletions":14}}}]},{"date":"2023-03-04","commitResults":[{"hash":"88789a139ff7db4cb7312d39fc6d9004e215bf07","isMergeCommit":false,"messageTitle":"Split the Main Window with SplitPane into 3 parts","messageBody":"","fileTypesAndContributionMap":{"functional-code":{"insertions":44,"deletions":25}}},{"hash":"f2d2ad65059f4b88e43e5d255d38aacc54df2116","isMergeCommit":false,"messageTitle":"Fix small bug of wrong size of wrapping VBox","messageBody":"","fileTypesAndContributionMap":{"functional-code":{"insertions":33,"deletions":36}}}]},{"date":"2023-03-07","commitResults":[{"hash":"0ffcd298675355ef0b58fd6c4c67f2ee560bed2f","isMergeCommit":false,"messageTitle":"Add temp InfoTab which loads the first person of the list","messageBody":"","fileTypesAndContributionMap":{"functional-code":{"insertions":132,"deletions":29}}},{"hash":"9952d94d37e727387923d1452d8e5788e4378469","isMergeCommit":false,"messageTitle":"Add basic support for view index command","messageBody":"","fileTypesAndContributionMap":{"functional-code":{"insertions":141,"deletions":2},"other":{"insertions":10,"deletions":2}}},{"hash":"639785a399263c838b512971b0878defceb863b3","isMergeCommit":false,"messageTitle":"Add support for switching tab in info panel with view command","messageBody":"","fileTypesAndContributionMap":{"functional-code":{"insertions":128,"deletions":51},"other":{"insertions":2,"deletions":2}}}]},{"date":"2023-03-08","commitResults":[{"hash":"bc81b96dafdac6c0801755ff0945fb486d8808bd","isMergeCommit":false,"messageTitle":"Fix coding standard issues to pass styleCheck","messageBody":"","fileTypesAndContributionMap":{"functional-code":{"insertions":1,"deletions":1},"docs":{"insertions":23,"deletions":23}}},{"hash":"fa3d02677821bbaaa9689e3a105df079d8606356","isMergeCommit":false,"messageTitle":"Fix more styleCheck error","messageBody":"","fileTypesAndContributionMap":{"functional-code":{"insertions":13,"deletions":3},"other":{"insertions":26,"deletions":12}}},{"hash":"bbd483f4264fb054f284ea59ea6eadd943f6bccb","isMergeCommit":false,"messageTitle":"Fix failing test (AddCommandTest)","messageBody":"AddCommandTest creates a new ModelStub that implements Model.\nSince Model interface has been updated, the test has also been\nupdated to meet the correct implementation.\n","fileTypesAndContributionMap":{"functional-code":{"insertions":5,"deletions":1},"other":{"insertions":5,"deletions":5},"test-code":{"insertions":20,"deletions":0}}},{"hash":"878b6c40c5b2ce81c01ef6a48b6276dd73ab779d","isMergeCommit":false,"messageTitle":"Add temporary fix for fresh database with no person","messageBody":"ModelManager encounters error when there are no protagonist to be\nloaded. This is temporarily fixed by assigning a null protagonist,\nshould be fixed in later commits to utilize Optional\u003cPerson\u003e.\n","fileTypesAndContributionMap":{"functional-code":{"insertions":11,"deletions":4}}}]},{"date":"2023-03-10","commitResults":[{"hash":"ba7d32a26285fdc60814910a2058d20753fccf99","isMergeCommit":true,"messageTitle":"Merge pull request #48 from anchengyang/edit-command","messageBody":"Edit command","fileTypesAndContributionMap":{}}]},{"date":"2023-03-13","commitResults":[{"hash":"8c6b393eec2ee4a7e0d66f735d6c41d6dfff2fe7","isMergeCommit":false,"messageTitle":"Modify minimum and maximum width for info panel","messageBody":"","fileTypesAndContributionMap":{"functional-code":{"insertions":167,"deletions":18}}},{"hash":"cccad1e0ee512d87bb4a52085147a92e2890c526","isMergeCommit":false,"messageTitle":"Add moduleList to DetailedModules","messageBody":"","fileTypesAndContributionMap":{"functional-code":{"insertions":25,"deletions":35}}}]},{"date":"2023-03-14","commitResults":[{"hash":"97c46c005d82f0b929675475d0eb70562cf933da","isMergeCommit":false,"messageTitle":"Update tab design to show colors of respective tab","messageBody":"","fileTypesAndContributionMap":{"functional-code":{"insertions":90,"deletions":17}}},{"hash":"9dd6fce1e0d812f42688e0ef3f4100606593c69b","isMergeCommit":true,"messageTitle":"Merge branch \u0027ui-infopanel\u0027","messageBody":"# Conflicts:\n#\tsrc/main/java/codoc/ui/infopanel/InfoTab.java\n#\tsrc/main/java/codoc/ui/infopanel/ModuleCard.java\n#\tsrc/main/resources/view/DetailedContact.fxml\n#\tsrc/main/resources/view/DetailedModule.fxml\n#\tsrc/main/resources/view/DetailedSkill.fxml\n#\tsrc/main/resources/view/InfoTab.fxml\n#\tsrc/main/resources/view/MainWindow.fxml\n","fileTypesAndContributionMap":{}},{"hash":"2a9553a5a1c107ed4f7be20fe385568e739ef72f","isMergeCommit":false,"messageTitle":"Add support for view contact tab","messageBody":"","fileTypesAndContributionMap":{"functional-code":{"insertions":162,"deletions":18}}},{"hash":"a9e5698c1b76a50ff4d7e3c0442af08d34868ab1","isMergeCommit":false,"messageTitle":"Modify code for checkstyle","messageBody":"","fileTypesAndContributionMap":{"functional-code":{"insertions":25,"deletions":15}}}]},{"date":"2023-03-15","commitResults":[{"hash":"bb02efc5786b0ba88c3fb9bd50cb9c49148a72b6","isMergeCommit":true,"messageTitle":"Merge pull request #70 from NappySprout/brnach-year-course","messageBody":"Add year, course and their corresponding tests","fileTypesAndContributionMap":{}},{"hash":"1a6fec7cbb1681df16dfaec2cc8d3e97bfd16b97","isMergeCommit":false,"messageTitle":"Make module list use custom font","messageBody":"","fileTypesAndContributionMap":{"functional-code":{"insertions":8,"deletions":2}}},{"hash":"fcca643ec71a9c45484e6da7c02095b5f3cefa11","isMergeCommit":true,"messageTitle":"Merge remote-tracking branch \u0027origin/master\u0027","messageBody":"","fileTypesAndContributionMap":{}}]},{"date":"2023-03-16","commitResults":[{"hash":"0f3fe96a1b3f7eff5aa7e877a51337a545131368","isMergeCommit":false,"messageTitle":"Update CSS for theme style","messageBody":"","fileTypesAndContributionMap":{"functional-code":{"insertions":194,"deletions":92}}},{"hash":"b00f3a3f2482e86e051f81032bf040028c939406","isMergeCommit":false,"messageTitle":"Add trailing whitespace at SkillListCard.fxml to pass checkStyle","messageBody":"","fileTypesAndContributionMap":{"functional-code":{"insertions":1,"deletions":1}}},{"hash":"d5d179fad034c340821063b64e46ebc3b1ca3fd9","isMergeCommit":false,"messageTitle":"Fix checkStyle","messageBody":"","fileTypesAndContributionMap":{"functional-code":{"insertions":1,"deletions":1}}},{"hash":"e7efc9da406583cdfea635259b981cd73c7f3dd6","isMergeCommit":false,"messageTitle":"Modify commandResult of ViewCommand to show better details","messageBody":"","fileTypesAndContributionMap":{"functional-code":{"insertions":15,"deletions":4}}},{"hash":"cde86ef3a69a4a05971675ea6c7d9c4225954f2f","isMergeCommit":false,"messageTitle":"Make PersonCard more concise by showing only compulsory attributes","messageBody":"","fileTypesAndContributionMap":{"functional-code":{"insertions":17,"deletions":24}}},{"hash":"5019e8d314068bf84149d6b8e670a9cd181b10fd","isMergeCommit":false,"messageTitle":"Fix checkstyle","messageBody":"","fileTypesAndContributionMap":{"functional-code":{"insertions":0,"deletions":3}}}]},{"date":"2023-03-20","commitResults":[{"hash":"54ae7ce79460ff25caa8543ad274277c006a5b31","isMergeCommit":true,"messageTitle":"Merge pull request #83 from anchengyang/uppercase-courses","messageBody":"uppercase all courses","fileTypesAndContributionMap":{}}]},{"date":"2023-03-21","commitResults":[{"hash":"de4f8f6cd2979b5983521786abb6c870d28d6835","isMergeCommit":false,"messageTitle":"Fix UI bug after new implementation of course","messageBody":"","fileTypesAndContributionMap":{"functional-code":{"insertions":1,"deletions":1}}},{"hash":"0341a3884e16607fe1c61e6f1a953e38aad22e95","isMergeCommit":false,"messageTitle":"Set up skeleton for new EditCommandParser","messageBody":"","fileTypesAndContributionMap":{"functional-code":{"insertions":54,"deletions":16}}},{"hash":"c61a39ed8b2026f63bb60bb7288cf3d63b5ad04f","isMergeCommit":false,"messageTitle":"Refine parser to separate added and removed skills or modules","messageBody":"","fileTypesAndContributionMap":{"functional-code":{"insertions":30,"deletions":15}}}]},{"date":"2023-03-22","commitResults":[{"hash":"a8952cfb6d6783f87bf770d7a02072fca2746efa","isMergeCommit":false,"messageTitle":"Improve EditCommandParser by removing need to reference original","messageBody":"","fileTypesAndContributionMap":{"functional-code":{"insertions":308,"deletions":275}}},{"hash":"70fd29759e3638d41a388bf1bf4ce5e1b7a7deec","isMergeCommit":false,"messageTitle":"Clean up code for EditCommand and its parser","messageBody":"","fileTypesAndContributionMap":{"functional-code":{"insertions":3,"deletions":291}}},{"hash":"70bd988bf8dc69a1aaf204f157a5cd6ce26cd366","isMergeCommit":false,"messageTitle":"Abstract out need for protagonist in parsers to commands","messageBody":"","fileTypesAndContributionMap":{"functional-code":{"insertions":1,"deletions":1}}},{"hash":"7ab2a11d518646c05ef0f2791e8c7c17c05dfd65","isMergeCommit":false,"messageTitle":"Checkstyle and test case fixes","messageBody":"","fileTypesAndContributionMap":{"functional-code":{"insertions":6,"deletions":14},"test-code":{"insertions":26,"deletions":32}}},{"hash":"38cb1dee118c5e2801240de1e59b8db33a0bc09d","isMergeCommit":false,"messageTitle":"Add skillsFinal and modulesFinal which overrides the existing entries","messageBody":"","fileTypesAndContributionMap":{"functional-code":{"insertions":79,"deletions":23},"test-code":{"insertions":2,"deletions":0}}},{"hash":"c78d8a55b1070f385bde47aa55e236afcb5d981b","isMergeCommit":false,"messageTitle":"Implement new tests for EditCommand and EditCommandParser","messageBody":"","fileTypesAndContributionMap":{"functional-code":{"insertions":2,"deletions":2},"test-code":{"insertions":136,"deletions":135}}},{"hash":"3cb212e87d5e0a6a618766568f37bf291ea8c631","isMergeCommit":true,"messageTitle":"Merge branch \u0027edit-command-abstraction\u0027 into merge-test","messageBody":"","fileTypesAndContributionMap":{}},{"hash":"66394851f2d8886efced25c6824bc5a3345e4b11","isMergeCommit":false,"messageTitle":"Fix StyleCheck errors","messageBody":"","fileTypesAndContributionMap":{"test-code":{"insertions":55,"deletions":6}}},{"hash":"3de73ff62d570ff91d7602d434211e244fae13ad","isMergeCommit":false,"messageTitle":"Set up skeleton for Ui under DG","messageBody":"","fileTypesAndContributionMap":{"docs":{"insertions":93,"deletions":5}}},{"hash":"b7ef143c57e1961a3b6ed64b9a08aa9ff3cb8a4c","isMergeCommit":false,"messageTitle":"Add theme implementation under DG","messageBody":"","fileTypesAndContributionMap":{"docs":{"insertions":17,"deletions":3}}}]},{"date":"2023-03-23","commitResults":[{"hash":"cd6b724165455958aa3e0b9f148f99a0092be00c","isMergeCommit":false,"messageTitle":"Update developer guide for UI","messageBody":"Placeholders are used for now where images are supposed to be. To be\nreplaced with actual images that aid explanation before release.\n","fileTypesAndContributionMap":{"docs":{"insertions":159,"deletions":12}}},{"hash":"05f594d805d5dac47d25a79e9a42aa77cc154a36","isMergeCommit":true,"messageTitle":"Handle conflict with upstream repo before merge","messageBody":"","fileTypesAndContributionMap":{}},{"hash":"1dc6a01df34fc90f10e7423880ce626e371f251f","isMergeCommit":false,"messageTitle":"Enable assertions and handle shown warnings","messageBody":"","fileTypesAndContributionMap":{"functional-code":{"insertions":7,"deletions":7},"other":{"insertions":5,"deletions":0}}},{"hash":"3f4ca2957debf833c733de38717981d8edf4317f","isMergeCommit":false,"messageTitle":"Refactor css file name to CodocTheme from DarkTheme","messageBody":"","fileTypesAndContributionMap":{"functional-code":{"insertions":454,"deletions":447}}},{"hash":"a5d31981ad1a048bb484e7d3210d769bf75786ea","isMergeCommit":false,"messageTitle":"Add more update to developer guide for UI","messageBody":"Placeholders for digrams has been replaced with actual images.\n","fileTypesAndContributionMap":{"docs":{"insertions":69,"deletions":19}}}]},{"date":"2023-03-24","commitResults":[{"hash":"d22004b0c753b901b8be4a37dbdb249da4177471","isMergeCommit":false,"messageTitle":"Update version for release v1.3.trial","messageBody":"","fileTypesAndContributionMap":{"functional-code":{"insertions":1,"deletions":1}}},{"hash":"2c95f030366d69731eaf9185a0bc6573534fbcbe","isMergeCommit":true,"messageTitle":"Merge pull request #113 from harin0826/master","messageBody":"Update version for release v1.3.trial","tags":["v1.3.trial"],"fileTypesAndContributionMap":{}}]}]},"authorFileTypeContributionMap":{"NappySprout":{"docs":179,"functional-code":440,"test-code":158},"anchengyang":{"docs":671,"functional-code":420,"test-code":323},"linustws":{"docs":500,"functional-code":1507,"test-code":1388,"other":3},"ShawnYip-Au":{"docs":271,"functional-code":114,"test-code":129},"harin0826":{"docs":376,"functional-code":1051,"test-code":180,"other":5}},"authorContributionVariance":{"NappySprout":13886.007,"anchengyang":81379.69,"linustws":727638.2,"ShawnYip-Au":6172.9297,"harin0826":100266.81},"authorDisplayNameMap":{"NappySprout":"CS2103T-F12-2 DARI.. ZHI","anchengyang":"CS2103T-F12-2 AN C..YANG","linustws":"CS2103T-F12-2 TAN ..INUS","ShawnYip-Au":"CS2103T-F12-2 YIP-..HAWN","harin0826":"CS2103T-F12-2 NAM ..ARIN"}}
