{"authorDailyContributionsMap":{"JrmCkh":[],"BigheartSmallbrain":[{"date":"2023-02-21","commitResults":[{"hash":"2a451940d7bdebc76d3a3d1e4105eb769bd896d9","messageTitle":"Update UserGuide.md and AboutUs.md","messageBody":"Changed the image and info within AboutUs and UG\n","fileTypesAndContributionMap":{"other":{"insertions":580,"deletions":0},"docs":{"insertions":33,"deletions":77}}}]},{"date":"2023-02-23","commitResults":[{"hash":"f8d5c6cff1d276d0d59ffc8e77a20cb6d79f7fdf","messageTitle":"Delete bin directory","messageBody":"","fileTypesAndContributionMap":{"other":{"insertions":0,"deletions":580}}},{"hash":"ae73d130dcb626aeaa2753def7ca559603831d6c","messageTitle":"Update README.md and UserGuide.md","messageBody":"","fileTypesAndContributionMap":{"docs":{"insertions":4,"deletions":3}}},{"hash":"a5ee3eff919b13009392138e1ece06105b454767","messageTitle":"Revert to original header of ReadMe.md and AboutUs.md","messageBody":"","fileTypesAndContributionMap":{"docs":{"insertions":4,"deletions":2}}},{"hash":"e31bc99249cf1123dd0959e94c9a585cee0eca79","messageTitle":"Fix title for AboutUs.md from \u0027User Guide\u0027 to \u0027About Us\u0027","messageBody":"","fileTypesAndContributionMap":{"docs":{"insertions":1,"deletions":1}}}]}],"lhy-hoyin":[{"date":"2023-02-23","commitResults":[{"hash":"b005ef4355827531ed676441f27418b1ae84d363","messageTitle":"Add PPP skeleton","messageBody":"","fileTypesAndContributionMap":{"docs":{"insertions":36,"deletions":0}}},{"hash":"56085fea89390f6e4a21d945bcf96d609e957f9d","messageTitle":"Update README content, badge link, acknowledgement","messageBody":"","fileTypesAndContributionMap":{"docs":{"insertions":11,"deletions":12}}}]},{"date":"2023-02-24","commitResults":[{"hash":"5b329d62e2dbc73966ab2a4e59998c8d0657c246","messageTitle":"Update UserGuide.md with draft US content, indicate features as \"coming soon\"","messageBody":"","fileTypesAndContributionMap":{"docs":{"insertions":62,"deletions":117}}},{"hash":"8823093dd9d9198980161dd38875197ee63268e1","messageTitle":"Add newline to EOF of UserGuide.md","messageBody":"","fileTypesAndContributionMap":{"docs":{"insertions":1,"deletions":1}}}]}],"anthonynmh":[{"date":"2023-02-25","commitResults":[{"hash":"71d38ceeae4078acfef9aa81068e4894a9171a22","messageTitle":"Add PPP","messageBody":"","fileTypesAndContributionMap":{"docs":{"insertions":44,"deletions":0}}},{"hash":"862f07a2716d39acda3bda33e062a84bfceee391","messageTitle":"Update user stories and use case of DG","messageBody":"","fileTypesAndContributionMap":{"docs":{"insertions":102,"deletions":24}}},{"hash":"a0096c2e53c7f1f78d7aa3813faf4cb35e9e58a1","messageTitle":"Update PPP","messageBody":"","fileTypesAndContributionMap":{"docs":{"insertions":1,"deletions":1}}},{"hash":"b3a42e58caf4ecdac4630f3c92e5191b957a467c","messageTitle":"Update PPP with documentation information","messageBody":"","fileTypesAndContributionMap":{"docs":{"insertions":4,"deletions":2}}}]},{"date":"2023-02-26","commitResults":[{"hash":"e70e545c60da80eb1f135144b3b1d0a82053bcac","messageTitle":"Update glossary of DG","messageBody":"","fileTypesAndContributionMap":{"docs":{"insertions":15,"deletions":11}}}]}]},"authorFileTypeContributionMap":{"JrmCkh":{"docs":0,"functional-code":0,"test-code":0},"BigheartSmallbrain":{"docs":14,"functional-code":0,"test-code":0},"lhy-hoyin":{"docs":108,"functional-code":0,"test-code":0},"anthonynmh":{"docs":144,"functional-code":0,"test-code":0}},"authorContributionVariance":{"JrmCkh":0.0,"BigheartSmallbrain":66500.25,"lhy-hoyin":3048.2,"anthonynmh":2819.84},"authorDisplayNameMap":{"JrmCkh":"CS2103-W17-3 CHIA..REMY","BigheartSmallbrain":"CS2103-W17-3 ZHAN..QUAN","lhy-hoyin":"CS2103-W17-3 LO H.. YIN","anthonynmh":"CS2103-W17-3 ANTH..HONG"}}
