{"authorDailyContributionsMap":{"JrmCkh":[{"date":"2023-02-28","commitResults":[{"hash":"b131e8fe66af1562caba2e54e0a815be2c24e76e","isMergeCommit":false,"messageTitle":"Add PPP","messageBody":"","fileTypesAndContributionMap":{"docs":{"insertions":51,"deletions":0}}},{"hash":"e0ad83bb2b2b9894c43642ffa4cf9bf107ad2884","isMergeCommit":true,"messageTitle":"Merge branch \u0027jrmckh-PPP-branch\u0027","messageBody":"* jrmckh-PPP-branch:\n  Add PPP\n","fileTypesAndContributionMap":{}},{"hash":"cf90756376dfd27233440346a98c98e22cf468f7","isMergeCommit":true,"messageTitle":"Merge pull request #35 from JrmCkh/jrmckh-PPP-branch","messageBody":"Add PPP (JrmCkh)","fileTypesAndContributionMap":{}}]},{"date":"2023-03-08","commitResults":[{"hash":"08ae83825a2e1de1979cc95b2cb4b03117af5eda","isMergeCommit":false,"messageTitle":"Add remark command","messageBody":"","fileTypesAndContributionMap":{"functional-code":{"insertions":224,"deletions":29},"test-code":{"insertions":220,"deletions":15}}},{"hash":"436ea510491f37c4e2c64cdbec53249e8857bb3d","isMergeCommit":true,"messageTitle":"Merge branch \u0027tutorial-adding-command\u0027","messageBody":"* tutorial-adding-command:\n  Add remark command\n","fileTypesAndContributionMap":{}},{"hash":"8ed239e8109f59fb6baee61a696074e58c6ac935","isMergeCommit":false,"messageTitle":"Update indentation","messageBody":"","fileTypesAndContributionMap":{"functional-code":{"insertions":33,"deletions":30}}}]},{"date":"2023-03-12","commitResults":[{"hash":"dcfcef58f737a0d85508b8f4963e048933942f49","isMergeCommit":false,"messageTitle":"Add remark command","messageBody":"","fileTypesAndContributionMap":{"functional-code":{"insertions":224,"deletions":29},"test-code":{"insertions":220,"deletions":15}}},{"hash":"87ddc33a66fb40f35f338a48f25feb8ccfa492f3","isMergeCommit":false,"messageTitle":"Update indentation","messageBody":"","fileTypesAndContributionMap":{"functional-code":{"insertions":33,"deletions":30}}}]},{"date":"2023-03-13","commitResults":[{"hash":"ed05081a297b94eb2cfe1479da3d086957865669","isMergeCommit":true,"messageTitle":"Merge branch \u0027master\u0027 of https://github.com/JrmCkh/tp","messageBody":"","fileTypesAndContributionMap":{}},{"hash":"1079a9b651c6b07ee651592c6a062a4ce934a9a0","isMergeCommit":true,"messageTitle":"Merge branch \u0027AY2223S2-CS2103-W17-3:master\u0027 into master","messageBody":"","fileTypesAndContributionMap":{}}]},{"date":"2023-03-14","commitResults":[{"hash":"6dc2b4b8ba11edaabc459fa8051c6ec0370e5b9b","isMergeCommit":true,"messageTitle":"Merge pull request #48 from anthonynmh/branch-make-event","messageBody":"Update code to support Event","fileTypesAndContributionMap":{}},{"hash":"9ada16e839f118aa448168c551a42090c2620f3b","isMergeCommit":true,"messageTitle":"Merge upstream to master","messageBody":"","fileTypesAndContributionMap":{}},{"hash":"ee69dfd3a05caf04b69a1d7310e4bc6616d71f94","isMergeCommit":false,"messageTitle":"Remove remark command","messageBody":"","fileTypesAndContributionMap":{"functional-code":{"insertions":1,"deletions":137},"test-code":{"insertions":0,"deletions":186}}},{"hash":"21e2154112288cd6680b6ca03b2f31d0c4ef5f44","isMergeCommit":false,"messageTitle":"Fix GUI to fit events","messageBody":"","fileTypesAndContributionMap":{"functional-code":{"insertions":213,"deletions":317},"other":{"insertions":54,"deletions":43},"test-code":{"insertions":7,"deletions":7}}},{"hash":"97d878627f6c458d84f974d9f623408bb0623d2b","isMergeCommit":true,"messageTitle":"Merge branch \u0027fix-gui-branch\u0027","messageBody":"* fix-gui-branch:\n  Fix GUI to fit events\n  Remove remark command\n  Update app to support Event\n  Update EditComand to support Event\n  Update PPP for Yuquan\n  Update PPP for Yuquan\n  Update AboutUs.md for Jeremy\n  Reset AboutUs.md to default\n  Update AboutUs\n  Update AboutUs\n  Update markdown file\n","fileTypesAndContributionMap":{}},{"hash":"4d60c0203fdbc531b7da939b8de8d10d6a0becd1","isMergeCommit":false,"messageTitle":"Modify PPP","messageBody":"","fileTypesAndContributionMap":{"docs":{"insertions":2,"deletions":1}}},{"hash":"afc74d1fdfaced9b3b1818547f10379346b33824","isMergeCommit":true,"messageTitle":"Merge pull request #50 from JrmCkh/modify-PPP-branch","messageBody":"Modify ppp branch","fileTypesAndContributionMap":{}}]},{"date":"2023-03-15","commitResults":[{"hash":"1b4267178f65fcf220e98c0dfe71504dcbc59a31","isMergeCommit":true,"messageTitle":"Merge pull request #53 from BigheartSmallbrain/FindEvent","messageBody":"Add Find Event","fileTypesAndContributionMap":{}}]},{"date":"2023-03-16","commitResults":[{"hash":"1312b6a789ed880fdc42d45b29026e269a4ec446","isMergeCommit":true,"messageTitle":"Merge branch \u0027modify-PPP-branch\u0027","messageBody":"* modify-PPP-branch:\n  Modify PPP\n","fileTypesAndContributionMap":{}},{"hash":"bfb263dde6bb23e26053e732bb8e1602cc3977db","isMergeCommit":false,"messageTitle":"Modify Event class","messageBody":"","fileTypesAndContributionMap":{"functional-code":{"insertions":451,"deletions":279},"test-code":{"insertions":0,"deletions":5}}},{"hash":"618ebd3256ca09f8070a1b65946236d7a3bbe825","isMergeCommit":false,"messageTitle":"Update event","messageBody":"","fileTypesAndContributionMap":{"functional-code":{"insertions":73,"deletions":84}}},{"hash":"549dec9d8447d0741b1272ed3f107826a901c5ac","isMergeCommit":false,"messageTitle":"Modify indentations","messageBody":"","fileTypesAndContributionMap":{"functional-code":{"insertions":9,"deletions":14}}}]},{"date":"2023-03-18","commitResults":[{"hash":"961a2b5169defa003a8cb055081ed65f40758cdf","isMergeCommit":true,"messageTitle":"Merge branch \u0027modify-event-branch\u0027","messageBody":"* modify-event-branch:\n  Modify indentations\n  Update event\n  Modify Event class\n","fileTypesAndContributionMap":{}},{"hash":"e820d37e660453ea17e7e451e64dc6f79d02fb88","isMergeCommit":false,"messageTitle":"Remove redundant classes","messageBody":"","fileTypesAndContributionMap":{"functional-code":{"insertions":234,"deletions":949},"other":{"insertions":59,"deletions":60},"test-code":{"insertions":44,"deletions":60}}}]},{"date":"2023-03-19","commitResults":[{"hash":"447bc9f79cb2f869b28a7f5a2d57f7ddd0b6f836","isMergeCommit":true,"messageTitle":"Merge branch \u0027JrmCkh-remove-redundant-class-branch\u0027","messageBody":"","fileTypesAndContributionMap":{}},{"hash":"1de68bd3f27adfc144b78e46f41b778e5f0a4478","isMergeCommit":false,"messageTitle":"Add AddressBookParserTest","messageBody":"","fileTypesAndContributionMap":{"test-code":{"insertions":99,"deletions":0}}},{"hash":"6e497161024f931ee03ce9ae99e8209a6afc6a28","isMergeCommit":true,"messageTitle":"Merge branch \u0027JrmCkh-remove-redundant-class-branch\u0027","messageBody":"","fileTypesAndContributionMap":{}},{"hash":"82ff75027ca07c8a82631edefca0384fa65912ac","isMergeCommit":false,"messageTitle":"Update checkstyle","messageBody":"","fileTypesAndContributionMap":{"functional-code":{"insertions":4,"deletions":3}}},{"hash":"83f9086d5cec3b42622c634cace0006c0f6c383e","isMergeCommit":false,"messageTitle":"Add line at EOF","messageBody":"","fileTypesAndContributionMap":{"functional-code":{"insertions":1,"deletions":0},"test-code":{"insertions":1,"deletions":1}}},{"hash":"39d93ea1d7920200408d0dd36ebf42094dba7dba","isMergeCommit":true,"messageTitle":"Merge branch \u0027master\u0027 into JrmCkh-remove-redundant-class-branch","messageBody":"","fileTypesAndContributionMap":{}},{"hash":"c6025c67444961748e4ac78a1ebecfc63b73a674","isMergeCommit":false,"messageTitle":"Update indentation","messageBody":"","fileTypesAndContributionMap":{"functional-code":{"insertions":11,"deletions":21}}},{"hash":"e296fbe45660df67c311f6e0d917513ef5a8395b","isMergeCommit":true,"messageTitle":"Merge pull request #60 from lhy-hoyin/branch-FixBuildFailed","messageBody":"Fix issue that preventing module \u0027tP.main\u0027 from building","fileTypesAndContributionMap":{}},{"hash":"4f166d1702164f22ef6b0f32ae8931eb1058cc47","isMergeCommit":false,"messageTitle":"Update code to follow checkstyle","messageBody":"","fileTypesAndContributionMap":{"functional-code":{"insertions":32,"deletions":34}}},{"hash":"f088c1a4361c167fb6becc99f334dbb9202075e3","isMergeCommit":true,"messageTitle":"Merge pull request #59 from JrmCkh/JrmCkh-remove-redundant-class-branch","messageBody":"Remove redundant class branch","fileTypesAndContributionMap":{}},{"hash":"eb4a96eb92a87b67dcfa6875677ae74b59f41318","isMergeCommit":true,"messageTitle":"Merge branch \u0027AY2223S2-CS2103-W17-3:master\u0027 into master","messageBody":"","fileTypesAndContributionMap":{}}]},{"date":"2023-03-20","commitResults":[{"hash":"65cbb42541e76e83a01a0b37e0b591c2457213f9","isMergeCommit":true,"messageTitle":"Merge branch \u0027AY2223S2-CS2103-W17-3:master\u0027 into master","messageBody":"","fileTypesAndContributionMap":{}},{"hash":"56489cea72ad736bc1207eed03476809033f9d11","isMergeCommit":false,"messageTitle":"Refactor test cases","messageBody":"","fileTypesAndContributionMap":{"functional-code":{"insertions":24,"deletions":23},"other":{"insertions":5,"deletions":7},"docs":{"insertions":98,"deletions":98},"test-code":{"insertions":1495,"deletions":1808}}}]},{"date":"2023-03-21","commitResults":[{"hash":"1975bc536ae0b1bd0ac0609342c803709d93cafe","isMergeCommit":false,"messageTitle":"Fix incorrect naming","messageBody":"","fileTypesAndContributionMap":{"functional-code":{"insertions":11,"deletions":12},"test-code":{"insertions":2,"deletions":4}}},{"hash":"cf31b60b1ada027105bc15a5c538e57bda4f4106","isMergeCommit":true,"messageTitle":"Merge pull request #64 from JrmCkh/modify-test-branch","messageBody":"Refactored test cases","fileTypesAndContributionMap":{}}]},{"date":"2023-03-22","commitResults":[{"hash":"f322a88b11d63b516895a1260b1ebbe26d6e92b6","isMergeCommit":true,"messageTitle":"Merge pull request #63 from lhy-hoyin/branch-RenamePackage","messageBody":"Update build.gradle for proper JAR release and improve code defense","fileTypesAndContributionMap":{}}]},{"date":"2023-03-23","commitResults":[{"hash":"ef39536eca06172800073edd6746c006dbda52a6","isMergeCommit":true,"messageTitle":"Merge pull request #77 from lhy-hoyin/branch-DG","messageBody":"Update DG up to \"Common classes\"","fileTypesAndContributionMap":{}}]}],"BigheartSmallbrain":[{"date":"2023-02-21","commitResults":[{"hash":"2a451940d7bdebc76d3a3d1e4105eb769bd896d9","isMergeCommit":false,"messageTitle":"Update UserGuide.md and AboutUs.md","messageBody":"Changed the image and info within AboutUs and UG\n","fileTypesAndContributionMap":{"other":{"insertions":580,"deletions":0},"docs":{"insertions":33,"deletions":77}}}]},{"date":"2023-02-23","commitResults":[{"hash":"f8d5c6cff1d276d0d59ffc8e77a20cb6d79f7fdf","isMergeCommit":false,"messageTitle":"Delete bin directory","messageBody":"","fileTypesAndContributionMap":{"other":{"insertions":0,"deletions":580}}},{"hash":"ae73d130dcb626aeaa2753def7ca559603831d6c","isMergeCommit":false,"messageTitle":"Update README.md and UserGuide.md","messageBody":"","fileTypesAndContributionMap":{"docs":{"insertions":4,"deletions":3}}},{"hash":"854a28952767f02b19587414042cd9568059eab0","isMergeCommit":true,"messageTitle":"Merge branch \u0027master\u0027 of https://github.com/BigheartSmallbrain/CS2103-TP","messageBody":"","fileTypesAndContributionMap":{}},{"hash":"a5ee3eff919b13009392138e1ece06105b454767","isMergeCommit":false,"messageTitle":"Revert to original header of ReadMe.md and AboutUs.md","messageBody":"","fileTypesAndContributionMap":{"docs":{"insertions":4,"deletions":2}}},{"hash":"e31bc99249cf1123dd0959e94c9a585cee0eca79","isMergeCommit":false,"messageTitle":"Fix title for AboutUs.md from \u0027User Guide\u0027 to \u0027About Us\u0027","messageBody":"","fileTypesAndContributionMap":{"docs":{"insertions":1,"deletions":1}}}]},{"date":"2023-02-28","commitResults":[{"hash":"e2b98989687883db8614afca753b37270e6e28ad","isMergeCommit":false,"messageTitle":"Add bigheartsmallbrain.md for PPP","messageBody":"","fileTypesAndContributionMap":{"docs":{"insertions":43,"deletions":0}}},{"hash":"149da54d11e2b7ce9d7a71c98af9ed0fe3dd60a7","isMergeCommit":false,"messageTitle":"Fix error for PPP","messageBody":"","fileTypesAndContributionMap":{"docs":{"insertions":1,"deletions":1}}},{"hash":"d858320010a47b6fa6a80653a9b2c0d81d40de0e","isMergeCommit":false,"messageTitle":"Fix error for README","messageBody":"","fileTypesAndContributionMap":{"docs":{"insertions":1,"deletions":1}}},{"hash":"704fed7d21a7ef8c78b01b98c6b82d3532fec946","isMergeCommit":false,"messageTitle":"Fix error in .md file","messageBody":"","fileTypesAndContributionMap":{"docs":{"insertions":1,"deletions":1}}},{"hash":"2bfc2ae792cc5933fdfa5f5ae594eb496e7610ef","isMergeCommit":false,"messageTitle":"Fix error in .md file","messageBody":"","fileTypesAndContributionMap":{"docs":{"insertions":1,"deletions":1}}},{"hash":"5e5ec1fd4c1758d2823e40855762ce974a5556d0","isMergeCommit":false,"messageTitle":"Fix errors","messageBody":"","fileTypesAndContributionMap":{"docs":{"insertions":3,"deletions":3}}},{"hash":"cc4247c82b45a058b07eef55a50455faef60812c","isMergeCommit":false,"messageTitle":"Fix errors","messageBody":"","fileTypesAndContributionMap":{"docs":{"insertions":42,"deletions":42}}},{"hash":"582fdd1bbf9d2a5939cb2bc01eb2890f3fdda817","isMergeCommit":false,"messageTitle":"Fix no newline at EOF","messageBody":"","fileTypesAndContributionMap":{"docs":{"insertions":3,"deletions":3}}},{"hash":"42d6f0a4cdddf3964b7301d4e3ed1680228d2b2d","isMergeCommit":false,"messageTitle":"Fix all errors for checkstyle","messageBody":"","fileTypesAndContributionMap":{"docs":{"insertions":47,"deletions":47}}},{"hash":"7c69eeeac26804739d2fbd18d9437de394bfb99a","isMergeCommit":true,"messageTitle":"Merge pull request #32 from BigheartSmallbrain/branch-PPP","messageBody":"Add PPP (bigheartsmallbrain)","fileTypesAndContributionMap":{}},{"hash":"e2452219aa931f16f66c2b095beae667c2132811","isMergeCommit":true,"messageTitle":"Merge pull request #33 from BigheartSmallbrain/branch-README","messageBody":"Update README for Ez-Schedule","fileTypesAndContributionMap":{}}]},{"date":"2023-03-01","commitResults":[{"hash":"2075e88b5b23557753b0a7e86547138af2b766ee","isMergeCommit":false,"messageTitle":"Update markdown file","messageBody":"","fileTypesAndContributionMap":{"docs":{"insertions":24,"deletions":73}}},{"hash":"f8db304c5212d579ed46f5243815c0d85aba943e","isMergeCommit":true,"messageTitle":"Merge branch \u0027master\u0027 into branch-PPP","messageBody":"","fileTypesAndContributionMap":{}},{"hash":"233802be2e78aec5c78569d22c5f7dd8d01ff6b2","isMergeCommit":false,"messageTitle":"Update AboutUs","messageBody":"","fileTypesAndContributionMap":{"docs":{"insertions":3,"deletions":3}}},{"hash":"a69de146e266827a0b9466dc37ebecc7d288428d","isMergeCommit":true,"messageTitle":"Merge pull request #37 from BigheartSmallbrain/branch-README","messageBody":"Update Ui mockup","fileTypesAndContributionMap":{}}]},{"date":"2023-03-13","commitResults":[{"hash":"55ab767efe7b16717099f4837af8d16ba4392f1c","isMergeCommit":false,"messageTitle":"Reset AboutUs.md to default","messageBody":"","fileTypesAndContributionMap":{"docs":{"insertions":2,"deletions":2}}},{"hash":"6c30fe785b5a91250f254d7035298f20ab95a029","isMergeCommit":false,"messageTitle":"Update AboutUs.md for Jeremy","messageBody":"","fileTypesAndContributionMap":{"docs":{"insertions":1,"deletions":1}}},{"hash":"57572faf5dd4a606cec09acfee09a1cd146edff7","isMergeCommit":false,"messageTitle":"Update PPP for Yuquan","messageBody":"","fileTypesAndContributionMap":{"docs":{"insertions":2,"deletions":1}}},{"hash":"8c7f04bb5b89e2bd1b36fecb7cf3d62f14d7f836","isMergeCommit":false,"messageTitle":"Update PPP for Yuquan","messageBody":"","fileTypesAndContributionMap":{"docs":{"insertions":1,"deletions":1}}},{"hash":"6a88dfec17fff11ebb544b4eb4b75b25387d15e1","isMergeCommit":true,"messageTitle":"Merge pull request #40 from BigheartSmallbrain/branch-PPP","messageBody":"Update PPP markdown file","fileTypesAndContributionMap":{}}]},{"date":"2023-03-14","commitResults":[{"hash":"8eda7907e2e6e9f0857a42b7c94fa04adc0054f3","isMergeCommit":false,"messageTitle":"Update java files to support FindCommand for events","messageBody":"","fileTypesAndContributionMap":{"functional-code":{"insertions":8,"deletions":7},"test-code":{"insertions":0,"deletions":2}}},{"hash":"7377c7fa1c44e5d9c0380368eccc3f8e036dbe3d","isMergeCommit":true,"messageTitle":"Merge pull request #49 from JrmCkh/fix-gui-branch","messageBody":"Fix gui branch","fileTypesAndContributionMap":{}},{"hash":"222a6b11f6daf4e8170da778fca703a7bd2545d7","isMergeCommit":true,"messageTitle":"Resolve merge conflict. Merge master to FindEvent Branch","messageBody":"","fileTypesAndContributionMap":{}},{"hash":"6937511580f6770d0cb6ba151174f333fdf06a77","isMergeCommit":false,"messageTitle":"Add Find Event feature","messageBody":"","fileTypesAndContributionMap":{"functional-code":{"insertions":27,"deletions":4}}}]},{"date":"2023-03-15","commitResults":[{"hash":"a13a769ea347c2dc982d711c14dc92a245492175","isMergeCommit":false,"messageTitle":"Fix bugs to pass CI","messageBody":"","fileTypesAndContributionMap":{"functional-code":{"insertions":5,"deletions":6},"docs":{"insertions":2,"deletions":2}}}]},{"date":"2023-03-16","commitResults":[{"hash":"6ca42a26a0c71c6b9db4bbe77ffb0939f35dd2ef","isMergeCommit":true,"messageTitle":"Merge branch \u0027master\u0027 into modify-event-branch","messageBody":"","fileTypesAndContributionMap":{}}]}],"lhy-hoyin":[{"date":"2023-02-23","commitResults":[{"hash":"fcf98e35cf71ef794fbd5b7879e60f60f317f7b3","isMergeCommit":true,"messageTitle":"Merge pull request #9 from BigheartSmallbrain/master","messageBody":"Updated AboutUs and UserGuide","fileTypesAndContributionMap":{}},{"hash":"2cda71459c551a267f689ab403e687fb4c38a447","isMergeCommit":true,"messageTitle":"Merge branch \u0027master\u0027 of https://github.com/AY2223S2-CS2103-W17-3/tp","messageBody":"","fileTypesAndContributionMap":{}},{"hash":"b005ef4355827531ed676441f27418b1ae84d363","isMergeCommit":false,"messageTitle":"Add PPP skeleton","messageBody":"","fileTypesAndContributionMap":{"docs":{"insertions":36,"deletions":0}}},{"hash":"56085fea89390f6e4a21d945bcf96d609e957f9d","isMergeCommit":false,"messageTitle":"Update README content, badge link, acknowledgement","messageBody":"","fileTypesAndContributionMap":{"docs":{"insertions":11,"deletions":12}}}]},{"date":"2023-02-24","commitResults":[{"hash":"5b329d62e2dbc73966ab2a4e59998c8d0657c246","isMergeCommit":false,"messageTitle":"Update UserGuide.md with draft US content, indicate features as \"coming soon\"","messageBody":"","fileTypesAndContributionMap":{"docs":{"insertions":62,"deletions":117}}},{"hash":"8823093dd9d9198980161dd38875197ee63268e1","isMergeCommit":false,"messageTitle":"Add newline to EOF of UserGuide.md","messageBody":"","fileTypesAndContributionMap":{"docs":{"insertions":1,"deletions":1}}},{"hash":"253d2fb69a2835463c3b00dfa28b7ec4ea20eba3","isMergeCommit":true,"messageTitle":"Merge pull request #27 from lhy-hoyin/docs","messageBody":"Update README, UG","fileTypesAndContributionMap":{}}]},{"date":"2023-03-01","commitResults":[{"hash":"a6c9d5c9019b714571907b13faa5de91c18b46fd","isMergeCommit":false,"messageTitle":"Change title format Add content as summary for milestone 1.1","messageBody":"","fileTypesAndContributionMap":{"docs":{"insertions":27,"deletions":8}}},{"hash":"e564e3d3ddb31db41b5a7dad1bfa02def159dbac","isMergeCommit":true,"messageTitle":"Merge pull request #38 from lhy-hoyin/branch-PPP","messageBody":"Update content for PPP","fileTypesAndContributionMap":{}}]},{"date":"2023-03-12","commitResults":[{"hash":"e38fd12d3a4f44825dab7c7112dbff64133b033f","isMergeCommit":false,"messageTitle":"Add empty files to include directory for project development","messageBody":"","fileTypesAndContributionMap":{"functional-code":{"insertions":8,"deletions":0},"test-code":{"insertions":4,"deletions":0}}},{"hash":"2d9cf2b03d88a2e80a15b7dd0d2b43e17fd28c7b","isMergeCommit":true,"messageTitle":"Merge pull request #45 from lhy-hoyin/branch-ParallelDev","messageBody":"tP ezschedule package in parallel\r\n(codecov tests are bypassed)","fileTypesAndContributionMap":{}},{"hash":"565a85989f32413cbec3984ec6f04b6a0db908a3","isMergeCommit":false,"messageTitle":"Port/Copy some non-project-specific files from AB3 to EzSchedule","messageBody":"Includes:\n - commons.core package\n - commons.exceptions package\n - commons.util package\n - AppParameter\n - tests for commons (except JsonUtilTest)\n\nRemove \"placeholder\" test class\n","fileTypesAndContributionMap":{"functional-code":{"insertions":927,"deletions":0},"test-code":{"insertions":740,"deletions":4}}}]},{"date":"2023-03-13","commitResults":[{"hash":"d4ad0bcece8e911df02d726eea9e76270258409e","isMergeCommit":false,"messageTitle":"Add class template for objects Port some code for MainApp.java to allow program to build and run","messageBody":"","fileTypesAndContributionMap":{"functional-code":{"insertions":203,"deletions":1}}},{"hash":"9c3360e91de9bdc368fd2ead5408203b1723b4fd","isMergeCommit":true,"messageTitle":"Merge pull request #46 from lhy-hoyin/branch-ParallelDev","messageBody":"Set up with starting base code for Ez-Schedule","fileTypesAndContributionMap":{}},{"hash":"25314df33f674286b5b266c0e0cfc0409fd3098b","isMergeCommit":true,"messageTitle":"Merge pull request #39 from BigheartSmallbrain/branch-AboutUs","messageBody":"Update AboutUs","fileTypesAndContributionMap":{}}]},{"date":"2023-03-14","commitResults":[{"hash":"ddcd55ae3b6e40970f02897e92d66f7b47ae846c","isMergeCommit":false,"messageTitle":"Add layout and title for UserGuide.md","messageBody":"","fileTypesAndContributionMap":{"docs":{"insertions":5,"deletions":0}}},{"hash":"0fc6da2bd7123f6d6593b15817bd032d5f0340ff","isMergeCommit":true,"messageTitle":"Merge pull request #51 from lhy-hoyin/branch-UserGuide","messageBody":"Add layout and title for UserGuide.md","fileTypesAndContributionMap":{}},{"hash":"84fce54bfd64b671665f32b701a97788dc17072a","isMergeCommit":true,"messageTitle":"Merge pull request #52 from anthonynmh/branch-help","messageBody":"Update UG link to ez-schedule","fileTypesAndContributionMap":{}}]},{"date":"2023-03-19","commitResults":[{"hash":"c190d36577b8283e6b8546e79e2b2ee84b9036ec","isMergeCommit":false,"messageTitle":"Fix issues that preventing module \u0027tP.main\u0027 from building","messageBody":"","fileTypesAndContributionMap":{"functional-code":{"insertions":0,"deletions":9}}},{"hash":"f8ef9bd7156e20cfee97813e71c41a7810c097e0","isMergeCommit":false,"messageTitle":"[Phase 1 of 2] Remove ezschedule package (was previously, but that would violate the Constraint-Brownfield)","messageBody":"","fileTypesAndContributionMap":{"functional-code":{"insertions":0,"deletions":1137},"test-code":{"insertions":0,"deletions":740}}},{"hash":"e64ffa2fb6e6cfc583b1c78ef977546a78285061","isMergeCommit":false,"messageTitle":"Correct checkstyleMain issues","messageBody":"","fileTypesAndContributionMap":{"functional-code":{"insertions":6,"deletions":7}}},{"hash":"19972f8930333cb952bc14e51e0db1ca97b07518","isMergeCommit":false,"messageTitle":"[Part 2 of 2] Rename existing seedu.address package to ez_schedule package","messageBody":"Change some seedu.address mentions in docs to schedule.\n","fileTypesAndContributionMap":{"other":{"insertions":886,"deletions":906},"docs":{"insertions":14,"deletions":10},"test-code":{"insertions":284,"deletions":318}}},{"hash":"6e2d55697789071f3b5e88c6175d8dc508ed05c8","isMergeCommit":false,"messageTitle":"Re-order import statements to conform to checkstyleMain","messageBody":"","fileTypesAndContributionMap":{"functional-code":{"insertions":40,"deletions":45}}},{"hash":"6423b8b341f1b71308e754fe16401f846256bfce","isMergeCommit":true,"messageTitle":"Merge branch \u0027master\u0027 into branch-RenamePackage","messageBody":"# Conflicts:\n#\tsrc/main/java/ezschedule/logic/Logic.java\n#\tsrc/main/java/ezschedule/logic/LogicManager.java\n#\tsrc/main/java/ezschedule/logic/commands/ClearCommand.java\n#\tsrc/main/java/ezschedule/logic/commands/FindCommand.java\n#\tsrc/main/java/ezschedule/logic/parser/AddressBookParser.java\n#\tsrc/main/java/ezschedule/logic/parser/SchedulerParser.java\n#\tsrc/main/java/ezschedule/model/AddressBook.java\n#\tsrc/main/java/ezschedule/model/ModelManager.java\n#\tsrc/main/java/ezschedule/model/ReadOnlyAddressBook.java\n#\tsrc/main/java/ezschedule/model/ReadOnlyScheduler.java\n#\tsrc/main/java/ezschedule/model/Scheduler.java\n#\tsrc/main/java/ezschedule/model/person/Address.java\n#\tsrc/main/java/ezschedule/model/person/Email.java\n#\tsrc/main/java/ezschedule/model/person/Name.java\n#\tsrc/main/java/ezschedule/model/person/NameContainsKeywordsPredicate.java\n#\tsrc/main/java/ezschedule/model/person/Person.java\n#\tsrc/main/java/ezschedule/model/person/Phone.java\n#\tsrc/main/java/ezschedule/model/person/Remark.java\n#\tsrc/main/java/ezschedule/model/person/UniquePersonList.java\n#\tsrc/main/java/ezschedule/model/person/exceptions/DuplicatePersonException.java\n#\tsrc/main/java/ezschedule/model/person/exceptions/PersonNotFoundException.java\n#\tsrc/main/java/ezschedule/model/util/SampleDataUtil.java\n#\tsrc/main/java/ezschedule/storage/AddressBookStorage.java\n#\tsrc/main/java/ezschedule/storage/JsonAdaptedPerson.java\n#\tsrc/main/java/ezschedule/storage/JsonAddressBookStorage.java\n#\tsrc/main/java/ezschedule/storage/JsonSchedulerStorage.java\n#\tsrc/main/java/ezschedule/storage/JsonSerializableScheduler.java\n#\tsrc/main/java/ezschedule/storage/SchedulerStorage.java\n#\tsrc/main/java/ezschedule/storage/Storage.java\n#\tsrc/main/java/ezschedule/storage/StorageManager.java\n#\tsrc/main/java/seedu/address/MainApp.java\n#\tsrc/main/java/seedu/address/commons/core/LogsCenter.java\n#\tsrc/main/java/seedu/address/commons/core/Messages.java\n#\tsrc/main/java/seedu/address/commons/core/Version.java\n#\tsrc/main/java/seedu/address/commons/exceptions/DataConversionException.java\n#\tsrc/main/java/seedu/address/commons/util/FileUtil.java\n#\tsrc/main/java/seedu/address/commons/util/JsonUtil.java\n#\tsrc/main/java/seedu/address/logic/parser/AddressBookParser.java\n#\tsrc/main/java/seedu/address/model/AddressBook.java\n#\tsrc/main/java/seedu/address/model/ReadOnlyAddressBook.java\n#\tsrc/main/java/seedu/address/storage/JsonAddressBookStorage.java\n#\tsrc/test/java/ezschedule/logic/LogicManagerTest.java\n#\tsrc/test/java/ezschedule/logic/commands/AddCommandTest.java\n#\tsrc/test/java/ezschedule/logic/commands/ClearCommandTest.java\n#\tsrc/test/java/ezschedule/logic/commands/CommandTestUtil.java\n#\tsrc/test/java/ezschedule/logic/commands/EditCommandTest.java\n#\tsrc/test/java/ezschedule/logic/parser/AddressBookParserTest.java\n#\tsrc/test/java/ezschedule/logic/parser/SchedulerParserTest.java\n#\tsrc/test/java/ezschedule/model/AddressBookTest.java\n#\tsrc/test/java/ezschedule/model/ModelManagerTest.java\n#\tsrc/test/java/ezschedule/storage/JsonAddressBookStorageTest.java\n#\tsrc/test/java/ezschedule/storage/JsonSchedulerStorageTest.java\n#\tsrc/test/java/ezschedule/storage/JsonSerializableAddressBookTest.java\n#\tsrc/test/java/ezschedule/storage/StorageManagerTest.java\n#\tsrc/test/java/ezschedule/testutil/AddressBookBuilder.java\n#\tsrc/test/java/ezschedule/testutil/TypicalPersons.java\n#\tsrc/test/java/seedu/address/commons/util/AppUtilTest.java\n#\tsrc/test/java/seedu/address/storage/JsonAddressBookStorageTest.java\n","fileTypesAndContributionMap":{}}]},{"date":"2023-03-20","commitResults":[{"hash":"07898c0b53131283d7c38c0b23fc23bba0a4686a","isMergeCommit":false,"messageTitle":"Fix title of AboutUs.md","messageBody":"","fileTypesAndContributionMap":{"docs":{"insertions":5,"deletions":5}}},{"hash":"79080718dae77b5ac5371937e2f0e5e89f11c703","isMergeCommit":true,"messageTitle":"Merge pull request #61 from lhy-hoyin/branch-RenamePackage","messageBody":"Package Rename","fileTypesAndContributionMap":{}},{"hash":"61913464378c93806914f127e63ad5b0a04a2933","isMergeCommit":false,"messageTitle":"Update build.gradle for proper JAR release and improve code defense","messageBody":"Update the mainClassName which gradle points to.\nUpdate name of the .jar file when created.\nEnable assertions when executing Java code.\n","fileTypesAndContributionMap":{"other":{"insertions":6,"deletions":2}}}]},{"date":"2023-03-21","commitResults":[{"hash":"2265d33b055e694e18e4ce157c84f9a5c0c49fab","isMergeCommit":false,"messageTitle":"Allow Event to be comparable","messageBody":"","fileTypesAndContributionMap":{"functional-code":{"insertions":27,"deletions":3}}},{"hash":"659593cbc8e63d49d6002edffae37061185f759b","isMergeCommit":true,"messageTitle":"Merge branch \u0027master\u0027 of https://github.com/AY2223S2-CS2103-W17-3/tp","messageBody":"* \u0027master\u0027 of https://github.com/AY2223S2-CS2103-W17-3/tp:\n  Fix incorrect naming\n  Refactor test cases\n","fileTypesAndContributionMap":{}}]},{"date":"2023-03-22","commitResults":[{"hash":"9dcbd2eff6b9b6d9ae7719fceb23f80a0ba43769","isMergeCommit":false,"messageTitle":"Update build.gradle for proper JAR release and improve code defense","messageBody":"Update the mainClassName which gradle points to.\nUpdate name of the .jar file when created.\nEnable assertions when executing Java code.\n","fileTypesAndContributionMap":{"other":{"insertions":6,"deletions":2}}},{"hash":"b601ab90a413f41be8ec054497aad9fa741b7008","isMergeCommit":true,"messageTitle":"Merge branch \u0027branch-RenamePackage\u0027 of https://github.com/lhy-hoyin/tp into branch-RenamePackage","messageBody":"","fileTypesAndContributionMap":{}},{"hash":"af6180db8376f364aa2d7e6effeccb6ee3a422a1","isMergeCommit":false,"messageTitle":"Allow Event to be comparable","messageBody":"","fileTypesAndContributionMap":{"functional-code":{"insertions":27,"deletions":3}}},{"hash":"33a19da112a8340755d89aee5b521abb08c801a4","isMergeCommit":true,"messageTitle":"Merge branch \u0027branch-SortEvent\u0027 of https://github.com/lhy-hoyin/tp into branch-SortEvent","messageBody":"","fileTypesAndContributionMap":{}},{"hash":"4cb12a007a12d33f22589d96223e4356fd228f84","isMergeCommit":false,"messageTitle":"Fix checkstyle issues","messageBody":"","fileTypesAndContributionMap":{"functional-code":{"insertions":1,"deletions":1}}},{"hash":"78080f6f1bc2fb7b4ae880606b2d1031070a6b4a","isMergeCommit":false,"messageTitle":"Fix title of AboutUs.md","messageBody":"","fileTypesAndContributionMap":{"docs":{"insertions":5,"deletions":5}}},{"hash":"bf596045033b6fc8c32fbe269d509c8888774981","isMergeCommit":true,"messageTitle":"Merge branch \u0027branch-AboutUs\u0027 of https://github.com/lhy-hoyin/tp into branch-AboutUs","messageBody":"","fileTypesAndContributionMap":{}},{"hash":"dca51b3c6a96a8844e65503e2e1180f6291d3ac7","isMergeCommit":true,"messageTitle":"Merge pull request #66 from lhy-hoyin/branch-SortEvent","messageBody":"Allow Event to be comparable","fileTypesAndContributionMap":{}},{"hash":"479492b9b140df45c8af3a1c9952a7cceff58b64","isMergeCommit":true,"messageTitle":"Merge pull request #62 from lhy-hoyin/branch-AboutUs","messageBody":"Fix title of AboutUs.md","fileTypesAndContributionMap":{}}]},{"date":"2023-03-23","commitResults":[{"hash":"46388687cda83ac519ac8145cb610de9991505f3","isMergeCommit":false,"messageTitle":"Update DG up to \"Common classes\"","messageBody":"Change links to point to our tP repo.\nUpdate references of AddressBook to Scheduler.\n\nImage of \"Structure of the UI component\" needs to be updated\n(change PersonListPanel to EventListPanel).\n","fileTypesAndContributionMap":{"docs":{"insertions":28,"deletions":15}}}]}],"anthonynmh":[{"date":"2023-02-25","commitResults":[{"hash":"71d38ceeae4078acfef9aa81068e4894a9171a22","isMergeCommit":false,"messageTitle":"Add PPP","messageBody":"","fileTypesAndContributionMap":{"docs":{"insertions":44,"deletions":0}}},{"hash":"862f07a2716d39acda3bda33e062a84bfceee391","isMergeCommit":false,"messageTitle":"Update user stories and use case of DG","messageBody":"","fileTypesAndContributionMap":{"docs":{"insertions":102,"deletions":24}}},{"hash":"a0096c2e53c7f1f78d7aa3813faf4cb35e9e58a1","isMergeCommit":false,"messageTitle":"Update PPP","messageBody":"","fileTypesAndContributionMap":{"docs":{"insertions":1,"deletions":1}}},{"hash":"b3a42e58caf4ecdac4630f3c92e5191b957a467c","isMergeCommit":false,"messageTitle":"Update PPP with documentation information","messageBody":"","fileTypesAndContributionMap":{"docs":{"insertions":4,"deletions":2}}}]},{"date":"2023-02-26","commitResults":[{"hash":"e70e545c60da80eb1f135144b3b1d0a82053bcac","isMergeCommit":false,"messageTitle":"Update glossary of DG","messageBody":"","fileTypesAndContributionMap":{"docs":{"insertions":15,"deletions":11}}},{"hash":"299b083bb6d2d3bd25032b7324af66f4207a63b9","isMergeCommit":true,"messageTitle":"Merge pull request #31 from anthonynmh/branch-UserStoryDG","messageBody":"Branch user story dg","fileTypesAndContributionMap":{}}]},{"date":"2023-03-14","commitResults":[{"hash":"7420c5a0f105f21eb6fbc41b71d93cbc3931f2ae","isMergeCommit":false,"messageTitle":"Update EditComand to support Event","messageBody":"","fileTypesAndContributionMap":{"functional-code":{"insertions":315,"deletions":125}}},{"hash":"d62c30d30715fbeb82f17cb38bd86afc4dbf4fc9","isMergeCommit":false,"messageTitle":"Update app to support Event","messageBody":"","fileTypesAndContributionMap":{"functional-code":{"insertions":352,"deletions":219},"test-code":{"insertions":9,"deletions":2}}},{"hash":"eb2ed2234650dfd55f0cc74b9838d742b555c930","isMergeCommit":false,"messageTitle":"Update UG link to ez-schedule","messageBody":"","fileTypesAndContributionMap":{"functional-code":{"insertions":1,"deletions":1}}}]},{"date":"2023-03-16","commitResults":[{"hash":"4752ff4adbffe72cd470e7dae588e83818fd333e","isMergeCommit":true,"messageTitle":"Merge pull request #54 from JrmCkh/modify-event-branch","messageBody":"Modify event branch","tags":["v1.2"],"fileTypesAndContributionMap":{}}]},{"date":"2023-03-22","commitResults":[{"hash":"78d57e0ea4c8ec1b580c15028e1c5546acaeaf8e","isMergeCommit":false,"messageTitle":"Add autodelete past events functionality","messageBody":"","fileTypesAndContributionMap":{"functional-code":{"insertions":32,"deletions":0}}},{"hash":"3a3b7f3a218c2421b5421fda8e2b8d4c3a2e7c69","isMergeCommit":false,"messageTitle":"Update code to omit past events","messageBody":"","fileTypesAndContributionMap":{"functional-code":{"insertions":3,"deletions":20}}},{"hash":"a7a8592bbc28c830bd6f53bda654e239d4041fd8","isMergeCommit":false,"messageTitle":"Add autocompleted feature","messageBody":"","fileTypesAndContributionMap":{"functional-code":{"insertions":18,"deletions":1}}}]},{"date":"2023-03-23","commitResults":[{"hash":"da10e0861a46dc3759b70eaa02fc427fcb6eb75d","isMergeCommit":false,"messageTitle":"Minor update for checkstyle and cleaner code","messageBody":"","fileTypesAndContributionMap":{"functional-code":{"insertions":4,"deletions":17}}},{"hash":"55786d6529cbb93fa7e91d8929e29eece3cf2cb4","isMergeCommit":false,"messageTitle":"Remove unused method isPastTime in Event","messageBody":"","fileTypesAndContributionMap":{"functional-code":{"insertions":0,"deletions":4}}},{"hash":"55cdd5c8752818a945f105608b20d825c1c92291","isMergeCommit":false,"messageTitle":"Update TimeTest to handle isPastTime","messageBody":"","fileTypesAndContributionMap":{"test-code":{"insertions":12,"deletions":0}}},{"hash":"e7ea859ce6079a8a26dd44c1518110d5d3489172","isMergeCommit":false,"messageTitle":"Fix checkstyle","messageBody":"","fileTypesAndContributionMap":{"test-code":{"insertions":3,"deletions":3}}},{"hash":"f8e24eb2bd02cd24ea55bc6917735b0cedc74815","isMergeCommit":true,"messageTitle":"Merge pull request #69 from anthonynmh/branch-AutoMarkDone","messageBody":"Develop auto mark done","fileTypesAndContributionMap":{}}]}]},"authorFileTypeContributionMap":{"JrmCkh":{"docs":149,"functional-code":638,"test-code":1449},"BigheartSmallbrain":{"docs":57,"functional-code":3,"test-code":0},"lhy-hoyin":{"docs":172,"functional-code":408,"test-code":297,"other":6},"anthonynmh":{"docs":143,"functional-code":419,"test-code":14}},"authorContributionVariance":{"JrmCkh":432168.44,"BigheartSmallbrain":23388.611,"lhy-hoyin":600239.1,"anthonynmh":29616.412},"authorDisplayNameMap":{"JrmCkh":"CS2103-W17-3 CHIA..REMY","BigheartSmallbrain":"CS2103-W17-3 ZHAN..QUAN","lhy-hoyin":"CS2103-W17-3 LO H.. YIN","anthonynmh":"CS2103-W17-3 ANTH..HONG"}}
