{"authorDailyContributionsMap":{"ShanHng":[{"date":"2023-02-23","commitResults":[{"hash":"724182d52a4dbe75f262023387aa7080192500ed","messageTitle":"Add profile photo and Project Portfolio Page","messageBody":"Profile photo and individual Project Portfolio Page (PPP) of\nShan are added to docs folder.\n\nThe PPP entails the contribution Shan has made to the project.\n","fileTypesAndContributionMap":{"docs":{"insertions":36,"deletions":46}}},{"hash":"6caa81a50fdf42292effd500cfc3f0bd57aeda55","messageTitle":"Update AboutUs.md","messageBody":"AboutUs.md updated to include Shan\u0027s profile.\n","fileTypesAndContributionMap":{"docs":{"insertions":6,"deletions":6}}},{"hash":"2abe9ec74fb89af918f8f8828ca9ecf049845cae","messageTitle":"Update UserGuide.md","messageBody":"What is added to the User Guide:\n* Introduction\n* Feature\n    - `view` command\n","fileTypesAndContributionMap":{"docs":{"insertions":37,"deletions":6}}}]},{"date":"2023-02-24","commitResults":[{"hash":"8800ef6cd778be1d1b66491840ce225e217a12a6","messageTitle":"Update UserGuide.md","messageBody":"Remove traces of AB3","fileTypesAndContributionMap":{"docs":{"insertions":5,"deletions":66}}}]}],"Karen-Lam":[{"date":"2023-02-22","commitResults":[{"hash":"13ee7d1872c71401756a4232ececf5b36bf10bef","messageTitle":"Edit AboutUs file","messageBody":"","fileTypesAndContributionMap":{"docs":{"insertions":47,"deletions":5}}},{"hash":"613d3e30de82c3f3da98352dd9792b7efa4dc6f5","messageTitle":"Edit User Guide","messageBody":"","fileTypesAndContributionMap":{"docs":{"insertions":23,"deletions":21}}}]},{"date":"2023-02-24","commitResults":[{"hash":"baa39538fb9503c59a7efa81f034d02315a8e232","messageTitle":"Update config.yml and README.md","messageBody":"","fileTypesAndContributionMap":{"docs":{"insertions":1,"deletions":1}}}]}],"Bransonlj":[{"date":"2023-02-23","commitResults":[{"hash":"ebc599c90a776062af94bed62d3cb669344121c1","messageTitle":"Update README.md and Ui.png to match our project","messageBody":"","fileTypesAndContributionMap":{"docs":{"insertions":21,"deletions":6}}},{"hash":"a5a062866741c8fefe4a10632350a3dd491111d8","messageTitle":"Update AboutUs file to include personal information","messageBody":"","fileTypesAndContributionMap":{"docs":{"insertions":13,"deletions":5}}},{"hash":"813b1f7608fe6ccf2ab35532f8b4b7bf038efaca","messageTitle":"Revert \"Update AboutUs file to include personal information\"","messageBody":"This reverts commit a5a062866741c8fefe4a10632350a3dd491111d8.\n","fileTypesAndContributionMap":{"docs":{"insertions":5,"deletions":13}}},{"hash":"e15ef411d4b969e3a24e3b4322f6bb15b16eaac7","messageTitle":"Revert \"Update README.md and Ui.png to match our project\"","messageBody":"This reverts commit ebc599c90a776062af94bed62d3cb669344121c1.\n","fileTypesAndContributionMap":{"docs":{"insertions":6,"deletions":21}}},{"hash":"8718d6944c5b964150510c5a01867406e871b2a9","messageTitle":"Update README.md and Ui.png to match our project","messageBody":"","fileTypesAndContributionMap":{"docs":{"insertions":21,"deletions":6}}},{"hash":"8578daec078d1f008631fbc24528739d76c97862","messageTitle":"Update Jane Doe entry in AboutUs.md to include personal information and added ppp","messageBody":"","fileTypesAndContributionMap":{"docs":{"insertions":13,"deletions":5}}},{"hash":"7d35d3ac722c14e62a36391c711c537a6ab13875","messageTitle":"Add newline to end of files","messageBody":"","fileTypesAndContributionMap":{"docs":{"insertions":2,"deletions":2}}}]}],"anshumaantgi":[{"date":"2023-02-24","commitResults":[{"hash":"eb646b326d67f1da6b8e9fc852d1a28ce2bb1153","messageTitle":"Edit About Us","messageBody":"Include Name, Photo and Portfolio website.\n","fileTypesAndContributionMap":{"docs":{"insertions":40,"deletions":5}}},{"hash":"71ef2a159b92518bccd69c6dd13119f77beefd1a","messageTitle":"Add a new-line at EOF","messageBody":"Fix the \" No New Line at EOF\" for CI test\n","fileTypesAndContributionMap":{"docs":{"insertions":1,"deletions":1}}},{"hash":"a04e1c05377fdab14abd93f55029b9ae22142288","messageTitle":"Edit Delete,Save of UserGuide.md","messageBody":"Update UG to include delete and save commands\n","fileTypesAndContributionMap":{"docs":{"insertions":9,"deletions":8}}}]}],"sarthak181":[{"date":"2023-02-24","commitResults":[{"hash":"14654fa2d0e29d5f7f671bd85bb908526d96941b","messageTitle":"Updated README and AboutUs","messageBody":"","fileTypesAndContributionMap":{"docs":{"insertions":46,"deletions":0}}},{"hash":"8f2f92a709079def42f77a4698882bcd0c10f101","messageTitle":"Changed Files","messageBody":"","fileTypesAndContributionMap":{"docs":{"insertions":30,"deletions":42}}},{"hash":"6a79d7bca00d3610f8a9d8355970fba01a801811","messageTitle":"Delete find command","messageBody":"","fileTypesAndContributionMap":{"docs":{"insertions":0,"deletions":17}}}]}]},"authorFileTypeContributionMap":{"ShanHng":{"docs":91,"functional-code":0,"test-code":0},"Karen-Lam":{"docs":66,"functional-code":0,"test-code":0},"Bransonlj":{"docs":33,"functional-code":0,"test-code":0},"anshumaantgi":{"docs":48,"functional-code":0,"test-code":0},"sarthak181":{"docs":39,"functional-code":0,"test-code":0}},"authorContributionVariance":{"ShanHng":2300.25,"Karen-Lam":1002.4375,"Bransonlj":2113.2344,"anshumaantgi":448.0,"sarthak181":1993.3594},"authorDisplayNameMap":{"ShanHng":"CS2103T-W11-2 HNG ..HERN","Karen-Lam":"CS2103T-W11-2 LAM ..AREN","Bransonlj":"CS2103T-W11-2 BRAN.. TAO","anshumaantgi":"CS2103T-W11-2 ANSH..YAGI","sarthak181":"CS2103T-W11-2 SART..XENA"}}
