{"authorDailyContributionsMap":{"rexcyrio":[{"date":"2023-02-27","commitResults":[{"hash":"b0bb68cf535c5ab6b5979abae84b5018d6f57f36","isMergeCommit":false,"messageTitle":"Update `AboutUs.md`","messageBody":"","fileTypesAndContributionMap":{"docs":{"insertions":6,"deletions":6}}},{"hash":"435408fde2898e5fac9cea2a00570a714295b3a4","isMergeCommit":false,"messageTitle":"Use full name instead","messageBody":"","fileTypesAndContributionMap":{"docs":{"insertions":1,"deletions":1}}},{"hash":"5574d6b73da15a480e31630728789ac85ecb563c","isMergeCommit":true,"messageTitle":"Merge pull request #4 from rexcyrio/2-update-about-us","messageBody":"Update `AboutUs.md`","fileTypesAndContributionMap":{}}]},{"date":"2023-02-28","commitResults":[{"hash":"062dd95bda1afc3c4e91f2a8cbe61b5fe9d23202","isMergeCommit":false,"messageTitle":"Update PPP","messageBody":"","fileTypesAndContributionMap":{"docs":{"insertions":34,"deletions":0}}}]},{"date":"2023-03-01","commitResults":[{"hash":"07fb02b8532c097e61dd876eb3faff0a8633b211","isMergeCommit":true,"messageTitle":"Merge pull request #20 from rexcyrio/12-update-ppp","messageBody":"Update PPP","fileTypesAndContributionMap":{}}]},{"date":"2023-03-02","commitResults":[{"hash":"c866734743a1a3bc6c837e87a5ebce90ce37539c","isMergeCommit":false,"messageTitle":"Format AboutUs.md to be CommonMark compliant","messageBody":"","fileTypesAndContributionMap":{"docs":{"insertions":12,"deletions":15}}},{"hash":"4585171cb4bc0a4dbebbb8deab7b9d148c5b7a17","isMergeCommit":false,"messageTitle":"Update UserGuide.md","messageBody":"- Add table of contents\n- Format markdown to be CommonMark compliant\n","fileTypesAndContributionMap":{"docs":{"insertions":107,"deletions":46}}}]},{"date":"2023-03-03","commitResults":[{"hash":"a925e68421aa2dd54f8e2944e4cc27dff4287caf","isMergeCommit":true,"messageTitle":"Merge pull request #25 from rexcyrio/format-about-us","messageBody":"Format AboutUs.md to be CommonMark compliant","fileTypesAndContributionMap":{}},{"hash":"da2e5750ce555a4df00ccb121174700030a4757c","isMergeCommit":false,"messageTitle":"Make `unit`, `company`, `platoon` fields optional","messageBody":"","fileTypesAndContributionMap":{"docs":{"insertions":3,"deletions":5}}}]},{"date":"2023-03-04","commitResults":[{"hash":"1f9f6856ca64a1a1409b4d20f227bdea5384d944","isMergeCommit":true,"messageTitle":"Merge pull request #26 from rexcyrio/11-update-ug","messageBody":"Update UserGuide.md","fileTypesAndContributionMap":{}},{"hash":"b1570f908d15c6e8640933be0069b80b6c2fc44b","isMergeCommit":false,"messageTitle":"Format PPP to be CommonMark compliant","messageBody":"","fileTypesAndContributionMap":{"docs":{"insertions":44,"deletions":44}}},{"hash":"6a4b9ff407f0cae99c352b3e7525fc2089fdd8c6","isMergeCommit":false,"messageTitle":"[Leon] Update PPP","messageBody":"","fileTypesAndContributionMap":{"docs":{"insertions":34,"deletions":0}}}]},{"date":"2023-03-05","commitResults":[{"hash":"1e32a4a105786e750258025c4e82933e02051e16","isMergeCommit":false,"messageTitle":"Update DG with user stories","messageBody":"","fileTypesAndContributionMap":{"docs":{"insertions":43,"deletions":12}}},{"hash":"487ea38347cabea8a63ef790b1f62053c6c55ee2","isMergeCommit":false,"messageTitle":"Format DG to be CommonMark Compliant","messageBody":"","fileTypesAndContributionMap":{"docs":{"insertions":156,"deletions":121}}},{"hash":"651266d977d48a2d304c1e34320fcd43ab8615ec","isMergeCommit":true,"messageTitle":"Merge pull request #35 from rexcyrio/16-update-dg-user-stories","messageBody":"Update DG with user stories","fileTypesAndContributionMap":{}},{"hash":"faf83b29f445d68d2b5548bcc6fe2e74f41e9828","isMergeCommit":false,"messageTitle":"Remove old traces of AB3","messageBody":"Also format UG to be CommonMark compliant\n","fileTypesAndContributionMap":{"docs":{"insertions":33,"deletions":33}}},{"hash":"ee1945147972c4672c8e2b82b32401ea5788228e","isMergeCommit":true,"messageTitle":"Merge pull request #36 from rexcyrio/11-update-ug","messageBody":"Remove old traces of AB3","fileTypesAndContributionMap":{}},{"hash":"5c360a93596084cd3a3c8f6677d0b5933ac79591","isMergeCommit":false,"messageTitle":"Update `.jar` filename","messageBody":"","fileTypesAndContributionMap":{"other":{"insertions":1,"deletions":1}}},{"hash":"9c66269d60324f6503fcd9c61c0e7dc92ca52d11","isMergeCommit":true,"messageTitle":"Merge pull request #37 from rexcyrio/update-jar-filename","messageBody":"Update `.jar` filename","tags":["v1.1"],"fileTypesAndContributionMap":{}}]},{"date":"2023-03-10","commitResults":[{"hash":"742d9655699652cea254a94463085f1c941c1e0d","isMergeCommit":false,"messageTitle":"Add new `undo` command","messageBody":"","fileTypesAndContributionMap":{"functional-code":{"insertions":194,"deletions":58},"test-code":{"insertions":78,"deletions":56}}},{"hash":"5f8f3cfdb701d816e7513dfe4be65c44d96e0564","isMergeCommit":false,"messageTitle":"Add test cases for new `undo` command","messageBody":"","fileTypesAndContributionMap":{"test-code":{"insertions":103,"deletions":0}}}]},{"date":"2023-03-11","commitResults":[{"hash":"4479bfb2ee4c40fea4bb2d645a5aedc491a117e8","isMergeCommit":false,"messageTitle":"Fix Checkstyle error","messageBody":"","fileTypesAndContributionMap":{"functional-code":{"insertions":2,"deletions":1}}},{"hash":"db911453bbd72c436cced47f4d85c96dfee0fa04","isMergeCommit":false,"messageTitle":"Fix Checkstyle error (2)","messageBody":"","fileTypesAndContributionMap":{"test-code":{"insertions":3,"deletions":1}}}]},{"date":"2023-03-13","commitResults":[{"hash":"14707b4849ee98931c149eab20557fd690637bc4","isMergeCommit":false,"messageTitle":"Format continuation indent to be 8 spaces","messageBody":"","fileTypesAndContributionMap":{"functional-code":{"insertions":28,"deletions":28},"test-code":{"insertions":32,"deletions":31}}}]},{"date":"2023-03-14","commitResults":[{"hash":"d0d9c775908ee1f4963860894f75ee97ec0c99f9","isMergeCommit":true,"messageTitle":"Merge branch \u0027master\u0027 into 44-implement-undo-command","messageBody":"","fileTypesAndContributionMap":{}},{"hash":"b6a538581f5da1532b9149aeb9658c3844f89b67","isMergeCommit":true,"messageTitle":"Merge pull request #46 from rexcyrio/44-implement-undo-command","messageBody":"Add `UndoCommand`","fileTypesAndContributionMap":{}},{"hash":"25a9353b4024b872b0c1b81336058f18e2f89b69","isMergeCommit":true,"messageTitle":"Merge branch \u0027master\u0027 into 40-implement-copy-command","messageBody":"","fileTypesAndContributionMap":{}}]},{"date":"2023-03-16","commitResults":[{"hash":"4123b0237628d0c2e6fb4edd8d7d8c3547812e13","isMergeCommit":false,"messageTitle":"Update UserGuide.md for `undo` command","messageBody":"","fileTypesAndContributionMap":{"docs":{"insertions":17,"deletions":4}}}]},{"date":"2023-03-17","commitResults":[{"hash":"eba95d70437c3766c144ede6b7d7b1a286e6d086","isMergeCommit":true,"messageTitle":"Merge pull request #48 from niekis/41-implement-filtercommand","messageBody":"Add `FilterCommand`","tags":["v1.2"],"fileTypesAndContributionMap":{}}]},{"date":"2023-03-23","commitResults":[{"hash":"da2b7e05a7ab396c528b14d4123daff59c3723b8","isMergeCommit":false,"messageTitle":"Update DG for `undo` command","messageBody":"","fileTypesAndContributionMap":{"docs":{"insertions":154,"deletions":61}}}]},{"date":"2023-03-24","commitResults":[{"hash":"cd7febb1576ec70326f39e87804d0d850699af02","isMergeCommit":false,"messageTitle":"Remove \"Redo\" word in file names","messageBody":"","fileTypesAndContributionMap":{"docs":{"insertions":7,"deletions":7}}},{"hash":"9d66654f1d144aca29e1c11aad362a22375cd428","isMergeCommit":false,"messageTitle":"Remove unused PUML diagram","messageBody":"","fileTypesAndContributionMap":{"docs":{"insertions":4,"deletions":27}}},{"hash":"1fb07977308ba2e180ecc4d741478a7d8cf16605","isMergeCommit":true,"messageTitle":"Merge pull request #66 from rexcyrio/update-dg-undo-command","messageBody":"Update DG for `undo` command","fileTypesAndContributionMap":{}},{"hash":"f6c97c5510edfbc9855b8dfc216e38d994cb9f83","isMergeCommit":true,"messageTitle":"Merge pull request #67 from niekis/update-dg-filter-command","messageBody":"Update DG for `filter` command","fileTypesAndContributionMap":{}},{"hash":"4537ae56ef7db4a9dd7d2423e9f3f191853513fb","isMergeCommit":true,"messageTitle":"Merge pull request #70 from jugheadjones10/update-dg-for-add","messageBody":"Add brief implementation explanation for new army-specific fields","fileTypesAndContributionMap":{}}]},{"date":"2023-03-27","commitResults":[{"hash":"2be5023b9295a3ca973c0b5f3a344c4e0be8f487","isMergeCommit":false,"messageTitle":"Remove unnecessary \"the\"","messageBody":"","fileTypesAndContributionMap":{"docs":{"insertions":10,"deletions":10}}},{"hash":"dcf062f89357837012e9720d6cde69902b42951f","isMergeCommit":true,"messageTitle":"Merge pull request #57 from rexcyrio/56-fix-github-pages-toc","messageBody":"Revert to using `kramdown` to fix GitHub pages TOC","fileTypesAndContributionMap":{}},{"hash":"fbbbdf2f9de11cd7ad190c5ddc323c6f4c5ff4ee","isMergeCommit":true,"messageTitle":"Merge pull request #58 from rexcyrio/52-update-ug-undo","messageBody":"Update UserGuide.md for `undo` command","fileTypesAndContributionMap":{}}]}],"minosx31":[{"date":"2023-02-27","commitResults":[{"hash":"5fa39e6a9889dd54da4e919bbb1424c811f7e0ee","isMergeCommit":false,"messageTitle":"Update AboutUs.md","messageBody":"","fileTypesAndContributionMap":{"docs":{"insertions":4,"deletions":4}}},{"hash":"643019ee3bcc74fd3976fd8675ec2803951b2648","isMergeCommit":true,"messageTitle":"Merge pull request #6 from minosx31/2-update-about-us","messageBody":"Update `AboutUs.md`","fileTypesAndContributionMap":{}}]},{"date":"2023-02-28","commitResults":[{"hash":"1c6b3fd44cce8e886b0323fb42a8880dec778a6e","isMergeCommit":true,"messageTitle":"Merge pull request #10 from jugheadjones10/8-update-site-wide-settings","messageBody":"Update project wide settings","fileTypesAndContributionMap":{}}]},{"date":"2023-03-01","commitResults":[{"hash":"18c5fddbc4a14812a1280b2a92b3aa9e0a552be1","isMergeCommit":false,"messageTitle":"Update PPP","messageBody":"","fileTypesAndContributionMap":{"docs":{"insertions":34,"deletions":0}}},{"hash":"d9227495f1198adb898ce13e6a00ae30a13700a7","isMergeCommit":false,"messageTitle":"Update PPP","messageBody":"","fileTypesAndContributionMap":{"docs":{"insertions":3,"deletions":3}}},{"hash":"401cc26e9726edfbbd0d26466053f47e0bc894fe","isMergeCommit":true,"messageTitle":"Merge pull request #21 from minosx31/12-update-ppp","messageBody":"Update PPP","fileTypesAndContributionMap":{}}]},{"date":"2023-03-04","commitResults":[{"hash":"8ea6cac401fdf1001fbfa945c091936d1278af41","isMergeCommit":false,"messageTitle":"Update use cases in DG","messageBody":"","fileTypesAndContributionMap":{"docs":{"insertions":44,"deletions":12}}},{"hash":"98030a5a0e662a05ae48182197541e8f81d0154d","isMergeCommit":false,"messageTitle":"Update use cases in DG","messageBody":"","fileTypesAndContributionMap":{"docs":{"insertions":2,"deletions":2}}},{"hash":"8b7b12490c8a046d1e208f5651a15f90a4b6b154","isMergeCommit":true,"messageTitle":"Merge pull request #27 from minosx31/17-add-use-cases","messageBody":"Update use cases in DG","fileTypesAndContributionMap":{}},{"hash":"04c7bf2e3fa36933f14290badd83c227182ffb16","isMergeCommit":false,"messageTitle":"Update target user profile","messageBody":"","fileTypesAndContributionMap":{"docs":{"insertions":1,"deletions":8}}},{"hash":"9a48fccc0ba49ba2574470b5caae56f80816c919","isMergeCommit":false,"messageTitle":"Update value proposition","messageBody":"","fileTypesAndContributionMap":{"docs":{"insertions":2,"deletions":2}}},{"hash":"7c1bb8ecd6db510c9fdc4e521229ec648aa0dc68","isMergeCommit":true,"messageTitle":"Merge pull request #29 from minosx31/14-update-target-user-profile","messageBody":"Update target user profile","fileTypesAndContributionMap":{}},{"hash":"0394a2e39f38ab0b2ef43de89dbc088e6c295719","isMergeCommit":true,"messageTitle":"Merge branch \u0027master\u0027 into 15-update-value-proposition","messageBody":"","fileTypesAndContributionMap":{}},{"hash":"69d30243c6082b3ee71e428e92b88817f4ab8238","isMergeCommit":true,"messageTitle":"Merge pull request #30 from minosx31/15-update-value-proposition","messageBody":"Update value proposition","fileTypesAndContributionMap":{}}]},{"date":"2023-03-10","commitResults":[{"hash":"ab3b6a3ce7ade40fd0d4522bccd8862f9e6f88bb","isMergeCommit":false,"messageTitle":"Add `CopyCommand` and `CopyCommandParser`","messageBody":"`CopyCommand` is a `Command` that represents the `Copy` command\nwhich users can use in the UI.\n\n\u0027CopyCommandParser\u0027 is a `Parser` that is responsible for the parsing of\narguments when the `Copy` command is used.\n\nUsers can quickly copy information of a person to their clipboard using\nthe command without manually selecting the information in the UI.\n","fileTypesAndContributionMap":{"functional-code":{"insertions":91,"deletions":1}}},{"hash":"2e93a8be11f0a35d31e2f95de74ebdb04430894d","isMergeCommit":true,"messageTitle":"Merge remote-tracking branch \u0027origin/master\u0027 into 40-implement-copy-command","messageBody":"","fileTypesAndContributionMap":{}},{"hash":"f7e0ff5f65528c1088ba6c6154b9ffadf1aa8ed9","isMergeCommit":false,"messageTitle":"Add Javadocs","messageBody":"","fileTypesAndContributionMap":{"functional-code":{"insertions":17,"deletions":1}}}]},{"date":"2023-03-12","commitResults":[{"hash":"6cb78aca3a7784a1b74c2c6feaf109b27171773a","isMergeCommit":false,"messageTitle":"Use StringBuilder for string concatenation","messageBody":"","fileTypesAndContributionMap":{"functional-code":{"insertions":6,"deletions":6}}},{"hash":"c6efec14128d9199d1a79325272be52b9d39cc6c","isMergeCommit":false,"messageTitle":"Add test cases for copy command","messageBody":"","fileTypesAndContributionMap":{"test-code":{"insertions":86,"deletions":0}}},{"hash":"d47a4388cbe0f344c6c8733899d6433d6ee9a6e0","isMergeCommit":false,"messageTitle":"Update Javadocs","messageBody":"","fileTypesAndContributionMap":{"functional-code":{"insertions":9,"deletions":9}}},{"hash":"fa9b9d27f9eca6d43b978c0210a171ea47296f3e","isMergeCommit":false,"messageTitle":"Fix checkstyle error","messageBody":"","fileTypesAndContributionMap":{"functional-code":{"insertions":2,"deletions":1}}},{"hash":"1383676de55db1b5d61886889d771ae7cc63051c","isMergeCommit":false,"messageTitle":"Fix checkstyle errors","messageBody":"","fileTypesAndContributionMap":{"test-code":{"insertions":2,"deletions":0}}},{"hash":"fe51c1c938abf2f1af0d43c11fabcc05ebb84a3e","isMergeCommit":false,"messageTitle":"Update test cases","messageBody":"","fileTypesAndContributionMap":{"test-code":{"insertions":1,"deletions":29}}},{"hash":"4561addfb5128a976735057653d3e7eae0f3bcbf","isMergeCommit":false,"messageTitle":"Fix test cases","messageBody":"","fileTypesAndContributionMap":{"other":{"insertions":16,"deletions":0},"test-code":{"insertions":28,"deletions":0}}}]},{"date":"2023-03-13","commitResults":[{"hash":"2f7dbc01688d3ec26a5d5ee6d8e458d2ae614f7a","isMergeCommit":false,"messageTitle":"Add TestFx and fix checkstyle errors","messageBody":"","fileTypesAndContributionMap":{"other":{"insertions":51,"deletions":4},"test-code":{"insertions":2,"deletions":12}}},{"hash":"1b99637fec4200f33f2b653f4e6223935e910027","isMergeCommit":false,"messageTitle":"Update CopyCommand to handle HeadlessException and update test cases","messageBody":"","fileTypesAndContributionMap":{"functional-code":{"insertions":10,"deletions":2},"test-code":{"insertions":15,"deletions":1}}},{"hash":"66a8b60ee43eeadbbd8600ce1e961cae50525544","isMergeCommit":true,"messageTitle":"Update `CopyCommand` and test cases","messageBody":"","fileTypesAndContributionMap":{}},{"hash":"9a209082dd47f93496e263737b54c4273caed2e2","isMergeCommit":false,"messageTitle":"Update test case","messageBody":"","fileTypesAndContributionMap":{"test-code":{"insertions":3,"deletions":2}}}]},{"date":"2023-03-14","commitResults":[{"hash":"df6d77548b5722cd4279be3e2e373da893856325","isMergeCommit":false,"messageTitle":"Fix test cases","messageBody":"","fileTypesAndContributionMap":{"test-code":{"insertions":2,"deletions":3}}},{"hash":"d88079c8ed010a5166a3cc57ab75b7e39bc4b29c","isMergeCommit":false,"messageTitle":"Fix test cases","messageBody":"","fileTypesAndContributionMap":{"test-code":{"insertions":4,"deletions":4}}},{"hash":"cbc6c6f19f6d32b312f8acf893fdb07189af76ab","isMergeCommit":false,"messageTitle":"Fix test cases","messageBody":"","fileTypesAndContributionMap":{"test-code":{"insertions":14,"deletions":17}}},{"hash":"e4e0c2c49211fbc6268410f3f110bbea7a7ca902","isMergeCommit":false,"messageTitle":"Add test case","messageBody":"","fileTypesAndContributionMap":{"test-code":{"insertions":26,"deletions":0}}},{"hash":"706e4607e9c2721a85417ddae0e68dafade6ac60","isMergeCommit":true,"messageTitle":"Merge  into branch","messageBody":"","fileTypesAndContributionMap":{}},{"hash":"775380a645c432554c3c70b5d628944f35e2adc9","isMergeCommit":true,"messageTitle":"Merge branch \u002740-implement-copy-command\u0027","messageBody":"","fileTypesAndContributionMap":{}},{"hash":"e466ba07bec7c2827ff97dea0a2de44759886bd1","isMergeCommit":true,"messageTitle":"Merge pull request #43 from minosx31/40-implement-copy-command","messageBody":"Add `CopyCommand` and `CopyCommandParser`","fileTypesAndContributionMap":{}},{"hash":"d8c8a6e7e15bc86a78cbe3863823b57056a5eedd","isMergeCommit":false,"messageTitle":"Update CopyCommand to copy new contact fields","messageBody":"","fileTypesAndContributionMap":{"functional-code":{"insertions":5,"deletions":1}}}]},{"date":"2023-03-18","commitResults":[{"hash":"e4d06616eb105635fae7554c80b09a6d0e0a4a95","isMergeCommit":false,"messageTitle":"Update UG to include copy command","messageBody":"","fileTypesAndContributionMap":{"docs":{"insertions":16,"deletions":0}}}]},{"date":"2023-03-19","commitResults":[{"hash":"3324cd2c3871e962096ce98dee4b9a46d291a189","isMergeCommit":false,"messageTitle":"Update version number to 1.2.1","messageBody":"","fileTypesAndContributionMap":{"functional-code":{"insertions":1,"deletions":1}}},{"hash":"44fd38401304db0e91fd08e771dbbc3c2587e1aa","isMergeCommit":true,"messageTitle":"Merge pull request #60 from minosx31/update-version-number","messageBody":"Update version number to `1.2.1`","tags":["v1.2.1"],"fileTypesAndContributionMap":{}}]},{"date":"2023-03-23","commitResults":[{"hash":"e898478309f37dd0187df996517473d7dd758210","isMergeCommit":false,"messageTitle":"Update DG to include implementation of Copy\u0027 feature","messageBody":"","fileTypesAndContributionMap":{"docs":{"insertions":63,"deletions":0}}},{"hash":"f4c7099221c0d7e4c580217704a8b029d8d14867","isMergeCommit":false,"messageTitle":"Remove extra whitespaces in DeveloperGuide.md","messageBody":"","fileTypesAndContributionMap":{"docs":{"insertions":0,"deletions":3}}}]},{"date":"2023-03-24","commitResults":[{"hash":"e5527226e4d41ea24b6cda74e0c0c1125b312226","isMergeCommit":false,"messageTitle":"Update TOC and fix CopySequenceDiagram.puml","messageBody":"","fileTypesAndContributionMap":{"docs":{"insertions":10,"deletions":7}}},{"hash":"0d5dcb47a4e71561348a9fd7caf9b6ee9a697bcd","isMergeCommit":false,"messageTitle":"Update image file of CopySequenceDiagram","messageBody":"","fileTypesAndContributionMap":{"docs":{"insertions":6,"deletions":0}}},{"hash":"2336f727d3c78785a385b9a4fe3121f0ade5c2e0","isMergeCommit":true,"messageTitle":"Merge pull request #65 from minosx31/update-dg","messageBody":"Update DG to include implementation of `Copy` feature","fileTypesAndContributionMap":{}}]},{"date":"2023-03-27","commitResults":[{"hash":"8c28d5fc3853e48cfef59cda2ff76c6032296a36","isMergeCommit":false,"messageTitle":"Update UG","messageBody":"","fileTypesAndContributionMap":{"docs":{"insertions":27,"deletions":2}}},{"hash":"356d796fc9a0eac665df79a97eba5eef22cb3a82","isMergeCommit":true,"messageTitle":"Merge branch \u0027master\u0027 into 54-update-ug","messageBody":"","fileTypesAndContributionMap":{}},{"hash":"ec143bdce24a44ec8877c0fb1581cade4b9f3488","isMergeCommit":false,"messageTitle":"Change heading and crop image","messageBody":"","fileTypesAndContributionMap":{"docs":{"insertions":2,"deletions":2}}},{"hash":"db833b73dbea34d1786ce02640d96b69910b1b2e","isMergeCommit":true,"messageTitle":"Merge branch \u002754-update-ug\u0027 of github.com:minosx31/tp into 54-update-ug","messageBody":"","fileTypesAndContributionMap":{}}]}],"niekis":[{"date":"2023-02-27","commitResults":[{"hash":"1504c968b533bcea522ff21074d6f969f7642114","isMergeCommit":false,"messageTitle":"Update `AboutUs.md` with Leon\u0027s information","messageBody":"","fileTypesAndContributionMap":{"docs":{"insertions":5,"deletions":15}}},{"hash":"c61cbbd9cfb2ea532311dd791c0d5fc72bc4a0ff","isMergeCommit":true,"messageTitle":"Merge pull request #7 from niekis/2-update-about-us","messageBody":"Update `AboutUs.md` with Leon\u0027s information","fileTypesAndContributionMap":{}}]},{"date":"2023-03-08","commitResults":[{"hash":"850a05bc32c544e772b08f6862c38e1a8d29be3d","isMergeCommit":true,"messageTitle":"Merge branch \u0027master\u0027 of https://github.com/niekis/tp into 41-implement-filtercommand","messageBody":"* \u0027master\u0027 of https://github.com/niekis/tp: (30 commits)\n  Update `.jar` filename\n  Remove old traces of AB3\n  Format DG to be CommonMark Compliant\n  Update DG with user stories\n  [Leon] Update PPP\n  Format PPP to be CommonMark compliant\n  Update markdown on PPP\n  Update Glossary\n  Update NFR\n  Remove extra colon\n  Update value proposition\n  Update target user profile\n  Update use cases in DG\n  Update use cases in DG\n  Make `unit`, `company`, `platoon` fields optional\n  Update UserGuide.md\n  Format AboutUs.md to be CommonMark compliant\n  Updated PPP\n  Update PPP\n  Update PPP\n  ...\n","fileTypesAndContributionMap":{}}]},{"date":"2023-03-13","commitResults":[{"hash":"b304c52c1145514a52d083f9a237aec7eca9b8d3","isMergeCommit":false,"messageTitle":"Allow user to use keywords to filter out irrelevant contacts","messageBody":"As the user may want to find contacts with fields containing certain\nkeywords, let\u0027s add a new function that enables filtering. Let\u0027s add a\nnew predicate that allows us to search for substrings in a field that\nenables this new feature.\n\nLet\u0027s also add tests to test this feature out.\n","fileTypesAndContributionMap":{"functional-code":{"insertions":425,"deletions":139},"other":{"insertions":21,"deletions":21},"test-code":{"insertions":585,"deletions":106}}}]},{"date":"2023-03-15","commitResults":[{"hash":"34723188153c7d2bdef808200d46167163887905","isMergeCommit":true,"messageTitle":"Merge branch \u0027master\u0027 of https://github.com/niekis/tp into 41-implement-filtercommand","messageBody":"# Conflicts:\n#\tsrc/main/java/seedu/address/logic/commands/EditCommand.java\n#\tsrc/main/java/seedu/address/logic/parser/EditCommandParser.java\n#\tsrc/test/java/seedu/address/testutil/PersonDescriptorBuilder.java\n\nFilter only allows users to filter with keywords that abide by the\nrestrictions on field values (ie. emails have to contain \"@\").\n\nLet\u0027s allow users to filter using any keyword without any restriction so\nthat a user can find a desired contact using part of the field\u0027s value.\n","fileTypesAndContributionMap":{}}]},{"date":"2023-03-17","commitResults":[{"hash":"b0cdf85ae452689a4a719dfb690744f6ed951bbd","isMergeCommit":false,"messageTitle":"Fix use of raw types","messageBody":"","fileTypesAndContributionMap":{"test-code":{"insertions":3,"deletions":2}}},{"hash":"ca0e55345faa9816878b3837d888aea8f59b551b","isMergeCommit":true,"messageTitle":"Merge branch \u0027master\u0027 into 41-implement-filtercommand","messageBody":"","fileTypesAndContributionMap":{}},{"hash":"637eaeaa9c546f5c4f0ef7918b969f4578054e17","isMergeCommit":false,"messageTitle":"Update filter command success and failure messages","messageBody":"New fields (rank, unit, company, platoon) were not reflected in the\nusage message for filter command. After using filter, user has to scroll\nto the bottom to find out how many persons pass the filter.\n\nLet\u0027s update the usage message for filter command. Let\u0027s display both\nthe remaining number of persons and number of persons hidden by the\nfilter after it has been applied.\n","fileTypesAndContributionMap":{"functional-code":{"insertions":22,"deletions":5},"test-code":{"insertions":8,"deletions":3}}}]},{"date":"2023-03-20","commitResults":[{"hash":"4afd1e68a32616a18e631fbee87ca864d86534e4","isMergeCommit":true,"messageTitle":"Merge branch \u0027master\u0027 of https://github.com/niekis/tp into 53-update-ug-filtercommand","messageBody":"* \u0027master\u0027 of https://github.com/niekis/tp:\n  Update version number to 1.2.1\n","fileTypesAndContributionMap":{}},{"hash":"5b51600f172d2fb0624c148b82acf21b49583d2e","isMergeCommit":false,"messageTitle":"update UserGuide to include FilterCommand","messageBody":"","fileTypesAndContributionMap":{"docs":{"insertions":22,"deletions":2}}}]},{"date":"2023-03-22","commitResults":[{"hash":"8bfb0cfd58ad7dc1b0e66951f2ad4f65feee5459","isMergeCommit":true,"messageTitle":"Merge branch \u0027master\u0027 of https://github.com/niekis/tp","messageBody":"* \u0027master\u0027 of https://github.com/niekis/tp:\n  Update version number to 1.2.1\n","fileTypesAndContributionMap":{}}]},{"date":"2023-03-24","commitResults":[{"hash":"99ffca96a7e2a7533b3bfef5a8fbcccdc08e1c40","isMergeCommit":false,"messageTitle":"Update DG with FilterCommand","messageBody":"","fileTypesAndContributionMap":{"docs":{"insertions":133,"deletions":0}}},{"hash":"8618165234238cca2e2e16bd0c4f47905d28fc67","isMergeCommit":false,"messageTitle":"fix issues related to filter feature in DG","messageBody":"Let\u0027s add the destruction of FilterCommand object in its sequence\ndiagram. Let\u0027s add the Filter feature into the contents section\n","fileTypesAndContributionMap":{"docs":{"insertions":6,"deletions":1}}},{"hash":"66328a9d1bcb0507e31c054417455a4c99e3816f","isMergeCommit":true,"messageTitle":"Merge branch \u0027AY2223S2-CS2103T-W10-3:master\u0027 into master","messageBody":"","fileTypesAndContributionMap":{}},{"hash":"4714a6bd41ab2ce0729cff5a4c9b750ff0d40e37","isMergeCommit":true,"messageTitle":"Merge branch \u0027master\u0027 of https://github.com/niekis/tp","messageBody":"* \u0027master\u0027 of https://github.com/niekis/tp:\n  Update image file of CopySequenceDiagram\n  Update TOC and fix CopySequenceDiagram.puml\n  Remove extra whitespaces in DeveloperGuide.md\n  Update DG to include implementation of Copy\u0027 feature\n","fileTypesAndContributionMap":{}},{"hash":"82ca04643df1d9bc8d9e169aca24d14901e40699","isMergeCommit":true,"messageTitle":"Merge branch \u0027master\u0027 into update-dg-filter-command","messageBody":"# Conflicts:\n#\tdocs/DeveloperGuide.md\n","fileTypesAndContributionMap":{}},{"hash":"40066db53e9b441b9f9cfa0fd43c29cdc07be1f2","isMergeCommit":false,"messageTitle":"fix errors in heading for filter and copy feature","messageBody":"","fileTypesAndContributionMap":{"docs":{"insertions":3,"deletions":3}}}]},{"date":"2023-03-27","commitResults":[{"hash":"17ebfe50b12aa4884c64e4b3ada4093820ec3043","isMergeCommit":false,"messageTitle":"Fix issues with UG for Filter feature","messageBody":"","fileTypesAndContributionMap":{"docs":{"insertions":2,"deletions":2}}},{"hash":"709b880db344b7a52ab81cc0f655cca73f35f5da","isMergeCommit":true,"messageTitle":"Merge branch \u0027master\u0027 of https://github.com/niekis/tp into 53-update-ug-filtercommand","messageBody":"* \u0027master\u0027 of https://github.com/niekis/tp:\n  Remove unnecessary \"the\"\n  Add brief implementation explanation for new army-specific fields\n  Fix no newine at EOF\n  Update DG with new fields - Rank, Unit, Company, Platoon\n  fix errors in heading for filter and copy feature\n  Remove unused PUML diagram\n  Remove \"Redo\" word in file names\n  fix issues related to filter feature in DG\n  Update DG with FilterCommand\n  Update image file of CopySequenceDiagram\n  Update TOC and fix CopySequenceDiagram.puml\n  Update DG for `undo` command\n  Remove extra whitespaces in DeveloperGuide.md\n  Update DG to include implementation of Copy\u0027 feature\n  Update UserGuide.md for `undo` command\n  Revert to using `kramdown` to fix GitHub pages TOC\n\n# Conflicts:\n#\tdocs/UserGuide.md\n","fileTypesAndContributionMap":{}},{"hash":"02cb01c748b433f5773703a65d03fe35aceb5ab7","isMergeCommit":true,"messageTitle":"Merge pull request #59 from minosx31/54-update-ug","messageBody":"Update UG to include `copy` command","fileTypesAndContributionMap":{}},{"hash":"aaf5607f2cd9ba9c04cb738817649c5a6f6c1c56","isMergeCommit":true,"messageTitle":"Merge pull request #61 from niekis/53-update-ug-filtercommand","messageBody":"Update UG to include `filter` command","fileTypesAndContributionMap":{}}]}],"jugheadjones10":[{"date":"2023-02-27","commitResults":[{"hash":"168986ae9ccbde0c02a5811b3eefc2ff7ba6f078","isMergeCommit":false,"messageTitle":"Change my section in about us","messageBody":"","fileTypesAndContributionMap":{"docs":{"insertions":11,"deletions":21}}},{"hash":"e26bf0dd9aded1b09f25ef5d0bdd409af9fa2bad","isMergeCommit":false,"messageTitle":"Add png","messageBody":"","fileTypesAndContributionMap":{"docs":{"insertions":1,"deletions":1}}},{"hash":"1e0227b384299a7269fa29a52f93b14af2e1b094","isMergeCommit":false,"messageTitle":"Update AboutUs.md","messageBody":"","fileTypesAndContributionMap":{"docs":{"insertions":17,"deletions":7}}},{"hash":"82301d8ed8235b4eba847178a57131a7946de864","isMergeCommit":true,"messageTitle":"Merge pull request #5 from jugheadjones10/2-update-about-us","messageBody":"Change my section in about us","fileTypesAndContributionMap":{}},{"hash":"789a12a83b32aa3779200f42e6cba455f73787d0","isMergeCommit":false,"messageTitle":"Update `README.md`","messageBody":"","fileTypesAndContributionMap":{"docs":{"insertions":9,"deletions":9}}},{"hash":"12ebf8ac60e6c53b752ce6f221b5957b1ca06829","isMergeCommit":true,"messageTitle":"Merge pull request #9 from jugheadjones10/3-update-readme","messageBody":"Update `README.md`","fileTypesAndContributionMap":{}}]},{"date":"2023-03-02","commitResults":[{"hash":"a3b150582dfe3fb1929ce3bed61cc5856f90ddb5","isMergeCommit":false,"messageTitle":"Updated PPP","messageBody":"","fileTypesAndContributionMap":{"docs":{"insertions":27,"deletions":0}}}]},{"date":"2023-03-04","commitResults":[{"hash":"2bd60c88b1581c8aae55c8985fcdd1698b1ccd42","isMergeCommit":false,"messageTitle":"Remove extra colon","messageBody":"","fileTypesAndContributionMap":{"docs":{"insertions":1,"deletions":1}}},{"hash":"37787124cd4c8b0ece989c5be0dd9142c777acdd","isMergeCommit":false,"messageTitle":"Update NFR","messageBody":"","fileTypesAndContributionMap":{"docs":{"insertions":10,"deletions":5}}},{"hash":"ca1d342313f51f22542c110a6762a23ca138441c","isMergeCommit":false,"messageTitle":"Update Glossary","messageBody":"","fileTypesAndContributionMap":{"docs":{"insertions":1,"deletions":0}}},{"hash":"e2aedaf0c25d75052c37b98e3b9af517b98806c8","isMergeCommit":true,"messageTitle":"Merge pull request #31 from jugheadjones10/18-update-nfr","messageBody":"Update NFR","fileTypesAndContributionMap":{}},{"hash":"7686776020cf7afb5b05afeecccf0d1e585b98b1","isMergeCommit":true,"messageTitle":"Merge branch \u0027master\u0027 into 19-update-glossary","messageBody":"","fileTypesAndContributionMap":{}},{"hash":"1e9f9d0040c912460729ca5e2b38748d47d5dfcc","isMergeCommit":true,"messageTitle":"Merge pull request #32 from jugheadjones10/19-update-glossary","messageBody":"Update Glossary","fileTypesAndContributionMap":{}},{"hash":"cd19e3565ad628ba294fddd7838506482b28d2fc","isMergeCommit":true,"messageTitle":"Merge branch \u0027master\u0027 into 12-update-ppp","messageBody":"","fileTypesAndContributionMap":{}},{"hash":"1a58476a3e92cc9b805b6df48fb8eff643fa9700","isMergeCommit":false,"messageTitle":"Update markdown on PPP","messageBody":"","fileTypesAndContributionMap":{"docs":{"insertions":1,"deletions":1}}},{"hash":"8b77d68ca277e6ec6a936393005bd82193dcdcbc","isMergeCommit":true,"messageTitle":"Merge pull request #24 from jugheadjones10/12-update-ppp","messageBody":"Updated PPP","fileTypesAndContributionMap":{}},{"hash":"4098dcd79ac78a3b700c5cb449031d0c3ba6bf00","isMergeCommit":true,"messageTitle":"Merge pull request #34 from rexcyrio/12-update-ppp","messageBody":"[Leon] Update PPP","fileTypesAndContributionMap":{}},{"hash":"f2d563e4925adb06f4e5511558fb6923bb400813","isMergeCommit":true,"messageTitle":"Merge pull request #33 from rexcyrio/format-ppp","messageBody":"Format PPP to be CommonMark compliant","fileTypesAndContributionMap":{}}]},{"date":"2023-03-08","commitResults":[{"hash":"d0ad1a6c58f2d26f6592f310badd879228c0db5e","isMergeCommit":false,"messageTitle":"Add rank field","messageBody":"","fileTypesAndContributionMap":{"functional-code":{"insertions":163,"deletions":67},"other":{"insertions":1,"deletions":1},"test-code":{"insertions":68,"deletions":54}}},{"hash":"b03a4e5e65a6f5df1f753873a85c1c5e01a3efb0","isMergeCommit":false,"messageTitle":"Update rank names","messageBody":"","fileTypesAndContributionMap":{"functional-code":{"insertions":12,"deletions":12},"test-code":{"insertions":7,"deletions":7}}},{"hash":"92cf5e0ff348380796c4a491251cbfa97a6b2175","isMergeCommit":false,"messageTitle":"Add Unit, Company, and Platoon fields","messageBody":"","fileTypesAndContributionMap":{"functional-code":{"insertions":448,"deletions":125},"test-code":{"insertions":103,"deletions":14}}},{"hash":"ffa8f970830aab0fa51bcb661b6ef5ead18db437","isMergeCommit":true,"messageTitle":"Merge branch \u0027AY2223S2-CS2103T-W10-3:master\u0027 into 38-add-fields","messageBody":"","fileTypesAndContributionMap":{}},{"hash":"828bd0b57b038705238eda85b95f9be756d3fc84","isMergeCommit":false,"messageTitle":"Fix checkstyle issues","messageBody":"","fileTypesAndContributionMap":{"functional-code":{"insertions":122,"deletions":46}}},{"hash":"750fe15520d32ca68614d27fd14b9594cdfc9a29","isMergeCommit":false,"messageTitle":"Fix more checkstyle issues","messageBody":"","fileTypesAndContributionMap":{"test-code":{"insertions":78,"deletions":34}}}]},{"date":"2023-03-10","commitResults":[{"hash":"4a49154d87aaefe5861175d810d41835f6458de9","isMergeCommit":false,"messageTitle":"Fix tests to accommodate new fields","messageBody":"","fileTypesAndContributionMap":{"functional-code":{"insertions":54,"deletions":35},"test-code":{"insertions":227,"deletions":130}}}]},{"date":"2023-03-11","commitResults":[{"hash":"0be8768931334b62d4bbe55dc4281b52b14f0292","isMergeCommit":false,"messageTitle":"Added tests for new fields and fixed some minor issues","messageBody":"","fileTypesAndContributionMap":{"functional-code":{"insertions":7,"deletions":8},"test-code":{"insertions":204,"deletions":57}}},{"hash":"43a0744dc20ac2318ae6f6e21753d30a67ca9a71","isMergeCommit":false,"messageTitle":"Use explicit imports in PersonListCard.fxml","messageBody":"","fileTypesAndContributionMap":{"functional-code":{"insertions":7,"deletions":2},"other":{"insertions":584,"deletions":0}}}]},{"date":"2023-03-13","commitResults":[{"hash":"ce56cde52f32985dd45ebdbb7bc392ca13c216e8","isMergeCommit":false,"messageTitle":"Delete bin and fix small bug","messageBody":"","fileTypesAndContributionMap":{"other":{"insertions":0,"deletions":584},"test-code":{"insertions":1,"deletions":1}}},{"hash":"f8600ea6812ed0a9ade63633dca17297f8621a74","isMergeCommit":true,"messageTitle":"Merge pull request #42 from jugheadjones10/38-add-fields","messageBody":"Add/edit Rank, Unit, Company, Platoon fields","fileTypesAndContributionMap":{}}]},{"date":"2023-03-15","commitResults":[{"hash":"3ced70f6e3e9b062a2f0160adf344162b0dcce97","isMergeCommit":false,"messageTitle":"Delete bin and fix small bug","messageBody":"","fileTypesAndContributionMap":{"docs":{"insertions":60,"deletions":45}}},{"hash":"6178c1287b4845567046098971acd967ad46ffc4","isMergeCommit":true,"messageTitle":"Merge pull request #49 from minosx31/38-update-copy-command","messageBody":"Update CopyCommand to include new contact fields","fileTypesAndContributionMap":{}}]},{"date":"2023-03-24","commitResults":[{"hash":"13f4ee2e0e408ef556e6244f49795157d78bd784","isMergeCommit":false,"messageTitle":"Update DG with new fields - Rank, Unit, Company, Platoon","messageBody":"","fileTypesAndContributionMap":{"docs":{"insertions":17,"deletions":1}}},{"hash":"05777c0186864c7fb65d9ea557b2ad67636d97b2","isMergeCommit":false,"messageTitle":"Fix no newine at EOF","messageBody":"","fileTypesAndContributionMap":{"docs":{"insertions":1,"deletions":1}}},{"hash":"fc63f8dce469e222e5132db2893382797c2e8792","isMergeCommit":true,"messageTitle":"Merge pull request #68 from jugheadjones10/update-dg-for-add","messageBody":"Update DG with new fields - Rank, Unit, Company, Platoon","fileTypesAndContributionMap":{}},{"hash":"a8d0bf973640c78d34e02cef490fd3330c98862f","isMergeCommit":false,"messageTitle":"Add brief implementation explanation for new army-specific fields","messageBody":"","fileTypesAndContributionMap":{"docs":{"insertions":84,"deletions":77}}},{"hash":"f70fa9b61c1396c9c58809d90c3e8b9ad16d46ac","isMergeCommit":true,"messageTitle":"Merge branch \u0027master\u0027 into 45-update-ug","messageBody":"","fileTypesAndContributionMap":{}},{"hash":"bd12e58b0cf69aeabee7bce8936159c9190e9be8","isMergeCommit":false,"messageTitle":"Fix UG where new fields are being added","messageBody":"","fileTypesAndContributionMap":{"docs":{"insertions":2,"deletions":2}}}]},{"date":"2023-03-27","commitResults":[{"hash":"3cc2d235c96441d2d032cc54cbf9a70f4f5e7329","isMergeCommit":false,"messageTitle":"Fix md table indentation problem","messageBody":"","fileTypesAndContributionMap":{"docs":{"insertions":55,"deletions":55}}},{"hash":"ede1c8346064209047c2ac56c580bf5d0510d34a","isMergeCommit":true,"messageTitle":"Merge branch \u0027master\u0027 into 45-update-ug","messageBody":"","fileTypesAndContributionMap":{}},{"hash":"3687a1be6715a9b082621bf47703d1e87d8997c5","isMergeCommit":false,"messageTitle":"Change tag order in edit command doc","messageBody":"","fileTypesAndContributionMap":{"docs":{"insertions":1,"deletions":1}}}]},{"date":"2023-03-28","commitResults":[{"hash":"4123262512879a5c577798e00eece797233ae42b","isMergeCommit":true,"messageTitle":"Merge pull request #80 from jugheadjones10/45-update-ug","messageBody":"Update UG to include new fields","fileTypesAndContributionMap":{}}]}]},"authorFileTypeContributionMap":{"rexcyrio":{"docs":478,"functional-code":156,"test-code":159,"other":1},"minosx31":{"docs":142,"functional-code":121,"test-code":97},"niekis":{"docs":162,"functional-code":487,"test-code":748},"jugheadjones10":{"docs":110,"functional-code":563,"test-code":435,"other":2}},"authorContributionVariance":{"rexcyrio":11026.632,"minosx31":1642.3402,"niekis":41188.434,"jugheadjones10":71462.27},"authorDisplayNameMap":{"rexcyrio":"CS2103T-W10-3 LEE ..EFAN","minosx31":"CS2103T-W10-3 NEO .. HAO","niekis":"CS2103T-W10-3 FUN ..LEON","jugheadjones10":"CS2103T-W10-3 KIM .. JIN"}}
