{"authorDailyContributionsMap":{"sachindavid96":[{"date":"2023-03-03","commitResults":[{"hash":"c64d9580f92df401b0c252ec62421f2c53589f74","isMergeCommit":false,"messageTitle":"Update DeveloperGuide","messageBody":"","fileTypesAndContributionMap":{"docs":{"insertions":7,"deletions":2}}},{"hash":"32f179c72b1de9ac2685bfe7b34cb7d0455aba95","isMergeCommit":false,"messageTitle":"Add skeletal PPP","messageBody":"","fileTypesAndContributionMap":{"docs":{"insertions":20,"deletions":0}}},{"hash":"daac9c504a9c68290ffa4a0c191ef8a73789dd6e","isMergeCommit":false,"messageTitle":"Resolve Merge Conflicts","messageBody":"","fileTypesAndContributionMap":{"docs":{"insertions":7,"deletions":2}}},{"hash":"f563519b93bf364c3a829ff7c7a070c1d8ce035d","isMergeCommit":false,"messageTitle":"Update AboutUs","messageBody":"","fileTypesAndContributionMap":{"docs":{"insertions":10,"deletions":0}}},{"hash":"2e9cbe972afc1b01a5a71701803a67083cfbd806","isMergeCommit":true,"messageTitle":"Merge pull request #46 from sachindavid96/branch-AboutUs","messageBody":"Update AboutUs","fileTypesAndContributionMap":{}},{"hash":"af1e16383c23a57b9d5df469580c3c7e259c5f4b","isMergeCommit":true,"messageTitle":"Merge pull request #45 from sachindavid96/branch-PPP-Sachin","messageBody":"Add skeletal PPP","fileTypesAndContributionMap":{}},{"hash":"917a5a7cd794566544661b17e461bd0041b01b2b","isMergeCommit":false,"messageTitle":"Update Glossary","messageBody":"","fileTypesAndContributionMap":{"docs":{"insertions":4,"deletions":5}}},{"hash":"579b7c49ca9d7156b7ba660d0e343099c3316d0b","isMergeCommit":true,"messageTitle":"Merge branch \u0027master\u0027 into branch-DG-Glossary","messageBody":"","fileTypesAndContributionMap":{}}]}],"StanleyNeoh":[{"date":"2023-02-28","commitResults":[{"hash":"5991ba92f9361e4a6e9715e420d19ffa3600b86e","isMergeCommit":false,"messageTitle":"Add AboutUs info","messageBody":"","fileTypesAndContributionMap":{"docs":{"insertions":15,"deletions":44}}},{"hash":"29d8232c5ea01897712b268d35c101be1250afaf","isMergeCommit":false,"messageTitle":"Update name","messageBody":"","fileTypesAndContributionMap":{"docs":{"insertions":1,"deletions":1}}},{"hash":"435ae11047e25c571b82eea14aed0e6e28a0af99","isMergeCommit":false,"messageTitle":"Add a skeletal PPP","messageBody":"","fileTypesAndContributionMap":{"docs":{"insertions":1,"deletions":0}}},{"hash":"26466407fc14ce61cfec221dbc077bba5a23368c","isMergeCommit":false,"messageTitle":"Add newline to end of file","messageBody":"","fileTypesAndContributionMap":{"docs":{"insertions":1,"deletions":1}}}]},{"date":"2023-03-01","commitResults":[{"hash":"f7cc63075af0401513fd27810b41fd6d4df82118","isMergeCommit":true,"messageTitle":"Merge branch \u0027master\u0027 into branch-AboutUs","messageBody":"","fileTypesAndContributionMap":{}},{"hash":"43b838dd3f58493ff6480b9f340e66c45ba0758c","isMergeCommit":true,"messageTitle":"Merge pull request #28 from StanleyNeoh/branch-AboutUs","messageBody":"Add AboutUs info","fileTypesAndContributionMap":{}},{"hash":"78a37e260e513dc9707d76e731cf40ff4e8de9b7","isMergeCommit":false,"messageTitle":"Add non-functional requirements","messageBody":"","fileTypesAndContributionMap":{"docs":{"insertions":6,"deletions":2}}},{"hash":"3fcfce2fa904e6836fbc47d3b0389bfc2b90e08f","isMergeCommit":false,"messageTitle":"Fix EOF and trailing whitespaces","messageBody":"","fileTypesAndContributionMap":{"docs":{"insertions":2,"deletions":2}}}]},{"date":"2023-03-07","commitResults":[{"hash":"c4a79278eee849a99852872b98e48e234890d666","isMergeCommit":false,"messageTitle":"Add tabbing to Mycelium","messageBody":"","fileTypesAndContributionMap":{"functional-code":{"insertions":71,"deletions":23}}},{"hash":"4a4aad57139edbbe77979980f406aee19582890c","isMergeCommit":true,"messageTitle":"Merge branch \u0027master\u0027 into branch-project-GUI","messageBody":"","fileTypesAndContributionMap":{}},{"hash":"dbb21f577fb2b07bfc12580d06b7c943c983054c","isMergeCommit":false,"messageTitle":"Fix breaking changes from merge","messageBody":"","fileTypesAndContributionMap":{"functional-code":{"insertions":9,"deletions":11},"other":{"insertions":1,"deletions":1}}},{"hash":"af927153916451bff86a9fbd02c2e5dbdee86dfc","isMergeCommit":false,"messageTitle":"Fix styling issue","messageBody":"","fileTypesAndContributionMap":{"functional-code":{"insertions":12,"deletions":2}}},{"hash":"8ecaecf189f88978756a197f727dcd64e2e4a57b","isMergeCommit":true,"messageTitle":"Merge pull request #60 from StanleyNeoh/branch-project-GUI","messageBody":"Implement Tab for project and client","fileTypesAndContributionMap":{}},{"hash":"c08446871411e72cd699c371831661f342a86b2b","isMergeCommit":false,"messageTitle":"Create fxml for project and make ListView generic","messageBody":"","fileTypesAndContributionMap":{"functional-code":{"insertions":244,"deletions":56},"other":{"insertions":18,"deletions":15},"test-code":{"insertions":1,"deletions":0}}},{"hash":"ef5f05d54935c209ef09b83a5782665fbd65f5db","isMergeCommit":true,"messageTitle":"Merge pull request #61 from StanleyNeoh/branch-project-GUI","messageBody":"Create fxml for project and make ListView generic","fileTypesAndContributionMap":{}}]},{"date":"2023-03-08","commitResults":[{"hash":"26e798d84080bea1f448ed3572bb8a2293a612c4","isMergeCommit":false,"messageTitle":"Add project stubs and improve generic listview","messageBody":"","fileTypesAndContributionMap":{"functional-code":{"insertions":103,"deletions":38}}},{"hash":"74766225aabc4a7cf0ce0dabd1e3318df9650596","isMergeCommit":true,"messageTitle":"Merge pull request #63 from StanleyNeoh/branch-project-GUI","messageBody":"Add project stubs and improve generic listview","fileTypesAndContributionMap":{}},{"hash":"94230d7dd25f9deed41624c5ab3d70e0ddb800aa","isMergeCommit":true,"messageTitle":"Merge pull request #69 from RubyNguyen07/branch-gui-project","messageBody":"Make title and text values uniform","fileTypesAndContributionMap":{}},{"hash":"008cc35a0939899be341d33a0b7f2c9be9eca64f","isMergeCommit":true,"messageTitle":"Merge branch \u0027master\u0027 of github.com:AY2223S2-CS2103T-W14-1/tp into branch-GUI","messageBody":"","fileTypesAndContributionMap":{}},{"hash":"58855de46d4379ccaffad33da48ca2c54e10e6e2","isMergeCommit":false,"messageTitle":"Integrate CRUD project into GUI","messageBody":"","fileTypesAndContributionMap":{"functional-code":{"insertions":61,"deletions":95}}},{"hash":"6950d9c69396bb95cc541ad55cfb8d290048ae23","isMergeCommit":true,"messageTitle":"Merge pull request #70 from StanleyNeoh/branch-GUI","messageBody":"GUI with project and client CRUD","fileTypesAndContributionMap":{}}]}],"immanuelhume":[{"date":"2023-02-27","commitResults":[{"hash":"4b9c6fdd91ce38c32d7959663817baf902dbfbce","isMergeCommit":false,"messageTitle":"Add some simple content to the README","messageBody":"","fileTypesAndContributionMap":{"docs":{"insertions":13,"deletions":11}}}]},{"date":"2023-02-28","commitResults":[{"hash":"8190a7ce627a7d9edba9cf32dadac7d8facc300a","isMergeCommit":false,"messageTitle":"Add a mugshot","messageBody":"","fileTypesAndContributionMap":{"docs":{"insertions":8,"deletions":0}}},{"hash":"81f385681be61bcca823b18e8dc5ba13a4ca5c51","isMergeCommit":false,"messageTitle":"Add PPP","messageBody":"","fileTypesAndContributionMap":{"docs":{"insertions":17,"deletions":0}}},{"hash":"a5cb4677a85cbab271699d47283d49cc30568b43","isMergeCommit":false,"messageTitle":"Add simple use cases","messageBody":"","fileTypesAndContributionMap":{"docs":{"insertions":66,"deletions":13}}},{"hash":"639b96eea7dceaffbeabeef2e522a9eaf01b4216","isMergeCommit":false,"messageTitle":"Add name to AboutUs","messageBody":"I missed it out previously\n","fileTypesAndContributionMap":{"docs":{"insertions":2,"deletions":0}}},{"hash":"f58209c28be9fe7a587122ab5e98c64f48f955dc","isMergeCommit":false,"messageTitle":"Update PPP to follow provided format","messageBody":"","fileTypesAndContributionMap":{"docs":{"insertions":13,"deletions":10}}},{"hash":"a841f356f9390fedb70d3c3864037580715df5e4","isMergeCommit":true,"messageTitle":"Merge pull request #23 from immanuelhume/update-readme","messageBody":"Update readme","fileTypesAndContributionMap":{}},{"hash":"63991dd8b73302c6d049b95c6a3ea39bd25f9951","isMergeCommit":true,"messageTitle":"Merge pull request #24 from immanuelhume/add-photo","messageBody":"Add AboutUs info for immanuelhume","fileTypesAndContributionMap":{}},{"hash":"ab70b921855eeff068e08b40292e095d5c587c78","isMergeCommit":true,"messageTitle":"Merge pull request #25 from immanuelhume/add-ppp","messageBody":"Add PPP for immanuelhume","fileTypesAndContributionMap":{}},{"hash":"c65aeebad8d2e8296ca3453cf59b2c18131dd350","isMergeCommit":true,"messageTitle":"Merge pull request #26 from immanuelhume/update-use-cases","messageBody":"Add simple use cases","fileTypesAndContributionMap":{}}]},{"date":"2023-03-01","commitResults":[{"hash":"89b40338a42d43a380828146889fbd0a57e0cf51","isMergeCommit":false,"messageTitle":"Update Jekyll files","messageBody":"","fileTypesAndContributionMap":{"docs":{"insertions":9,"deletions":6}}},{"hash":"ca96bc82ea2087070e8e2afc7a1205aac3bcdeeb","isMergeCommit":false,"messageTitle":"Fix missing whitespace","messageBody":"","fileTypesAndContributionMap":{"docs":{"insertions":1,"deletions":1}}}]},{"date":"2023-03-02","commitResults":[{"hash":"8a9eb372f54f433cdc1dbf0afa58a775ec00313e","isMergeCommit":true,"messageTitle":"Merge pull request #34 from immanuelhume/jekyll-config","messageBody":"Update Jekyll files","fileTypesAndContributionMap":{}},{"hash":"1023126e823ec5563a46f2656361dab325c96f61","isMergeCommit":true,"messageTitle":"Merge pull request #31 from StanleyNeoh/branch-NFR-DG","messageBody":"Add non-functional requirements","fileTypesAndContributionMap":{}}]},{"date":"2023-03-06","commitResults":[{"hash":"0adcbdfd4eaa6d785fa675aab9b3a42a49f0e395","isMergeCommit":false,"messageTitle":"Rename packages","messageBody":"","fileTypesAndContributionMap":{"functional-code":{"insertions":70,"deletions":73},"other":{"insertions":1147,"deletions":1078},"docs":{"insertions":35,"deletions":35},"test-code":{"insertions":561,"deletions":547}}},{"hash":"08f9d9884c2ddec55a2331f8eb6ff42236b2f289","isMergeCommit":false,"messageTitle":"Fix bad auto refactor","messageBody":"Intellij wrongly re-wrote some stuff inside the markdown files\n","fileTypesAndContributionMap":{"docs":{"insertions":6,"deletions":6}}},{"hash":"de52a3a6d681a16c183e8124eb0b55157727cf48","isMergeCommit":false,"messageTitle":"Add ProjectModel and ClientModel","messageBody":"No other changes were made to the current Model interface.\n","fileTypesAndContributionMap":{"functional-code":{"insertions":15,"deletions":1}}}]},{"date":"2023-03-07","commitResults":[{"hash":"448c981be9d6d79532d4e0c642413807e497e840","isMergeCommit":false,"messageTitle":"Update build.gradle main class","messageBody":"","fileTypesAndContributionMap":{"functional-code":{"insertions":12,"deletions":0},"other":{"insertions":1,"deletions":1}}},{"hash":"8b0725cd24903a089a6450c5026667f7a787fcff","isMergeCommit":false,"messageTitle":"Add Project entity","messageBody":"","fileTypesAndContributionMap":{"functional-code":{"insertions":184,"deletions":5}}},{"hash":"70903466f6b35e10ee39df19d183e2efd7da3f20","isMergeCommit":false,"messageTitle":"Fix style issues","messageBody":"","fileTypesAndContributionMap":{"functional-code":{"insertions":30,"deletions":6}}},{"hash":"6014b440c3f5a789f544fd352233e7049f7b2fe6","isMergeCommit":false,"messageTitle":"Add JSONable Project","messageBody":"","fileTypesAndContributionMap":{"functional-code":{"insertions":83,"deletions":1}}},{"hash":"39e37c386326d53e5a092ab6043422ef068b4e99","isMergeCommit":false,"messageTitle":"Add CRUD logic for projects","messageBody":"","fileTypesAndContributionMap":{"functional-code":{"insertions":148,"deletions":13},"test-code":{"insertions":35,"deletions":1}}},{"hash":"386eff4a3f366fde4760d055efc2a733e54568cd","isMergeCommit":false,"messageTitle":"Change client to client\u0027s email","messageBody":"","fileTypesAndContributionMap":{"functional-code":{"insertions":15,"deletions":13}}},{"hash":"b993ce172ac158556f4fc58b966f50fb194f4f84","isMergeCommit":false,"messageTitle":"Change email from String to Email class","messageBody":"","fileTypesAndContributionMap":{"functional-code":{"insertions":14,"deletions":5}}},{"hash":"3fa158706ce3384144ac5455bc686772436b9012","isMergeCommit":false,"messageTitle":"Add constructor for Project with fewer params","messageBody":"","fileTypesAndContributionMap":{"functional-code":{"insertions":15,"deletions":1}}},{"hash":"c7df519355d855b244fbe52f05d77e725708f7cb","isMergeCommit":false,"messageTitle":"Add a Pair class as test util","messageBody":"","fileTypesAndContributionMap":{"test-code":{"insertions":46,"deletions":0}}},{"hash":"e4d65eefbadfdb9998c43518ac5b2ad2ef164601","isMergeCommit":false,"messageTitle":"Add equals impl for Project","messageBody":"","fileTypesAndContributionMap":{"functional-code":{"insertions":58,"deletions":0}}},{"hash":"2ec620cdc172569473e158a2d75cd560b44261f0","isMergeCommit":false,"messageTitle":"Add basic tests for Project","messageBody":"","fileTypesAndContributionMap":{"test-code":{"insertions":143,"deletions":0}}},{"hash":"a6fcfaef80d8bd2fa3b0b83ffe1e4c500d94a084","isMergeCommit":false,"messageTitle":"Fix style issues","messageBody":"","fileTypesAndContributionMap":{"functional-code":{"insertions":32,"deletions":16},"test-code":{"insertions":66,"deletions":19}}},{"hash":"3ac0cc57501fb8cec144a652d99fcaa47a9488ba","isMergeCommit":false,"messageTitle":"Create generic container for UniqueList","messageBody":"","fileTypesAndContributionMap":{"functional-code":{"insertions":98,"deletions":86},"test-code":{"insertions":3,"deletions":3}}},{"hash":"84700ab9ba88b15dec2296e3f5b8cc2554d898bb","isMergeCommit":false,"messageTitle":"Fix style issues","messageBody":"","fileTypesAndContributionMap":{"functional-code":{"insertions":28,"deletions":3}}},{"hash":"80e04056e7c3605a6d6a34b15e904e5853c8987d","isMergeCommit":false,"messageTitle":"Add basic tests for UniqueList","messageBody":"","fileTypesAndContributionMap":{"functional-code":{"insertions":6,"deletions":2},"test-code":{"insertions":91,"deletions":0}}},{"hash":"7abfe93db8ccc4649dc275b0cd1b4740835565d1","isMergeCommit":false,"messageTitle":"Add methods to UniqueList","messageBody":"","fileTypesAndContributionMap":{"functional-code":{"insertions":50,"deletions":0},"test-code":{"insertions":148,"deletions":0}}},{"hash":"72dab7de312716a84b43142d6730867148d2ee58","isMergeCommit":false,"messageTitle":"Add some project-related methods to AddressBook","messageBody":"","fileTypesAndContributionMap":{"functional-code":{"insertions":9,"deletions":0}}},{"hash":"f3bc0602fd61ac0afc8b0a1bcc1cb34c989e892d","isMergeCommit":false,"messageTitle":"Add tests for AddressBook","messageBody":"","fileTypesAndContributionMap":{"test-code":{"insertions":62,"deletions":2}}},{"hash":"b4a03be7b20a90f24498a56c6a7c465a78b883ec","isMergeCommit":false,"messageTitle":"Add tests for AddressBook","messageBody":"","fileTypesAndContributionMap":{"functional-code":{"insertions":38,"deletions":22},"test-code":{"insertions":83,"deletions":0}}},{"hash":"3155f4168a7363e89d4eca4f8c69261d291cfda0","isMergeCommit":false,"messageTitle":"Add a lil todo","messageBody":"","fileTypesAndContributionMap":{"test-code":{"insertions":1,"deletions":0}}},{"hash":"75ad99727a0e95747fc6c0a8db4fb8911a180ea4","isMergeCommit":false,"messageTitle":"Add more descriptive log","messageBody":"","fileTypesAndContributionMap":{"functional-code":{"insertions":2,"deletions":1}}},{"hash":"2c7d3b3a491dd6ada5aa1721a644af7669b8584d","isMergeCommit":false,"messageTitle":"Add tests for JsonAdaptedProject","messageBody":"","fileTypesAndContributionMap":{"functional-code":{"insertions":22,"deletions":1},"test-code":{"insertions":107,"deletions":3}}},{"hash":"febb6a90220f42ca15d5ddb61324c62af6b8c0c8","isMergeCommit":false,"messageTitle":"Fix rawtype error","messageBody":"","fileTypesAndContributionMap":{"test-code":{"insertions":1,"deletions":1}}},{"hash":"1c2d909cb376fce49be4361afc1eeedc6f67254a","isMergeCommit":false,"messageTitle":"Remove a lil todo","messageBody":"","fileTypesAndContributionMap":{"functional-code":{"insertions":0,"deletions":2}}},{"hash":"1c7834d5a36d48e28b2198dd22cb8c81967bfdc3","isMergeCommit":false,"messageTitle":"Change impl of equals and hashcode","messageBody":"","fileTypesAndContributionMap":{"functional-code":{"insertions":11,"deletions":31},"test-code":{"insertions":2,"deletions":0}}},{"hash":"6d181e2a51601dae74d7a030e6313d0eb6e9504c","isMergeCommit":false,"messageTitle":"Add test case for minimal Project constructor","messageBody":"","fileTypesAndContributionMap":{"test-code":{"insertions":26,"deletions":0}}},{"hash":"6a3bb5fa94bd062847d1e4fe70589072ce434adb","isMergeCommit":false,"messageTitle":"Use new impl for equals and hashcode","messageBody":"","fileTypesAndContributionMap":{"functional-code":{"insertions":18,"deletions":67}}}]},{"date":"2023-03-08","commitResults":[{"hash":"8af88ae2173ec412615844d2d13f9ccac40f63c9","isMergeCommit":false,"messageTitle":"Change some Project\u0027s fields to Optional","messageBody":"","fileTypesAndContributionMap":{"functional-code":{"insertions":13,"deletions":13},"test-code":{"insertions":11,"deletions":5}}}]},{"date":"2023-03-13","commitResults":[{"hash":"8cd558829000ce093df5d9424888cda80a3aef95","isMergeCommit":true,"messageTitle":"Merge pull request #62 from Douglch/branch-ClientModel","messageBody":"Add basic Client model with appropriate attributes","fileTypesAndContributionMap":{}}]}],"Douglch":[{"date":"2023-02-27","commitResults":[{"hash":"7e9bfb07d590276ae107ce5fa077990a11bf9992","isMergeCommit":false,"messageTitle":"Add AboutUs info","messageBody":"","fileTypesAndContributionMap":{"docs":{"insertions":4,"deletions":4}}},{"hash":"8501b5b44c3838e6093da12c1c92460f8b09dbd1","isMergeCommit":false,"messageTitle":"Create Project Portfolio Page (PPP) - Douglas","messageBody":"","fileTypesAndContributionMap":{"docs":{"insertions":23,"deletions":0}}},{"hash":"dd5aeef4fbf855175e97de44d5904a3402ecdfe5","isMergeCommit":false,"messageTitle":"delete johndoe.md","messageBody":"","fileTypesAndContributionMap":{"docs":{"insertions":0,"deletions":46}}},{"hash":"7c0a1c8a0d7736b27cf7535896fe74bc741b1e9e","isMergeCommit":false,"messageTitle":"Update UG","messageBody":"","fileTypesAndContributionMap":{"docs":{"insertions":25,"deletions":7}}},{"hash":"ece60b24a2f8e02361ec82d2b7d58d2272c378ec","isMergeCommit":false,"messageTitle":"Fix checkstyle","messageBody":"","fileTypesAndContributionMap":{"docs":{"insertions":5,"deletions":5}}}]},{"date":"2023-02-28","commitResults":[{"hash":"0770b76faa0106758f289ab2e84b6a790b6f699c","isMergeCommit":false,"messageTitle":"Fixed title","messageBody":"","fileTypesAndContributionMap":{"docs":{"insertions":1,"deletions":1}}},{"hash":"69dd22f4cd84b8708c1ce1adc469bfb48c66e440","isMergeCommit":false,"messageTitle":"Update name title","messageBody":"","fileTypesAndContributionMap":{"docs":{"insertions":1,"deletions":1}}},{"hash":"8b259ee47e38a2aca7acaf77086b65773170e8d4","isMergeCommit":false,"messageTitle":"Update value proposition","messageBody":"","fileTypesAndContributionMap":{"docs":{"insertions":2,"deletions":22}}},{"hash":"3b9e9106ff2f0dd083de656cf3ea5af79ca48b5e","isMergeCommit":true,"messageTitle":"Merge pull request #22 from Douglch/branch-AboutUs","messageBody":"Add AboutUs info","fileTypesAndContributionMap":{}},{"hash":"c5ea2e0e9d80c5817edef99541879767d4e9bcaf","isMergeCommit":true,"messageTitle":"Merge pull request #21 from Douglch/branch-PPP","messageBody":"Branch PPP","fileTypesAndContributionMap":{}},{"hash":"8e645a23369bea55f444c02a1e37bf52eca40112","isMergeCommit":true,"messageTitle":"Merge pull request #20 from Douglch/branch-DG","messageBody":"Update DG","fileTypesAndContributionMap":{}}]},{"date":"2023-03-06","commitResults":[{"hash":"cdebd3fbf46dbc8fb68e11a5283d93fafb7f3b51","isMergeCommit":true,"messageTitle":"Merge pull request #57 from immanuelhume/split-model","messageBody":"Add ProjectModel and ClientModel","fileTypesAndContributionMap":{}}]},{"date":"2023-03-07","commitResults":[{"hash":"2bc25e6e3d8d59fe4a363d5298786f3d95260e46","isMergeCommit":false,"messageTitle":"Add basic Client model with appropriate attributes","messageBody":"","fileTypesAndContributionMap":{"functional-code":{"insertions":268,"deletions":0},"other":{"insertions":1,"deletions":1}}}]},{"date":"2023-03-08","commitResults":[{"hash":"b0d7145db8ea0ed4fc5b4dd77216ae1b63bfd5c0","isMergeCommit":true,"messageTitle":"Merge pull request #59 from immanuelhume/project-crud","messageBody":"Project CRUD","fileTypesAndContributionMap":{}},{"hash":"0e9ebb8ed7af786ba03995710b23052556fba207","isMergeCommit":false,"messageTitle":"Reformat code","messageBody":"","fileTypesAndContributionMap":{"functional-code":{"insertions":137,"deletions":126}}},{"hash":"bcf7792b1b4cec963bb074cae125d450f84dab45","isMergeCommit":true,"messageTitle":"Merge branch \u0027master\u0027 of https://github.com/Douglch/tp into branch-ClientModel","messageBody":"","fileTypesAndContributionMap":{}},{"hash":"aa6d145e96f0d14e471592c21f194c9f40f9732c","isMergeCommit":true,"messageTitle":"Merge branch \u0027master\u0027 of https://github.com/Douglch/tp into branch-ClientModel","messageBody":"","fileTypesAndContributionMap":{}}]},{"date":"2023-03-09","commitResults":[{"hash":"9749cbb84fddaebd789a8854e8ca2b12042204b5","isMergeCommit":false,"messageTitle":"Add client attributes to lists handler","messageBody":"","fileTypesAndContributionMap":{"functional-code":{"insertions":137,"deletions":84},"test-code":{"insertions":34,"deletions":0}}},{"hash":"8ceab684afc979b6fb991314ebc1889f814fae63","isMergeCommit":false,"messageTitle":"Revert changes from JsonAdaptedProject","messageBody":"","fileTypesAndContributionMap":{"functional-code":{"insertions":146,"deletions":146}}},{"hash":"b02e967b234804ed2cdc2f85630cb6125678fea6","isMergeCommit":false,"messageTitle":"Undo git add --renormalize","messageBody":"","fileTypesAndContributionMap":{"functional-code":{"insertions":1,"deletions":1}}},{"hash":"22f4f9f64760db44cc588880ad6c9862c224e9a4","isMergeCommit":false,"messageTitle":"Add client tests, 1/2","messageBody":"","fileTypesAndContributionMap":{"functional-code":{"insertions":90,"deletions":20},"test-code":{"insertions":224,"deletions":1}}},{"hash":"56f4422454b377a48fa9da9b0b95b9c102233e5f","isMergeCommit":false,"messageTitle":"Fix tests","messageBody":"","fileTypesAndContributionMap":{"functional-code":{"insertions":15,"deletions":16},"test-code":{"insertions":75,"deletions":38}}}]},{"date":"2023-03-10","commitResults":[{"hash":"4775a65be98a75666f872f9a473df42e0992f3d3","isMergeCommit":false,"messageTitle":"Add tests for client class and jsonAdaptedClient, fixed jsonAdaptedClientTest methods.","messageBody":"","fileTypesAndContributionMap":{"functional-code":{"insertions":1,"deletions":6},"test-code":{"insertions":67,"deletions":38}}},{"hash":"338951a43417d0099c4fd314feb7d31e7f42c31b","isMergeCommit":false,"messageTitle":"Add null conditions for jsonAdaptedClient\u0027s validity checks","messageBody":"","fileTypesAndContributionMap":{"functional-code":{"insertions":6,"deletions":6}}}]},{"date":"2023-03-12","commitResults":[{"hash":"fbd9ab6fc12c9a4d4d5b99cefdbf41b9db0a6c31","isMergeCommit":false,"messageTitle":"Add tests","messageBody":"","fileTypesAndContributionMap":{"functional-code":{"insertions":23,"deletions":14},"test-code":{"insertions":146,"deletions":6}}}]},{"date":"2023-03-13","commitResults":[{"hash":"017cd85524086807e657e5313c1f9cd60f9c2400","isMergeCommit":false,"messageTitle":"Fix typos","messageBody":"","fileTypesAndContributionMap":{"functional-code":{"insertions":1,"deletions":1},"test-code":{"insertions":0,"deletions":1}}}]}],"RubyNguyen07":[{"date":"2023-02-28","commitResults":[{"hash":"19db1a5bede1c9aee7d1a51e73759e167081e44a","isMergeCommit":false,"messageTitle":"Update UserGuide","messageBody":"","fileTypesAndContributionMap":{"docs":{"insertions":100,"deletions":129}}},{"hash":"b2c3ecb6ffb1090f7cbb7af0169fb69d621df51d","isMergeCommit":true,"messageTitle":"Merge pull request #27 from RubyNguyen07/master","messageBody":"Update UserGuide","fileTypesAndContributionMap":{}},{"hash":"69d76bdd58d232a943e1db7c63357e95cc0cd048","isMergeCommit":false,"messageTitle":"Update AboutUs and add skeletal PPP","messageBody":"","fileTypesAndContributionMap":{"docs":{"insertions":26,"deletions":6}}},{"hash":"e9d03e05ceb998cc4410cde497ea76cc48db27e8","isMergeCommit":false,"messageTitle":"Update DeveloperGuide","messageBody":"","fileTypesAndContributionMap":{"docs":{"insertions":32,"deletions":9}}},{"hash":"f3da52f614c2614aab44494bee1636189ca6f86e","isMergeCommit":false,"messageTitle":"Update image filename","messageBody":"","fileTypesAndContributionMap":{"docs":{"insertions":1,"deletions":1}}},{"hash":"137eca9492e905a2c96c09b23732825ae9778a55","isMergeCommit":false,"messageTitle":"Update filename of PPP","messageBody":"","fileTypesAndContributionMap":{"docs":{"insertions":1,"deletions":1}}}]},{"date":"2023-03-02","commitResults":[{"hash":"3fbf2912771b96d2f632d0ac7fbebed08de10e45","isMergeCommit":false,"messageTitle":"Add priorities to user stories","messageBody":"","fileTypesAndContributionMap":{"docs":{"insertions":94,"deletions":99}}},{"hash":"03959c78920e037d2cc684780ffb477d28c90d23","isMergeCommit":true,"messageTitle":"Merge branch \u0027master\u0027 into updateAboutUs","messageBody":"","fileTypesAndContributionMap":{}},{"hash":"f51218492395d7cf702fb204763d9367ff3c34bc","isMergeCommit":true,"messageTitle":"Merge pull request #35 from immanuelhume/fix-whitespace","messageBody":"Fix missing whitespace","fileTypesAndContributionMap":{}},{"hash":"f51cc6ca14e83c184935c59e07d2861cc51d2589","isMergeCommit":true,"messageTitle":"Merge pull request #30 from RubyNguyen07/addUserStories","messageBody":"Update DeveloperGuide","fileTypesAndContributionMap":{}},{"hash":"8d9a82d5a8e3fcd01ffa7880cf193080d6476720","isMergeCommit":true,"messageTitle":"Merge pull request #29 from RubyNguyen07/updateAboutUs","messageBody":"Update AboutUs and add skeletal PPP","fileTypesAndContributionMap":{}}]},{"date":"2023-03-05","commitResults":[{"hash":"1e567840a173ae6bc68392810775da73505fc554","isMergeCommit":false,"messageTitle":"Delete placeholder text","messageBody":"","fileTypesAndContributionMap":{"docs":{"insertions":0,"deletions":10}}},{"hash":"8bc126aab5aba8c0d6a960c884689765905643b0","isMergeCommit":true,"messageTitle":"Merge pull request #44 from sachindavid96/branch-DG-Glossary","messageBody":"Update DeveloperGuide","tags":["v1.1"],"fileTypesAndContributionMap":{}}]},{"date":"2023-03-06","commitResults":[{"hash":"2ee49cbfa7f5c49b6096a47b88bbc5b3f5bee266","isMergeCommit":true,"messageTitle":"Merge pull request #56 from immanuelhume/refactor-packages","messageBody":"Rename packages","fileTypesAndContributionMap":{}}]},{"date":"2023-03-08","commitResults":[{"hash":"7e90f7d13354e4f59bb0b9da3dc1509daba1b75b","isMergeCommit":false,"messageTitle":"Add title next to each tag value","messageBody":"","fileTypesAndContributionMap":{"functional-code":{"insertions":52,"deletions":7}}},{"hash":"747a490cb36ad6aac61b1b6c0559c5730fe733da","isMergeCommit":true,"messageTitle":"Merge pull request #65 from RubyNguyen07/branch-gui-project","messageBody":"Add title next to each tag value","fileTypesAndContributionMap":{}},{"hash":"0d30e22a39f8ac150ab34b0b3d8e8ff2616e14ff","isMergeCommit":false,"messageTitle":"Make title and text values uniform","messageBody":"","fileTypesAndContributionMap":{"functional-code":{"insertions":10,"deletions":29}}}]}]},"authorFileTypeContributionMap":{"sachindavid96":{"docs":32,"functional-code":0,"test-code":0},"StanleyNeoh":{"docs":46,"functional-code":309,"test-code":1},"immanuelhume":{"docs":111,"functional-code":1166,"test-code":1769,"other":1},"Douglch":{"docs":14,"functional-code":518,"test-code":466},"RubyNguyen07":{"docs":164,"functional-code":26,"test-code":0}},"authorContributionVariance":{"sachindavid96":124.76164,"StanleyNeoh":11188.889,"immanuelhume":617156.9,"Douglch":44041.637,"RubyNguyen07":5034.0405},"authorDisplayNameMap":{"sachindavid96":"CS2103T-W14-1 KALI..AVID","StanleyNeoh":"CS2103T-W14-1 STAN.. JUN","immanuelhume":"CS2103T-W14-1 LI J..UNYI","Douglch":"CS2103T-W14-1 CHOW..GLAS","RubyNguyen07":"CS2103T-W14-1 NGUY..NGOC"}}
