{"authorDailyContributionsMap":{"thedesalizes":[{"date":"2023-03-03","commitResults":[{"hash":"4a841d1b4253f88ab19fd9684dcf026968f95575","isMergeCommit":false,"messageTitle":"Add skeletal PPP for @thedesalizes","messageBody":"","fileTypesAndContributionMap":{"docs":{"insertions":26,"deletions":0}}}]},{"date":"2023-03-05","commitResults":[{"hash":"9b2eaff2f2d81d51908050a757bff3636259a34e","isMergeCommit":false,"messageTitle":"Update AboutUs and add picture for @thedealizes","messageBody":"","fileTypesAndContributionMap":{"docs":{"insertions":10,"deletions":0}}}]},{"date":"2023-03-07","commitResults":[{"hash":"87ce4de02990ee4d366dd64af80ad98952839b69","isMergeCommit":false,"messageTitle":"Add newline correction to AboutUs.md","messageBody":"","fileTypesAndContributionMap":{"docs":{"insertions":1,"deletions":1}}},{"hash":"f8e435abf2cd62e5d7fc40e5c7d3499aae9173fd","isMergeCommit":false,"messageTitle":"Amend AboutUs and picture filename","messageBody":"","fileTypesAndContributionMap":{"docs":{"insertions":1,"deletions":20}}}]},{"date":"2023-03-15","commitResults":[{"hash":"bd517e929f429da4f912c2c4c9c89760c2e49105","isMergeCommit":false,"messageTitle":"Add delm command to delete meetings","messageBody":"","fileTypesAndContributionMap":{"functional-code":{"insertions":88,"deletions":0},"test-code":{"insertions":2,"deletions":0}}},{"hash":"42a87dc29bb6be2c813e384ad13f55cd95950ce7","isMergeCommit":false,"messageTitle":"Fix some issues with styling","messageBody":"","fileTypesAndContributionMap":{"functional-code":{"insertions":7,"deletions":7}}},{"hash":"afd3ef166440be58f26b14c708b7d58abb2d63b5","isMergeCommit":false,"messageTitle":"Add javadocs for DeleteMeetingCommand and DeleteMeetingCommandParser","messageBody":"","fileTypesAndContributionMap":{"functional-code":{"insertions":13,"deletions":2}}}]},{"date":"2023-03-16","commitResults":[{"hash":"2f79aefd0ae879030954452075b2f948e919c850","isMergeCommit":false,"messageTitle":"Add missing stub methods for some tests","messageBody":"","fileTypesAndContributionMap":{"functional-code":{"insertions":0,"deletions":2},"test-code":{"insertions":10,"deletions":1}}},{"hash":"d25efde14d6ef0c79d2ed13e740de700d50355ab","isMergeCommit":false,"messageTitle":"Remove trailing whitepsace from AddMeetingCommandTest","messageBody":"","fileTypesAndContributionMap":{"test-code":{"insertions":1,"deletions":1}}},{"hash":"8835b2d9772f49a3000cfa32ab5f005c3cf4e78d","isMergeCommit":false,"messageTitle":"Remove empty test file","messageBody":"","fileTypesAndContributionMap":{"test-code":{"insertions":0,"deletions":2}}}]}],"Beebeeoii":[{"date":"2023-02-26","commitResults":[{"hash":"a66cebe89e2e0182263451b9fcb4646731b61d84","isMergeCommit":false,"messageTitle":"Update `AboutUs.md`","messageBody":"","fileTypesAndContributionMap":{"docs":{"insertions":6,"deletions":6}}},{"hash":"9eec462530dc6b0f3e84d2b5f735ecd9ded1233c","isMergeCommit":false,"messageTitle":"Update `UserGuide.md` with QuickContacts information","messageBody":"","fileTypesAndContributionMap":{"docs":{"insertions":32,"deletions":14}}},{"hash":"234478206db00d2b30ba6805bf3c4cfeb91b8e58","isMergeCommit":false,"messageTitle":"Fix casing for table of contents","messageBody":"","fileTypesAndContributionMap":{"docs":{"insertions":1,"deletions":1}}}]},{"date":"2023-02-28","commitResults":[{"hash":"f08477d0a4dbeac3eb2ad617c559b42886d11613","isMergeCommit":false,"messageTitle":"Update @beebeeoii PPP","messageBody":"","fileTypesAndContributionMap":{"docs":{"insertions":26,"deletions":0}}},{"hash":"a353c6debaa7b83a44e2d9a06f761c4ae7486b24","isMergeCommit":true,"messageTitle":"Merge pull request #17 from Beebeeoii/jiawei/ppp","messageBody":"Update @Beebeeoii PPP","fileTypesAndContributionMap":{}}]},{"date":"2023-03-05","commitResults":[{"hash":"93c2379473e376e5b9c1b93517d2fb9d6606f2f6","isMergeCommit":true,"messageTitle":"Merge pull request #36 from thedesalizes/master","messageBody":"Add skeletal PPP for @thedesalizes","fileTypesAndContributionMap":{}},{"hash":"3aaae554fba62e485bce2c7a7646e112eff18c09","isMergeCommit":false,"messageTitle":"update DG of AB3 information","messageBody":"","fileTypesAndContributionMap":{"docs":{"insertions":7,"deletions":7}}},{"hash":"7e3919c6442ebc552cc3a8294a261bbc21cec5ee","isMergeCommit":true,"messageTitle":"Merge pull request #37 from Beebeeoii/jiawei/update-dg","messageBody":"remove AB3 information from DG","fileTypesAndContributionMap":{}},{"hash":"2c7dcf1d4e186261c0c5b4118c7236465f2be548","isMergeCommit":true,"messageTitle":"Merge pull request #38 from Beebeeoii/jiawei/update-config","messageBody":"update `_config.yml`","fileTypesAndContributionMap":{}}]},{"date":"2023-03-07","commitResults":[{"hash":"2cac385f90a9b7918772dc3eecc74d03b1a061ea","isMergeCommit":true,"messageTitle":"Merge pull request #44 from thedesalizes/master","messageBody":"Update AboutUs and add picture for @thedealizes","fileTypesAndContributionMap":{}}]},{"date":"2023-03-08","commitResults":[{"hash":"c700fd6f347738228534e0301259cdcae9327d03","isMergeCommit":false,"messageTitle":"Fix `AboutUs.md`","messageBody":"","fileTypesAndContributionMap":{"docs":{"insertions":12,"deletions":1}}},{"hash":"e692b15b7024e65b79bbc8724d1e55eea0baeeeb","isMergeCommit":false,"messageTitle":"Fix style","messageBody":"","fileTypesAndContributionMap":{"docs":{"insertions":9,"deletions":9}}},{"hash":"2e95bc84062d7c9d23719df2f1f06481990250b8","isMergeCommit":true,"messageTitle":"Merge pull request #46 from Beebeeoii/jiawei/fix-about-me","messageBody":"Fix `AboutUs.md`","fileTypesAndContributionMap":{}},{"hash":"44780fb7efc50212383859432f588cb09e39d6fb","isMergeCommit":false,"messageTitle":"Implement `Meeting` backbones","messageBody":"","fileTypesAndContributionMap":{"functional-code":{"insertions":130,"deletions":0}}},{"hash":"4d6179774f39ba65eeb5b6f0f44c88d348c37bd8","isMergeCommit":false,"messageTitle":"Fix styling issue with `+`","messageBody":"","fileTypesAndContributionMap":{"functional-code":{"insertions":9,"deletions":9}}},{"hash":"f71c257816bce312a28dc099777e476c08c4b032","isMergeCommit":false,"messageTitle":"Fix condition used to check for `Meeting` sameness","messageBody":"","fileTypesAndContributionMap":{"functional-code":{"insertions":1,"deletions":1}}},{"hash":"488a9c67b0e9949f49fe97af288bff037f6a7ce1","isMergeCommit":false,"messageTitle":"Remove unnecessary abstraction for `Attendees`","messageBody":"","fileTypesAndContributionMap":{"functional-code":{"insertions":13,"deletions":15}}},{"hash":"9e8744fa37e671e889f985cd5b26e44b81099ffd","isMergeCommit":false,"messageTitle":"Implement fields for `Meeting`","messageBody":"","fileTypesAndContributionMap":{"functional-code":{"insertions":306,"deletions":0}}},{"hash":"1ed2c89b3928068979f10a01accf74caf1db7e6e","isMergeCommit":false,"messageTitle":"Update regex for `Description` and `Location`","messageBody":"","fileTypesAndContributionMap":{"functional-code":{"insertions":2,"deletions":2}}},{"hash":"70516c93f14b091f3cdecb1234f0f065a4ce0515","isMergeCommit":false,"messageTitle":"Fix `isValidVirtualLocation()` check","messageBody":"","fileTypesAndContributionMap":{"functional-code":{"insertions":10,"deletions":5}}},{"hash":"1246ec6feb96449cc312f3caf85b7987f1fb6db5","isMergeCommit":false,"messageTitle":"Implement tests for `Title`","messageBody":"","fileTypesAndContributionMap":{"test-code":{"insertions":36,"deletions":0}}},{"hash":"de0f18267ce8e5edecd478be4014cbe643c691e1","isMergeCommit":false,"messageTitle":"Implement tests for `Location`","messageBody":"","fileTypesAndContributionMap":{"test-code":{"insertions":58,"deletions":0}}},{"hash":"3883038c3668a111bbc8f75ca8f14945cc4f4f24","isMergeCommit":false,"messageTitle":"Implement tests for `Description`","messageBody":"","fileTypesAndContributionMap":{"test-code":{"insertions":38,"deletions":0}}},{"hash":"2e43bb305dbf3d1405945f53665fdc10d4265c7d","isMergeCommit":false,"messageTitle":"Fix end `DateTime` check for duration","messageBody":"","fileTypesAndContributionMap":{"functional-code":{"insertions":22,"deletions":3}}},{"hash":"357c9eb7e6a6c229d1aaef910cc95a12c16f4a39","isMergeCommit":false,"messageTitle":"Implement tests for `DateTime`","messageBody":"","fileTypesAndContributionMap":{"test-code":{"insertions":73,"deletions":0}}},{"hash":"3bd6d6f7b958e9e7a332705f28db49e92fa4e2e5","isMergeCommit":false,"messageTitle":"Implement tests for `Meeting`","messageBody":"","fileTypesAndContributionMap":{"functional-code":{"insertions":13,"deletions":1},"test-code":{"insertions":215,"deletions":0}}},{"hash":"42d8cd1728e307505314e6a80e3fc44992674490","isMergeCommit":false,"messageTitle":"Implement JSON storage and retrieval of `Meeting`","messageBody":"","fileTypesAndContributionMap":{"functional-code":{"insertions":111,"deletions":0}}},{"hash":"11f79dd723b1fa837f64d05c0bd6b0847109c271","isMergeCommit":false,"messageTitle":"Fix `DateTime` toString","messageBody":"","fileTypesAndContributionMap":{"functional-code":{"insertions":6,"deletions":3}}},{"hash":"abcbc8ea8fbcf57041cf79c1185a8960f8a06cfd","isMergeCommit":false,"messageTitle":"Fix bug where `Name` error is printed instead of `Title`","messageBody":"","fileTypesAndContributionMap":{"functional-code":{"insertions":4,"deletions":4}}}]},{"date":"2023-03-09","commitResults":[{"hash":"7219ecfbadc97367021001fba9e1d6a5d53978fc","isMergeCommit":false,"messageTitle":"Abstract checking of arguments out for `DateTime`","messageBody":"","fileTypesAndContributionMap":{"functional-code":{"insertions":33,"deletions":34},"test-code":{"insertions":35,"deletions":22}}},{"hash":"7ceb937efde7dfd861316277955f7111d24d66be","isMergeCommit":false,"messageTitle":"Implement tests for `JsonAdaptedMeeting`","messageBody":"","fileTypesAndContributionMap":{"test-code":{"insertions":132,"deletions":0}}},{"hash":"9af321439df72765484a0bd504368ff4ce7513e3","isMergeCommit":false,"messageTitle":"Remove unnecessary exception","messageBody":"","fileTypesAndContributionMap":{"functional-code":{"insertions":0,"deletions":11}}},{"hash":"4cfc7d80424bd4be38e7a0ad3a26305199ff12fb","isMergeCommit":false,"messageTitle":"Implement immutable `UniqueMeetingList`","messageBody":"","fileTypesAndContributionMap":{"functional-code":{"insertions":156,"deletions":0}}},{"hash":"3858bc13571f179d8d02c8bb67199d0fd4583c2d","isMergeCommit":false,"messageTitle":"Include tests for `UniqueMeetingList`","messageBody":"","fileTypesAndContributionMap":{"test-code":{"insertions":171,"deletions":0}}},{"hash":"6891a801771a3ebaaaa2d2eecbb38cda1070ed76","isMergeCommit":false,"messageTitle":"Add `Meeting` to `AddressBook` and storage to JSON","messageBody":"`AddressBook` now has a notion of what `Meeting` is. Previously, it only contains `Person`, now an `AddressBook` is made up of both `Person` and `Meeting`.\n","fileTypesAndContributionMap":{"functional-code":{"insertions":85,"deletions":5},"test-code":{"insertions":159,"deletions":26}}},{"hash":"7db42cf5143a18ed6c5050e498b66fe273237e5a","isMergeCommit":false,"messageTitle":"Update tests for `JsonAddressBookStorage`","messageBody":"","fileTypesAndContributionMap":{"test-code":{"insertions":10,"deletions":0}}}]},{"date":"2023-03-11","commitResults":[{"hash":"ec22c59c1b654bdb160109fbd3a264d2491d8f6d","isMergeCommit":true,"messageTitle":"Merge pull request #48 from chuakid/view-meetings-command","messageBody":"Implement viewing of meetings via CLI","fileTypesAndContributionMap":{}}]},{"date":"2023-03-12","commitResults":[{"hash":"27770a16ce722f99c71768b6c8cd932879157a59","isMergeCommit":true,"messageTitle":"Merge pull request #53 from chuakid/update-userguide-view-meetings","messageBody":"Update user guide to include view meetings command","fileTypesAndContributionMap":{}},{"hash":"145fdf3d717b49a286b06a0f195670768ae22b25","isMergeCommit":true,"messageTitle":"Merge pull request #51 from chuakid/view-meetings-command","messageBody":"Add test for parsing view meetings command","fileTypesAndContributionMap":{}}]},{"date":"2023-03-13","commitResults":[{"hash":"5cd86bcd4a4c0c9f2f585a89de875264b06e5b2a","isMergeCommit":true,"messageTitle":"Merge pull request #56 from KS2499/branch-add-meeting","messageBody":"Add `AddMeetingCommand` Command","fileTypesAndContributionMap":{}}]},{"date":"2023-03-14","commitResults":[{"hash":"1af882675dfa4fc163fde3ea838435917a5d1041","isMergeCommit":false,"messageTitle":"Populate sample `Meeting` meeting on first launch","messageBody":"","fileTypesAndContributionMap":{"functional-code":{"insertions":25,"deletions":3}}},{"hash":"ed1f9b63baa574345af83e6a5dae32bdb97b924e","isMergeCommit":false,"messageTitle":"Implement command traversal","messageBody":"","fileTypesAndContributionMap":{"functional-code":{"insertions":99,"deletions":0}}},{"hash":"c8ca52eab7b4179de58204aa9f608e2c0e0f257d","isMergeCommit":false,"messageTitle":"Added inline documentations for methods and classes","messageBody":"","fileTypesAndContributionMap":{"functional-code":{"insertions":34,"deletions":3}}},{"hash":"92adf1efb24b7aff68024e37f52025d3e8ed9147","isMergeCommit":false,"messageTitle":"Include tests for `CommandHistory`","messageBody":"","fileTypesAndContributionMap":{"test-code":{"insertions":46,"deletions":0}}},{"hash":"67fb2bd53a0e4eac1fd2ba429f868834f68cc45d","isMergeCommit":false,"messageTitle":"Add ability to clear `CommandHistory`","messageBody":"","fileTypesAndContributionMap":{"functional-code":{"insertions":8,"deletions":0},"test-code":{"insertions":7,"deletions":7}}}]},{"date":"2023-03-15","commitResults":[{"hash":"af332df0105d53eef2064dae691797e6e7d7ba30","isMergeCommit":false,"messageTitle":"`DateTime` can now take in varying formats of date/time","messageBody":"","fileTypesAndContributionMap":{"functional-code":{"insertions":184,"deletions":18},"test-code":{"insertions":10,"deletions":5}}},{"hash":"b7f3af966688f122832d5427fb976d8a00203741","isMergeCommit":false,"messageTitle":"`parseDate` now accepts ddMM and autofills with `Year.now()`","messageBody":"","fileTypesAndContributionMap":{"functional-code":{"insertions":16,"deletions":3},"test-code":{"insertions":11,"deletions":2}}},{"hash":"9c8f6b854292b861599dabe3478e0384fb36c41b","isMergeCommit":false,"messageTitle":"Add tests for `getDateTime`","messageBody":"","fileTypesAndContributionMap":{"functional-code":{"insertions":17,"deletions":9},"test-code":{"insertions":25,"deletions":0}}},{"hash":"c7f29e59c5d5a9988ee63ff789fe0ff458a17610","isMergeCommit":false,"messageTitle":"Fix import order","messageBody":"","fileTypesAndContributionMap":{"test-code":{"insertions":1,"deletions":1}}}]},{"date":"2023-03-16","commitResults":[{"hash":"912d9d2bf626323c82690380e012efe9028b2a07","isMergeCommit":true,"messageTitle":"Merge pull request #71 from thedesalizes/delete-meeting","messageBody":"Add `delm` command to delete meetings","tags":["v1.2"],"fileTypesAndContributionMap":{}},{"hash":"1ea0d4c94de8ddd385a6b2f23ec1461b5bc4bff9","isMergeCommit":true,"messageTitle":"Merge branch \u0027master\u0027 into dateTime-formats","messageBody":"","fileTypesAndContributionMap":{}}]},{"date":"2023-03-18","commitResults":[{"hash":"519088bcd7c380b0cdda5cae4ae0c31b4a3b8a4c","isMergeCommit":false,"messageTitle":"fix discrepancy with meeting title `Prefix`","messageBody":"","fileTypesAndContributionMap":{"functional-code":{"insertions":3,"deletions":4}}},{"hash":"230f26ba11e6a4518ba9b673011a73b20c6910c1","isMergeCommit":false,"messageTitle":"fix discrepancy with meeting title `Prefix`","messageBody":"","fileTypesAndContributionMap":{"functional-code":{"insertions":2,"deletions":2}}},{"hash":"e6e14a3deb2cb0ab5b6216d78865a4c65df52079","isMergeCommit":false,"messageTitle":"implement autocomplete suggestions of `Prefix` for commands","messageBody":"","fileTypesAndContributionMap":{"functional-code":{"insertions":255,"deletions":16}}},{"hash":"a38894278ae5fb0f9eae947f63ebc3833d1a1c3b","isMergeCommit":false,"messageTitle":"Fix style","messageBody":"","fileTypesAndContributionMap":{"functional-code":{"insertions":5,"deletions":3}}}]},{"date":"2023-03-19","commitResults":[{"hash":"5b4dbd353b562d5378112ab04b2ddbb81d14246e","isMergeCommit":false,"messageTitle":"Enable assertions","messageBody":"","fileTypesAndContributionMap":{"other":{"insertions":4,"deletions":0}}},{"hash":"47433224abf36059274a9f86ac6a1ef8c1101dcf","isMergeCommit":true,"messageTitle":"Merge pull request #83 from Beebeeoii/enable-assertions","messageBody":"Enable assertions","fileTypesAndContributionMap":{}}]},{"date":"2023-03-20","commitResults":[{"hash":"ebfa7920e9b94bafbffe2f6802a85e74db062344","isMergeCommit":false,"messageTitle":"Fix bug where 12:00AM is deemed as invalid","messageBody":"","fileTypesAndContributionMap":{"functional-code":{"insertions":15,"deletions":15}}},{"hash":"4288511ba6a36f672d4b0cf058d920aeb30ab737","isMergeCommit":false,"messageTitle":"Add flag and check for whether meeting has passed","messageBody":"","fileTypesAndContributionMap":{"functional-code":{"insertions":25,"deletions":0},"test-code":{"insertions":30,"deletions":0}}},{"hash":"71b5f2f1e67317963ce92defd6996d6b5aa5fc80","isMergeCommit":true,"messageTitle":"Merge branch \u0027master\u0027 into dateTime-formats","messageBody":"","fileTypesAndContributionMap":{}},{"hash":"91ed203fb4e606ede572f5602625148cf351f584","isMergeCommit":false,"messageTitle":"Update `DeveloperGuide.md`","messageBody":"","fileTypesAndContributionMap":{"docs":{"insertions":23,"deletions":27}}},{"hash":"d8dddb9c660497eaeabe74c354fe5d1873cd88fe","isMergeCommit":false,"messageTitle":"Add manual tests for creating a meeting","messageBody":"","fileTypesAndContributionMap":{"docs":{"insertions":20,"deletions":0}}},{"hash":"4902f9bddaaf940ae8690c620fa853cdb52f4585","isMergeCommit":false,"messageTitle":"Add manual tests for saving of data","messageBody":"","fileTypesAndContributionMap":{"docs":{"insertions":31,"deletions":2}}},{"hash":"c8aa3e728301f5733fbc75fa67e141e9df5682db","isMergeCommit":false,"messageTitle":"Update `README.md`","messageBody":"","fileTypesAndContributionMap":{"docs":{"insertions":29,"deletions":13}}},{"hash":"949c423c37b68735ed11f3214343cdf65ef6f9ff","isMergeCommit":false,"messageTitle":"Update app name and icon","messageBody":"","fileTypesAndContributionMap":{"functional-code":{"insertions":3,"deletions":3},"test-code":{"insertions":1,"deletions":1}}},{"hash":"947c7fa5cc9a93c44902129092620dd5c9400fee","isMergeCommit":true,"messageTitle":"Merge pull request #86 from Beebeeoii/readme","messageBody":"Update `README.md`","fileTypesAndContributionMap":{}}]},{"date":"2023-03-21","commitResults":[{"hash":"025ffafd4530555f89333c11c4f5b680ab0abd13","isMergeCommit":true,"messageTitle":"Merge remote-tracking branch \u0027upstream/master\u0027 into command-autocomplete","messageBody":"","fileTypesAndContributionMap":{}},{"hash":"68018ac0f9fccbd8b27ce0faafbff225e92455cf","isMergeCommit":false,"messageTitle":"Add more test cases for meeting commands","messageBody":"","fileTypesAndContributionMap":{"functional-code":{"insertions":4,"deletions":4},"test-code":{"insertions":188,"deletions":0}}},{"hash":"a5045c51e98c2f0dbab7714778d5abd16fb042a7","isMergeCommit":false,"messageTitle":"Add test cases for `AutocompleteResult`","messageBody":"","fileTypesAndContributionMap":{"test-code":{"insertions":26,"deletions":0}}},{"hash":"7bcedcd9cc2bbe8f51649719805b3a7b0be82c5e","isMergeCommit":false,"messageTitle":"Add test cases for `EditMeetingsCommand`","messageBody":"","fileTypesAndContributionMap":{"test-code":{"insertions":145,"deletions":1}}},{"hash":"d0432e4da6d167498dd12409375bb4a965dcb5d5","isMergeCommit":true,"messageTitle":"Merge pull request #80 from Beebeeoii/command-autocomplete","messageBody":"Implement command autosuggestion of prefixes","fileTypesAndContributionMap":{}}]},{"date":"2023-03-22","commitResults":[{"hash":"d0266cb6fbf095e1fd273a6d6aecfedeabd27914","isMergeCommit":true,"messageTitle":"Merge pull request #85 from Beebeeoii/dg","messageBody":"Update the developer guide","fileTypesAndContributionMap":{}},{"hash":"938a1c285a692599377b8d24a121451e7f0a3c64","isMergeCommit":false,"messageTitle":"Update architecture details","messageBody":"","fileTypesAndContributionMap":{"docs":{"insertions":4,"deletions":5}}},{"hash":"f727d6efa4bcf35630689659f3db55e9cf0fc2a7","isMergeCommit":false,"messageTitle":"Update UI details","messageBody":"","fileTypesAndContributionMap":{"docs":{"insertions":8,"deletions":1}}},{"hash":"c09922a59563c44142199ac3c0b5f16a6fa8fb1a","isMergeCommit":false,"messageTitle":"Update model details","messageBody":"","fileTypesAndContributionMap":{"docs":{"insertions":61,"deletions":25}}},{"hash":"8dc727a35b467af09fd77207c75aa8ae53493d9b","isMergeCommit":false,"messageTitle":"Update storage and common classes details","messageBody":"","fileTypesAndContributionMap":{"docs":{"insertions":2,"deletions":2}}},{"hash":"1d81d7dcf4a3184778549801d608dcae27750579","isMergeCommit":false,"messageTitle":"Fix style","messageBody":"","fileTypesAndContributionMap":{"docs":{"insertions":1,"deletions":1}}},{"hash":"06f1fc01855bf33b63ea91205dd5737e5d1acead","isMergeCommit":false,"messageTitle":"Fix style","messageBody":"","fileTypesAndContributionMap":{"docs":{"insertions":2,"deletions":2}}},{"hash":"aa7b830bf81d0a2037021c205d2be740915c1d18","isMergeCommit":false,"messageTitle":"Create skeleton for Implementation","messageBody":"","fileTypesAndContributionMap":{"docs":{"insertions":3,"deletions":82}}},{"hash":"d3d7f8b447d2c3843ee3f4cd9a61915d26e50933","isMergeCommit":false,"messageTitle":"Minor updates to Appendix","messageBody":"","fileTypesAndContributionMap":{"docs":{"insertions":3,"deletions":6}}},{"hash":"78f3d088450bc8cc561e9c6429b7b9430fc89465","isMergeCommit":true,"messageTitle":"Merge pull request #88 from Beebeeoii/dg","messageBody":"Update DG","fileTypesAndContributionMap":{}}]}],"KS2499":[{"date":"2023-03-02","commitResults":[{"hash":"a14ef4e21c5ea892963aeccc20914afc1c3daac4","isMergeCommit":false,"messageTitle":"Add skeletal-PPP for @KS2499","messageBody":"","fileTypesAndContributionMap":{"docs":{"insertions":28,"deletions":0}}},{"hash":"587a3acdd724605f4cf0c223e589f179ecb1ca5b","isMergeCommit":true,"messageTitle":"Merge pull request #22 from KS2499/branch-add-skeletal-ppp","messageBody":"Add skeletal-PPP for @KS2499","fileTypesAndContributionMap":{}},{"hash":"63951ae66327a00e8ac3bb2a39a5786c2e19d1e5","isMergeCommit":false,"messageTitle":"Update AboutUs.md","messageBody":"","fileTypesAndContributionMap":{"docs":{"insertions":6,"deletions":6}}},{"hash":"7f3119c112bda46f5b0cb1b8f69dfa0844738882","isMergeCommit":true,"messageTitle":"Merge pull request #23 from KS2499/branch-aboutus","messageBody":"Update AboutUs.md","fileTypesAndContributionMap":{}},{"hash":"993b5dc206bec43f8bec5f35f2613f1640f4695f","isMergeCommit":false,"messageTitle":"Add schedule meetings to UserGuide.md and minor syntax fixes","messageBody":"Fix hyperlink to View Meeting in Table of Contents.\nView Meetings not redirecting to section. Updated hyperlink to correct syntax.\n\nClean up table syntax under Command summary, markup is more readable now.\n","fileTypesAndContributionMap":{"docs":{"insertions":19,"deletions":13}}},{"hash":"5d2f5fb8884d95eb87c8ea21dbad4c6801317123","isMergeCommit":true,"messageTitle":"Merge pull request #24 from KS2499/branch-update-ug","messageBody":"Add schedule meetings to UserGuide.md and minor syntax fixes","fileTypesAndContributionMap":{}},{"hash":"566ba85faafc3291c3380aa0a0c39ac4a7c07c97","isMergeCommit":false,"messageTitle":"Update README.md","messageBody":"UI mockup to be updated\n","fileTypesAndContributionMap":{"docs":{"insertions":14,"deletions":12}}},{"hash":"4ad0bbd0869a3d8fba98313315ed5924b097826b","isMergeCommit":true,"messageTitle":"Merge pull request #25 from KS2499/branch-readme","messageBody":"Update README.md","fileTypesAndContributionMap":{}}]},{"date":"2023-03-13","commitResults":[{"hash":"b381acc1d7b0c05434892b7374a24670682f134c","isMergeCommit":false,"messageTitle":"Add parse function for new models and appropriate tests","messageBody":"Add the following:\nparseNames - parse an array of string of Names\nparseTitle - parse a title string\nparseLocation - parse a location string\nparseDateTime - parse a datetime string\nparseDescription - parse a description string\n","fileTypesAndContributionMap":{"functional-code":{"insertions":96,"deletions":11},"test-code":{"insertions":176,"deletions":36}}},{"hash":"787bd96a391011042137859d4dacaade0a3b79ad","isMergeCommit":false,"messageTitle":"Add getPersonByName to UniquePersonList and relevant tests to UniquePersonListTest","messageBody":"","fileTypesAndContributionMap":{"functional-code":{"insertions":22,"deletions":7},"test-code":{"insertions":27,"deletions":13}}},{"hash":"57eabdd5fe4b45ee94f251abb700ee186bde0a53","isMergeCommit":false,"messageTitle":"Add new methods to ModelManager and corresponding tests","messageBody":"This commit adds the following methods to ModelManager:\n- getPersonByName(String name): Retrieves the person with the given name from the model.\n- addMeeting(Meeting meeting): Adds a new meeting to the model.\n- hasMeeting(Meeting meeting): Returns true if the model contains the given meeting.\n\nIn addition, corresponding tests have been added to the ModelManagerTest class to ensure these methods are working as expected.\n","fileTypesAndContributionMap":{"functional-code":{"insertions":24,"deletions":7},"test-code":{"insertions":53,"deletions":12}}},{"hash":"f3339c534eb6bb1e7e53885fa4ec65a92a87ecef","isMergeCommit":false,"messageTitle":"Add new methods to Model interface","messageBody":"This commit adds the following methods to Model:\n- getPersonByName(String name): Retrieves the person with the given name from the model.\n- addMeeting(Meeting meeting): Adds a new meeting to the model.\n- hasMeeting(Meeting meeting): Returns true if the model contains the given meeting.\n","fileTypesAndContributionMap":{"functional-code":{"insertions":22,"deletions":3}}},{"hash":"eb2eb7cba511f3fc52ca697ec469b5c9c11835a1","isMergeCommit":false,"messageTitle":"Add new Prefixes to CliSyntax","messageBody":"This commit adds the following Prefixes to CliSyntax:\n- PREFIX_MEETING_TITLE - m/\n- PREFIX_DATE - d/\n- PREFIX_LOCATION - l/\n- PREFIX_DESCRIPTION - des/\n- PREFIX_PERSON - p/\n","fileTypesAndContributionMap":{"functional-code":{"insertions":5,"deletions":0}}},{"hash":"e57c28f7d86be72c06aac0f04ff70969057436fc","isMergeCommit":false,"messageTitle":"Add AddMeetingCommand and update code formatting","messageBody":"This commit adds a new AddMeetingCommand to the application. This command allows users to add a new meeting to the model. In addition, some code formatting has been updated.\n","fileTypesAndContributionMap":{"functional-code":{"insertions":10,"deletions":6}}},{"hash":"e0253dd258162c8408a9ff9318c0fbaea927304d","isMergeCommit":false,"messageTitle":"Update ModelStubs with new abstract methods","messageBody":"","fileTypesAndContributionMap":{"test-code":{"insertions":31,"deletions":17}}},{"hash":"744659dbf3e62d62eeecd61af6c737db96f649e9","isMergeCommit":false,"messageTitle":"Introduce new utility constants for testing Meeting Commands to CommandTestUtil","messageBody":"Add constants to facilitate testing of Meeting Commands by providing utility values for use in tests.\n","fileTypesAndContributionMap":{"test-code":{"insertions":22,"deletions":16}}},{"hash":"ad86e52d056b541e326d836ce3ac173433069e17","isMergeCommit":false,"messageTitle":"Add AddMeetingCommandParser to parse \u0027addm\u0027 requests and relevant tests","messageBody":"This commit adds a new parser, AddMeetingCommandParser, to parse requests to add new meetings. The parser takes input in a specific format and returns a structured representation of the request that can be used by the application. Additionally, this commit includes tests to ensure that the parser is working correctly.\n","fileTypesAndContributionMap":{"functional-code":{"insertions":46,"deletions":0},"test-code":{"insertions":89,"deletions":0}}},{"hash":"dc3b627ee2fa52ef2f6498db8fd8ff8bb5d30ebb","isMergeCommit":false,"messageTitle":"Add AddMeetingCommand to add meeting and relevant tests","messageBody":"This commit adds a new command, AddMeetingCommand, which allows users to add new meetings to the system. Additionally, this commit includes relevant tests to ensure that the command is working correctly.\n","fileTypesAndContributionMap":{"functional-code":{"insertions":103,"deletions":0},"test-code":{"insertions":185,"deletions":0}}},{"hash":"73013c5e6aea7f23719a2daa37cd0e9430f72562","isMergeCommit":false,"messageTitle":"Fix checkstyle issues","messageBody":"","fileTypesAndContributionMap":{"functional-code":{"insertions":124,"deletions":96},"test-code":{"insertions":168,"deletions":136}}},{"hash":"8ce8513ebd47466928f30ee6f470a506df239405","isMergeCommit":false,"messageTitle":"Update Usage Message and cleanup syntax","messageBody":"","fileTypesAndContributionMap":{"functional-code":{"insertions":11,"deletions":4}}},{"hash":"22e48a2543baf69ddb0d9dccbef274e39ed69536","isMergeCommit":false,"messageTitle":"Change PREFIX_DATE to PREFIX_DATETIME","messageBody":"","fileTypesAndContributionMap":{"functional-code":{"insertions":8,"deletions":8},"test-code":{"insertions":2,"deletions":2}}},{"hash":"005d7c69fa09fff779ca7bc261636960eb409a07","isMergeCommit":true,"messageTitle":"Merge branch \u0027master\u0027 into edit-command","messageBody":"","fileTypesAndContributionMap":{}}]},{"date":"2023-03-14","commitResults":[{"hash":"900b47396e9be86993b222da49b346f0aa25a293","isMergeCommit":false,"messageTitle":"Fix AddMeetingCommand","messageBody":"Fix issue where AddMeetingCommand was not calling model.addMeeting(). New meetings are now added to the UniqueMeetingsList as intended.\n","fileTypesAndContributionMap":{"functional-code":{"insertions":2,"deletions":2}}},{"hash":"4327dba4627b77d77a6cd507c6488be53ab21c47","isMergeCommit":false,"messageTitle":"Update AddMeetingCommandTest","messageBody":"Update tests to test for add meeting command properly after changes in previous commit\n","fileTypesAndContributionMap":{"test-code":{"insertions":46,"deletions":4}}},{"hash":"070c73afd7accb5aa357ea8a4cdcdb60002da6f8","isMergeCommit":true,"messageTitle":"Merge pull request #66 from KS2499/master","messageBody":"Fix AddMeetingCommand","fileTypesAndContributionMap":{}}]},{"date":"2023-03-15","commitResults":[{"hash":"f1e9c106cadf96ba2b70ffe23279532db7e00f4a","isMergeCommit":true,"messageTitle":"Merge pull request #64 from Beebeeoii/populate-meeting-data","messageBody":"Populate sample `Meeting` data on first launch","fileTypesAndContributionMap":{}},{"hash":"4b25564b12552b1174185ef6e1b570a55fafa03e","isMergeCommit":true,"messageTitle":"Merge pull request #68 from chuakid/gui-meetings","messageBody":"Add GUI for viewing of meetings","fileTypesAndContributionMap":{}}]},{"date":"2023-03-20","commitResults":[{"hash":"7635b9f66dc6298a9ce808c480214242ab07aeb3","isMergeCommit":false,"messageTitle":"Apply suggestions from code review","messageBody":"Fix vocabulary","fileTypesAndContributionMap":{"docs":{"insertions":1,"deletions":1}}}]}],"jeremykhoo-NUS":[{"date":"2023-03-01","commitResults":[{"hash":"52f4a8e2d2663ab517d2f23ddf67acdab2c03010","isMergeCommit":false,"messageTitle":"Update DG","messageBody":"","fileTypesAndContributionMap":{"docs":{"insertions":20,"deletions":0}}},{"hash":"c5c187e541d5aa481a75dce1bbeda559b9cf4931","isMergeCommit":true,"messageTitle":"Merge pull request #20 from AY2223S2-CS2103T-T11-2/master","messageBody":"Update DG","fileTypesAndContributionMap":{}},{"hash":"330c7a7fff65b21cb72c3aa59d7edbee29d6b5d6","isMergeCommit":true,"messageTitle":"Merge pull request #1 from AY2223S2-CS2103T-T11-2/master","messageBody":"update","fileTypesAndContributionMap":{}},{"hash":"079da7a7f2c936be495d4497150448fe957e04de","isMergeCommit":false,"messageTitle":"update UG add edit, delete, view meeting header","messageBody":"","fileTypesAndContributionMap":{"docs":{"insertions":7,"deletions":1}}},{"hash":"530a65321fd438e1d15c64d46ce437dcf30a6959","isMergeCommit":true,"messageTitle":"Merge pull request #21 from AY2223S2-CS2103T-T11-2/master","messageBody":"Update UG","fileTypesAndContributionMap":{}}]},{"date":"2023-03-02","commitResults":[{"hash":"8834794a6b161705d65324c767e1dabd9dd5510a","isMergeCommit":false,"messageTitle":"update UG and DG","messageBody":"","fileTypesAndContributionMap":{"docs":{"insertions":1,"deletions":3}}},{"hash":"a4d9945b33fe6433f56cd64b5776de0461b1e208","isMergeCommit":true,"messageTitle":"Merge pull request #32 from jeremykhoo-NUS/master","messageBody":"update UG and DG","fileTypesAndContributionMap":{}},{"hash":"868f7eccc96639217aa5b07cf8b9ff4afe1667b9","isMergeCommit":false,"messageTitle":"add ppp and photo","messageBody":"","fileTypesAndContributionMap":{"docs":{"insertions":30,"deletions":3}}},{"hash":"c14147c171b43b80f92904d13873458f78cb4de1","isMergeCommit":true,"messageTitle":"Merge pull request #33 from jeremykhoo-NUS/master","messageBody":"add ppp and photo","fileTypesAndContributionMap":{}}]},{"date":"2023-03-05","commitResults":[{"hash":"ac456c7f66a85434aaf6f422183db98c47623616","isMergeCommit":true,"messageTitle":"Merge pull request #2 from AY2223S2-CS2103T-T11-2/master","messageBody":"Update my local 1","fileTypesAndContributionMap":{}},{"hash":"72333c75b0f09e79890de705e915d1b5f189b2a9","isMergeCommit":false,"messageTitle":"Update Developer Guide","messageBody":"1. Existing sections were repeated in the beginning of the document\n2. User stories was a screenshot; not unified look\n3. Glossary was lacking in content\n\nLet\u0027s\n1. Combine the duplicate sections\n2. Remake the storeis as github markdown\n3. Add more glossary terms\n","fileTypesAndContributionMap":{"docs":{"insertions":224,"deletions":53}}},{"hash":"6c8edfb2f4cddfe78446643e5035dd125046f65d","isMergeCommit":true,"messageTitle":"Merge pull request #39 from jeremykhoo-NUS/branch-developer-guide","messageBody":"Update Developer Guide","fileTypesAndContributionMap":{}},{"hash":"2875558c4b49405f9abd7f7743645ff899a35d5f","isMergeCommit":false,"messageTitle":"fix escape character","messageBody":"","fileTypesAndContributionMap":{"docs":{"insertions":3,"deletions":3}}},{"hash":"5acfc8db977796629cb159fff2042c850bf118f4","isMergeCommit":false,"messageTitle":"Fix escape character","messageBody":"","fileTypesAndContributionMap":{"docs":{"insertions":3,"deletions":3}}},{"hash":"69650ed9553926e3b8527352eccebbad28cf9e41","isMergeCommit":true,"messageTitle":"Merge pull request #41 from jeremykhoo-NUS/branch-developer-guide","messageBody":"Developer Guide","fileTypesAndContributionMap":{}},{"hash":"eba448e04bd2b1c0b7c0e79032d466f7ab40c816","isMergeCommit":false,"messageTitle":"remove redundent line","messageBody":"","fileTypesAndContributionMap":{"docs":{"insertions":0,"deletions":3}}},{"hash":"4042a61c5070930c83d67ea920cb91adc11b1f4b","isMergeCommit":true,"messageTitle":"Merge pull request #42 from jeremykhoo-NUS/branch-developer-guide","messageBody":"remove redundent line","fileTypesAndContributionMap":{}}]},{"date":"2023-03-12","commitResults":[{"hash":"462a5685a4b899a3a448185bd30c55a608c0f097","isMergeCommit":true,"messageTitle":"Merge pull request #3 from AY2223S2-CS2103T-T11-2/master","messageBody":"1.2 update","fileTypesAndContributionMap":{}},{"hash":"c257826bb45d3df8a4b9385878afe30b7ca4190b","isMergeCommit":false,"messageTitle":"Add EditMeetingCommand","messageBody":"need to implement edit command\n\nlet\u0027s add a EditMeetingCommand class to handle the edit command\nso we can abide by SRP and OCP\n\nyet to finialise EditMeetingParser\n","fileTypesAndContributionMap":{"functional-code":{"insertions":345,"deletions":0}}},{"hash":"d239b70522c63fe5f4019890a3827adbcfda2357","isMergeCommit":false,"messageTitle":"Add EditMeetingCommand","messageBody":"needed to add command to edit the fields of meeting\n\nlet\u0027s update the CliSyntax, EditMeetingParser, ParserUtil classes to do implment an edit meeting command\n\nleft out functionality of adding the attendees, attendees should have a class of their own but are now as a hashset.\n","fileTypesAndContributionMap":{"functional-code":{"insertions":94,"deletions":16}}},{"hash":"35b929a621029b310c8785a8fb2f6b214d15ae31","isMergeCommit":false,"messageTitle":"Stopped Identity fraud","messageBody":"","fileTypesAndContributionMap":{"docs":{"insertions":10,"deletions":7}}},{"hash":"a4e46c153c6fa57a43843d34b9fc4441711490e0","isMergeCommit":false,"messageTitle":"fix for stylecheck","messageBody":"","fileTypesAndContributionMap":{"functional-code":{"insertions":19,"deletions":21},"test-code":{"insertions":13,"deletions":0}}}]},{"date":"2023-03-13","commitResults":[{"hash":"3c8f5cc44213e16b329b188224564264e4a0c7d4","isMergeCommit":false,"messageTitle":"Add editm to AddressBookParser","messageBody":"This commit adds a new command to the AddressBookParser. The new command is called editm  and it allows users edit features. This feature was requested by Jiawei\n\nChanges made include:\n\n    Added editm command to the main parser.\n    Defined the arguments and options for the editm command.\n    Implemented the functionality of the editm command.\n","fileTypesAndContributionMap":{"functional-code":{"insertions":8,"deletions":20},"test-code":{"insertions":173,"deletions":0}}},{"hash":"c56d4526cd3e97df7a59aed08b9a1f681c0f9438","isMergeCommit":false,"messageTitle":"fix the stylecheck","messageBody":"","fileTypesAndContributionMap":{"functional-code":{"insertions":0,"deletions":6}}},{"hash":"8245570d638cf24b52507b2f5230091d4befbb65","isMergeCommit":false,"messageTitle":"fix","messageBody":"","fileTypesAndContributionMap":{"functional-code":{"insertions":0,"deletions":2}}},{"hash":"9885c2019d41505fc555ca1d45f633961f479d74","isMergeCommit":false,"messageTitle":"fix stylecheck and merge conflict dependent code","messageBody":"","fileTypesAndContributionMap":{"functional-code":{"insertions":14,"deletions":81}}},{"hash":"2af48f4b43dff2f350897dd9b6844b406bdd437b","isMergeCommit":false,"messageTitle":"fix more compile bug","messageBody":"","fileTypesAndContributionMap":{"functional-code":{"insertions":6,"deletions":6},"test-code":{"insertions":11,"deletions":177}}},{"hash":"4e4bd45b9c604636bf0ba4fef1fa06fdd5488f89","isMergeCommit":true,"messageTitle":"Merge pull request #54 from jeremykhoo-NUS/edit-command","messageBody":"Add Edit command","fileTypesAndContributionMap":{}}]},{"date":"2023-03-15","commitResults":[{"hash":"caba41265e024a10a97139902646f8cf555f17d4","isMergeCommit":true,"messageTitle":"Merge pull request #4 from AY2223S2-CS2103T-T11-2/master","messageBody":"update own","fileTypesAndContributionMap":{}},{"hash":"c44c6c750e889afde7cdf3d87201445237a4db60","isMergeCommit":false,"messageTitle":"allowed editing of persons","messageBody":"","fileTypesAndContributionMap":{"functional-code":{"insertions":31,"deletions":11}}},{"hash":"9a5a28a8b5bba904cacbab339ebfae6b17ce8c90","isMergeCommit":false,"messageTitle":"fix stylecheck","messageBody":"","fileTypesAndContributionMap":{"functional-code":{"insertions":5,"deletions":5}}},{"hash":"adb4a9b7d7555553acc82b4010eff789f0442f55","isMergeCommit":true,"messageTitle":"Merge pull request #69 from jeremykhoo-NUS/branch-edit-person","messageBody":"editm can now edit person","fileTypesAndContributionMap":{}}]},{"date":"2023-03-20","commitResults":[{"hash":"4e9da4e98419121e91dce9a43698f7eedd9fc167","isMergeCommit":true,"messageTitle":"Merge pull request #70 from Beebeeoii/dateTime-formats","messageBody":"Varying input formats for `DateTime`","fileTypesAndContributionMap":{}}]}],"chuakid":[{"date":"2023-02-27","commitResults":[{"hash":"2988296c6d3e3416e3308f9d16f94340bfae848f","isMergeCommit":true,"messageTitle":"Merge pull request #13 from Beebeeoii/jiawei/ug","messageBody":"Update `UserGuide.md` with QuickContacts information","fileTypesAndContributionMap":{}},{"hash":"c619e381027c5f5120e779c8bac59288d36cc8fb","isMergeCommit":false,"messageTitle":"Update AboutUs.md with @chuakid info","messageBody":"","fileTypesAndContributionMap":{"docs":{"insertions":6,"deletions":8}}},{"hash":"b19d098fd95c3330746115e37ba09dd7719aa4e3","isMergeCommit":true,"messageTitle":"Merge pull request #12 from Beebeeoii/jiawei/about-us","messageBody":"Update `AboutUs.md`","fileTypesAndContributionMap":{}},{"hash":"39194a843305af54155ff2401b9abf46df325839","isMergeCommit":true,"messageTitle":"Merge pull request #14 from chuakid/about-us","messageBody":"Update AboutUs.md with @chuakid info","fileTypesAndContributionMap":{}},{"hash":"dd352c8fd74dab4f847f21509e4629dc32c2802f","isMergeCommit":false,"messageTitle":"Add skeletal ppp for @chuakid","messageBody":"","fileTypesAndContributionMap":{"docs":{"insertions":27,"deletions":0}}},{"hash":"65213e1e964989c883fbaccc5d5275e959b39821","isMergeCommit":false,"messageTitle":"Add newline at end of chuakid.md","messageBody":"","fileTypesAndContributionMap":{"docs":{"insertions":1,"deletions":1}}},{"hash":"635ef43ae7cf348b9df7e027152ccbba7eb3712d","isMergeCommit":true,"messageTitle":"Merge pull request #15 from chuakid/skeletal-ppp","messageBody":"Add skeletal ppp for @chuakid","fileTypesAndContributionMap":{}},{"hash":"1c1d3cb6bac9145042ab07a41886e27f02561716","isMergeCommit":false,"messageTitle":"Add view meetings to user guide","messageBody":"","fileTypesAndContributionMap":{"docs":{"insertions":5,"deletions":0}}},{"hash":"99c6cdb248cf13b758f1135e527618dbbaf5449c","isMergeCommit":true,"messageTitle":"Merge pull request #16 from chuakid/ug","messageBody":"Add view meetings to user guide","fileTypesAndContributionMap":{}}]},{"date":"2023-03-11","commitResults":[{"hash":"5f5537b536da743a859eee034a495e1a040c726b","isMergeCommit":true,"messageTitle":"Merge pull request #45 from Beebeeoii/jiawei/meetings","messageBody":"Implement `Meeting` scaffold","fileTypesAndContributionMap":{}},{"hash":"39444188a9cf376ece90457b47ddb16328af0b8e","isMergeCommit":false,"messageTitle":"Add view meetings command","messageBody":"","fileTypesAndContributionMap":{"functional-code":{"insertions":20,"deletions":9}}},{"hash":"aeabe5968afb3facf2ae6c12a4837ea0b2c71a0c","isMergeCommit":false,"messageTitle":"Implement view meetings command","messageBody":"","fileTypesAndContributionMap":{"functional-code":{"insertions":36,"deletions":1}}},{"hash":"6927e14c9c546446e6a85e163acdb34f3116df4b","isMergeCommit":false,"messageTitle":"Add test for view meetings","messageBody":"","fileTypesAndContributionMap":{"test-code":{"insertions":50,"deletions":0}}},{"hash":"e7d88f5ef4fb190c3bb0d9bbb15ecc3eaa3f674c","isMergeCommit":false,"messageTitle":"Fix format","messageBody":"","fileTypesAndContributionMap":{"functional-code":{"insertions":11,"deletions":2}}},{"hash":"947edab5d4c51d778dd183f2c9c577a79a962b94","isMergeCommit":false,"messageTitle":"Fix format","messageBody":"","fileTypesAndContributionMap":{"test-code":{"insertions":16,"deletions":20}}},{"hash":"d396fbf7a60fc9ea3eff502823aad86cb05222d7","isMergeCommit":false,"messageTitle":"Fix format","messageBody":"","fileTypesAndContributionMap":{"test-code":{"insertions":22,"deletions":8}}},{"hash":"36e7ee24941643c77891efde1539a3b1dad6a08e","isMergeCommit":false,"messageTitle":"Fix format in accordance to @beebeeoii\u0027s suggestions","messageBody":"","fileTypesAndContributionMap":{"functional-code":{"insertions":1,"deletions":2}}},{"hash":"6bcdf5b0ed4fa2efcfdbdf993996d9919d2cf9c7","isMergeCommit":false,"messageTitle":"Add test for parsing","messageBody":"","fileTypesAndContributionMap":{"test-code":{"insertions":7,"deletions":0}}}]},{"date":"2023-03-12","commitResults":[{"hash":"f5cca63b6ff96fb1103dc22dabaa300127dcca8e","isMergeCommit":false,"messageTitle":"Update user guide","messageBody":"","fileTypesAndContributionMap":{"docs":{"insertions":24,"deletions":21}}}]},{"date":"2023-03-14","commitResults":[{"hash":"d4e723ae80ec31900565d4529c012583198a8940","isMergeCommit":false,"messageTitle":"Add GUI for viewing of meetings","messageBody":"","fileTypesAndContributionMap":{"functional-code":{"insertions":224,"deletions":43}}},{"hash":"a21128a4b92607318bb58fd7ac9080b75992a331","isMergeCommit":false,"messageTitle":"Update src/main/java/seedu/address/ui/MeetingCard.java","messageBody":"Co-authored-by: Jia Wei Lee \u003cb33b33o11@gmail.com\u003e","fileTypesAndContributionMap":{"functional-code":{"insertions":2,"deletions":2}}},{"hash":"8c092c9ccbcbfd2fe693d5205cc8dd289d2ece29","isMergeCommit":false,"messageTitle":"Update format","messageBody":"","fileTypesAndContributionMap":{"functional-code":{"insertions":1,"deletions":1}}}]},{"date":"2023-03-15","commitResults":[{"hash":"8e36687368d458551dbf6c37c229060a0d9b4cbb","isMergeCommit":false,"messageTitle":"Set min width and height for the stage","messageBody":"","fileTypesAndContributionMap":{"functional-code":{"insertions":2,"deletions":0}}},{"hash":"c6e68f8d2283a567dabea36bd2863e0e01291426","isMergeCommit":true,"messageTitle":"Merge pull request #67 from Beebeeoii/previous-command","messageBody":"Implement shortcut to traverse commands","fileTypesAndContributionMap":{}}]},{"date":"2023-03-21","commitResults":[{"hash":"58e6e453ae3009dc4c822e6ff84df68497a056bd","isMergeCommit":false,"messageTitle":"Add export command","messageBody":"","fileTypesAndContributionMap":{"functional-code":{"insertions":113,"deletions":3},"test-code":{"insertions":77,"deletions":7}}},{"hash":"817983fa5be08dd4333c2b4b41743d139a999f53","isMergeCommit":false,"messageTitle":"Change export command to use JsonAdaptedPerson instead","messageBody":"","fileTypesAndContributionMap":{"functional-code":{"insertions":9,"deletions":2}}}]},{"date":"2023-03-22","commitResults":[{"hash":"9517124cba1c57064852c246de8db2f61dc31179","isMergeCommit":false,"messageTitle":"Add import command and corresponding tests","messageBody":"","fileTypesAndContributionMap":{"functional-code":{"insertions":73,"deletions":0},"test-code":{"insertions":73,"deletions":3}}},{"hash":"aec054cdeb3a45490d58f9a8f64c3d9cb7b11334","isMergeCommit":false,"messageTitle":"Update userguide","messageBody":"","fileTypesAndContributionMap":{"docs":{"insertions":38,"deletions":5}}},{"hash":"9c381524f67f066dc8d313005b250d4d549d7d64","isMergeCommit":false,"messageTitle":"Fix userguide anchors","messageBody":"","fileTypesAndContributionMap":{"docs":{"insertions":2,"deletions":2}}},{"hash":"2563fc501ac0774c5e3af2c62e1ae0cef5afa9cf","isMergeCommit":false,"messageTitle":"Update DG","messageBody":"","fileTypesAndContributionMap":{"docs":{"insertions":31,"deletions":0}}},{"hash":"d0bea9ee79f0366417880a75c3a5ff15ff418ce9","isMergeCommit":false,"messageTitle":"Update DG","messageBody":"","fileTypesAndContributionMap":{"docs":{"insertions":5,"deletions":1}}},{"hash":"c37e3a87a97fdbaa5752e934704ffb06201351c2","isMergeCommit":false,"messageTitle":"Update src/main/java/seedu/address/logic/parser/ImportPersonsParser.java","messageBody":"Co-authored-by: Jia Wei Lee \u003cb33b33o11@gmail.com\u003e","fileTypesAndContributionMap":{"functional-code":{"insertions":1,"deletions":1}}},{"hash":"9f982b9773214ca774861b454b381467eb263eeb","isMergeCommit":false,"messageTitle":"Fix auto completion for export persons","messageBody":"","fileTypesAndContributionMap":{"functional-code":{"insertions":2,"deletions":0}}},{"hash":"91a2cb1e045245772e9dc039be279f9f84a4a268","isMergeCommit":false,"messageTitle":"Fix duplicate person detection","messageBody":"","fileTypesAndContributionMap":{"functional-code":{"insertions":6,"deletions":0}}},{"hash":"b3e71c7165990b5cf4255f61b82809be85dcbe06","isMergeCommit":false,"messageTitle":"Add force import","messageBody":"","fileTypesAndContributionMap":{"functional-code":{"insertions":35,"deletions":12},"docs":{"insertions":2,"deletions":2},"test-code":{"insertions":27,"deletions":5}}},{"hash":"80fafd57d6c0cd3d5d86f27450a6dfbbc7ac2cf6","isMergeCommit":false,"messageTitle":"Update DG","messageBody":"","fileTypesAndContributionMap":{"docs":{"insertions":11,"deletions":2}}},{"hash":"a97eb8b17aebc61e8d8eb54dd62ccaf2dbf85db3","isMergeCommit":true,"messageTitle":"merge with master","messageBody":"","fileTypesAndContributionMap":{}},{"hash":"4c25f9b2f85d6d3498e22dcdc60f00c0a95576e7","isMergeCommit":true,"messageTitle":"Merge pull request #87 from chuakid/export-contacts","messageBody":"Add importing and exporting of contacts","fileTypesAndContributionMap":{}}]}]},"authorFileTypeContributionMap":{"thedesalizes":{"docs":31,"functional-code":96,"test-code":9},"Beebeeoii":{"docs":247,"functional-code":1450,"test-code":1375,"other":4},"KS2499":{"docs":53,"functional-code":339,"test-code":573},"jeremykhoo-NUS":{"docs":174,"functional-code":340,"test-code":20},"chuakid":{"docs":118,"functional-code":464,"test-code":234}},"authorContributionVariance":{"thedesalizes":430.48877,"Beebeeoii":61364.414,"KS2499":72819.06,"jeremykhoo-NUS":16439.504,"chuakid":7154.029},"authorDisplayNameMap":{"thedesalizes":"CS2103T-T11-2 ETHA..A EN","Beebeeoii":"CS2103T-T11-2 LEE .. WEI","KS2499":"CS2103T-T11-2 KANN..RAAN","jeremykhoo-NUS":"CS2103T-T11-2 JERE..MING","chuakid":"CS2103T-T11-2 KELV..CHUA"}}
