{"authorDailyContributionsMap":{"thedesalizes":[{"date":"2023-03-03","commitResults":[{"hash":"4a841d1b4253f88ab19fd9684dcf026968f95575","isMergeCommit":false,"messageTitle":"Add skeletal PPP for @thedesalizes","messageBody":"","fileTypesAndContributionMap":{"docs":{"insertions":26,"deletions":0}}}]},{"date":"2023-03-05","commitResults":[{"hash":"9b2eaff2f2d81d51908050a757bff3636259a34e","isMergeCommit":false,"messageTitle":"Update AboutUs and add picture for @thedealizes","messageBody":"","fileTypesAndContributionMap":{"docs":{"insertions":10,"deletions":0}}}]},{"date":"2023-03-07","commitResults":[{"hash":"87ce4de02990ee4d366dd64af80ad98952839b69","isMergeCommit":false,"messageTitle":"Add newline correction to AboutUs.md","messageBody":"","fileTypesAndContributionMap":{"docs":{"insertions":1,"deletions":1}}},{"hash":"f8e435abf2cd62e5d7fc40e5c7d3499aae9173fd","isMergeCommit":false,"messageTitle":"Amend AboutUs and picture filename","messageBody":"","fileTypesAndContributionMap":{"docs":{"insertions":1,"deletions":20}}}]}],"Beebeeoii":[{"date":"2023-02-26","commitResults":[{"hash":"a66cebe89e2e0182263451b9fcb4646731b61d84","isMergeCommit":false,"messageTitle":"Update `AboutUs.md`","messageBody":"","fileTypesAndContributionMap":{"docs":{"insertions":6,"deletions":6}}},{"hash":"9eec462530dc6b0f3e84d2b5f735ecd9ded1233c","isMergeCommit":false,"messageTitle":"Update `UserGuide.md` with QuickContacts information","messageBody":"","fileTypesAndContributionMap":{"docs":{"insertions":32,"deletions":14}}},{"hash":"234478206db00d2b30ba6805bf3c4cfeb91b8e58","isMergeCommit":false,"messageTitle":"Fix casing for table of contents","messageBody":"","fileTypesAndContributionMap":{"docs":{"insertions":1,"deletions":1}}}]},{"date":"2023-02-28","commitResults":[{"hash":"f08477d0a4dbeac3eb2ad617c559b42886d11613","isMergeCommit":false,"messageTitle":"Update @beebeeoii PPP","messageBody":"","fileTypesAndContributionMap":{"docs":{"insertions":26,"deletions":0}}},{"hash":"a353c6debaa7b83a44e2d9a06f761c4ae7486b24","isMergeCommit":true,"messageTitle":"Merge pull request #17 from Beebeeoii/jiawei/ppp","messageBody":"Update @Beebeeoii PPP","fileTypesAndContributionMap":{}}]},{"date":"2023-03-05","commitResults":[{"hash":"93c2379473e376e5b9c1b93517d2fb9d6606f2f6","isMergeCommit":true,"messageTitle":"Merge pull request #36 from thedesalizes/master","messageBody":"Add skeletal PPP for @thedesalizes","fileTypesAndContributionMap":{}},{"hash":"3aaae554fba62e485bce2c7a7646e112eff18c09","isMergeCommit":false,"messageTitle":"update DG of AB3 information","messageBody":"","fileTypesAndContributionMap":{"docs":{"insertions":7,"deletions":7}}},{"hash":"7e3919c6442ebc552cc3a8294a261bbc21cec5ee","isMergeCommit":true,"messageTitle":"Merge pull request #37 from Beebeeoii/jiawei/update-dg","messageBody":"remove AB3 information from DG","fileTypesAndContributionMap":{}},{"hash":"2c7dcf1d4e186261c0c5b4118c7236465f2be548","isMergeCommit":true,"messageTitle":"Merge pull request #38 from Beebeeoii/jiawei/update-config","messageBody":"update `_config.yml`","fileTypesAndContributionMap":{}}]},{"date":"2023-03-07","commitResults":[{"hash":"2cac385f90a9b7918772dc3eecc74d03b1a061ea","isMergeCommit":true,"messageTitle":"Merge pull request #44 from thedesalizes/master","messageBody":"Update AboutUs and add picture for @thedealizes","fileTypesAndContributionMap":{}}]}],"KS2499":[{"date":"2023-03-02","commitResults":[{"hash":"a14ef4e21c5ea892963aeccc20914afc1c3daac4","isMergeCommit":false,"messageTitle":"Add skeletal-PPP for @KS2499","messageBody":"","fileTypesAndContributionMap":{"docs":{"insertions":28,"deletions":0}}},{"hash":"587a3acdd724605f4cf0c223e589f179ecb1ca5b","isMergeCommit":true,"messageTitle":"Merge pull request #22 from KS2499/branch-add-skeletal-ppp","messageBody":"Add skeletal-PPP for @KS2499","fileTypesAndContributionMap":{}},{"hash":"63951ae66327a00e8ac3bb2a39a5786c2e19d1e5","isMergeCommit":false,"messageTitle":"Update AboutUs.md","messageBody":"","fileTypesAndContributionMap":{"docs":{"insertions":6,"deletions":6}}},{"hash":"7f3119c112bda46f5b0cb1b8f69dfa0844738882","isMergeCommit":true,"messageTitle":"Merge pull request #23 from KS2499/branch-aboutus","messageBody":"Update AboutUs.md","fileTypesAndContributionMap":{}},{"hash":"993b5dc206bec43f8bec5f35f2613f1640f4695f","isMergeCommit":false,"messageTitle":"Add schedule meetings to UserGuide.md and minor syntax fixes","messageBody":"Fix hyperlink to View Meeting in Table of Contents.\nView Meetings not redirecting to section. Updated hyperlink to correct syntax.\n\nClean up table syntax under Command summary, markup is more readable now.\n","fileTypesAndContributionMap":{"docs":{"insertions":19,"deletions":13}}},{"hash":"5d2f5fb8884d95eb87c8ea21dbad4c6801317123","isMergeCommit":true,"messageTitle":"Merge pull request #24 from KS2499/branch-update-ug","messageBody":"Add schedule meetings to UserGuide.md and minor syntax fixes","fileTypesAndContributionMap":{}},{"hash":"566ba85faafc3291c3380aa0a0c39ac4a7c07c97","isMergeCommit":false,"messageTitle":"Update README.md","messageBody":"UI mockup to be updated\n","fileTypesAndContributionMap":{"docs":{"insertions":14,"deletions":12}}},{"hash":"4ad0bbd0869a3d8fba98313315ed5924b097826b","isMergeCommit":true,"messageTitle":"Merge pull request #25 from KS2499/branch-readme","messageBody":"Update README.md","fileTypesAndContributionMap":{}}]}],"jeremykhoo-NUS":[{"date":"2023-03-01","commitResults":[{"hash":"52f4a8e2d2663ab517d2f23ddf67acdab2c03010","isMergeCommit":false,"messageTitle":"Update DG","messageBody":"","fileTypesAndContributionMap":{"docs":{"insertions":20,"deletions":0}}},{"hash":"c5c187e541d5aa481a75dce1bbeda559b9cf4931","isMergeCommit":true,"messageTitle":"Merge pull request #20 from AY2223S2-CS2103T-T11-2/master","messageBody":"Update DG","fileTypesAndContributionMap":{}},{"hash":"330c7a7fff65b21cb72c3aa59d7edbee29d6b5d6","isMergeCommit":true,"messageTitle":"Merge pull request #1 from AY2223S2-CS2103T-T11-2/master","messageBody":"update","fileTypesAndContributionMap":{}},{"hash":"079da7a7f2c936be495d4497150448fe957e04de","isMergeCommit":false,"messageTitle":"update UG add edit, delete, view meeting header","messageBody":"","fileTypesAndContributionMap":{"docs":{"insertions":7,"deletions":1}}},{"hash":"530a65321fd438e1d15c64d46ce437dcf30a6959","isMergeCommit":true,"messageTitle":"Merge pull request #21 from AY2223S2-CS2103T-T11-2/master","messageBody":"Update UG","fileTypesAndContributionMap":{}}]},{"date":"2023-03-02","commitResults":[{"hash":"8834794a6b161705d65324c767e1dabd9dd5510a","isMergeCommit":false,"messageTitle":"update UG and DG","messageBody":"","fileTypesAndContributionMap":{"docs":{"insertions":1,"deletions":3}}},{"hash":"a4d9945b33fe6433f56cd64b5776de0461b1e208","isMergeCommit":true,"messageTitle":"Merge pull request #32 from jeremykhoo-NUS/master","messageBody":"update UG and DG","fileTypesAndContributionMap":{}},{"hash":"868f7eccc96639217aa5b07cf8b9ff4afe1667b9","isMergeCommit":false,"messageTitle":"add ppp and photo","messageBody":"","fileTypesAndContributionMap":{"docs":{"insertions":30,"deletions":3}}},{"hash":"c14147c171b43b80f92904d13873458f78cb4de1","isMergeCommit":true,"messageTitle":"Merge pull request #33 from jeremykhoo-NUS/master","messageBody":"add ppp and photo","fileTypesAndContributionMap":{}}]},{"date":"2023-03-05","commitResults":[{"hash":"ac456c7f66a85434aaf6f422183db98c47623616","isMergeCommit":true,"messageTitle":"Merge pull request #2 from AY2223S2-CS2103T-T11-2/master","messageBody":"Update my local 1","fileTypesAndContributionMap":{}},{"hash":"72333c75b0f09e79890de705e915d1b5f189b2a9","isMergeCommit":false,"messageTitle":"Update Developer Guide","messageBody":"1. Existing sections were repeated in the beginning of the document\n2. User stories was a screenshot; not unified look\n3. Glossary was lacking in content\n\nLet\u0027s\n1. Combine the duplicate sections\n2. Remake the storeis as github markdown\n3. Add more glossary terms\n","fileTypesAndContributionMap":{"docs":{"insertions":224,"deletions":53}}},{"hash":"6c8edfb2f4cddfe78446643e5035dd125046f65d","isMergeCommit":true,"messageTitle":"Merge pull request #39 from jeremykhoo-NUS/branch-developer-guide","messageBody":"Update Developer Guide","fileTypesAndContributionMap":{}},{"hash":"2875558c4b49405f9abd7f7743645ff899a35d5f","isMergeCommit":false,"messageTitle":"fix escape character","messageBody":"","fileTypesAndContributionMap":{"docs":{"insertions":3,"deletions":3}}},{"hash":"5acfc8db977796629cb159fff2042c850bf118f4","isMergeCommit":false,"messageTitle":"Fix escape character","messageBody":"","fileTypesAndContributionMap":{"docs":{"insertions":3,"deletions":3}}},{"hash":"69650ed9553926e3b8527352eccebbad28cf9e41","isMergeCommit":true,"messageTitle":"Merge pull request #41 from jeremykhoo-NUS/branch-developer-guide","messageBody":"Developer Guide","fileTypesAndContributionMap":{}},{"hash":"eba448e04bd2b1c0b7c0e79032d466f7ab40c816","isMergeCommit":false,"messageTitle":"remove redundent line","messageBody":"","fileTypesAndContributionMap":{"docs":{"insertions":0,"deletions":3}}},{"hash":"4042a61c5070930c83d67ea920cb91adc11b1f4b","isMergeCommit":true,"messageTitle":"Merge pull request #42 from jeremykhoo-NUS/branch-developer-guide","messageBody":"remove redundent line","fileTypesAndContributionMap":{}}]}],"chuakid":[{"date":"2023-02-27","commitResults":[{"hash":"2988296c6d3e3416e3308f9d16f94340bfae848f","isMergeCommit":true,"messageTitle":"Merge pull request #13 from Beebeeoii/jiawei/ug","messageBody":"Update `UserGuide.md` with QuickContacts information","fileTypesAndContributionMap":{}},{"hash":"c619e381027c5f5120e779c8bac59288d36cc8fb","isMergeCommit":false,"messageTitle":"Update AboutUs.md with @chuakid info","messageBody":"","fileTypesAndContributionMap":{"docs":{"insertions":6,"deletions":8}}},{"hash":"b19d098fd95c3330746115e37ba09dd7719aa4e3","isMergeCommit":true,"messageTitle":"Merge pull request #12 from Beebeeoii/jiawei/about-us","messageBody":"Update `AboutUs.md`","fileTypesAndContributionMap":{}},{"hash":"39194a843305af54155ff2401b9abf46df325839","isMergeCommit":true,"messageTitle":"Merge pull request #14 from chuakid/about-us","messageBody":"Update AboutUs.md with @chuakid info","fileTypesAndContributionMap":{}},{"hash":"dd352c8fd74dab4f847f21509e4629dc32c2802f","isMergeCommit":false,"messageTitle":"Add skeletal ppp for @chuakid","messageBody":"","fileTypesAndContributionMap":{"docs":{"insertions":27,"deletions":0}}},{"hash":"65213e1e964989c883fbaccc5d5275e959b39821","isMergeCommit":false,"messageTitle":"Add newline at end of chuakid.md","messageBody":"","fileTypesAndContributionMap":{"docs":{"insertions":1,"deletions":1}}},{"hash":"635ef43ae7cf348b9df7e027152ccbba7eb3712d","isMergeCommit":true,"messageTitle":"Merge pull request #15 from chuakid/skeletal-ppp","messageBody":"Add skeletal ppp for @chuakid","fileTypesAndContributionMap":{}},{"hash":"1c1d3cb6bac9145042ab07a41886e27f02561716","isMergeCommit":false,"messageTitle":"Add view meetings to user guide","messageBody":"","fileTypesAndContributionMap":{"docs":{"insertions":5,"deletions":0}}},{"hash":"99c6cdb248cf13b758f1135e527618dbbaf5449c","isMergeCommit":true,"messageTitle":"Merge pull request #16 from chuakid/ug","messageBody":"Add view meetings to user guide","fileTypesAndContributionMap":{}}]}]},"authorFileTypeContributionMap":{"thedesalizes":{"docs":32,"functional-code":0,"test-code":0},"Beebeeoii":{"docs":71,"functional-code":0,"test-code":0},"KS2499":{"docs":66,"functional-code":0,"test-code":0},"jeremykhoo-NUS":{"docs":246,"functional-code":0,"test-code":0},"chuakid":{"docs":34,"functional-code":0,"test-code":0}},"authorContributionVariance":{"thedesalizes":59.041553,"Beebeeoii":207.66763,"KS2499":478.86966,"jeremykhoo-NUS":4247.85,"chuakid":114.88092},"authorDisplayNameMap":{"thedesalizes":"CS2103T-T11-2 ETHA..A EN","Beebeeoii":"CS2103T-T11-2 LEE .. WEI","KS2499":"CS2103T-T11-2 KANN..RAAN","jeremykhoo-NUS":"CS2103T-T11-2 JERE..MING","chuakid":"CS2103T-T11-2 KELV..CHUA"}}
