[{"path":"docs/AboutUs.md","fileType":"docs","lines":[{"lineNumber":1,"author":{"gitId":"-"},"content":"---","lastModifiedDate":"2020-05-23"},{"lineNumber":2,"author":{"gitId":"-"},"content":"layout: page","lastModifiedDate":"2020-05-23"},{"lineNumber":3,"author":{"gitId":"-"},"content":"title: About Us","lastModifiedDate":"2020-05-23"},{"lineNumber":4,"author":{"gitId":"-"},"content":"---","lastModifiedDate":"2020-05-23"},{"lineNumber":5,"author":{"gitId":"-"},"content":"","lastModifiedDate":"2020-05-23"},{"lineNumber":6,"author":{"gitId":"-"},"content":"We are a team based in the [School of Computing, National University of Singapore](http://www.comp.nus.edu.sg).","lastModifiedDate":"2020-05-23"},{"lineNumber":7,"author":{"gitId":"-"},"content":"","lastModifiedDate":"2020-05-23"},{"lineNumber":8,"author":{"gitId":"-"},"content":"You can reach us at the email `seer[at]comp.nus.edu.sg`","lastModifiedDate":"2020-06-17"},{"lineNumber":9,"author":{"gitId":"-"},"content":"","lastModifiedDate":"2020-06-17"},{"lineNumber":10,"author":{"gitId":"-"},"content":"## Project team","lastModifiedDate":"2020-06-07"},{"lineNumber":11,"author":{"gitId":"-"},"content":"","lastModifiedDate":"2020-05-23"},{"lineNumber":12,"author":{"gitId":"-"},"content":"### John Doe","lastModifiedDate":"2020-05-23"},{"lineNumber":13,"author":{"gitId":"-"},"content":"","lastModifiedDate":"2020-05-23"},{"lineNumber":14,"author":{"gitId":"-"},"content":"\u003cimg src\u003d\"images/johndoe.png\" width\u003d\"200px\"\u003e","lastModifiedDate":"2020-06-17"},{"lineNumber":15,"author":{"gitId":"-"},"content":"","lastModifiedDate":"2020-05-23"},{"lineNumber":16,"author":{"gitId":"-"},"content":"[[homepage](http://www.comp.nus.edu.sg/~damithch)]","lastModifiedDate":"2020-05-23"},{"lineNumber":17,"author":{"gitId":"-"},"content":"[[github](https://github.com/johndoe)]","lastModifiedDate":"2020-06-17"},{"lineNumber":18,"author":{"gitId":"-"},"content":"[[portfolio](team/johndoe.md)]","lastModifiedDate":"2020-05-23"},{"lineNumber":19,"author":{"gitId":"-"},"content":"","lastModifiedDate":"2020-05-23"},{"lineNumber":20,"author":{"gitId":"-"},"content":"* Role: Project Advisor","lastModifiedDate":"2020-05-23"},{"lineNumber":21,"author":{"gitId":"-"},"content":"","lastModifiedDate":"2020-05-23"},{"lineNumber":22,"author":{"gitId":"-"},"content":"### Jane Doe","lastModifiedDate":"2020-06-17"},{"lineNumber":23,"author":{"gitId":"-"},"content":"","lastModifiedDate":"2020-05-23"},{"lineNumber":24,"author":{"gitId":"-"},"content":"\u003cimg src\u003d\"images/johndoe.png\" width\u003d\"200px\"\u003e","lastModifiedDate":"2020-06-17"},{"lineNumber":25,"author":{"gitId":"-"},"content":"","lastModifiedDate":"2020-05-23"},{"lineNumber":26,"author":{"gitId":"-"},"content":"[[github](http://github.com/johndoe)]","lastModifiedDate":"2020-06-17"},{"lineNumber":27,"author":{"gitId":"-"},"content":"[[portfolio](team/johndoe.md)]","lastModifiedDate":"2020-05-23"},{"lineNumber":28,"author":{"gitId":"-"},"content":"","lastModifiedDate":"2020-05-23"},{"lineNumber":29,"author":{"gitId":"-"},"content":"* Role: Team Lead","lastModifiedDate":"2020-05-23"},{"lineNumber":30,"author":{"gitId":"-"},"content":"* Responsibilities: UI","lastModifiedDate":"2020-05-23"},{"lineNumber":31,"author":{"gitId":"-"},"content":"","lastModifiedDate":"2020-05-23"},{"lineNumber":32,"author":{"gitId":"swx0"},"content":"### See Wei Xun","lastModifiedDate":"2023-03-01"},{"lineNumber":33,"author":{"gitId":"-"},"content":"","lastModifiedDate":"2020-05-23"},{"lineNumber":34,"author":{"gitId":"swx0"},"content":"\u003cimg src\u003d\"images/swx0.png\" width\u003d\"200px\"\u003e","lastModifiedDate":"2023-03-01"},{"lineNumber":35,"author":{"gitId":"-"},"content":"","lastModifiedDate":"2020-05-23"},{"lineNumber":36,"author":{"gitId":"swx0"},"content":"[[github](http://github.com/swx0)] [[portfolio](team/swx0.md)]","lastModifiedDate":"2023-03-02"},{"lineNumber":37,"author":{"gitId":"-"},"content":"","lastModifiedDate":"2020-05-23"},{"lineNumber":38,"author":{"gitId":"-"},"content":"* Role: Developer","lastModifiedDate":"2020-05-23"},{"lineNumber":39,"author":{"gitId":"-"},"content":"* Responsibilities: Data","lastModifiedDate":"2020-05-23"},{"lineNumber":40,"author":{"gitId":"-"},"content":"","lastModifiedDate":"2020-05-23"},{"lineNumber":41,"author":{"gitId":"chen-jerry-junior"},"content":"### Chen Jiarui","lastModifiedDate":"2023-03-01"},{"lineNumber":42,"author":{"gitId":"-"},"content":"","lastModifiedDate":"2020-05-23"},{"lineNumber":43,"author":{"gitId":"chen-jerry-junior"},"content":"\u003cimg src\u003d\"images/chen-jerry-junior.png\" width\u003d\"200px\"\u003e","lastModifiedDate":"2023-03-01"},{"lineNumber":44,"author":{"gitId":"-"},"content":"","lastModifiedDate":"2020-05-23"},{"lineNumber":45,"author":{"gitId":"chen-jerry-junior"},"content":"[[github](http://github.com/chen-jerry-junior)] [[portfolio](team/chen-jerry-junior.md)]","lastModifiedDate":"2023-03-01"},{"lineNumber":46,"author":{"gitId":"-"},"content":"","lastModifiedDate":"2020-05-23"},{"lineNumber":47,"author":{"gitId":"-"},"content":"* Role: Developer","lastModifiedDate":"2020-05-23"},{"lineNumber":48,"author":{"gitId":"-"},"content":"* Responsibilities: Data","lastModifiedDate":"2020-05-23"},{"lineNumber":49,"author":{"gitId":"-"},"content":"","lastModifiedDate":"2020-05-23"},{"lineNumber":50,"author":{"gitId":"-"},"content":"### Jean Doe","lastModifiedDate":"2020-06-17"},{"lineNumber":51,"author":{"gitId":"-"},"content":"","lastModifiedDate":"2020-05-23"},{"lineNumber":52,"author":{"gitId":"-"},"content":"\u003cimg src\u003d\"images/johndoe.png\" width\u003d\"200px\"\u003e","lastModifiedDate":"2020-06-17"},{"lineNumber":53,"author":{"gitId":"-"},"content":"","lastModifiedDate":"2020-05-23"},{"lineNumber":54,"author":{"gitId":"-"},"content":"[[github](http://github.com/johndoe)]","lastModifiedDate":"2020-06-17"},{"lineNumber":55,"author":{"gitId":"-"},"content":"[[portfolio](team/johndoe.md)]","lastModifiedDate":"2020-05-23"},{"lineNumber":56,"author":{"gitId":"-"},"content":"","lastModifiedDate":"2020-05-23"},{"lineNumber":57,"author":{"gitId":"-"},"content":"* Role: Developer","lastModifiedDate":"2020-05-23"},{"lineNumber":58,"author":{"gitId":"-"},"content":"* Responsibilities: Dev Ops + Threading","lastModifiedDate":"2020-05-23"},{"lineNumber":59,"author":{"gitId":"-"},"content":"","lastModifiedDate":"2020-05-23"},{"lineNumber":60,"author":{"gitId":"WillCWX"},"content":"### William Chau Wei Xuan","lastModifiedDate":"2023-03-02"},{"lineNumber":61,"author":{"gitId":"-"},"content":"","lastModifiedDate":"2020-05-23"},{"lineNumber":62,"author":{"gitId":"WillCWX"},"content":"\u003cimg src\u003d\"images/willcwx.png\" width\u003d\"200px\"\u003e","lastModifiedDate":"2023-03-02"},{"lineNumber":63,"author":{"gitId":"-"},"content":"","lastModifiedDate":"2020-05-23"},{"lineNumber":64,"author":{"gitId":"WillCWX"},"content":"[[github](http://github.com/willcwx)]","lastModifiedDate":"2023-03-02"},{"lineNumber":65,"author":{"gitId":"WillCWX"},"content":"[[portfolio](team/willcwx.md)]","lastModifiedDate":"2023-03-02"},{"lineNumber":66,"author":{"gitId":"-"},"content":"","lastModifiedDate":"2020-05-23"},{"lineNumber":67,"author":{"gitId":"-"},"content":"* Role: Developer","lastModifiedDate":"2020-05-23"},{"lineNumber":68,"author":{"gitId":"WillCWX"},"content":"* Responsibilities: Testing, Integration","lastModifiedDate":"2023-03-02"}],"authorContributionMap":{"WillCWX":5,"swx0":3,"chen-jerry-junior":3,"-":57}},{"path":"docs/team/swx0.md","fileType":"docs","lines":[{"lineNumber":1,"author":{"gitId":"swx0"},"content":"---","lastModifiedDate":"2023-03-02"},{"lineNumber":2,"author":{"gitId":"swx0"},"content":"layout: page","lastModifiedDate":"2023-03-02"},{"lineNumber":3,"author":{"gitId":"swx0"},"content":"title: See Wei Xun\u0027s Project Portfolio Page","lastModifiedDate":"2023-03-02"},{"lineNumber":4,"author":{"gitId":"swx0"},"content":"---","lastModifiedDate":"2023-03-02"},{"lineNumber":5,"author":{"gitId":"swx0"},"content":"","lastModifiedDate":"2023-03-02"},{"lineNumber":6,"author":{"gitId":"swx0"},"content":"### Project: AddressBook Level 3","lastModifiedDate":"2023-03-02"},{"lineNumber":7,"author":{"gitId":"swx0"},"content":"","lastModifiedDate":"2023-03-02"},{"lineNumber":8,"author":{"gitId":"swx0"},"content":"AddressBook - Level 3 is a desktop address book application used for teaching Software Engineering principles. The user interacts with it using a CLI, and it has a GUI created with JavaFX. It is written in Java, and has about 10 kLoC.","lastModifiedDate":"2023-03-02"},{"lineNumber":9,"author":{"gitId":"swx0"},"content":"","lastModifiedDate":"2023-03-02"},{"lineNumber":10,"author":{"gitId":"swx0"},"content":"Given below are my contributions to the project.","lastModifiedDate":"2023-03-02"},{"lineNumber":11,"author":{"gitId":"swx0"},"content":"","lastModifiedDate":"2023-03-02"},{"lineNumber":12,"author":{"gitId":"swx0"},"content":"* **New Feature**: To be added","lastModifiedDate":"2023-03-02"},{"lineNumber":13,"author":{"gitId":"swx0"},"content":"  * To be added","lastModifiedDate":"2023-03-02"},{"lineNumber":14,"author":{"gitId":"swx0"},"content":"  ","lastModifiedDate":"2023-03-02"},{"lineNumber":15,"author":{"gitId":"swx0"},"content":"* **New Feature**: To be added","lastModifiedDate":"2023-03-02"},{"lineNumber":16,"author":{"gitId":"swx0"},"content":"","lastModifiedDate":"2023-03-02"},{"lineNumber":17,"author":{"gitId":"swx0"},"content":"* **Code contributed**: [RepoSense link]()","lastModifiedDate":"2023-03-02"},{"lineNumber":18,"author":{"gitId":"swx0"},"content":"","lastModifiedDate":"2023-03-02"},{"lineNumber":19,"author":{"gitId":"swx0"},"content":"* **Project management**:","lastModifiedDate":"2023-03-02"},{"lineNumber":20,"author":{"gitId":"swx0"},"content":"  * To be added","lastModifiedDate":"2023-03-02"},{"lineNumber":21,"author":{"gitId":"swx0"},"content":"","lastModifiedDate":"2023-03-02"},{"lineNumber":22,"author":{"gitId":"swx0"},"content":"* **Enhancements to existing features**:","lastModifiedDate":"2023-03-02"},{"lineNumber":23,"author":{"gitId":"swx0"},"content":"  * To be added","lastModifiedDate":"2023-03-02"},{"lineNumber":24,"author":{"gitId":"swx0"},"content":"","lastModifiedDate":"2023-03-02"},{"lineNumber":25,"author":{"gitId":"swx0"},"content":"* **Documentation**:","lastModifiedDate":"2023-03-02"},{"lineNumber":26,"author":{"gitId":"swx0"},"content":"  * User Guide:","lastModifiedDate":"2023-03-02"},{"lineNumber":27,"author":{"gitId":"swx0"},"content":"    * To be added","lastModifiedDate":"2023-03-02"},{"lineNumber":28,"author":{"gitId":"swx0"},"content":"  * Developer Guide:","lastModifiedDate":"2023-03-02"},{"lineNumber":29,"author":{"gitId":"swx0"},"content":"    * To be added.","lastModifiedDate":"2023-03-02"},{"lineNumber":30,"author":{"gitId":"swx0"},"content":"","lastModifiedDate":"2023-03-02"},{"lineNumber":31,"author":{"gitId":"swx0"},"content":"* **Community**:","lastModifiedDate":"2023-03-02"},{"lineNumber":32,"author":{"gitId":"swx0"},"content":"  * PRs reviewed (with non-trivial review comments): To be added","lastModifiedDate":"2023-03-02"},{"lineNumber":33,"author":{"gitId":"swx0"},"content":"  * Contributed to forum discussions (examples: To be added)","lastModifiedDate":"2023-03-02"},{"lineNumber":34,"author":{"gitId":"swx0"},"content":"  * Reported bugs and suggestions for other teams in the class (examples: To be added)","lastModifiedDate":"2023-03-02"},{"lineNumber":35,"author":{"gitId":"swx0"},"content":"  * Some parts of the history feature I added was adopted by several other class mates (To be added)","lastModifiedDate":"2023-03-02"},{"lineNumber":36,"author":{"gitId":"swx0"},"content":"","lastModifiedDate":"2023-03-02"},{"lineNumber":37,"author":{"gitId":"swx0"},"content":"* **Tools**:","lastModifiedDate":"2023-03-02"},{"lineNumber":38,"author":{"gitId":"swx0"},"content":"  * To be added","lastModifiedDate":"2023-03-02"},{"lineNumber":39,"author":{"gitId":"swx0"},"content":"","lastModifiedDate":"2023-03-02"},{"lineNumber":40,"author":{"gitId":"swx0"},"content":"* _{you can add/remove categories in the list above}_","lastModifiedDate":"2023-03-02"}],"authorContributionMap":{"swx0":40}},{"path":"docs/team/willcwx.md","fileType":"docs","lines":[{"lineNumber":1,"author":{"gitId":"WillCWX"},"content":"---","lastModifiedDate":"2023-03-02"},{"lineNumber":2,"author":{"gitId":"WillCWX"},"content":"layout: page","lastModifiedDate":"2023-03-02"},{"lineNumber":3,"author":{"gitId":"WillCWX"},"content":"title: William\u0027s Project Portfolio Page","lastModifiedDate":"2023-03-02"},{"lineNumber":4,"author":{"gitId":"WillCWX"},"content":"---","lastModifiedDate":"2023-03-02"},{"lineNumber":5,"author":{"gitId":"WillCWX"},"content":"","lastModifiedDate":"2023-03-02"},{"lineNumber":6,"author":{"gitId":"WillCWX"},"content":"### Project: Team Builder","lastModifiedDate":"2023-03-02"},{"lineNumber":7,"author":{"gitId":"WillCWX"},"content":"","lastModifiedDate":"2023-03-02"},{"lineNumber":8,"author":{"gitId":"WillCWX"},"content":"Team Builder is a desktop personal contacts book application used by the user to form a team for any event. The user interacts with it using a CLI, and it has a GUI created with JavaFX. It is written in Java, and has about 10 kLoC.","lastModifiedDate":"2023-03-02"},{"lineNumber":9,"author":{"gitId":"WillCWX"},"content":"","lastModifiedDate":"2023-03-02"},{"lineNumber":10,"author":{"gitId":"WillCWX"},"content":"Given below are my contributions to the project.  ","lastModifiedDate":"2023-03-02"},{"lineNumber":11,"author":{"gitId":"WillCWX"},"content":"`to be added soon`","lastModifiedDate":"2023-03-02"},{"lineNumber":12,"author":{"gitId":"WillCWX"},"content":"* **New Feature**: `to be added soon`","lastModifiedDate":"2023-03-02"},{"lineNumber":13,"author":{"gitId":"WillCWX"},"content":"  * Justification: `to be added soon`","lastModifiedDate":"2023-03-02"},{"lineNumber":14,"author":{"gitId":"WillCWX"},"content":"  * Highlights: `to be added soon`","lastModifiedDate":"2023-03-02"},{"lineNumber":15,"author":{"gitId":"WillCWX"},"content":"  * Credits: `to be added soon` *{mention here if you reused any code/ideas from elsewhere or if a third-party library is heavily used in the feature so that a reader can make a more accurate judgement of how much effort went into the feature}*","lastModifiedDate":"2023-03-02"},{"lineNumber":16,"author":{"gitId":"WillCWX"},"content":"","lastModifiedDate":"2023-03-02"},{"lineNumber":17,"author":{"gitId":"WillCWX"},"content":"","lastModifiedDate":"2023-03-02"},{"lineNumber":18,"author":{"gitId":"WillCWX"},"content":"* **Code contributed**: [RepoSense link]() `to be added soon`","lastModifiedDate":"2023-03-02"},{"lineNumber":19,"author":{"gitId":"WillCWX"},"content":"","lastModifiedDate":"2023-03-02"},{"lineNumber":20,"author":{"gitId":"WillCWX"},"content":"* **Project management**:","lastModifiedDate":"2023-03-02"},{"lineNumber":21,"author":{"gitId":"WillCWX"},"content":"  * Managed releases `to be added soon`","lastModifiedDate":"2023-03-02"},{"lineNumber":22,"author":{"gitId":"WillCWX"},"content":"","lastModifiedDate":"2023-03-02"},{"lineNumber":23,"author":{"gitId":"WillCWX"},"content":"* **Enhancements to existing features**:","lastModifiedDate":"2023-03-02"},{"lineNumber":24,"author":{"gitId":"WillCWX"},"content":"  * `to be added soon`","lastModifiedDate":"2023-03-02"},{"lineNumber":25,"author":{"gitId":"WillCWX"},"content":"","lastModifiedDate":"2023-03-02"},{"lineNumber":26,"author":{"gitId":"WillCWX"},"content":"* **Documentation**:","lastModifiedDate":"2023-03-02"},{"lineNumber":27,"author":{"gitId":"WillCWX"},"content":"  * User Guide:","lastModifiedDate":"2023-03-02"},{"lineNumber":28,"author":{"gitId":"WillCWX"},"content":"    * `to be added soon`","lastModifiedDate":"2023-03-02"},{"lineNumber":29,"author":{"gitId":"WillCWX"},"content":"  * Developer Guide:","lastModifiedDate":"2023-03-02"},{"lineNumber":30,"author":{"gitId":"WillCWX"},"content":"    * `to be added soon`","lastModifiedDate":"2023-03-02"},{"lineNumber":31,"author":{"gitId":"WillCWX"},"content":"","lastModifiedDate":"2023-03-02"},{"lineNumber":32,"author":{"gitId":"WillCWX"},"content":"* **Community**:","lastModifiedDate":"2023-03-02"},{"lineNumber":33,"author":{"gitId":"WillCWX"},"content":"  * PRs reviewed (with non-trivial review comments): `to be added soon` *{[\\#12](), [\\#32](), [\\#19](), [\\#42]()}*","lastModifiedDate":"2023-03-02"},{"lineNumber":34,"author":{"gitId":"WillCWX"},"content":"  * Contributed to forum discussions (examples: `to be added soon`)","lastModifiedDate":"2023-03-02"},{"lineNumber":35,"author":{"gitId":"WillCWX"},"content":"  * Reported bugs and suggestions for other teams in the class (examples: `to be added soon`)","lastModifiedDate":"2023-03-02"},{"lineNumber":36,"author":{"gitId":"WillCWX"},"content":"  * Some parts of the history feature I added was adopted by several other class mates `to be added soon`","lastModifiedDate":"2023-03-02"},{"lineNumber":37,"author":{"gitId":"WillCWX"},"content":"","lastModifiedDate":"2023-03-02"},{"lineNumber":38,"author":{"gitId":"WillCWX"},"content":"* **Tools**:","lastModifiedDate":"2023-03-02"},{"lineNumber":39,"author":{"gitId":"WillCWX"},"content":"  * Integrated an existing plugin fully (CodeCov) on team fork ","lastModifiedDate":"2023-03-02"},{"lineNumber":40,"author":{"gitId":"WillCWX"},"content":"  * Integrated a third party library (Natty) to the project `to be added soon`","lastModifiedDate":"2023-03-02"},{"lineNumber":41,"author":{"gitId":"WillCWX"},"content":"  * Integrated a new Github plugin (CircleCI) to the team repo `to be added soon`","lastModifiedDate":"2023-03-02"},{"lineNumber":42,"author":{"gitId":"WillCWX"},"content":"","lastModifiedDate":"2023-03-02"},{"lineNumber":43,"author":{"gitId":"WillCWX"},"content":"* _{you can add/remove categories in the list above}_","lastModifiedDate":"2023-03-02"}],"authorContributionMap":{"WillCWX":43}}]
