{"authorDailyContributionsMap":{"tricixg":[{"date":"2023-03-01","commitResults":[{"hash":"06571a0929af6cd10ff04fb1f348bdb7a7b6883a","isMergeCommit":false,"messageTitle":"Updated AboutUs doc","messageBody":"added profile pictures\n","fileTypesAndContributionMap":{"docs":{"insertions":16,"deletions":26}}},{"hash":"7b92293fe88c193c80fec55a6a708db627dff452","isMergeCommit":true,"messageTitle":"Merge pull request #20 from tricixg/update-AboutUs","messageBody":"Updated AboutUs doc","fileTypesAndContributionMap":{}},{"hash":"59129b8bbcc4b0491132e7fd59f882ce26473d97","isMergeCommit":false,"messageTitle":"Created tricixg.md","messageBody":"","fileTypesAndContributionMap":{"docs":{"insertions":65,"deletions":0}}},{"hash":"b0a43b981bca02ddbc104251c9dbc879a313467d","isMergeCommit":true,"messageTitle":"Merge branch \u0027AY2223S2-CS2103T-W13-2:master\u0027 into branch-Skeleton-PPP","messageBody":"","fileTypesAndContributionMap":{}},{"hash":"7135ebd250472152ae7ef36e1fd95cdedc68419b","isMergeCommit":true,"messageTitle":"Merge pull request #21 from tricixg/branch-Skeleton-PPP","messageBody":"Created tricixg.md","fileTypesAndContributionMap":{}},{"hash":"0ca91c9d06bb7da3814b189e1ed495a5098ecb5d","isMergeCommit":false,"messageTitle":"update capitalisation of naming","messageBody":"","fileTypesAndContributionMap":{"docs":{"insertions":5,"deletions":5}}},{"hash":"9b142687ac0e5d67e183d8f5f28b171ce4942df3","isMergeCommit":true,"messageTitle":"Merge branch \u0027master\u0027 of https://github.com/tricixg/tp","messageBody":"","fileTypesAndContributionMap":{}},{"hash":"c537729531b1682f7221123366f4073ebf4ca841","isMergeCommit":true,"messageTitle":"Merge pull request #22 from tricixg/master","messageBody":"Update AboutUs naming convention","fileTypesAndContributionMap":{}}]},{"date":"2023-03-09","commitResults":[{"hash":"6ffaa559cf8bf50d68d53de38415b1aa37ea0dfc","isMergeCommit":false,"messageTitle":"Implement fuzzy search in NameContainsKeywordsPredicate","messageBody":"Modified the NameContainsKeywordsPredicate class to implement a fuzzy search that matches only contiguous substrings.\n\nThe isFuzzyMatch method was updated to keep track of the last matched index in both fullName and keyword. If the difference between the last matched index in fullName and the current matched index is greater than 1, then it indicates that the matched characters are not contiguous, and the method returns false.\n\nExample: David Li will appear in Find Dav, vid, Li, Da, av, ID etc.\n\nThe NameContainsKeywordsPredicateTest class was modified to include additional test cases to test the new fuzzy search implementation.\n","fileTypesAndContributionMap":{"functional-code":{"insertions":52,"deletions":4},"test-code":{"insertions":16,"deletions":8}}},{"hash":"dfe318ad7465643fe3006d6c2e09442924b0656b","isMergeCommit":false,"messageTitle":"Update Javadoc for NameContainsKeywordsPredicate","messageBody":"Updated to pass Checkstyle\n","fileTypesAndContributionMap":{"functional-code":{"insertions":2,"deletions":5}}}]},{"date":"2023-03-14","commitResults":[{"hash":"5fe17ae92e4b57bea87cdb0013b2039fb8bda77f","isMergeCommit":false,"messageTitle":"Session Class","messageBody":"","fileTypesAndContributionMap":{"functional-code":{"insertions":293,"deletions":57},"docs":{"insertions":5,"deletions":1},"test-code":{"insertions":249,"deletions":115}}},{"hash":"700e9e0ec08c98f19c61d28a3c66dd95a264dd71","isMergeCommit":false,"messageTitle":"The new Session class provides a structured way to store a person\u0027s availability in the address book. The start and end date time are validated upon instantiation, ensuring that the start date time is before the end date time. The class also provides a convenient method to calculate the duration of the session. This commit also includes unit tests for the Session class","messageBody":"","fileTypesAndContributionMap":{"functional-code":{"insertions":293,"deletions":57},"docs":{"insertions":5,"deletions":1},"test-code":{"insertions":249,"deletions":115}}}]},{"date":"2023-03-15","commitResults":[{"hash":"f760bcc35971226d7a724b769b695d31fb968857","isMergeCommit":false,"messageTitle":"Session - Json Format \u0026 UI","messageBody":"To use the Session class, simply create a new instance with the appropriate start and end times. Example inputs are strings in the format \"dd-MM-yyyy HH:mm\". The class can then be used to compute the duration of the session.\n\nThe JSON format for storing Person objects has been modified to include a session field, which contains information about the session in the format \"dd-MM-yyyy HH:mm to dd-MM-yyyy HH:mm\".\n\nExample: add n/John Doe p/98765432 a/311, Clementi Ave 2, #02-25 r/35 s/10-03-2022 10:00 to 10-03-2022 11:00 t/friends t/owesMoney\n\ns/10-03-2022 10:00 to 10-03-2022 11:00\n\nThe UI has been updated to display session information for each Person in the main view. The PersonCard now includes a label for session start and end times, as well as the duration of the session.\n","fileTypesAndContributionMap":{"functional-code":{"insertions":55,"deletions":57},"test-code":{"insertions":88,"deletions":59}}},{"hash":"9f5c96318876476b6d5722c6d677c1dd77a24803","isMergeCommit":false,"messageTitle":"SessionString","messageBody":"modify all session to sessionString\n","fileTypesAndContributionMap":{"docs":{"insertions":2,"deletions":5}}}]},{"date":"2023-03-16","commitResults":[{"hash":"98f6083785ddabba7b0768222df99e4e912cc090","isMergeCommit":false,"messageTitle":"Checkstyle","messageBody":"","fileTypesAndContributionMap":{"functional-code":{"insertions":81,"deletions":47},"other":{"insertions":1,"deletions":0}}},{"hash":"e90253d8ad150d9affb32bd6be2c9be03a11de85","isMergeCommit":false,"messageTitle":"Checkstyle 2","messageBody":"","fileTypesAndContributionMap":{"functional-code":{"insertions":24,"deletions":8},"test-code":{"insertions":151,"deletions":43}}},{"hash":"fcc3a07da62d3d2e44b01406854b4da9ed47841d","isMergeCommit":true,"messageTitle":"Merge pull request #40 from tricixg/date-time-property","messageBody":"Session Property","fileTypesAndContributionMap":{}}]},{"date":"2023-03-17","commitResults":[{"hash":"f5d565f2e7a74ddc2dc2beb8536810770c6ba3e0","isMergeCommit":true,"messageTitle":"Merge pull request #46 from Tempura-Person/branch-v1.2-documentation","messageBody":"Update User Guide, Developer Guide and name of .jar file.","fileTypesAndContributionMap":{}},{"hash":"0c6f9d297ca4508a8e2184ea8509791e38c3626d","isMergeCommit":true,"messageTitle":"Merge pull request #37 from Oliverloo0909/branch-group-add-command","messageBody":"Branch group add command","fileTypesAndContributionMap":{}}]}],"jengoc415":[{"date":"2023-02-24","commitResults":[{"hash":"719e0eb3592b81e2b12911da4628831f355887e3","isMergeCommit":false,"messageTitle":"Replaced email field with pay rate","messageBody":"","fileTypesAndContributionMap":{"functional-code":{"insertions":133,"deletions":166},"docs":{"insertions":4,"deletions":4},"test-code":{"insertions":176,"deletions":225}}},{"hash":"ea0b5943a3afee2f5e2c6d1f797282115e101c57","isMergeCommit":false,"messageTitle":"Fixed checkstyle errors","messageBody":"","fileTypesAndContributionMap":{"functional-code":{"insertions":33,"deletions":10},"test-code":{"insertions":43,"deletions":19}}}]},{"date":"2023-02-25","commitResults":[{"hash":"fb9eb65e6639e0bf9a69bd2da68bf33660128f4b","isMergeCommit":false,"messageTitle":"Bug fixes","messageBody":"","fileTypesAndContributionMap":{"test-code":{"insertions":5,"deletions":5}}},{"hash":"1c30b32df6c6dba6d857e2d5e342d8a238563967","isMergeCommit":true,"messageTitle":"Merge pull request #3 from jengoc415/jeng/payrate","messageBody":"Replaced email field with pay rate","fileTypesAndContributionMap":{}}]},{"date":"2023-03-02","commitResults":[{"hash":"0d26ca239928d0c65439eeaf8fe5de1c5139ae00","isMergeCommit":false,"messageTitle":"Added remark command","messageBody":"","fileTypesAndContributionMap":{"functional-code":{"insertions":16,"deletions":0}}}]},{"date":"2023-03-03","commitResults":[{"hash":"dceca520f64a3b7a4d03984ebfcb667b3789ebbe","isMergeCommit":false,"messageTitle":"skeletalppp","messageBody":"","fileTypesAndContributionMap":{"docs":{"insertions":35,"deletions":51}}},{"hash":"8941418f9dc84f143edc646dbc4178560b9ccffa","isMergeCommit":false,"messageTitle":"created new file for skeletal ppp","messageBody":"","fileTypesAndContributionMap":{"docs":{"insertions":12,"deletions":12}}},{"hash":"a7667622c8ae118134cda9113ed08f2e508dd794","isMergeCommit":false,"messageTitle":"checkstyle","messageBody":"","fileTypesAndContributionMap":{"docs":{"insertions":1,"deletions":1}}},{"hash":"88c27581c6697d76b7cbad5b6fd9f9d11366a069","isMergeCommit":true,"messageTitle":"Merge pull request #25 from jengoc415/jeng/skeletalppp","messageBody":"Add Skeletal PPP","fileTypesAndContributionMap":{}}]},{"date":"2023-03-10","commitResults":[{"hash":"20824c0ffcdb4d23f1f3f7be111724e8aa4cf5bd","isMergeCommit":true,"messageTitle":"Merge pull request #34 from tricixg/fuzzy-find-command","messageBody":"Implement fuzzy search in NameContainsKeywordsPredicate","fileTypesAndContributionMap":{}},{"hash":"f0f02ae9c73e09488b624570e847be71679ac51a","isMergeCommit":true,"messageTitle":"Merge pull request #33 from Oliverloo0909/branch-grouping-function","messageBody":"Branch grouping function","fileTypesAndContributionMap":{}},{"hash":"798d0c0e6185eda5505f0fdb7df96be9b60d56f2","isMergeCommit":false,"messageTitle":"Edited developer guide","messageBody":"","fileTypesAndContributionMap":{"docs":{"insertions":37,"deletions":7}}}]}],"Tempura-Person":[{"date":"2023-02-26","commitResults":[{"hash":"232fdeea4aac103bcec9f3e7ffc44965deeb3623","isMergeCommit":false,"messageTitle":"Update project website \u0026 user guide.","messageBody":"","fileTypesAndContributionMap":{"docs":{"insertions":42,"deletions":40}}},{"hash":"8364430218a951f5f03de1dae1256b3215fa8778","isMergeCommit":false,"messageTitle":"Add newline to README.md.","messageBody":"","fileTypesAndContributionMap":{"docs":{"insertions":1,"deletions":1}}},{"hash":"c90d05e93cfa9436a4ee8f36714eb800c9e34715","isMergeCommit":true,"messageTitle":"Merge pull request #5 from Tempura-Person/master","messageBody":"Update project website and user guide","fileTypesAndContributionMap":{}},{"hash":"c83fe120c7206961e826a92206722f3318f53958","isMergeCommit":false,"messageTitle":"Add skeletal PPP.","messageBody":"","fileTypesAndContributionMap":{"docs":{"insertions":40,"deletions":0}}},{"hash":"a2d2b08fc42ff6fea7b6e67969a9321debb5e9f6","isMergeCommit":true,"messageTitle":"Merge pull request #7 from Tempura-Person/master","messageBody":"Add skeletal PPP.","fileTypesAndContributionMap":{}}]},{"date":"2023-03-01","commitResults":[{"hash":"8901fbd0466e0795fc74e30acb9713a2b5a00811","isMergeCommit":false,"messageTitle":"Update name of project from Unibook to SportSync.","messageBody":"","fileTypesAndContributionMap":{"docs":{"insertions":17,"deletions":17}}},{"hash":"66cc1072df1fd351da98f7ea5c3defcd81d41d9b","isMergeCommit":true,"messageTitle":"Merge pull request #18 from Tempura-Person/master","messageBody":"Update name of project from Unibook to SportSync in User Guide.","fileTypesAndContributionMap":{}}]},{"date":"2023-03-04","commitResults":[{"hash":"cb52979fcee3e7b92b8bb8147911c21286fb23fc","isMergeCommit":false,"messageTitle":"Add sort function. Change help window user guide link.","messageBody":"","fileTypesAndContributionMap":{"functional-code":{"insertions":48,"deletions":1},"docs":{"insertions":10,"deletions":5}}},{"hash":"981e74830c6cdae2ce881196fa7b07e329118a5c","isMergeCommit":false,"messageTitle":"Fix newline and whitespace typos.","messageBody":"","fileTypesAndContributionMap":{"functional-code":{"insertions":1,"deletions":1},"docs":{"insertions":16,"deletions":16}}},{"hash":"cf7ff35141a7fa8ee04fec07b9de66fe8e82d8c8","isMergeCommit":false,"messageTitle":"Fix dependency issue of Model class.","messageBody":"","fileTypesAndContributionMap":{"test-code":{"insertions":5,"deletions":0}}},{"hash":"f8e9595e890c4b865291be723580c4e18b91662c","isMergeCommit":false,"messageTitle":"Add JUnit tests for sort command.","messageBody":"","fileTypesAndContributionMap":{"test-code":{"insertions":46,"deletions":0}}},{"hash":"c50377a6ef35334d73bdbe271aff778dcf75ea13","isMergeCommit":false,"messageTitle":"Add JUnit tests for sort command.","messageBody":"","fileTypesAndContributionMap":{"test-code":{"insertions":1,"deletions":1}}}]},{"date":"2023-03-16","commitResults":[{"hash":"a4f058a6d0c7d6ee3e9176dafedd01c6511633ba","isMergeCommit":false,"messageTitle":"Update User Guide, Developer Guide and name of .jar file.","messageBody":"","fileTypesAndContributionMap":{"other":{"insertions":1,"deletions":1},"docs":{"insertions":233,"deletions":70}}}]}],"Oliverloo0909":[{"date":"2023-02-28","commitResults":[{"hash":"e21febba7ac86b34ee8da1c675c9bdc53d38e5b4","isMergeCommit":false,"messageTitle":"Add skeletal PPP","messageBody":"","fileTypesAndContributionMap":{"docs":{"insertions":40,"deletions":0}}},{"hash":"b369598d8e34de5fba60debcda65f48da4ee5064","isMergeCommit":true,"messageTitle":"Merge branch \u0027AY2223S2-CS2103T-W13-2:master\u0027 into master","messageBody":"","fileTypesAndContributionMap":{}},{"hash":"847439e25ad399a047c8ebb13c44fd24c1040973","isMergeCommit":false,"messageTitle":"UPDATE Skeletal PPP","messageBody":"","fileTypesAndContributionMap":{"docs":{"insertions":4,"deletions":3}}},{"hash":"a1b5e84b73eb1139c6053aee384caa821835acf6","isMergeCommit":true,"messageTitle":"Merge pull request #12 from Oliverloo0909/master","messageBody":"Add Skeletal PPP","fileTypesAndContributionMap":{}}]},{"date":"2023-03-01","commitResults":[{"hash":"9fb580e22d9eff6c50ab4d4fd2ada4b812da6cf4","isMergeCommit":false,"messageTitle":"Update DeveloperGuide.md","messageBody":"","fileTypesAndContributionMap":{"docs":{"insertions":70,"deletions":64}}},{"hash":"95c7726d1deb5618cd3c83e36ab6004d36de4cdf","isMergeCommit":false,"messageTitle":"Update DeveloperGuide.md","messageBody":"","fileTypesAndContributionMap":{"docs":{"insertions":22,"deletions":2}}},{"hash":"2511f5fdd0e90fe5b45a56b0203a4a1367aa2f5d","isMergeCommit":true,"messageTitle":"Merge pull request #16 from Oliverloo0909/master","messageBody":"Update DeveloperGuide.md ","fileTypesAndContributionMap":{}},{"hash":"0e8d59166a7bc2f92a907904977cc62d845e6508","isMergeCommit":false,"messageTitle":"UPDATE DeveloperGuide.md","messageBody":"","fileTypesAndContributionMap":{"docs":{"insertions":44,"deletions":44}}},{"hash":"9d17a0e1f161dafdfda729337b85d96a83cf2754","isMergeCommit":false,"messageTitle":"Revert \"UPDATE DeveloperGuide.md\"","messageBody":"This reverts commit 0e8d59166a7bc2f92a907904977cc62d845e6508.\n","fileTypesAndContributionMap":{"docs":{"insertions":44,"deletions":44}}},{"hash":"6dd8ebc4d63da11d58204db2501fcefd3955d8cf","isMergeCommit":false,"messageTitle":"Update DG","messageBody":"","fileTypesAndContributionMap":{"docs":{"insertions":44,"deletions":44}}},{"hash":"b24f952744c6839d84529722a8ef82d989b1151c","isMergeCommit":true,"messageTitle":"Merge pull request #17 from Oliverloo0909/update-DG-v1.1-","messageBody":"Update dg v1.1 ","fileTypesAndContributionMap":{}}]},{"date":"2023-03-08","commitResults":[{"hash":"b63c35b80ccad8f3310b8c1abfb600aedb8b9bcb","isMergeCommit":true,"messageTitle":"Merge pull request #29 from Tempura-Person/branch-sort-command","messageBody":"Add sort command.","fileTypesAndContributionMap":{}},{"hash":"08f627b6adbcd69021372c330698af58c2266a83","isMergeCommit":true,"messageTitle":"Merge pull request #1 from AY2223S2-CS2103T-W13-2/master","messageBody":"Pull from master","fileTypesAndContributionMap":{}},{"hash":"63fdead4bf01337195c7887f816dd5c8a4f571c6","isMergeCommit":false,"messageTitle":"Add show command","messageBody":"","fileTypesAndContributionMap":{"functional-code":{"insertions":112,"deletions":28}}},{"hash":"d3414a9357cc4fe5926d56307d8ec427778676e7","isMergeCommit":false,"messageTitle":"Add show command junit tests","messageBody":"","fileTypesAndContributionMap":{"functional-code":{"insertions":12,"deletions":5},"test-code":{"insertions":119,"deletions":10}}},{"hash":"49d3d7bec213ddb8128a7ed461c48351d9dc9d70","isMergeCommit":true,"messageTitle":"Merge pull request #2 from Oliverloo0909/branch-group-command","messageBody":"Branch group command","fileTypesAndContributionMap":{}},{"hash":"e23ccc6842aba9a44c97103ccdce4dbff8414f05","isMergeCommit":false,"messageTitle":"Add group command","messageBody":"","fileTypesAndContributionMap":{"functional-code":{"insertions":357,"deletions":4}}},{"hash":"dfe7f6bf99af7e36f899aa7b8bfbfb0a4208b9b8","isMergeCommit":false,"messageTitle":"Add Display Command and Tests","messageBody":"","fileTypesAndContributionMap":{"functional-code":{"insertions":30,"deletions":3},"test-code":{"insertions":96,"deletions":0}}},{"hash":"06a05a690470fcf4de5a18dd3f23a310e2d0041c","isMergeCommit":false,"messageTitle":"Fix checkstyle errors","messageBody":"","fileTypesAndContributionMap":{"functional-code":{"insertions":4,"deletions":3}}}]},{"date":"2023-03-09","commitResults":[{"hash":"251bf7a935502b1058141bccde82f190305daa94","isMergeCommit":false,"messageTitle":"Fix CheckStyle","messageBody":"","fileTypesAndContributionMap":{"functional-code":{"insertions":37,"deletions":33}}},{"hash":"86f9f792f9f61a532ecfa7d25fe97dd3b8c47ea7","isMergeCommit":false,"messageTitle":"Fix CheckStyle","messageBody":"","fileTypesAndContributionMap":{"functional-code":{"insertions":12,"deletions":4},"test-code":{"insertions":6,"deletions":27}}},{"hash":"001ce6c6721e63a3e392493d51c5d430b2543ff1","isMergeCommit":false,"messageTitle":"Fix checkstyle","messageBody":"","fileTypesAndContributionMap":{"test-code":{"insertions":16,"deletions":8}}},{"hash":"fb3c2422bb5bd3d5c522c5362a09acc031a4f5b9","isMergeCommit":false,"messageTitle":"Fix checkstyle","messageBody":"","fileTypesAndContributionMap":{"test-code":{"insertions":20,"deletions":22}}},{"hash":"00fadce0634f18281e1d01a701d01cfedff63783","isMergeCommit":false,"messageTitle":"Fix checkstyle","messageBody":"","fileTypesAndContributionMap":{"test-code":{"insertions":41,"deletions":24}}},{"hash":"9e3e6a256c623b558fb039b23bdcf2095371a558","isMergeCommit":false,"messageTitle":"Fix final checkstyle","messageBody":"","fileTypesAndContributionMap":{"test-code":{"insertions":1,"deletions":0}}},{"hash":"babba873d36d500047a4809a52080f68955df7e6","isMergeCommit":false,"messageTitle":"Fix checkstyle","messageBody":"","fileTypesAndContributionMap":{"test-code":{"insertions":0,"deletions":1}}},{"hash":"470c1b22f2d4c7f9482d23feb90332bdb925c3bd","isMergeCommit":false,"messageTitle":"Fix final checkstyle","messageBody":"","fileTypesAndContributionMap":{"functional-code":{"insertions":20,"deletions":20}}},{"hash":"d564bb7f898d4f4daaaef9d4fad5ae3bb937e242","isMergeCommit":false,"messageTitle":"Fix group command checkstyle","messageBody":"","fileTypesAndContributionMap":{"functional-code":{"insertions":7,"deletions":5}}},{"hash":"7d1ee2b6ec87afb9b3a2d17b8dc61001118ef651","isMergeCommit":false,"messageTitle":"Add more unit testing","messageBody":"","fileTypesAndContributionMap":{"test-code":{"insertions":161,"deletions":2}}},{"hash":"5a6ea483f1b7b4c3feabc302725813146d91c99e","isMergeCommit":false,"messageTitle":"Fix checkstyle","messageBody":"","fileTypesAndContributionMap":{"test-code":{"insertions":5,"deletions":5}}},{"hash":"ff31750db86f3fd94cde9734d66e79ce7d61e3fe","isMergeCommit":false,"messageTitle":"Add testing","messageBody":"","fileTypesAndContributionMap":{"functional-code":{"insertions":1,"deletions":1},"test-code":{"insertions":73,"deletions":0}}}]},{"date":"2023-03-10","commitResults":[{"hash":"caba3fbbb6a6052f4c6e7b680ca839a8267b81e6","isMergeCommit":true,"messageTitle":"Merge pull request #35 from jengoc415/jeng/developerGuide","messageBody":"Edited developer guide","tags":["v1.2"],"fileTypesAndContributionMap":{}}]},{"date":"2023-03-13","commitResults":[{"hash":"d550b30b6aa358a75729e91ca12463dda4f2c33b","isMergeCommit":false,"messageTitle":"Add groupadd command","messageBody":"","fileTypesAndContributionMap":{"functional-code":{"insertions":104,"deletions":1}}}]},{"date":"2023-03-15","commitResults":[{"hash":"12f55da2aa3f5afa3d7570be4bb33f5e1882ff0e","isMergeCommit":false,"messageTitle":"Add groupadd command","messageBody":"","fileTypesAndContributionMap":{"functional-code":{"insertions":92,"deletions":50}}},{"hash":"994963ea7a2475e2c0b9331f6f1aadf3a05b8c45","isMergeCommit":false,"messageTitle":"Add junit test for groupadd command","messageBody":"","fileTypesAndContributionMap":{"functional-code":{"insertions":26,"deletions":1},"test-code":{"insertions":236,"deletions":2}}},{"hash":"5ece81fc0b0d83a8496b842f7647e8c94f6c99f7","isMergeCommit":false,"messageTitle":"Fix checkstyle erros","messageBody":"","fileTypesAndContributionMap":{"functional-code":{"insertions":34,"deletions":12},"test-code":{"insertions":0,"deletions":2}}},{"hash":"48be1eba6d1a69a11f888714e6bfeff610d9a1ce","isMergeCommit":false,"messageTitle":"Fix checkstyle errors","messageBody":"","fileTypesAndContributionMap":{"functional-code":{"insertions":1,"deletions":1}}},{"hash":"4d34f752e0f8b6d0a3a03734f1795c38f0d7b42e","isMergeCommit":false,"messageTitle":"Fix checkstyle","messageBody":"","fileTypesAndContributionMap":{"functional-code":{"insertions":1,"deletions":1}}},{"hash":"d1b1a189efac3690815fab46f0bd3235c1c71f79","isMergeCommit":false,"messageTitle":"Add more testing","messageBody":"","fileTypesAndContributionMap":{"functional-code":{"insertions":1,"deletions":1},"test-code":{"insertions":37,"deletions":0}}}]}]},"authorFileTypeContributionMap":{"tricixg":{"docs":83,"functional-code":381,"test-code":368,"other":1},"jengoc415":{"docs":42,"functional-code":110,"test-code":131},"Tempura-Person":{"docs":284,"functional-code":46,"test-code":49,"other":2},"Oliverloo0909":{"docs":102,"functional-code":701,"test-code":708}},"authorContributionVariance":{"tricixg":72921.9,"jengoc415":22126.412,"Tempura-Person":4115.7974,"Oliverloo0909":39908.07},"authorDisplayNameMap":{"tricixg":"CS2103T-W13-2 GOH ..ICIA","jengoc415":"CS2103T-W13-2 CHIA.. YEE","Tempura-Person":"CS2103T-W13-2 LEON..ZHEN","Oliverloo0909":"CS2103T-W13-2 OLIV..HENG"}}
