{"authorDailyContributionsMap":{"tricixg":[{"date":"2023-03-01","commitResults":[{"hash":"06571a0929af6cd10ff04fb1f348bdb7a7b6883a","isMergeCommit":false,"messageTitle":"Updated AboutUs doc","messageBody":"added profile pictures\n","fileTypesAndContributionMap":{"docs":{"insertions":16,"deletions":26}}},{"hash":"7b92293fe88c193c80fec55a6a708db627dff452","isMergeCommit":true,"messageTitle":"Merge pull request #20 from tricixg/update-AboutUs","messageBody":"Updated AboutUs doc","fileTypesAndContributionMap":{}},{"hash":"59129b8bbcc4b0491132e7fd59f882ce26473d97","isMergeCommit":false,"messageTitle":"Created tricixg.md","messageBody":"","fileTypesAndContributionMap":{"docs":{"insertions":65,"deletions":0}}},{"hash":"b0a43b981bca02ddbc104251c9dbc879a313467d","isMergeCommit":true,"messageTitle":"Merge branch \u0027AY2223S2-CS2103T-W13-2:master\u0027 into branch-Skeleton-PPP","messageBody":"","fileTypesAndContributionMap":{}},{"hash":"7135ebd250472152ae7ef36e1fd95cdedc68419b","isMergeCommit":true,"messageTitle":"Merge pull request #21 from tricixg/branch-Skeleton-PPP","messageBody":"Created tricixg.md","fileTypesAndContributionMap":{}},{"hash":"0ca91c9d06bb7da3814b189e1ed495a5098ecb5d","isMergeCommit":false,"messageTitle":"update capitalisation of naming","messageBody":"","fileTypesAndContributionMap":{"docs":{"insertions":5,"deletions":5}}},{"hash":"9b142687ac0e5d67e183d8f5f28b171ce4942df3","isMergeCommit":true,"messageTitle":"Merge branch \u0027master\u0027 of https://github.com/tricixg/tp","messageBody":"","fileTypesAndContributionMap":{}},{"hash":"c537729531b1682f7221123366f4073ebf4ca841","isMergeCommit":true,"messageTitle":"Merge pull request #22 from tricixg/master","messageBody":"Update AboutUs naming convention","fileTypesAndContributionMap":{}}]}],"jengoc415":[{"date":"2023-02-24","commitResults":[{"hash":"719e0eb3592b81e2b12911da4628831f355887e3","isMergeCommit":false,"messageTitle":"Replaced email field with pay rate","messageBody":"","fileTypesAndContributionMap":{"functional-code":{"insertions":133,"deletions":166},"docs":{"insertions":4,"deletions":4},"test-code":{"insertions":176,"deletions":225}}},{"hash":"ea0b5943a3afee2f5e2c6d1f797282115e101c57","isMergeCommit":false,"messageTitle":"Fixed checkstyle errors","messageBody":"","fileTypesAndContributionMap":{"functional-code":{"insertions":33,"deletions":10},"test-code":{"insertions":43,"deletions":19}}}]},{"date":"2023-02-25","commitResults":[{"hash":"fb9eb65e6639e0bf9a69bd2da68bf33660128f4b","isMergeCommit":false,"messageTitle":"Bug fixes","messageBody":"","fileTypesAndContributionMap":{"test-code":{"insertions":5,"deletions":5}}},{"hash":"1c30b32df6c6dba6d857e2d5e342d8a238563967","isMergeCommit":true,"messageTitle":"Merge pull request #3 from jengoc415/jeng/payrate","messageBody":"Replaced email field with pay rate","fileTypesAndContributionMap":{}}]},{"date":"2023-03-02","commitResults":[{"hash":"0d26ca239928d0c65439eeaf8fe5de1c5139ae00","isMergeCommit":false,"messageTitle":"Added remark command","messageBody":"","fileTypesAndContributionMap":{"functional-code":{"insertions":16,"deletions":0}}}]},{"date":"2023-03-03","commitResults":[{"hash":"dceca520f64a3b7a4d03984ebfcb667b3789ebbe","isMergeCommit":false,"messageTitle":"skeletalppp","messageBody":"","fileTypesAndContributionMap":{"docs":{"insertions":35,"deletions":51}}},{"hash":"8941418f9dc84f143edc646dbc4178560b9ccffa","isMergeCommit":false,"messageTitle":"created new file for skeletal ppp","messageBody":"","fileTypesAndContributionMap":{"docs":{"insertions":12,"deletions":12}}},{"hash":"a7667622c8ae118134cda9113ed08f2e508dd794","isMergeCommit":false,"messageTitle":"checkstyle","messageBody":"","fileTypesAndContributionMap":{"docs":{"insertions":1,"deletions":1}}},{"hash":"88c27581c6697d76b7cbad5b6fd9f9d11366a069","isMergeCommit":true,"messageTitle":"Merge pull request #25 from jengoc415/jeng/skeletalppp","messageBody":"Add Skeletal PPP","fileTypesAndContributionMap":{}}]}],"Tempura-Person":[{"date":"2023-02-26","commitResults":[{"hash":"232fdeea4aac103bcec9f3e7ffc44965deeb3623","isMergeCommit":false,"messageTitle":"Update project website \u0026 user guide.","messageBody":"","fileTypesAndContributionMap":{"docs":{"insertions":42,"deletions":40}}},{"hash":"8364430218a951f5f03de1dae1256b3215fa8778","isMergeCommit":false,"messageTitle":"Add newline to README.md.","messageBody":"","fileTypesAndContributionMap":{"docs":{"insertions":1,"deletions":1}}},{"hash":"c90d05e93cfa9436a4ee8f36714eb800c9e34715","isMergeCommit":true,"messageTitle":"Merge pull request #5 from Tempura-Person/master","messageBody":"Update project website and user guide","fileTypesAndContributionMap":{}},{"hash":"c83fe120c7206961e826a92206722f3318f53958","isMergeCommit":false,"messageTitle":"Add skeletal PPP.","messageBody":"","fileTypesAndContributionMap":{"docs":{"insertions":40,"deletions":0}}},{"hash":"a2d2b08fc42ff6fea7b6e67969a9321debb5e9f6","isMergeCommit":true,"messageTitle":"Merge pull request #7 from Tempura-Person/master","messageBody":"Add skeletal PPP.","fileTypesAndContributionMap":{}}]},{"date":"2023-03-01","commitResults":[{"hash":"8901fbd0466e0795fc74e30acb9713a2b5a00811","isMergeCommit":false,"messageTitle":"Update name of project from Unibook to SportSync.","messageBody":"","fileTypesAndContributionMap":{"docs":{"insertions":17,"deletions":17}}},{"hash":"66cc1072df1fd351da98f7ea5c3defcd81d41d9b","isMergeCommit":true,"messageTitle":"Merge pull request #18 from Tempura-Person/master","messageBody":"Update name of project from Unibook to SportSync in User Guide.","fileTypesAndContributionMap":{}}]},{"date":"2023-03-04","commitResults":[{"hash":"cb52979fcee3e7b92b8bb8147911c21286fb23fc","isMergeCommit":false,"messageTitle":"Add sort function. Change help window user guide link.","messageBody":"","fileTypesAndContributionMap":{"functional-code":{"insertions":48,"deletions":1},"docs":{"insertions":10,"deletions":5}}},{"hash":"981e74830c6cdae2ce881196fa7b07e329118a5c","isMergeCommit":false,"messageTitle":"Fix newline and whitespace typos.","messageBody":"","fileTypesAndContributionMap":{"functional-code":{"insertions":1,"deletions":1},"docs":{"insertions":16,"deletions":16}}},{"hash":"cf7ff35141a7fa8ee04fec07b9de66fe8e82d8c8","isMergeCommit":false,"messageTitle":"Fix dependency issue of Model class.","messageBody":"","fileTypesAndContributionMap":{"test-code":{"insertions":5,"deletions":0}}},{"hash":"f8e9595e890c4b865291be723580c4e18b91662c","isMergeCommit":false,"messageTitle":"Add JUnit tests for sort command.","messageBody":"","fileTypesAndContributionMap":{"test-code":{"insertions":46,"deletions":0}}},{"hash":"c50377a6ef35334d73bdbe271aff778dcf75ea13","isMergeCommit":false,"messageTitle":"Add JUnit tests for sort command.","messageBody":"","fileTypesAndContributionMap":{"test-code":{"insertions":1,"deletions":1}}}]}],"Oliverloo0909":[{"date":"2023-02-28","commitResults":[{"hash":"e21febba7ac86b34ee8da1c675c9bdc53d38e5b4","isMergeCommit":false,"messageTitle":"Add skeletal PPP","messageBody":"","fileTypesAndContributionMap":{"docs":{"insertions":40,"deletions":0}}},{"hash":"b369598d8e34de5fba60debcda65f48da4ee5064","isMergeCommit":true,"messageTitle":"Merge branch \u0027AY2223S2-CS2103T-W13-2:master\u0027 into master","messageBody":"","fileTypesAndContributionMap":{}},{"hash":"847439e25ad399a047c8ebb13c44fd24c1040973","isMergeCommit":false,"messageTitle":"UPDATE Skeletal PPP","messageBody":"","fileTypesAndContributionMap":{"docs":{"insertions":4,"deletions":3}}},{"hash":"a1b5e84b73eb1139c6053aee384caa821835acf6","isMergeCommit":true,"messageTitle":"Merge pull request #12 from Oliverloo0909/master","messageBody":"Add Skeletal PPP","fileTypesAndContributionMap":{}}]},{"date":"2023-03-01","commitResults":[{"hash":"9fb580e22d9eff6c50ab4d4fd2ada4b812da6cf4","isMergeCommit":false,"messageTitle":"Update DeveloperGuide.md","messageBody":"","fileTypesAndContributionMap":{"docs":{"insertions":70,"deletions":64}}},{"hash":"95c7726d1deb5618cd3c83e36ab6004d36de4cdf","isMergeCommit":false,"messageTitle":"Update DeveloperGuide.md","messageBody":"","fileTypesAndContributionMap":{"docs":{"insertions":22,"deletions":2}}},{"hash":"2511f5fdd0e90fe5b45a56b0203a4a1367aa2f5d","isMergeCommit":true,"messageTitle":"Merge pull request #16 from Oliverloo0909/master","messageBody":"Update DeveloperGuide.md ","fileTypesAndContributionMap":{}},{"hash":"0e8d59166a7bc2f92a907904977cc62d845e6508","isMergeCommit":false,"messageTitle":"UPDATE DeveloperGuide.md","messageBody":"","fileTypesAndContributionMap":{"docs":{"insertions":44,"deletions":44}}},{"hash":"9d17a0e1f161dafdfda729337b85d96a83cf2754","isMergeCommit":false,"messageTitle":"Revert \"UPDATE DeveloperGuide.md\"","messageBody":"This reverts commit 0e8d59166a7bc2f92a907904977cc62d845e6508.\n","fileTypesAndContributionMap":{"docs":{"insertions":44,"deletions":44}}},{"hash":"6dd8ebc4d63da11d58204db2501fcefd3955d8cf","isMergeCommit":false,"messageTitle":"Update DG","messageBody":"","fileTypesAndContributionMap":{"docs":{"insertions":44,"deletions":44}}},{"hash":"b24f952744c6839d84529722a8ef82d989b1151c","isMergeCommit":true,"messageTitle":"Merge pull request #17 from Oliverloo0909/update-DG-v1.1-","messageBody":"Update dg v1.1 ","fileTypesAndContributionMap":{}}]},{"date":"2023-03-08","commitResults":[{"hash":"b63c35b80ccad8f3310b8c1abfb600aedb8b9bcb","isMergeCommit":true,"messageTitle":"Merge pull request #29 from Tempura-Person/branch-sort-command","messageBody":"Add sort command.","fileTypesAndContributionMap":{}}]}]},"authorFileTypeContributionMap":{"tricixg":{"docs":81,"functional-code":0,"test-code":0},"jengoc415":{"docs":32,"functional-code":148,"test-code":179},"Tempura-Person":{"docs":89,"functional-code":48,"test-code":51,"other":1},"Oliverloo0909":{"docs":117,"functional-code":0,"test-code":0}},"authorContributionVariance":{"tricixg":650.2276,"jengoc415":31432.447,"Tempura-Person":1727.9476,"Oliverloo0909":8464.748},"authorDisplayNameMap":{"tricixg":"CS2103T-W13-2 GOH ..ICIA","jengoc415":"CS2103T-W13-2 CHIA.. YEE","Tempura-Person":"CS2103T-W13-2 LEON..ZHEN","Oliverloo0909":"CS2103T-W13-2 OLIV..HENG"}}
