{"authorDailyContributionsMap":{"Daniel-Kur":[{"date":"2023-02-19","commitResults":[{"hash":"1ea5326b9b00faae1265ffb6b556e3298c4327d7","isMergeCommit":false,"messageTitle":"no message","messageBody":"","fileTypesAndContributionMap":{"docs":{"insertions":12,"deletions":0}}},{"hash":"d8ed34f7022dcbcfe9f1d193a5fedcc09e2809e2","isMergeCommit":true,"messageTitle":"Merge branch \u0027AY2223S2-CS2103T-T14-2:master\u0027 into master","messageBody":"","fileTypesAndContributionMap":{}},{"hash":"5b66155f99424758580c58d27ae962ce7dcf94a3","isMergeCommit":false,"messageTitle":"no message","messageBody":"","fileTypesAndContributionMap":{"docs":{"insertions":1,"deletions":1}}},{"hash":"40e9c96ae379e1531ff3cbb2511bc09b553404fc","isMergeCommit":true,"messageTitle":"Merge branch \u0027AY2223S2-CS2103T-T14-2:master\u0027 into master","messageBody":"","fileTypesAndContributionMap":{}},{"hash":"c943d3c44df3ae8ceb3d49e1871240561d87e8bf","isMergeCommit":false,"messageTitle":"no message","messageBody":"","fileTypesAndContributionMap":{"docs":{"insertions":26,"deletions":3}}},{"hash":"026bb732b8fc2eca2782fbcfc165f36cf6997d54","isMergeCommit":true,"messageTitle":"Merge branch \u0027AY2223S2-CS2103T-T14-2:master\u0027 into master","messageBody":"","fileTypesAndContributionMap":{}},{"hash":"12e4411770f0e038acec552c15f50debf3aae3ab","isMergeCommit":false,"messageTitle":"no message","messageBody":"","fileTypesAndContributionMap":{"docs":{"insertions":1,"deletions":1}}},{"hash":"96d17f8ea5f30de1097c93a1940955487e951945","isMergeCommit":false,"messageTitle":"no message","messageBody":"","fileTypesAndContributionMap":{"docs":{"insertions":1,"deletions":1}}}]},{"date":"2023-03-12","commitResults":[{"hash":"844af685fbab29d55b81119542907484a872da4b","isMergeCommit":false,"messageTitle":"Refactor list command and the test case","messageBody":"","fileTypesAndContributionMap":{"functional-code":{"insertions":1,"deletions":1},"test-code":{"insertions":21,"deletions":19}}},{"hash":"2863c7ca490017c8eab0b44ea3db1b8a2e4d5c6b","isMergeCommit":true,"messageTitle":"Merge pull request #23 from Daniel-Kur/master","messageBody":"Refactor list command and the test case","fileTypesAndContributionMap":{}}]},{"date":"2023-03-14","commitResults":[{"hash":"6af4d4d7040d1d38d459e808980638b1d187043e","isMergeCommit":false,"messageTitle":"Refactor java doc in commands","messageBody":"","fileTypesAndContributionMap":{"functional-code":{"insertions":22,"deletions":23},"test-code":{"insertions":16,"deletions":16}}},{"hash":"9b0cdc7305274a62c2cda4bff271e7293d0a44b4","isMergeCommit":false,"messageTitle":"Refactor java doc in model","messageBody":"","fileTypesAndContributionMap":{"functional-code":{"insertions":29,"deletions":29},"docs":{"insertions":1,"deletions":1}}},{"hash":"5ce96e5855d8466a9cc3553fbaf7f8433dd864b3","isMergeCommit":false,"messageTitle":"Refactor class name in storage","messageBody":"","fileTypesAndContributionMap":{"other":{"insertions":0,"deletions":0}}},{"hash":"2d1d1df09df8517a006117aed1f5a6a69924e60c","isMergeCommit":false,"messageTitle":"Fix import checkstyle","messageBody":"","fileTypesAndContributionMap":{"functional-code":{"insertions":97,"deletions":60},"test-code":{"insertions":1,"deletions":1}}},{"hash":"4e52670e2b150c4117972c3fc7fce820e82609cc","isMergeCommit":true,"messageTitle":"Merge pull request #26 from Daniel-Kur/master","messageBody":"Refactor java doc","fileTypesAndContributionMap":{}}]},{"date":"2023-03-16","commitResults":[{"hash":"4067559fce22a480f942ceae2fbc630a023abe4b","isMergeCommit":false,"messageTitle":"Change the GUI","messageBody":"","fileTypesAndContributionMap":{"functional-code":{"insertions":42,"deletions":40}}},{"hash":"5fbe34de2defa4b45199368c316857649e7afff1","isMergeCommit":true,"messageTitle":"Merge pull request #37 from Daniel-Kur/master","messageBody":"Change the GUI","fileTypesAndContributionMap":{}}]},{"date":"2023-03-23","commitResults":[{"hash":"d1b6aa8cb024a12ca2f80d7018de44da3b77483c","isMergeCommit":false,"messageTitle":"Fix UI methods javadoc","messageBody":"","fileTypesAndContributionMap":{"functional-code":{"insertions":4,"deletions":4}}},{"hash":"cf4ed2f9bff3db9ea5eb4da741c3d67a8884d865","isMergeCommit":false,"messageTitle":"Enhance GUI to highlight pets that have deadline in a day","messageBody":"","fileTypesAndContributionMap":{"functional-code":{"insertions":18,"deletions":0}}},{"hash":"ad30651dabe0bf6b7a16e217f8598dd8f1946f8b","isMergeCommit":true,"messageTitle":"Merge pull request #46 from Daniel-Kur/master","messageBody":"Highlight pets that have deadline within a day","fileTypesAndContributionMap":{}}]},{"date":"2023-03-24","commitResults":[{"hash":"e0a684dbb780d8b6262129b09e2f6f73dbc1487b","isMergeCommit":false,"messageTitle":"Update the DG to include highlight feature","messageBody":"","fileTypesAndContributionMap":{"docs":{"insertions":38,"deletions":7}}},{"hash":"af4e1a844929f69e9eeb82223505f8a282674aad","isMergeCommit":false,"messageTitle":"Update highlight feature","messageBody":"","fileTypesAndContributionMap":{"docs":{"insertions":5,"deletions":2}}},{"hash":"38c1d80e6f6cd4e9b7e17b066080c981626e6388","isMergeCommit":false,"messageTitle":"Fix md file format","messageBody":"","fileTypesAndContributionMap":{"docs":{"insertions":2,"deletions":0}}},{"hash":"2970e4e7f06d241ee5eb53fbd9362aac5aba5f9d","isMergeCommit":false,"messageTitle":"Fix choice of words in highlight DG","messageBody":"","fileTypesAndContributionMap":{"docs":{"insertions":3,"deletions":4}}},{"hash":"0c756b059be932a49c5604af51c649c7b5a54648","isMergeCommit":true,"messageTitle":"Merge pull request #52 from Daniel-Kur/master","messageBody":"Update dev guide Highlight Feature","fileTypesAndContributionMap":{}}]},{"date":"2023-03-29","commitResults":[{"hash":"58b9c958b0a969160975514d944a5c20485f9ac3","isMergeCommit":false,"messageTitle":"Update UG delete feature and table of content","messageBody":"","fileTypesAndContributionMap":{"docs":{"insertions":33,"deletions":9}}},{"hash":"9fbf1530cf65a9884bbeb1c2b76ff5d704fcb685","isMergeCommit":false,"messageTitle":"Update UG clear feature","messageBody":"","fileTypesAndContributionMap":{"docs":{"insertions":8,"deletions":45}}},{"hash":"5acb5550b62feb5025beaf40aaf798c9fe8fb7f6","isMergeCommit":false,"messageTitle":"Update glossary and command summary","messageBody":"","fileTypesAndContributionMap":{"docs":{"insertions":15,"deletions":13}}},{"hash":"cb18c8200d945a42ecf4d2e116d2821a5605ad87","isMergeCommit":false,"messageTitle":"Fix typo","messageBody":"","fileTypesAndContributionMap":{"docs":{"insertions":1,"deletions":1}}},{"hash":"63adcd24163dc7000a87979eea1e8194f4af0985","isMergeCommit":true,"messageTitle":"Merge branch \u0027master\u0027 into master","messageBody":"","fileTypesAndContributionMap":{}},{"hash":"8f8bc09a115ac10cc090822077ad4644b909d6b4","isMergeCommit":true,"messageTitle":"Merge pull request #64 from Daniel-Kur/master","messageBody":"Update user guide","fileTypesAndContributionMap":{}}]},{"date":"2023-03-30","commitResults":[{"hash":"f30fd43be0c1df38bb7f1dbdb13cf08ab93cc120","isMergeCommit":false,"messageTitle":"Add isMarked attribute to Pet class","messageBody":"","fileTypesAndContributionMap":{"functional-code":{"insertions":2,"deletions":0}}},{"hash":"5952d4c04c2748fa7bc2e68701f31cf649c6cc0e","isMergeCommit":false,"messageTitle":"Add MarkCommandParser","messageBody":"","fileTypesAndContributionMap":{"functional-code":{"insertions":29,"deletions":0}}},{"hash":"c1888b7b8a235462ce1b3bc024a9acdda5d17cae","isMergeCommit":false,"messageTitle":"Add MarkCommand","messageBody":"","fileTypesAndContributionMap":{"functional-code":{"insertions":65,"deletions":6}}},{"hash":"c805cb502e10ef48acb83bca4752aefacd96fd39","isMergeCommit":false,"messageTitle":"Fix MarkCommand","messageBody":"","fileTypesAndContributionMap":{"functional-code":{"insertions":16,"deletions":0}}},{"hash":"58a2f1365fd530565f49cf1d7cfce36b143ce78a","isMergeCommit":false,"messageTitle":"Fix MarkCommand issue","messageBody":"","fileTypesAndContributionMap":{"functional-code":{"insertions":9,"deletions":1}}},{"hash":"10bbcc98b2c364fe37e1e75d0c7e536eb1a4ed02","isMergeCommit":false,"messageTitle":"Fix mark implementation","messageBody":"","fileTypesAndContributionMap":{"functional-code":{"insertions":18,"deletions":3}}},{"hash":"d733b28465f8046c5064c10590954e1bc7b72c37","isMergeCommit":false,"messageTitle":"Fix bug in highlight","messageBody":"","fileTypesAndContributionMap":{"functional-code":{"insertions":25,"deletions":6}}},{"hash":"4a9f61b9efe40e9e674af879ad983aad30cc9a76","isMergeCommit":true,"messageTitle":"Merge pull request #75 from Daniel-Kur/master","messageBody":"Fix highlight issue","fileTypesAndContributionMap":{}},{"hash":"22357484a02c1dd43f6cdbb389f3d6ce8c35bd26","isMergeCommit":false,"messageTitle":"Add NoDeadline Class","messageBody":"","fileTypesAndContributionMap":{"functional-code":{"insertions":13,"deletions":0}}},{"hash":"765c26af147418670cdfcdcf9c45275c9a262b76","isMergeCommit":false,"messageTitle":"Fix null deadline issue","messageBody":"","fileTypesAndContributionMap":{"functional-code":{"insertions":25,"deletions":10}}},{"hash":"0e71d21e958fe6939219735f4d3ca0015072e594","isMergeCommit":false,"messageTitle":"Fix another bug","messageBody":"","fileTypesAndContributionMap":{"functional-code":{"insertions":9,"deletions":5}}},{"hash":"5c0aa2c0e20d8c299617e82145e4cee0476e74b1","isMergeCommit":true,"messageTitle":"Merge pull request #76 from Daniel-Kur/master","messageBody":"Make deadline field optional","fileTypesAndContributionMap":{}}]}],"wengkit1":[{"date":"2023-02-19","commitResults":[{"hash":"5b7cab713981ca6c73fe7f46068721ecc14d24a3","isMergeCommit":false,"messageTitle":"Update UserGuide","messageBody":"","fileTypesAndContributionMap":{"docs":{"insertions":18,"deletions":18}}},{"hash":"5f5089a991d37151d0f626ec0651432ddadcdb08","isMergeCommit":true,"messageTitle":"Merge pull request #10 from shuimeihe/master","messageBody":"Update README.md","fileTypesAndContributionMap":{}},{"hash":"64c29303387a1b8298d82abb0306558ce31236d8","isMergeCommit":false,"messageTitle":"Update DeveloperGuide","messageBody":"","fileTypesAndContributionMap":{"docs":{"insertions":47,"deletions":17}}},{"hash":"736f67b99567a64c8aba416ed209ed2e1cf0a1c8","isMergeCommit":false,"messageTitle":"Update Developer Guide","messageBody":"","fileTypesAndContributionMap":{"docs":{"insertions":1,"deletions":1}}},{"hash":"3b455d988b99e8afdb861babbe202b45fe397e6e","isMergeCommit":false,"messageTitle":"Update Profile","messageBody":"","fileTypesAndContributionMap":{"docs":{"insertions":36,"deletions":1}}},{"hash":"5978cedd037be887403ac7751a4d1b281609a17d","isMergeCommit":false,"messageTitle":"Update Members\u0027 Profile","messageBody":"","fileTypesAndContributionMap":{"docs":{"insertions":0,"deletions":0}}},{"hash":"94fe516138fc67a832e5a0bb81502c0b30f02f2b","isMergeCommit":false,"messageTitle":"no message","messageBody":"","fileTypesAndContributionMap":{"docs":{"insertions":2,"deletions":2}}}]},{"date":"2023-03-05","commitResults":[{"hash":"079feed82a730501f4daa16ef4d36f34fa034cfd","isMergeCommit":false,"messageTitle":"Morph to fit tP","messageBody":"","fileTypesAndContributionMap":{"functional-code":{"insertions":96,"deletions":99},"other":{"insertions":52,"deletions":52},"test-code":{"insertions":58,"deletions":50}}},{"hash":"84ead9af61be55f046a9a8c386f01bc611d0de6b","isMergeCommit":false,"messageTitle":"no message","messageBody":"","fileTypesAndContributionMap":{"functional-code":{"insertions":5,"deletions":5}}},{"hash":"04d28ac0ab308e3bc7b38d675504cee9bae0792e","isMergeCommit":false,"messageTitle":"no message","messageBody":"","fileTypesAndContributionMap":{"functional-code":{"insertions":35,"deletions":33},"other":{"insertions":24,"deletions":24},"test-code":{"insertions":3,"deletions":3}}},{"hash":"d003bb5b4453d55067ac57fc769a9c2da4bdb141","isMergeCommit":false,"messageTitle":"no message","messageBody":"","fileTypesAndContributionMap":{"functional-code":{"insertions":2,"deletions":2}}}]},{"date":"2023-03-14","commitResults":[{"hash":"baa84e986a17a13e6cf0b2177c21267d656b1cad","isMergeCommit":true,"messageTitle":"Merge commit \u00274e52670e2b150c4117972c3fc7fce820e82609cc\u0027","messageBody":"","fileTypesAndContributionMap":{}},{"hash":"6921ab533a81fef6ba6e0227bdef5f77ad5ad114","isMergeCommit":false,"messageTitle":"Minor changes","messageBody":"","fileTypesAndContributionMap":{"functional-code":{"insertions":8,"deletions":11},"docs":{"insertions":1,"deletions":1}}},{"hash":"943a944e5cf245e1f01fc12c0dcae3afb88df11d","isMergeCommit":true,"messageTitle":"Merge pull request #27 from wengkit1/master","messageBody":"Minor changes","fileTypesAndContributionMap":{}},{"hash":"24546bf2ef4751d1861042d78f83658963953e1a","isMergeCommit":false,"messageTitle":"Refactor Test Classes","messageBody":"","fileTypesAndContributionMap":{"test-code":{"insertions":63,"deletions":63}}}]},{"date":"2023-03-16","commitResults":[{"hash":"f57901b0a0f906d4036ecf71494b17a982fbf1d2","isMergeCommit":false,"messageTitle":"Refactor some test cases to reflect project morphs","messageBody":"","fileTypesAndContributionMap":{"functional-code":{"insertions":8,"deletions":2},"test-code":{"insertions":3,"deletions":2}}},{"hash":"5ddbbe71d6d18725516fbc865f6283af0a45be56","isMergeCommit":true,"messageTitle":"Merge pull request #39 from wengkit1/master","messageBody":"Refactor some test cases to reflect project morphs","fileTypesAndContributionMap":{}}]},{"date":"2023-03-20","commitResults":[{"hash":"0bdb9e2cbbd923778cb8f186cd656da123cfa138","isMergeCommit":false,"messageTitle":"no message","messageBody":"","fileTypesAndContributionMap":{"functional-code":{"insertions":1,"deletions":1}}},{"hash":"0a19858345a88cad84f0265ce550702a8de35066","isMergeCommit":false,"messageTitle":"Added timestamp prefix","messageBody":"","fileTypesAndContributionMap":{"functional-code":{"insertions":12,"deletions":4},"test-code":{"insertions":4,"deletions":2}}},{"hash":"b84dac1f85c6d707c3f15c82fa82770fb77c781c","isMergeCommit":false,"messageTitle":"Add feature to show amount in sgd due by owner to shop based on arrival time input (ts/) new tag","messageBody":"","fileTypesAndContributionMap":{"functional-code":{"insertions":68,"deletions":15}}},{"hash":"594d33043fba0debe8d48f150efbe3057b29da41","isMergeCommit":false,"messageTitle":"Fix calculator feature","messageBody":"","fileTypesAndContributionMap":{"functional-code":{"insertions":11,"deletions":12}}},{"hash":"3f48445e5f1746eb5c3a3a2f7f95cfa176b04eb0","isMergeCommit":true,"messageTitle":"Merge pull request #43 from wengkit1/master","messageBody":"Add Calculator Feature for Amount Due","fileTypesAndContributionMap":{}}]},{"date":"2023-03-23","commitResults":[{"hash":"ac4778dd21639b8bce54010fa2efb87bfc529f04","isMergeCommit":false,"messageTitle":"Define behaviour for future time.","messageBody":"","fileTypesAndContributionMap":{"functional-code":{"insertions":1,"deletions":1}}},{"hash":"ee4d9cdb20284dcc9c94450b5636d42b6beda55c","isMergeCommit":false,"messageTitle":"Add undo functionality for delete and add commands","messageBody":"","fileTypesAndContributionMap":{"functional-code":{"insertions":47,"deletions":1}}},{"hash":"263e7a97c1a7cb1f00f288ee25eb89c3f6b930b6","isMergeCommit":false,"messageTitle":"Standardise amount due","messageBody":"","fileTypesAndContributionMap":{"functional-code":{"insertions":5,"deletions":2}}},{"hash":"db5bb98f57724bf47ffc835fb2ca5b145e393519","isMergeCommit":true,"messageTitle":"Merge branch \u0027master\u0027 into master","messageBody":"","fileTypesAndContributionMap":{}},{"hash":"bab6c8e654038f8093ae6d4fcc026a880aaba40d","isMergeCommit":true,"messageTitle":"Merge pull request #48 from wengkit1/master","messageBody":"Define behaviour for future time.","tags":["v1.3.trial"],"fileTypesAndContributionMap":{}},{"hash":"43cdb9d25f3cf225df7571b320b32afc21ec0227","isMergeCommit":false,"messageTitle":"Fix bug -parsing of java localdatetime was inconsistent","messageBody":"","fileTypesAndContributionMap":{"functional-code":{"insertions":4,"deletions":2}}},{"hash":"db8ee9952ab9aafd6f75b47c561fff52b4cfd44c","isMergeCommit":true,"messageTitle":"Merge branch \u0027AY2223S2-CS2103T-T14-2:master\u0027 into master","messageBody":"","fileTypesAndContributionMap":{}},{"hash":"26098ee80bdae254ce6212aa61dbb2680b4319ee","isMergeCommit":true,"messageTitle":"Merge pull request #49 from wengkit1/master","messageBody":"Bug fix","fileTypesAndContributionMap":{}},{"hash":"4fc11ab1969071632e82d02cc12951fad35ce910","isMergeCommit":false,"messageTitle":"Update developer guide for calculator and undo feature","messageBody":"","fileTypesAndContributionMap":{"docs":{"insertions":67,"deletions":8}}},{"hash":"1cc2a83e982553ff8276836a60415b7b470e5379","isMergeCommit":true,"messageTitle":"Merge pull request #51 from wengkit1/master","messageBody":"Update developer guide for calculator and undo feature","fileTypesAndContributionMap":{}}]},{"date":"2023-03-29","commitResults":[{"hash":"2a27ad8d8d2688bfe6c2a930d293787535aa46c7","isMergeCommit":false,"messageTitle":"Update UserGuide","messageBody":"","fileTypesAndContributionMap":{"docs":{"insertions":6,"deletions":0}}},{"hash":"ee83945ac5c5d0e0ad5342aecd9517cfe8ba43c1","isMergeCommit":true,"messageTitle":"Merge pull request #66 from wengkit1/master","messageBody":"Update UserGuide","fileTypesAndContributionMap":{}},{"hash":"e0abf1336702f8c7033ab0996fc73e45887a05e2","isMergeCommit":false,"messageTitle":"Remove artifacts","messageBody":"","fileTypesAndContributionMap":{"docs":{"insertions":6,"deletions":6}}},{"hash":"97d834b650e7f7228574ad5a85a139ac2dae9ca3","isMergeCommit":false,"messageTitle":"Revert \"Remove artifacts\"","messageBody":"This reverts commit e0abf1336702f8c7033ab0996fc73e45887a05e2.\n","fileTypesAndContributionMap":{"docs":{"insertions":6,"deletions":6}}},{"hash":"61591f25506641fa0ab007b355b93154ced8c911","isMergeCommit":true,"messageTitle":"Merge commit \u00272b40b31ed05d64e215cd533d40ec9a87be36922f\u0027","messageBody":"","fileTypesAndContributionMap":{}},{"hash":"98f4d3ce14e0f91d08139217452bc6a112f385a3","isMergeCommit":false,"messageTitle":"Remove artifacts","messageBody":"","fileTypesAndContributionMap":{"docs":{"insertions":6,"deletions":6}}},{"hash":"b64c8cd7b169b711b551b8ea6234e98a76d995cf","isMergeCommit":true,"messageTitle":"Merge commit \u00279876e12bdb26909d9174974da165d92cf83e579b\u0027","messageBody":"","fileTypesAndContributionMap":{}},{"hash":"a51598dc3a7fbb87bcf0ed4fe2e21687d2dc7139","isMergeCommit":true,"messageTitle":"Merge pull request #69 from wengkit1/master","messageBody":"Fix sync","fileTypesAndContributionMap":{}},{"hash":"b2d094376d9621c827cbd4fefd32539e7d8aaf44","isMergeCommit":false,"messageTitle":"Add UndoCommand Test","messageBody":"","fileTypesAndContributionMap":{"test-code":{"insertions":43,"deletions":0}}},{"hash":"14d2e78735eaa86c7d4e0503719167423bb276d8","isMergeCommit":true,"messageTitle":"Merge pull request #70 from wengkit1/master","messageBody":"Add UndoCommand Test","fileTypesAndContributionMap":{}}]},{"date":"2023-03-30","commitResults":[{"hash":"870646e01e58cb079f7544ca58a63dbe813dbe6a","isMergeCommit":false,"messageTitle":"no message","messageBody":"","fileTypesAndContributionMap":{"functional-code":{"insertions":5,"deletions":0},"docs":{"insertions":1,"deletions":1}}},{"hash":"15bda29d1553da3850c9802fa230afae40cb94b1","isMergeCommit":true,"messageTitle":"Merge commit \u0027111ac4957880c84fd3204d47d396cb1fa72e4be7\u0027","messageBody":"","fileTypesAndContributionMap":{}},{"hash":"0086f0c67ed799c3d607adba784b88e3c00cdb02","isMergeCommit":false,"messageTitle":"Set archive for undo functionality","messageBody":"","fileTypesAndContributionMap":{"functional-code":{"insertions":3,"deletions":1}}},{"hash":"5ab6c6c6fca31379b06f7211d509af10d0a8af5d","isMergeCommit":true,"messageTitle":"Merge pull request #74 from wengkit1/master","messageBody":"Make undo functionality compatible with archive","fileTypesAndContributionMap":{}}]},{"date":"2023-04-02","commitResults":[{"hash":"544f1b6e8440f4045a08bad3f359b23baae1e56b","isMergeCommit":false,"messageTitle":"Fixed indication for invalid timestamp","messageBody":"","fileTypesAndContributionMap":{"functional-code":{"insertions":11,"deletions":1}}},{"hash":"265a98e1d2cf9646d2ff5e8fb9bd275df5c85631","isMergeCommit":true,"messageTitle":"Merge pull request #118 from wengkit1/master","messageBody":"Fixed indication for invalid timestamp","fileTypesAndContributionMap":{}}]}],"shuimeihe":[{"date":"2023-02-19","commitResults":[{"hash":"75243cc020bf25cfca2196da4e3892ca7a013058","isMergeCommit":true,"messageTitle":"Merge pull request #9 from wengkit1/master","messageBody":"Update UserGuide","fileTypesAndContributionMap":{}},{"hash":"83a7775abcf274304f0f45bb2e5cf388954d2ad8","isMergeCommit":false,"messageTitle":"Update README.md","messageBody":"","fileTypesAndContributionMap":{"docs":{"insertions":17,"deletions":13}}},{"hash":"9e317fe913b9d42cb32733bf02473074d8285cc6","isMergeCommit":false,"messageTitle":"Update README.md","messageBody":"","fileTypesAndContributionMap":{"docs":{"insertions":1,"deletions":1}}},{"hash":"cdd4b062321ef1c63e40454e2345a713827dc2f0","isMergeCommit":false,"messageTitle":"Update README.md Added acknowledgement to original project source","messageBody":"","fileTypesAndContributionMap":{"docs":{"insertions":2,"deletions":0}}},{"hash":"e477fd232ea0a67db22e020a248fc156a69d7d29","isMergeCommit":true,"messageTitle":"Merge pull request #14 from wengkit1/master","messageBody":"Update Profile","fileTypesAndContributionMap":{}},{"hash":"d826216404f43a5565c6e5ab7e6abf4a0a9e8a60","isMergeCommit":false,"messageTitle":"Add portfolio page","messageBody":"","fileTypesAndContributionMap":{"docs":{"insertions":39,"deletions":1}}},{"hash":"f8f21786cbdb68ddc2c4a2d652488582f14cc990","isMergeCommit":true,"messageTitle":"Merge pull request #15 from wengkit1/master","messageBody":"Update Members\u0027 Profile","fileTypesAndContributionMap":{}},{"hash":"846afdbd490a199d2ea250eab081af27cfee342a","isMergeCommit":true,"messageTitle":"Merge pull request #16 from Daniel-Kur/master","messageBody":"Update Member\u0027s Profile","fileTypesAndContributionMap":{}},{"hash":"efff292a5dcb2af1679f75d8c6bcdcf7810cfc98","isMergeCommit":true,"messageTitle":"Merge branch \u0027master\u0027 of https://github.com/shuimeihe/tp","messageBody":"","fileTypesAndContributionMap":{}},{"hash":"cb2ac7f29ac57febb24931d72c9138fc9fe4467e","isMergeCommit":true,"messageTitle":"Merge pull request #17 from shuimeihe/master","messageBody":"Add portfolio page","fileTypesAndContributionMap":{}}]},{"date":"2023-03-05","commitResults":[{"hash":"9608d0e0561496e574d3d0e763c38a227df61858","isMergeCommit":false,"messageTitle":"Update _config.yml Update README.md Refactor image names","messageBody":"Image names are currently unable to be detected by the tP progress\ndashboard.\n","fileTypesAndContributionMap":{"docs":{"insertions":10,"deletions":10}}},{"hash":"b6915d12299a5b3fbbd11c3f1858c706a00ad417","isMergeCommit":true,"messageTitle":"Merge branch \u0027AY2223S2-CS2103T-T14-2:master\u0027 into master","messageBody":"","fileTypesAndContributionMap":{}},{"hash":"91700392992042325c392d8ce56847eb9233ffc0","isMergeCommit":true,"messageTitle":"Merge pull request #18 from shuimeihe/master","messageBody":"Update _config.yml","fileTypesAndContributionMap":{}}]},{"date":"2023-03-12","commitResults":[{"hash":"5884a650cc35116eeea4701829cb51b5566c612f","isMergeCommit":true,"messageTitle":"Merge pull request #25 from shuimeihe/master","messageBody":"Update Ui.png","fileTypesAndContributionMap":{}}]},{"date":"2023-03-15","commitResults":[{"hash":"2a2beb925c3e8e7309be8370dd856955152aa684","isMergeCommit":false,"messageTitle":"Updated links to reflect actual links Refactoring variable names \u0026 comments Updating AddCommandParserTest","messageBody":"","fileTypesAndContributionMap":{"functional-code":{"insertions":14,"deletions":11},"docs":{"insertions":6,"deletions":6},"test-code":{"insertions":132,"deletions":108}}},{"hash":"d3af153b664279584fc174a5aa177d8739e57a9f","isMergeCommit":false,"messageTitle":"Update AddCommandParserTest","messageBody":"","fileTypesAndContributionMap":{"test-code":{"insertions":11,"deletions":6}}},{"hash":"f6c7174d90c6c7fd596bde2df7209c387e60b3cd","isMergeCommit":false,"messageTitle":"Add archive command base","messageBody":"","fileTypesAndContributionMap":{"functional-code":{"insertions":65,"deletions":1}}},{"hash":"de16b2e23407383645088ee59303d559cacbeeb9","isMergeCommit":true,"messageTitle":"Merge pull request #32 from shuimeihe/master","messageBody":"Update AddCommandParserTest","fileTypesAndContributionMap":{}},{"hash":"91f75692fe156dd8802e3dbca672a114fb83e22b","isMergeCommit":false,"messageTitle":"no message","messageBody":"","fileTypesAndContributionMap":{"functional-code":{"insertions":6,"deletions":5},"test-code":{"insertions":9,"deletions":5}}}]},{"date":"2023-03-16","commitResults":[{"hash":"5776b147c6beca2a9957aee0ff61d4032bfb0118","isMergeCommit":false,"messageTitle":"Fix some tests","messageBody":"","fileTypesAndContributionMap":{"functional-code":{"insertions":10,"deletions":14},"test-code":{"insertions":8,"deletions":2}}},{"hash":"746de5a887222c9ea7a790764d6ed4ebfac3b9c8","isMergeCommit":true,"messageTitle":"Merge pull request #36 from shuimeihe/archive-command","messageBody":"Archive command","fileTypesAndContributionMap":{}},{"hash":"ffb0fe43c2840112a30ed729bc6c42bea2d02fd0","isMergeCommit":false,"messageTitle":"Add archive file path","messageBody":"","fileTypesAndContributionMap":{"functional-code":{"insertions":1,"deletions":0}}},{"hash":"16be412e68466ff405222b6dc9c80e9f1c6398d0","isMergeCommit":false,"messageTitle":"Fix typo","messageBody":"","fileTypesAndContributionMap":{"functional-code":{"insertions":1,"deletions":1}}},{"hash":"eb4c2c7df91b70a008d461929300991ae455a72a","isMergeCommit":true,"messageTitle":"Merging","messageBody":"","fileTypesAndContributionMap":{}},{"hash":"eaf5f02a8a2d0c65f6a82e99c946bb3fe1f7ac8f","isMergeCommit":false,"messageTitle":"Resolve merging conflicts","messageBody":"","fileTypesAndContributionMap":{"functional-code":{"insertions":1,"deletions":5}}}]},{"date":"2023-03-22","commitResults":[{"hash":"e47901ea3ba662f2f4a9b4b7f8c6ed8ed0eba931","isMergeCommit":false,"messageTitle":"Add ArchiveCommandParser","messageBody":"","fileTypesAndContributionMap":{"functional-code":{"insertions":54,"deletions":6},"test-code":{"insertions":7,"deletions":0}}},{"hash":"728a2b64daac762627efddfd703b67f2efc36a7c","isMergeCommit":true,"messageTitle":"Merge branch \u0027AY2223S2-CS2103T-T14-2:master\u0027 into master","messageBody":"","fileTypesAndContributionMap":{}},{"hash":"32704bb8e1c417d73f9fc4b036028f1e9f394e2c","isMergeCommit":false,"messageTitle":"Add ArchiveCommandTest Update equals method in ArchiveCommand","messageBody":"","fileTypesAndContributionMap":{"functional-code":{"insertions":3,"deletions":3},"test-code":{"insertions":141,"deletions":6}}},{"hash":"4dab72bed9e0304344f438084abf44f34b7297f6","isMergeCommit":true,"messageTitle":"Merge branch \u0027AY2223S2-CS2103T-T14-2:master\u0027 into master","messageBody":"","fileTypesAndContributionMap":{}},{"hash":"4b2f2344e7fa85b66e3c3c757b9450b7fe9ff4fe","isMergeCommit":false,"messageTitle":"Implement some archive storage methods Update some wording in method comments","messageBody":"","fileTypesAndContributionMap":{"functional-code":{"insertions":110,"deletions":7}}}]},{"date":"2023-03-23","commitResults":[{"hash":"dcf9f17c6a165ecd5485856cc7f64877044d869c","isMergeCommit":false,"messageTitle":"Implement archive command - Stil has a bug that does save it to the archive.json","messageBody":"Fix some checkstyle errors in main\n","fileTypesAndContributionMap":{"functional-code":{"insertions":106,"deletions":40},"test-code":{"insertions":36,"deletions":32}}},{"hash":"0a1452362611d8ed6585b93e1b6405b4ae9b59f3","isMergeCommit":false,"messageTitle":"Fix checkstyle errors","messageBody":"","fileTypesAndContributionMap":{"functional-code":{"insertions":51,"deletions":27}}},{"hash":"30606cde315bcfbbcf4beb53e4cf254cc71571a3","isMergeCommit":false,"messageTitle":"Fix checkstyles for tests","messageBody":"","fileTypesAndContributionMap":{"test-code":{"insertions":54,"deletions":37}}},{"hash":"42c60898b483c5964ed88443e34f8bbae5c6a9f8","isMergeCommit":true,"messageTitle":"Merge branch \u0027AY2223S2-CS2103T-T14-2:master\u0027 into master","messageBody":"","fileTypesAndContributionMap":{}},{"hash":"00e87af3bae0299523a09619a1fe2ced59260f89","isMergeCommit":false,"messageTitle":"Minor viewing fix","messageBody":"","fileTypesAndContributionMap":{"functional-code":{"insertions":1,"deletions":1}}},{"hash":"be3b195a2ccff2d279ee3d659b0a1575b9ae2153","isMergeCommit":true,"messageTitle":"Merge branch \u0027master\u0027 of https://github.com/shuimeihe/tp","messageBody":"","fileTypesAndContributionMap":{}}]},{"date":"2023-03-24","commitResults":[{"hash":"f393c41b3360f051e7a57de97d6875a847061a6e","isMergeCommit":false,"messageTitle":"Fix codecov badge icon","messageBody":"","fileTypesAndContributionMap":{"docs":{"insertions":1,"deletions":1}}},{"hash":"14b1ff3b98fd236d234dd70221c112bf6ea25516","isMergeCommit":false,"messageTitle":"Update Ui.png","messageBody":"","fileTypesAndContributionMap":{"functional-code":{"insertions":2,"deletions":2}}},{"hash":"4ae88b96b5ad4df5783901e069159d56327573c5","isMergeCommit":false,"messageTitle":"Update DeveloperGuide - Added proposed importing data from excel feature","messageBody":"","fileTypesAndContributionMap":{"docs":{"insertions":19,"deletions":7}}},{"hash":"e8aee7a86393d002bc9cbf29cbee367998fa00b1","isMergeCommit":true,"messageTitle":"Merge branch \u0027master\u0027 into master","messageBody":"","fileTypesAndContributionMap":{}},{"hash":"8482b52774f3d85710dafb46e354037324de7228","isMergeCommit":true,"messageTitle":"Merge pull request #53 from shuimeihe/master","messageBody":"Update DeveloperGuide","fileTypesAndContributionMap":{}},{"hash":"3b711344b73b6ecf2bde0120cd1110ddbd09063f","isMergeCommit":false,"messageTitle":"Update DeveloperGuide","messageBody":"","fileTypesAndContributionMap":{"docs":{"insertions":33,"deletions":18}}},{"hash":"ca2e7f54f40c5ce03813e03b4bd6cd70b37ddb43","isMergeCommit":true,"messageTitle":"Merge branch \u0027master\u0027 of https://github.com/shuimeihe/tp","messageBody":"# Conflicts:\n#\tdocs/DeveloperGuide.md\n","fileTypesAndContributionMap":{}},{"hash":"1d66a5e693f619b8dc9da1e89cde938d26ea0833","isMergeCommit":false,"messageTitle":"Update DeveloperGuide formatting","messageBody":"","fileTypesAndContributionMap":{"docs":{"insertions":25,"deletions":19}}},{"hash":"09cbabbf59341707ee76851822d0f3ae28b18cf9","isMergeCommit":true,"messageTitle":"Merge pull request #54 from shuimeihe/master","messageBody":"Update DeveloperGuide","fileTypesAndContributionMap":{}},{"hash":"3c5ef750d70b794c9ec9566106194f2021bc890a","isMergeCommit":false,"messageTitle":"Update DeveloperGuide formatting","messageBody":"","fileTypesAndContributionMap":{"docs":{"insertions":18,"deletions":14}}},{"hash":"08935151fa43d711071a0406801eb297f9b70da3","isMergeCommit":true,"messageTitle":"Merge branch \u0027AY2223S2-CS2103T-T14-2:master\u0027 into master","messageBody":"","fileTypesAndContributionMap":{}},{"hash":"449ce50f7582c9395078c6ad15227033a808a0d7","isMergeCommit":true,"messageTitle":"Merge pull request #55 from shuimeihe/master","messageBody":"Minor DeveloperGuide update","fileTypesAndContributionMap":{}}]},{"date":"2023-03-27","commitResults":[{"hash":"f7c80902383b2d851944f52dbd8c40936bf75ed7","isMergeCommit":false,"messageTitle":"Update README.md","messageBody":"","fileTypesAndContributionMap":{"docs":{"insertions":2,"deletions":1}}}]},{"date":"2023-03-28","commitResults":[{"hash":"11353d14ab71b317a0235b9c16fda70fdbd0a99c","isMergeCommit":false,"messageTitle":"Update links in docs Fix checkstyle errors for main","messageBody":"","fileTypesAndContributionMap":{"functional-code":{"insertions":42,"deletions":9},"docs":{"insertions":16,"deletions":9}}},{"hash":"6619c3629167e8b225fedc39deafbb17961e079f","isMergeCommit":false,"messageTitle":"Minor UG updates","messageBody":"","fileTypesAndContributionMap":{"docs":{"insertions":10,"deletions":11}}},{"hash":"93b4cc4be076f4fc86ca5fa2c08663699d27584d","isMergeCommit":true,"messageTitle":"Merge branch \u0027master\u0027 into master","messageBody":"","fileTypesAndContributionMap":{}},{"hash":"fd4287336c1bb907e197310cbb547f09262d4db7","isMergeCommit":true,"messageTitle":"Merge pull request #62 from shuimeihe/master","messageBody":"Fix checkstyle errors","fileTypesAndContributionMap":{}}]},{"date":"2023-03-29","commitResults":[{"hash":"c7468a4d89deda7488f7367853b60c3d06cc35aa","isMergeCommit":false,"messageTitle":"Update UG","messageBody":"","fileTypesAndContributionMap":{"docs":{"insertions":29,"deletions":36}}},{"hash":"c8002f81415793c64254acc012c3290ea4d79783","isMergeCommit":false,"messageTitle":"Remove unused import","messageBody":"","fileTypesAndContributionMap":{"functional-code":{"insertions":0,"deletions":1},"docs":{"insertions":1,"deletions":1}}},{"hash":"d1b4700260128f5e41a316f17fda466e73cda5e2","isMergeCommit":false,"messageTitle":"Update UG Refactor images","messageBody":"","fileTypesAndContributionMap":{"docs":{"insertions":81,"deletions":144}}},{"hash":"fa904f8b4fed1b065f7b87e5e48bfc01c407491f","isMergeCommit":false,"messageTitle":"Update UG \u0026 DG","messageBody":"","fileTypesAndContributionMap":{"functional-code":{"insertions":4,"deletions":5},"docs":{"insertions":131,"deletions":355}}},{"hash":"6929261e539f92c5bfdf19da6094a1ac289c8b36","isMergeCommit":false,"messageTitle":"Update UG","messageBody":"","fileTypesAndContributionMap":{"docs":{"insertions":15,"deletions":11}}},{"hash":"3a91cf9c9aa686f6f4ff43ed754b72ca26437aa0","isMergeCommit":true,"messageTitle":"Merge pull request #63 from shuimeihe/master","messageBody":"Update UG","fileTypesAndContributionMap":{}},{"hash":"1527baace58ce4904f135b7f7446987be4ad5422","isMergeCommit":false,"messageTitle":"Add new favicon Removed unused files","messageBody":"","fileTypesAndContributionMap":{"functional-code":{"insertions":2,"deletions":2},"docs":{"insertions":2,"deletions":2},"test-code":{"insertions":1,"deletions":1}}},{"hash":"980b3ab58cc0e7a4aedaf6383451bdee96b654f8","isMergeCommit":false,"messageTitle":"Update index.md with new description Uploaded new logos","messageBody":"","fileTypesAndContributionMap":{"docs":{"insertions":7,"deletions":2}}},{"hash":"fd495a2a138f12dbfd11bad00a6eb7a5bb87cb88","isMergeCommit":false,"messageTitle":"Fix bugs in archive command * Archive command saves to archive.json now","messageBody":"","fileTypesAndContributionMap":{"functional-code":{"insertions":15,"deletions":32},"docs":{"insertions":1,"deletions":1}}},{"hash":"d4081d74c834bf2ef8f4eac61520c8b1cb84e6e0","isMergeCommit":false,"messageTitle":"Remove unused imports Update ArchiveCommandTest tests Added 3 new shortcut words \u0026 updated UG","messageBody":"","fileTypesAndContributionMap":{"functional-code":{"insertions":6,"deletions":1},"docs":{"insertions":42,"deletions":17},"test-code":{"insertions":15,"deletions":2}}},{"hash":"0f33788493fa78482550fd54d0f5c796f6260a56","isMergeCommit":true,"messageTitle":"Merge branch \u0027master\u0027 into master","messageBody":"","fileTypesAndContributionMap":{}},{"hash":"0f754695aaab1c3d53a81133933a138fbce3118b","isMergeCommit":false,"messageTitle":"Fix checkstyle errors","messageBody":"","fileTypesAndContributionMap":{"docs":{"insertions":8,"deletions":8}}},{"hash":"db2951d416bb0ad8499b0f1d7a64cbfad4b2188a","isMergeCommit":true,"messageTitle":"Merge pull request #65 from shuimeihe/master","messageBody":"Fix bugs in archive command","fileTypesAndContributionMap":{}},{"hash":"7610ac6efcf68471da1aaf380188216c710b512e","isMergeCommit":true,"messageTitle":"Merge branch \u0027master\u0027 of https://github.com/shuimeihe/tp","messageBody":"","fileTypesAndContributionMap":{}},{"hash":"892e06889e3bcb82031e223522ea909974e39697","isMergeCommit":true,"messageTitle":"Merge branch \u0027AY2223S2-CS2103T-T14-2:master\u0027 into master","messageBody":"","fileTypesAndContributionMap":{}},{"hash":"f0f042f97eed9740fa5f529da9d09a6018dda42c","isMergeCommit":false,"messageTitle":"Enabled assertions","messageBody":"","fileTypesAndContributionMap":{"other":{"insertions":4,"deletions":0}}},{"hash":"2b40b31ed05d64e215cd533d40ec9a87be36922f","isMergeCommit":true,"messageTitle":"Merge pull request #67 from shuimeihe/master","messageBody":"Fix checkstyle errors","fileTypesAndContributionMap":{}}]},{"date":"2023-03-30","commitResults":[{"hash":"8d8591bdf899edb9eba0e619bdede736266185f0","isMergeCommit":false,"messageTitle":"Add new shortcut word for Find Command Update UG","messageBody":"","fileTypesAndContributionMap":{"functional-code":{"insertions":2,"deletions":0},"docs":{"insertions":55,"deletions":17}}},{"hash":"df6dcaa85bdef4d50bc50a2f3c8b017bf4430fdc","isMergeCommit":false,"messageTitle":"Update UG","messageBody":"","fileTypesAndContributionMap":{"docs":{"insertions":26,"deletions":44}}},{"hash":"3152529c54c0be64acbf2b0dbbdc3c587281acea","isMergeCommit":false,"messageTitle":"Update UG","messageBody":"","fileTypesAndContributionMap":{"docs":{"insertions":12,"deletions":9}}},{"hash":"111ac4957880c84fd3204d47d396cb1fa72e4be7","isMergeCommit":true,"messageTitle":"Merge pull request #73 from shuimeihe/master","messageBody":"Update UG","fileTypesAndContributionMap":{}},{"hash":"2a5e4de3f6d797d91acc219289f09c17849fb7b1","isMergeCommit":false,"messageTitle":"Fix bug with SampleDataUtil.java Fix checkstyle errors","messageBody":"","fileTypesAndContributionMap":{"functional-code":{"insertions":19,"deletions":12},"test-code":{"insertions":8,"deletions":5}}},{"hash":"530eb7c9dbda0f1f6ad167d86faf3c29f434948a","isMergeCommit":true,"messageTitle":"Merge pull request #77 from shuimeihe/master","messageBody":"Fix bug with SampleDataUtil.java","tags":["v1.3"],"fileTypesAndContributionMap":{}},{"hash":"9371e7978065b891c0f8f60a53a322b5d6489b93","isMergeCommit":false,"messageTitle":"Fix bug causing wrong archive cache to be saved for undo command","messageBody":"","fileTypesAndContributionMap":{"functional-code":{"insertions":1,"deletions":1}}}]},{"date":"2023-03-31","commitResults":[{"hash":"15017d25fd7b548b5bc93ae654fecca68b595cd2","isMergeCommit":false,"messageTitle":"Update Javadocs Update testcases","messageBody":"","fileTypesAndContributionMap":{"functional-code":{"insertions":27,"deletions":30},"test-code":{"insertions":12,"deletions":11}}},{"hash":"9dd27046d7209f5c985f96f0a99d69ad83a6d42f","isMergeCommit":false,"messageTitle":"Update Javadocs to \"PetPal\"","messageBody":"","fileTypesAndContributionMap":{"functional-code":{"insertions":4,"deletions":4},"docs":{"insertions":5,"deletions":3},"test-code":{"insertions":8,"deletions":8}}},{"hash":"63d695f1430d0b936bfa57c23518dc5928654ada","isMergeCommit":false,"messageTitle":"Update javadocs to match PetPal","messageBody":"","fileTypesAndContributionMap":{"functional-code":{"insertions":8,"deletions":10}}},{"hash":"81e137b978478029d2ff34b9d6c04f9c9be7c737","isMergeCommit":false,"messageTitle":"Fix checkstyle errors","messageBody":"","fileTypesAndContributionMap":{"functional-code":{"insertions":6,"deletions":3},"test-code":{"insertions":3,"deletions":1}}},{"hash":"cf0a76fa1e8dc14aa5d827927fbb7f0f9252dec2","isMergeCommit":false,"messageTitle":"Remove trailing whitespaces","messageBody":"","fileTypesAndContributionMap":{"docs":{"insertions":4,"deletions":4}}},{"hash":"111d44a61fbc3ea8ce1152c7b92565a091739cba","isMergeCommit":true,"messageTitle":"Merge pull request #78 from shuimeihe/master","messageBody":"Fix undo bug","fileTypesAndContributionMap":{}}]},{"date":"2023-04-01","commitResults":[{"hash":"256fe227dcaa0b14e3ced8e1c3a05e2b891ea2c4","isMergeCommit":false,"messageTitle":"Fix issue #99: Removed AB3 terminology Fix issue #86: Add shortcut word for exit command","messageBody":"","fileTypesAndContributionMap":{"functional-code":{"insertions":4,"deletions":2},"docs":{"insertions":2,"deletions":11},"test-code":{"insertions":2,"deletions":3}}}]},{"date":"2023-04-02","commitResults":[{"hash":"cf33fb4e553dc584e3a8420cb879b7358f899989","isMergeCommit":false,"messageTitle":"Update User Guide on undo command, closes #101 Update typos on Find command, closes #87, #111 and #113","messageBody":"","fileTypesAndContributionMap":{"docs":{"insertions":22,"deletions":18}}},{"hash":"c61447b5f20fdf1256a7fd947d8963dc74d9d076","isMergeCommit":true,"messageTitle":"Merge branch \u0027AY2223S2-CS2103T-T14-2:master\u0027 into master","messageBody":"","fileTypesAndContributionMap":{}},{"hash":"86b0cbb00793aa2a8a2259c8e971b00c919efe38","isMergeCommit":true,"messageTitle":"Merge pull request #117 from shuimeihe/master","messageBody":"Bug fixes based on issues","fileTypesAndContributionMap":{}},{"hash":"7e18b21badb2bb085ad1f5abe0203c7792b6d5e4","isMergeCommit":true,"messageTitle":"Merge branch \u0027master\u0027 of https://github.com/shuimeihe/tp","messageBody":"","fileTypesAndContributionMap":{}},{"hash":"3102c5ad53989b0ae7d003a087e3958a343bb124","isMergeCommit":true,"messageTitle":"Merge branch \u0027AY2223S2-CS2103T-T14-2:master\u0027 into master","messageBody":"","fileTypesAndContributionMap":{}},{"hash":"ed2d00341ad1352a9d63a7b2ed291af54b49dd4f","isMergeCommit":false,"messageTitle":"Update User Guide Remove more AB3 terminology","messageBody":"","fileTypesAndContributionMap":{"functional-code":{"insertions":22,"deletions":20},"docs":{"insertions":24,"deletions":19},"test-code":{"insertions":23,"deletions":23}}}]}],"YuanXun9834":[{"date":"2023-02-19","commitResults":[{"hash":"666ae2360092d91b340622ed87d2cd859121d266","isMergeCommit":false,"messageTitle":"updated About us page","messageBody":"","fileTypesAndContributionMap":{"docs":{"insertions":13,"deletions":21}}},{"hash":"169612f56fe73ccff15ede977ff1870fcdafaaa8","isMergeCommit":false,"messageTitle":"updated About Us","messageBody":"","fileTypesAndContributionMap":{"docs":{"insertions":4,"deletions":4}}},{"hash":"41801f53837c91067ffaef9a2d7343d35d1e9bdc","isMergeCommit":true,"messageTitle":"Merge pull request #11 from wengkit1/master","messageBody":"Update DeveloperGuide","fileTypesAndContributionMap":{}},{"hash":"e91ffeb0d24e95f218e9680b2d32046ef674c103","isMergeCommit":false,"messageTitle":"Added Portfolio","messageBody":"","fileTypesAndContributionMap":{"docs":{"insertions":36,"deletions":47}}},{"hash":"63e56fedaeaa5bad369c890fc10c5e121f5b2655","isMergeCommit":true,"messageTitle":"Merge pull request #13 from YuanXun9834/master","messageBody":"Added Portfolio","fileTypesAndContributionMap":{}},{"hash":"58cfb843d2cd33ac4414d388850a0145ab54faf7","isMergeCommit":true,"messageTitle":"Merge pull request #12 from shuimeihe/master","messageBody":"Update README.md","fileTypesAndContributionMap":{}}]},{"date":"2023-03-05","commitResults":[{"hash":"c29da31fbe843daf91ddde32780489a030a1d04a","isMergeCommit":false,"messageTitle":"Update DeveloperGuide.md","messageBody":"","fileTypesAndContributionMap":{"docs":{"insertions":3,"deletions":2}}},{"hash":"da6572235586ee390929e473bdd4a095c9b5fc97","isMergeCommit":true,"messageTitle":"Merge pull request #21 from wengkit1/master","messageBody":"Morph AB3 to fit tP","fileTypesAndContributionMap":{}},{"hash":"283edd0ba49bfae5b83b71ce13c799ad3142f90e","isMergeCommit":false,"messageTitle":"Refactor Code to fit PetPal","messageBody":"","fileTypesAndContributionMap":{"functional-code":{"insertions":51,"deletions":44},"other":{"insertions":58,"deletions":58},"test-code":{"insertions":228,"deletions":228}}}]},{"date":"2023-03-06","commitResults":[{"hash":"285458933e9a695a0fd3f4f58742df102ce8dd73","isMergeCommit":false,"messageTitle":"Refactor Code and Added Owner Name trait to pets","messageBody":"","fileTypesAndContributionMap":{"functional-code":{"insertions":352,"deletions":277},"other":{"insertions":109,"deletions":100},"test-code":{"insertions":193,"deletions":185}}},{"hash":"eb5720f023bd7b8b5a974f1bb1152230ffb14f29","isMergeCommit":true,"messageTitle":"Merge pull request #22 from YuanXun9834/Refactor","messageBody":"Refactor and Added Owner Names","fileTypesAndContributionMap":{}}]},{"date":"2023-03-12","commitResults":[{"hash":"4fd71f4f90d67459408364fd763217be7744ca20","isMergeCommit":false,"messageTitle":"Bug fixes and Refactored default PetPal list","messageBody":"","fileTypesAndContributionMap":{"functional-code":{"insertions":18,"deletions":15},"other":{"insertions":9,"deletions":4}}},{"hash":"4f043f32ff27be4975dd4f355bd61e6f1155d5e0","isMergeCommit":true,"messageTitle":"Merge pull request #24 from YuanXun9834/BugFix","messageBody":"Bug fixes and Refactored default PetPal list","fileTypesAndContributionMap":{}}]},{"date":"2023-03-14","commitResults":[{"hash":"1a578e0d0103c75824c2e481c73cc9af3702ca60","isMergeCommit":true,"messageTitle":"Merge pull request #28 from wengkit1/master","messageBody":"Refactor Test Classes","fileTypesAndContributionMap":{}},{"hash":"e8718bda905e67f8e67d70cd73c82886441840e7","isMergeCommit":false,"messageTitle":"Fixed Checkstyle Errors","messageBody":"","fileTypesAndContributionMap":{"functional-code":{"insertions":8,"deletions":2}}},{"hash":"3f8740a08de984f9981edf45226a0d706868db14","isMergeCommit":false,"messageTitle":"Refactored test cases","messageBody":"","fileTypesAndContributionMap":{"other":{"insertions":15,"deletions":20},"docs":{"insertions":2,"deletions":2},"test-code":{"insertions":385,"deletions":346}}},{"hash":"5587293284aebb4634158f541403d05623df09bb","isMergeCommit":true,"messageTitle":"Merge pull request #30 from YuanXun9834/CheckStyle","messageBody":"Check style","fileTypesAndContributionMap":{}},{"hash":"43cb261204e72e84da6b42e8c8a42bd3b7c1b6f8","isMergeCommit":false,"messageTitle":"Further Checkstyle Changes","messageBody":"","fileTypesAndContributionMap":{"test-code":{"insertions":88,"deletions":74}}},{"hash":"d950dbaa6fafb08711a26055cafd1a51973d51f8","isMergeCommit":true,"messageTitle":"Merge pull request #31 from YuanXun9834/CheckStyle","messageBody":"Further Checkstyle Changes","fileTypesAndContributionMap":{}}]},{"date":"2023-03-16","commitResults":[{"hash":"4d0ee3e4638503e29df69043bcdc150e8a022c28","isMergeCommit":false,"messageTitle":"Renamed Json file as well as jar file","messageBody":"","fileTypesAndContributionMap":{"functional-code":{"insertions":6,"deletions":6},"other":{"insertions":1,"deletions":1}}},{"hash":"c21eb7e3c88194f13f4090e53cedd66d1f968ac8","isMergeCommit":true,"messageTitle":"Merge pull request #38 from YuanXun9834/RenameFiles","messageBody":"Renamed Json file as well as jar file","tags":["v1.2"],"fileTypesAndContributionMap":{}}]},{"date":"2023-03-21","commitResults":[{"hash":"6d3a2923d495ae339e2a4518f054198b4b5ebd16","isMergeCommit":false,"messageTitle":"Added Deadline to Pet Model","messageBody":"","fileTypesAndContributionMap":{"functional-code":{"insertions":158,"deletions":42},"test-code":{"insertions":23,"deletions":17}}},{"hash":"5c7a1de3a13d4610ed54c1f74cf8aee716cbf106","isMergeCommit":true,"messageTitle":"Merge pull request #44 from YuanXun9834/Deadline","messageBody":"Added Deadline to Pet Model","fileTypesAndContributionMap":{}}]},{"date":"2023-03-22","commitResults":[{"hash":"0e31ca4c9cd8e2f99d74e4c6c929281e227576e3","isMergeCommit":false,"messageTitle":"Added Remind Command","messageBody":"","fileTypesAndContributionMap":{"functional-code":{"insertions":74,"deletions":4}}},{"hash":"fcf0426888569176ec694aaed2999deed0c70e95","isMergeCommit":true,"messageTitle":"Merge pull request #45 from YuanXun9834/Deadline","messageBody":"Added Remind Command","fileTypesAndContributionMap":{}}]},{"date":"2023-03-23","commitResults":[{"hash":"50f327b15c5000e0214a0d1e81b1dd128ddb37a0","isMergeCommit":true,"messageTitle":"Merge pull request #47 from shuimeihe/master","messageBody":"Implement basic archive functionality","fileTypesAndContributionMap":{}},{"hash":"a2b92f89c78237c1397f3237ab08db18839672d8","isMergeCommit":false,"messageTitle":"Updated Developer Guide with implementation of Remind","messageBody":"","fileTypesAndContributionMap":{"functional-code":{"insertions":6,"deletions":9},"docs":{"insertions":105,"deletions":0},"test-code":{"insertions":5,"deletions":0}}},{"hash":"ab65cc5fd716256db54032ec2d96c32c8dc8bff5","isMergeCommit":true,"messageTitle":"Merge pull request #50 from YuanXun9834/DeveloperGuide","messageBody":"Updated Developer Guide with implementation of Remind","fileTypesAndContributionMap":{}}]},{"date":"2023-03-27","commitResults":[{"hash":"b5d8cce5314e8e46b03deded09abbbd50ef3486a","isMergeCommit":false,"messageTitle":"Added changeCost command as well as added cost class to pet","messageBody":"","fileTypesAndContributionMap":{"functional-code":{"insertions":145,"deletions":18}}},{"hash":"118d5aa2a6616f82b87417b97508c29a1b4d3b94","isMergeCommit":true,"messageTitle":"Merge pull request #56 from YuanXun9834/changeCost","messageBody":"Added changeCost command as well as added cost class to pet","fileTypesAndContributionMap":{}}]},{"date":"2023-03-28","commitResults":[{"hash":"49dace114cd286e4c1cc748aa4b8cb85f62b0983","isMergeCommit":false,"messageTitle":"Updated user guide","messageBody":"","fileTypesAndContributionMap":{"docs":{"insertions":644,"deletions":92}}},{"hash":"63e43ce5fd12f725292ba889e0d22f1a886b7c40","isMergeCommit":true,"messageTitle":"Merge pull request #60 from YuanXun9834/userguide","messageBody":"Updated user guide","fileTypesAndContributionMap":{}},{"hash":"e460776833953b8fd267cbc83aabc61fa3694b80","isMergeCommit":false,"messageTitle":"Add necessary images","messageBody":"","fileTypesAndContributionMap":{"functional-code":{"insertions":2,"deletions":2}}},{"hash":"a223373230de162f9d9e250d7840a82be4f83472","isMergeCommit":true,"messageTitle":"Merge pull request #61 from YuanXun9834/userguide","messageBody":"Add necessary images","fileTypesAndContributionMap":{}}]},{"date":"2023-03-30","commitResults":[{"hash":"8cc7079cba5b8dc472a8b40fc897e103d5e664e1","isMergeCommit":false,"messageTitle":"Added Test Classes for Cost and Remind Comand","messageBody":"","fileTypesAndContributionMap":{"functional-code":{"insertions":14,"deletions":0},"test-code":{"insertions":87,"deletions":7}}},{"hash":"7bb1cceac96e2623c8644a9e36fb3af3ca8b71b3","isMergeCommit":true,"messageTitle":"Merge pull request #72 from YuanXun9834/testCase","messageBody":"Added Test Classes for Cost and Remind Comand","fileTypesAndContributionMap":{}}]},{"date":"2023-04-01","commitResults":[{"hash":"e34456ab8b5400ac5aa4a15f254c6eae5a5e0af7","isMergeCommit":false,"messageTitle":"Bug Fix after pe","messageBody":"","fileTypesAndContributionMap":{"functional-code":{"insertions":41,"deletions":13},"docs":{"insertions":6,"deletions":8}}},{"hash":"37fdd03758caf2f4897e3f7d72c931f060d30f8e","isMergeCommit":true,"messageTitle":"Merge pull request #116 from YuanXun9834/bugFix","messageBody":"Bug Fix after pe","fileTypesAndContributionMap":{}}]},{"date":"2023-04-03","commitResults":[{"hash":"e0e56dfb22a8d2ee065a9a3d0d8e2352644ba0c4","isMergeCommit":true,"messageTitle":"Merge pull request #119 from shuimeihe/master","messageBody":"Update user guide","fileTypesAndContributionMap":{}},{"hash":"af71f60f869423d458a4eed340bce7b3d3a52b5a","isMergeCommit":false,"messageTitle":"Fixing bugs raised in the PE-D","messageBody":"","fileTypesAndContributionMap":{"functional-code":{"insertions":11,"deletions":5},"docs":{"insertions":6,"deletions":2}}},{"hash":"08129e0bb1a9b32555ebb4eda961e3dbee978feb","isMergeCommit":true,"messageTitle":"Merge pull request #120 from YuanXun9834/fixingBugs","messageBody":"Fixing bugs raised in the PE-D","fileTypesAndContributionMap":{}}]},{"date":"2023-04-04","commitResults":[{"hash":"7a432d5d3137f7379a3f69856ce22d6ae684faec","isMergeCommit":false,"messageTitle":"Fixed Some Test Cases as well as Developer Guide","messageBody":"","fileTypesAndContributionMap":{"functional-code":{"insertions":20,"deletions":7},"docs":{"insertions":10,"deletions":10},"test-code":{"insertions":210,"deletions":161}}},{"hash":"d0d847da311be8997782ba62318c32d6e9e9a921","isMergeCommit":true,"messageTitle":"Merge pull request #121 from YuanXun9834/FixTestCases","messageBody":"Fixed Some Test Cases as well as Developer Guide","fileTypesAndContributionMap":{}}]}]},"authorFileTypeContributionMap":{"Daniel-Kur":{"docs":78,"functional-code":354,"test-code":24},"wengkit1":{"docs":146,"functional-code":253,"test-code":91},"shuimeihe":{"docs":447,"functional-code":453,"test-code":373,"other":4},"YuanXun9834":{"docs":292,"functional-code":756,"test-code":1088,"other":1}},"authorContributionVariance":{"Daniel-Kur":3379.816,"wengkit1":7418.936,"shuimeihe":28138.932,"YuanXun9834":67088.33},"authorDisplayNameMap":{"Daniel-Kur":"CS2103T-T14-2 DANI..AWAN","wengkit1":"CS2103T-T14-2 SOO .. KIT","shuimeihe":"CS2103T-T14-2 HE S..IMEI","YuanXun9834":"CS2103T-T14-2 LIN .. XUN"}}
