{"authorDailyContributionsMap":{"tituswe":[{"date":"2023-02-22","commitResults":[{"hash":"8eb0b9fa8503a03c58c8c67c0359bb32d993f798","isMergeCommit":false,"messageTitle":"Edit AboutUs, UserGuide, README, tituswe","messageBody":"","fileTypesAndContributionMap":{"docs":{"insertions":52,"deletions":3}}},{"hash":"864f162b6d3609c6da5bf22dd989a78a40bc100f","isMergeCommit":false,"messageTitle":"Fix bugs","messageBody":"","fileTypesAndContributionMap":{"docs":{"insertions":10,"deletions":10}}},{"hash":"a38616d17afccaf30828750d49f9600102c57559","isMergeCommit":true,"messageTitle":"Merge branch \u0027master\u0027 into master","messageBody":"","fileTypesAndContributionMap":{}},{"hash":"0f329b7695eb06aa14e82979cb4fd428c06f02e8","isMergeCommit":true,"messageTitle":"Merge pull request #25 from pangrwa/master","messageBody":"update AboutUs.md","fileTypesAndContributionMap":{}},{"hash":"e0025e40f6d37a3b60cc3f573579191d59d04c65","isMergeCommit":true,"messageTitle":"Merge branch \u0027master\u0027 of github.com:AY2223S2-CS2103T-T09-4/tp","messageBody":"","fileTypesAndContributionMap":{}},{"hash":"6031d5c3c916d374d26a5622e8535059cdb958ab","isMergeCommit":true,"messageTitle":"Merge pull request #31 from anunayajoshi/useCases","messageBody":"Add use cases for devGuide","fileTypesAndContributionMap":{}},{"hash":"dda362c0e9f7108dbe5938cae61ed5ed65e8a53b","isMergeCommit":true,"messageTitle":"Merge pull request #35 from pangrwa/master","messageBody":"Add user stories into DeveloperGuide.md","fileTypesAndContributionMap":{}}]},{"date":"2023-02-23","commitResults":[{"hash":"63361dba80a962a374be86f363a288d6ea3c2497","isMergeCommit":false,"messageTitle":"Add UI mockup to README","messageBody":"","fileTypesAndContributionMap":{"docs":{"insertions":5,"deletions":1}}},{"hash":"f280ac166e6782ca0202f6c94e27d67cfa5ceebb","isMergeCommit":false,"messageTitle":"Fix bugs","messageBody":"","fileTypesAndContributionMap":{"docs":{"insertions":24,"deletions":24}}},{"hash":"27dcc5719e023245ac7fadf55d0530c094254358","isMergeCommit":true,"messageTitle":"Merge pull request #36 from pangrwa/master","messageBody":"Fix correct heading in DeveloperGuide","fileTypesAndContributionMap":{}}]},{"date":"2023-02-26","commitResults":[{"hash":"3d3d8dde4e937eab85b8e1fc386bc2778d0514ce","isMergeCommit":false,"messageTitle":"Edit profile picture name","messageBody":"","fileTypesAndContributionMap":{"docs":{"insertions":1,"deletions":1}}}]},{"date":"2023-03-01","commitResults":[{"hash":"5a0867bf2fc30a0f8002bb266412cafa97a970db","isMergeCommit":true,"messageTitle":"Merge pull request #41 from adam07018/master","messageBody":"Corrects name of profile image.","fileTypesAndContributionMap":{}}]},{"date":"2023-03-02","commitResults":[{"hash":"d31b87594cc0953070769ade9b2a9f2ddda57751","isMergeCommit":true,"messageTitle":"Merge pull request #51 from pangrwa/branch-ReadMe","messageBody":"Merge Branch-readme ","fileTypesAndContributionMap":{}}]},{"date":"2023-03-03","commitResults":[{"hash":"afc8d924425aedb74fc3fd4efa0a1054a1c461bd","isMergeCommit":true,"messageTitle":"Merge pull request #52 from pangrwa/branch-ReadMe","messageBody":"Branch read me (Fix Grammar issue in README)","fileTypesAndContributionMap":{}}]},{"date":"2023-03-05","commitResults":[{"hash":"1aa97f45419d1bb192f30f80fbd87327fda3bd4e","isMergeCommit":true,"messageTitle":"Merge pull request #55 from pangrwa/branch-ReadMe","messageBody":"Edit README.md to steer clear from AB3","fileTypesAndContributionMap":{}},{"hash":"1e5888d20389f21aa5ce031b7aab727d477b1dc4","isMergeCommit":false,"messageTitle":"Implement Select Command","messageBody":"","fileTypesAndContributionMap":{"functional-code":{"insertions":81,"deletions":9}}},{"hash":"5cadce92621f92abff59e1b353c809f86a8a4271","isMergeCommit":false,"messageTitle":"Implement SelectCommandTest","messageBody":"","fileTypesAndContributionMap":{"test-code":{"insertions":67,"deletions":0}}},{"hash":"d9790afeb32010ea8c9c63265284b1c8724c61ce","isMergeCommit":false,"messageTitle":"Fix checkstyle","messageBody":"","fileTypesAndContributionMap":{"functional-code":{"insertions":16,"deletions":3}}},{"hash":"41a6f418a7af723d6d2d4b712e47018f336bb87e","isMergeCommit":false,"messageTitle":"Fix checkstyle","messageBody":"","fileTypesAndContributionMap":{"test-code":{"insertions":8,"deletions":9}}},{"hash":"462a488bd2f0dee0bd922bcde33fbe603618bcba","isMergeCommit":false,"messageTitle":"Fix codecov","messageBody":"","fileTypesAndContributionMap":{"test-code":{"insertions":41,"deletions":1}}}]},{"date":"2023-03-06","commitResults":[{"hash":"3be1c7531f1e2d791d2e4a917c25e2d20ccf8120","isMergeCommit":false,"messageTitle":"Refactor MainWindow.fxml for new UI base","messageBody":"","fileTypesAndContributionMap":{"functional-code":{"insertions":76,"deletions":24}}},{"hash":"7da94a056fb45207560dc1defe2eca0ee92a2c4b","isMergeCommit":false,"messageTitle":"Fix Javadoc bug","messageBody":"","fileTypesAndContributionMap":{"functional-code":{"insertions":2,"deletions":1}}}]},{"date":"2023-03-08","commitResults":[{"hash":"a3fe25384e9ac9d48ca98e42ab813a1ebe73a308","isMergeCommit":false,"messageTitle":"Add dummy information into Person Label, Policy List","messageBody":"","fileTypesAndContributionMap":{"functional-code":{"insertions":26,"deletions":2}}}]},{"date":"2023-03-09","commitResults":[{"hash":"59aecd3c84d79af44c03dfb8cda8ca504988e786","isMergeCommit":true,"messageTitle":"Merge pull request #59 from anunayajoshi/branch-anunayajoshi-refactorPerson","messageBody":"Refactor Person to Client","fileTypesAndContributionMap":{}},{"hash":"f61aead02088f84db600b11984b513cd955756e0","isMergeCommit":false,"messageTitle":"Add placeholder code for MainWindow.java#fillInnerParts","messageBody":"","fileTypesAndContributionMap":{"functional-code":{"insertions":0,"deletions":1}}},{"hash":"f744e63eef7200c7187fa6e6e4936fbc786af5f4","isMergeCommit":true,"messageTitle":"Merge branch \u0027master\u0027 into branch-tituswe-SelectCommand","messageBody":"","fileTypesAndContributionMap":{}},{"hash":"da15f00afefc1f9564871f8c788175d40305a079","isMergeCommit":false,"messageTitle":"Resolve merge conflicts","messageBody":"","fileTypesAndContributionMap":{"functional-code":{"insertions":6,"deletions":6},"test-code":{"insertions":17,"deletions":17}}}]},{"date":"2023-03-10","commitResults":[{"hash":"ced7f8cb0a03f6f20095ff702371545be7ec221d","isMergeCommit":true,"messageTitle":"Merge branch \u0027master\u0027 into branch-tituswe-UI","messageBody":"","fileTypesAndContributionMap":{}},{"hash":"0962d8b84541b9c25c810a87f140cbf7deae3a71","isMergeCommit":false,"messageTitle":"Implement SelectCommand functionality into GUI","messageBody":"CommandResult was refactored to hold feedbackToUser and targetClient as\nseparate field.\n\nThis allows for the targetClient to be accessed and updated on the GUI\nwhen a Client is Selected by the user.\n\nDo note that this targetClient is not accessible for further\nimplementation of other features.\n","fileTypesAndContributionMap":{"functional-code":{"insertions":127,"deletions":51},"test-code":{"insertions":75,"deletions":53}}},{"hash":"a0481fbf587c15e080accae53ec5f7e286e189b7","isMergeCommit":false,"messageTitle":"Fix bug: Index of selected client on GUI","messageBody":"","fileTypesAndContributionMap":{"functional-code":{"insertions":2,"deletions":1}}},{"hash":"e7627d4b958de53db0801468f962b79726ad987d","isMergeCommit":false,"messageTitle":"Create MainWindowTest","messageBody":"","fileTypesAndContributionMap":{"test-code":{"insertions":38,"deletions":0}}},{"hash":"838931259f875bb934e397c02fc8eb93212fa01c","isMergeCommit":false,"messageTitle":"Checkstyle fix","messageBody":"","fileTypesAndContributionMap":{"docs":{"insertions":161,"deletions":97},"test-code":{"insertions":2,"deletions":2}}},{"hash":"a00baaf0bece809bc20457c3e048caf8998cc516","isMergeCommit":false,"messageTitle":"Add tests","messageBody":"","fileTypesAndContributionMap":{"test-code":{"insertions":31,"deletions":2}}}]},{"date":"2023-03-11","commitResults":[{"hash":"acc8ac1a354f7897d8a2de3432cb4befbfe71710","isMergeCommit":false,"messageTitle":"Fix codecov. Note that MainWindow raises codecov error","messageBody":"","fileTypesAndContributionMap":{"test-code":{"insertions":4,"deletions":42}}},{"hash":"fa037b621c0cfb12d8f493e94902e96b37d9aed0","isMergeCommit":true,"messageTitle":"Merge pull request #61 from YZmunchmunch/yzmunchmunch_policyClass","messageBody":"Added Policy class with its relevant parameters. Test case class added but not implemented yet.","fileTypesAndContributionMap":{}},{"hash":"d52fb65b6822c6d153fc7ea5f5a5cf89b23bd522","isMergeCommit":true,"messageTitle":"Merge branch \u0027master\u0027 into branch-tituswe-UI","messageBody":"","fileTypesAndContributionMap":{}}]},{"date":"2023-03-13","commitResults":[{"hash":"1c253ba46ff21ff3336199a1b8cb640e0e936473","isMergeCommit":true,"messageTitle":"Merge pull request #60 from adam07018/Redo-and-Undo","messageBody":"Add redo and undo feature","fileTypesAndContributionMap":{}},{"hash":"c5c41e521cd9ed22ae822e265de040247978aa1f","isMergeCommit":true,"messageTitle":"Merge branch \u0027master\u0027 into branch-anunayajoshi-addPolicyCommand","messageBody":"","fileTypesAndContributionMap":{}},{"hash":"66f54c7e01c1d442264549fb4168eea8f2e0be41","isMergeCommit":true,"messageTitle":"Merge pull request #66 from anunayajoshi/branch-anunayajoshi-addPolicyCommand","messageBody":"Branch anunayajoshi - Add Policy Command","fileTypesAndContributionMap":{}},{"hash":"e506ba9c667cba639fe20f4ab1d11d633307a3a4","isMergeCommit":true,"messageTitle":"Merge branch \u0027master\u0027 into branch-tituswe-UI","messageBody":"","fileTypesAndContributionMap":{}},{"hash":"45247fdc81a40806fe5fba93262ff6970e9a1dfb","isMergeCommit":false,"messageTitle":"Implement PolicyListPanel","messageBody":"","fileTypesAndContributionMap":{"functional-code":{"insertions":201,"deletions":37}}},{"hash":"cbc7a4ab9952aa3728c42d30df4720dd310a6133","isMergeCommit":false,"messageTitle":"Implement PolicyList into GUI","messageBody":"","fileTypesAndContributionMap":{"functional-code":{"insertions":152,"deletions":45},"test-code":{"insertions":23,"deletions":13}}}]},{"date":"2023-03-14","commitResults":[{"hash":"a375031f278d40c43e7c974a112754086b367159","isMergeCommit":false,"messageTitle":"Add test cases","messageBody":"","fileTypesAndContributionMap":{"functional-code":{"insertions":0,"deletions":7},"test-code":{"insertions":54,"deletions":13}}},{"hash":"aa217e0f696fc0d1e895b15e47208897caf093df","isMergeCommit":false,"messageTitle":"Add test cases","messageBody":"","fileTypesAndContributionMap":{"test-code":{"insertions":13,"deletions":1}}}]},{"date":"2023-03-15","commitResults":[{"hash":"98b912a954d5db8b12fc4a5284ea39ffc042e0b6","isMergeCommit":true,"messageTitle":"Merge pull request #70 from pangrwa/branch-pangrwa-Storage","messageBody":"Branch pangrwa storage","fileTypesAndContributionMap":{}},{"hash":"7fa7af274e496dcb270d37a6fb23807365ac5a31","isMergeCommit":true,"messageTitle":"Merge pull request #71 from anunayajoshi/branch-anunayajoshi-addPolicyCommandTestCases","messageBody":"Add test cases for AddPolicyCommand and additional cases","fileTypesAndContributionMap":{}}]},{"date":"2023-03-16","commitResults":[{"hash":"e1068b9e1bdb07b2b7de6d447a5b8d15ebee9994","isMergeCommit":false,"messageTitle":"Implement GUI v1.2b","messageBody":"","fileTypesAndContributionMap":{"functional-code":{"insertions":145,"deletions":26}}},{"hash":"2ac007346b76c6f644784f051a19050cc23a5267","isMergeCommit":false,"messageTitle":"Edit GUI","messageBody":"","fileTypesAndContributionMap":{"functional-code":{"insertions":79,"deletions":36}}},{"hash":"f5fff6face75f6a68a4327c002644f8e71528ec0","isMergeCommit":false,"messageTitle":"Fix bug","messageBody":"","fileTypesAndContributionMap":{"functional-code":{"insertions":3,"deletions":5}}}]},{"date":"2023-03-21","commitResults":[{"hash":"f1af8998e7c3ff7925de18d4774b116e9c40d2e0","isMergeCommit":false,"messageTitle":"Update user guide","messageBody":"","fileTypesAndContributionMap":{"docs":{"insertions":73,"deletions":54}}},{"hash":"895916bbe1fa56df20c53d62d3c3676627825b11","isMergeCommit":false,"messageTitle":"Major change to GUI","messageBody":"","fileTypesAndContributionMap":{"functional-code":{"insertions":429,"deletions":160}}},{"hash":"700287eaa3ce06687dfd7eee2d8c02a8c7100de1","isMergeCommit":false,"messageTitle":"Add logo","messageBody":"","fileTypesAndContributionMap":{"functional-code":{"insertions":23,"deletions":2}}}]},{"date":"2023-03-22","commitResults":[{"hash":"0fd89d74326bcbc0dae93267c77b4734939266a5","isMergeCommit":true,"messageTitle":"Merge pull request #79 from pangrwa/branch-pangrwa-DeleteCommand","messageBody":"Branch pangrwa delete command","fileTypesAndContributionMap":{}},{"hash":"e105cdfc049b36a2e6a86bddb4e63feb3a0c7f1f","isMergeCommit":true,"messageTitle":"Merge pull request #82 from pangrwa/branch-pangrwa-DeveloperGuide","messageBody":"Branch pangrwa developer guide","fileTypesAndContributionMap":{}},{"hash":"a3d52a1b3303ea9ee90eca8e8602e5cae0aceed2","isMergeCommit":true,"messageTitle":"Merge branch \u0027master\u0027 into master","messageBody":"","fileTypesAndContributionMap":{}},{"hash":"9e86473809527e6ae3c687a12659719a0c93f4be","isMergeCommit":true,"messageTitle":"Merge pull request #81 from adam07018/master","messageBody":"Update User Guide for Undo and Redo v1.2b","fileTypesAndContributionMap":{}},{"hash":"91f63465c79dc3c7a90374347905f91a09062be8","isMergeCommit":false,"messageTitle":"Minor changes","messageBody":"","fileTypesAndContributionMap":{"functional-code":{"insertions":5,"deletions":5}}},{"hash":"c28601a2f0f2e251a3c3b18917ec7404c1d2f917","isMergeCommit":true,"messageTitle":"Merge branch \u0027master\u0027 into branch-tituswe-EnhanceGUI","messageBody":"","fileTypesAndContributionMap":{}},{"hash":"24d0a8c376bd5b821e93d2db229f2574429c274d","isMergeCommit":false,"messageTitle":"Add icons, remove Menu Bar, refactor id labels","messageBody":"","fileTypesAndContributionMap":{"functional-code":{"insertions":110,"deletions":67}}},{"hash":"4bc2013d38646003d03eed8906143bde0e33a2d5","isMergeCommit":false,"messageTitle":"Fix checkstyle","messageBody":"","fileTypesAndContributionMap":{"functional-code":{"insertions":4,"deletions":77},"docs":{"insertions":38,"deletions":36},"test-code":{"insertions":3,"deletions":3}}},{"hash":"871303ba9dfd083f7d0715189973bc4a524e8491","isMergeCommit":false,"messageTitle":"Edit UiClassDiagram.puml","messageBody":"","fileTypesAndContributionMap":{"functional-code":{"insertions":1,"deletions":1},"docs":{"insertions":16,"deletions":11}}},{"hash":"4f93708fa8833265e8a5cb3bbdd45cd00127c33c","isMergeCommit":false,"messageTitle":"Update Developer Guide","messageBody":"","fileTypesAndContributionMap":{"docs":{"insertions":70,"deletions":1}}}]},{"date":"2023-03-23","commitResults":[{"hash":"1e39a7cf2272aa4e02dad5996549006cc8f81a2f","isMergeCommit":false,"messageTitle":"Fix command and result area background","messageBody":"","fileTypesAndContributionMap":{"functional-code":{"insertions":44,"deletions":14},"docs":{"insertions":14,"deletions":4}}},{"hash":"c0fdb2d4a0127a86385d3a4fc8a0c0ab3df5bed0","isMergeCommit":false,"messageTitle":"Update DevGuide","messageBody":"","fileTypesAndContributionMap":{"functional-code":{"insertions":1,"deletions":1},"docs":{"insertions":198,"deletions":14}}},{"hash":"1e2502d5920bb7285843247f7096fc6ebdddbc73","isMergeCommit":true,"messageTitle":"Merge pull request #87 from pangrwa/branch-pangrwa-DeveloperGuide","messageBody":"Edit DeletePolicy feature in DevelopeprGuide","fileTypesAndContributionMap":{}},{"hash":"590d7b39fa68bd3b77499c27edab92a657d9170f","isMergeCommit":true,"messageTitle":"Merge pull request #88 from anunayajoshi/branch-anunayajoshi-enumPolicyName","messageBody":"Branch anunayajoshi enum policy name","fileTypesAndContributionMap":{}},{"hash":"0d81788428cd540bd306523f6ae4104e978ce8a6","isMergeCommit":true,"messageTitle":"Merge pull request #89 from anunayajoshi/branch-addPolicyUpdateSelect","messageBody":"Fix updating select for addPolicy Command","fileTypesAndContributionMap":{}},{"hash":"09776710745cb72d4385c0381fb5abd9e502e27a","isMergeCommit":true,"messageTitle":"Merge pull request #91 from YZmunchmunch/yzmunchmunch_aggregate","messageBody":"Aggregate and summarize data","fileTypesAndContributionMap":{}},{"hash":"69b3a1bdd91b81e0562532709509b979d6219ad6","isMergeCommit":true,"messageTitle":"Merge pull request #92 from pangrwa/branch-pangrwa-EditPolicyCommand","messageBody":"Branch pangrwa edit policy command","fileTypesAndContributionMap":{}},{"hash":"e459adebf5ef67405d428ea7d3db3cff5b022987","isMergeCommit":true,"messageTitle":"Merge pull request #93 from pangrwa/branch-pangrwa-DeveloperGuide","messageBody":"Branch pangrwa developer guide","tags":["v1.3.trial"],"fileTypesAndContributionMap":{}}]},{"date":"2023-03-28","commitResults":[{"hash":"66a292d58e1cd1725203f174e9746fe2a7377eee","isMergeCommit":true,"messageTitle":"Merge pull request #94 from adam07018/master","messageBody":"Add new feature of Sorting.","fileTypesAndContributionMap":{}}]},{"date":"2023-03-29","commitResults":[{"hash":"2b7e3a0b023b634f28cde0b5faad6c45a25499f0","isMergeCommit":true,"messageTitle":"Merge pull request #95 from adam07018/master","messageBody":"Fix bug for undo and redo","fileTypesAndContributionMap":{}},{"hash":"c6df366049dbc7f214a265f523e7b746693c88f3","isMergeCommit":false,"messageTitle":"Edit user guide","messageBody":"","fileTypesAndContributionMap":{"docs":{"insertions":140,"deletions":119}}},{"hash":"467f0cce3d27f103cad49c33b47ce7a9ed5d4c07","isMergeCommit":false,"messageTitle":"Edit website home page","messageBody":"","fileTypesAndContributionMap":{"docs":{"insertions":13,"deletions":9}}},{"hash":"f823f3f241102ec96a6ae6d5da605645d137fffa","isMergeCommit":false,"messageTitle":"Fix Select-Undo bug","messageBody":"","fileTypesAndContributionMap":{"functional-code":{"insertions":125,"deletions":142},"test-code":{"insertions":23,"deletions":64}}}]},{"date":"2023-03-30","commitResults":[{"hash":"678a81515edf9062840bf25596d9980067f074a3","isMergeCommit":false,"messageTitle":"Fix edit command message","messageBody":"","fileTypesAndContributionMap":{"functional-code":{"insertions":27,"deletions":25}}}]},{"date":"2023-03-31","commitResults":[{"hash":"c6eca38fb3bb4ca57e465131906e55a9d96c98ff","isMergeCommit":true,"messageTitle":"Merge pull request #102 from pangrwa/branch-pangrwa-UserGuide","messageBody":"Made changes to FAQ","fileTypesAndContributionMap":{}},{"hash":"620e075d1d6ab003e7313364df4ec594fe7b8e3b","isMergeCommit":true,"messageTitle":"Merge pull request #103 from anunayajoshi/branch-anunayajoshi-userGuide","messageBody":"Update user guide policy management","fileTypesAndContributionMap":{}},{"hash":"152e32b72cc4338d7e62942474211af4706d68ac","isMergeCommit":true,"messageTitle":"Merge pull request #105 from YZmunchmunch/yzmunchmunch_bugfix","messageBody":"Fix bugs and update UG","fileTypesAndContributionMap":{}},{"hash":"b4692b7726890996bfd772cb8bde977eca326637","isMergeCommit":true,"messageTitle":"Merge branch \u0027master\u0027 into master","messageBody":"","fileTypesAndContributionMap":{}},{"hash":"f5a150d8f72223ceef8b3b5f9b8e54e8edff4424","isMergeCommit":true,"messageTitle":"Merge pull request #106 from adam07018/master","messageBody":"Update UG (Command Summary) and test cases for Sort Command. Fixed bug for EditPolicy and undo","fileTypesAndContributionMap":{}},{"hash":"2660cba7d93099184ed6fccd088733c695ae8247","isMergeCommit":false,"messageTitle":"Add UG links","messageBody":"","fileTypesAndContributionMap":{"docs":{"insertions":69,"deletions":63}}},{"hash":"ee6eff94a0cf722f18f3f775a75884a90a5362b5","isMergeCommit":true,"messageTitle":"Merge branch \u0027master\u0027 into branch-pangrwa-Appointment","messageBody":"","fileTypesAndContributionMap":{}},{"hash":"32c1fc6aaca30a2bbd60c39bc2f70125c33f4255","isMergeCommit":true,"messageTitle":"Merge pull request #107 from pangrwa/branch-pangrwa-Appointment","messageBody":"Branch pangrwa appointment","fileTypesAndContributionMap":{}},{"hash":"c8ec8666042d5b6eb7a517dd1c17dd1587d6b8e6","isMergeCommit":true,"messageTitle":"Merge branch \u0027master\u0027 into branch-tituswe-Appointment","messageBody":"","fileTypesAndContributionMap":{}},{"hash":"ad71df9e421449a75720c4c926f1fc9a63f2bc57","isMergeCommit":false,"messageTitle":"Add appointment to UI","messageBody":"","fileTypesAndContributionMap":{"functional-code":{"insertions":145,"deletions":29}}},{"hash":"63fbe4cb5567dddf77f33119f6119b0c8e562c79","isMergeCommit":false,"messageTitle":"Fix select command test","messageBody":"","fileTypesAndContributionMap":{"functional-code":{"insertions":2,"deletions":4},"test-code":{"insertions":2,"deletions":1}}},{"hash":"dd1cae1f56728c9491238bfb9dcac13a2ec48f3a","isMergeCommit":false,"messageTitle":"Update images","messageBody":"","fileTypesAndContributionMap":{"functional-code":{"insertions":15,"deletions":10},"docs":{"insertions":52,"deletions":48}}},{"hash":"9a1b348b1c0d7be387a87e5a63b24dc551c72894","isMergeCommit":true,"messageTitle":"merged upstream","messageBody":"","fileTypesAndContributionMap":{}},{"hash":"64e1243a9d424c9f7a422c46eb4230de4c388444","isMergeCommit":false,"messageTitle":"Fix bug","messageBody":"","fileTypesAndContributionMap":{"docs":{"insertions":47,"deletions":41}}},{"hash":"483ef826f3eef28a16597683d9be031cde655d8c","isMergeCommit":true,"messageTitle":"merge master","messageBody":"","fileTypesAndContributionMap":{}},{"hash":"22904e321f90e7a126db8acc9a41c93da0eba40a","isMergeCommit":true,"messageTitle":"Merge master","messageBody":"","fileTypesAndContributionMap":{}},{"hash":"84591ee7fd5b90ea5c10f5cdf07cd64eaaf35d5f","isMergeCommit":true,"messageTitle":"Merge pull request #111 from pangrwa/branch-pangrwa-DeveloperGuide","messageBody":"Branch pangrwa developer guide","tags":["v1.3.1"],"fileTypesAndContributionMap":{}},{"hash":"58f5021bda632f41068e7fc00679227bc086233c","isMergeCommit":true,"messageTitle":"Merge pull request #112 from pangrwa/branch-pangrwa-DeveloperGuide","messageBody":"Change Version number","fileTypesAndContributionMap":{}},{"hash":"2ce56ac8cea1749105decb042cb8a1a9c2a1375e","isMergeCommit":false,"messageTitle":"Fix UG","messageBody":"","fileTypesAndContributionMap":{"docs":{"insertions":60,"deletions":57}}},{"hash":"77ea568b2278d6668b4969051f6124861746e4a7","isMergeCommit":false,"messageTitle":"Add hyperlinks","messageBody":"","fileTypesAndContributionMap":{"docs":{"insertions":39,"deletions":29}}},{"hash":"6c0c3266e7e627ecc44b55ac4ecce0636d32c2b9","isMergeCommit":true,"messageTitle":"Merge pull request #114 from anunayajoshi/branch-anunayajoshi-UG","messageBody":"Update user guide and readme","fileTypesAndContributionMap":{}},{"hash":"04d8655c8593002932e8c22aeffa8acfe2a0fd24","isMergeCommit":true,"messageTitle":"Merge pull request #115 from anunayajoshi/branch-anunayajoshi-please","messageBody":"Add front matter to user guide","fileTypesAndContributionMap":{}},{"hash":"fc64888b19e53d83ed59a3f06238d4da3cf0a084","isMergeCommit":true,"messageTitle":"Merge pull request #116 from anunayajoshi/branch-anunayajoshi-removeHeader","messageBody":"Remove header","fileTypesAndContributionMap":{}}]}],"YZmunchmunch":[{"date":"2023-02-22","commitResults":[{"hash":"c3e3e0935b0683c5ad5bb1afc148c60d5ed7fad0","isMergeCommit":false,"messageTitle":"Edit AboutUs.md, UserGuide.md, DeveloperGuide.md","messageBody":"","fileTypesAndContributionMap":{"docs":{"insertions":45,"deletions":24}}},{"hash":"f617d5a31e04d88950f128f80a9dbad6470202ad","isMergeCommit":true,"messageTitle":"Merge branch \u0027master\u0027 into master","messageBody":"","fileTypesAndContributionMap":{}}]},{"date":"2023-03-03","commitResults":[{"hash":"894faa857d2cf3e80f50ba8d6a085bf227a8470b","isMergeCommit":false,"messageTitle":"changes in DG","messageBody":"","fileTypesAndContributionMap":{"docs":{"insertions":1,"deletions":1}}}]},{"date":"2023-03-10","commitResults":[{"hash":"f5ab5988e3752719eedfe283836e93ae67112a91","isMergeCommit":false,"messageTitle":"Add Policy class, and change Client to take in policies","messageBody":"","fileTypesAndContributionMap":{"functional-code":{"insertions":512,"deletions":4},"test-code":{"insertions":353,"deletions":4}}},{"hash":"6c8f129c46b5924610b7cccb062c05b36a394db1","isMergeCommit":false,"messageTitle":"Add Policy class, with relevant parameters.","messageBody":"","fileTypesAndContributionMap":{"functional-code":{"insertions":9,"deletions":21},"test-code":{"insertions":24,"deletions":26}}},{"hash":"52b6765ab7b6171846cf7249086c2b0ee760e10d","isMergeCommit":false,"messageTitle":"Add test cases to new classes","messageBody":"","fileTypesAndContributionMap":{"functional-code":{"insertions":4,"deletions":4},"test-code":{"insertions":99,"deletions":82}}},{"hash":"1a152570f22004fde8f121bac02742d4d930a1aa","isMergeCommit":false,"messageTitle":"Add more test cases.","messageBody":"","fileTypesAndContributionMap":{"functional-code":{"insertions":22,"deletions":24},"test-code":{"insertions":19,"deletions":10}}},{"hash":"8c6177f535d91005109f8252c627d036c369c1fd","isMergeCommit":false,"messageTitle":"Fixed checkstyleMain.","messageBody":"","fileTypesAndContributionMap":{"functional-code":{"insertions":21,"deletions":17}}},{"hash":"e748241d284385e2b2a73200ca3fa744f0ee6db9","isMergeCommit":false,"messageTitle":"More test cases added again.","messageBody":"","fileTypesAndContributionMap":{"functional-code":{"insertions":2,"deletions":6},"test-code":{"insertions":30,"deletions":0}}},{"hash":"e179a7fb7e2a75f7dc42be76c31dde8e1418622e","isMergeCommit":false,"messageTitle":"More test cases added.","messageBody":"","fileTypesAndContributionMap":{"functional-code":{"insertions":9,"deletions":4},"test-code":{"insertions":14,"deletions":2}}},{"hash":"c81fd3423d75eaa4fe0e975d48734b986c8bda04","isMergeCommit":false,"messageTitle":"Fixed assert error","messageBody":"","fileTypesAndContributionMap":{"test-code":{"insertions":6,"deletions":5}}}]},{"date":"2023-03-21","commitResults":[{"hash":"5cfcf95e0f050aab86c8115aec1d2900256351a3","isMergeCommit":false,"messageTitle":"Fixed bugs from customDate class","messageBody":"","fileTypesAndContributionMap":{"functional-code":{"insertions":18,"deletions":4}}},{"hash":"7c9429b9d55c1f0fb204abf24f7f895788407e39","isMergeCommit":true,"messageTitle":"Merge branch \u0027master\u0027 of https://github.com/AY2223S2-CS2103T-T09-4/tp. Fixed bugs in customDate class","messageBody":"","fileTypesAndContributionMap":{}}]},{"date":"2023-03-22","commitResults":[{"hash":"4d3af7e6daca02da6baa4fcb9ba5ad38d642dc05","isMergeCommit":true,"messageTitle":"Merge branch \u0027master\u0027 of https://github.com/AY2223S2-CS2103T-T09-4/tp Fixed certain bugs","messageBody":"","fileTypesAndContributionMap":{}},{"hash":"77bb55c18c13b971d756b9a35caf69021b360d71","isMergeCommit":false,"messageTitle":"Fixed bugs in customDate class","messageBody":"","fileTypesAndContributionMap":{"functional-code":{"insertions":7,"deletions":10}}},{"hash":"1299668cc71793c8a6e836d038493dbca3cf21b1","isMergeCommit":false,"messageTitle":"Add count to total weekly earnings of user","messageBody":"","fileTypesAndContributionMap":{"functional-code":{"insertions":43,"deletions":4},"test-code":{"insertions":36,"deletions":1}}},{"hash":"34c45f4814fee06aba13b9d4c37ab5d9b0495ecc","isMergeCommit":false,"messageTitle":"Fixed checkstyle and added more tests","messageBody":"","fileTypesAndContributionMap":{"functional-code":{"insertions":18,"deletions":0},"test-code":{"insertions":28,"deletions":0}}},{"hash":"1dbb840e0df8ac2df4cb6bdabc48cf57fdf64358","isMergeCommit":false,"messageTitle":"Fixed method bugs","messageBody":"","fileTypesAndContributionMap":{"functional-code":{"insertions":10,"deletions":9},"test-code":{"insertions":2,"deletions":2}}}]},{"date":"2023-03-23","commitResults":[{"hash":"2f189d1507b3e9979367ccd65bf0a764db78bdcc","isMergeCommit":false,"messageTitle":"Fixed testcase bugs","messageBody":"","fileTypesAndContributionMap":{"functional-code":{"insertions":2,"deletions":2},"test-code":{"insertions":1,"deletions":1}}},{"hash":"fe237c02faa01ecc68d8b6d99fc8e3bbd1c277ff","isMergeCommit":false,"messageTitle":"Updates to Developer Guide","messageBody":"","fileTypesAndContributionMap":{"docs":{"insertions":58,"deletions":31},"test-code":{"insertions":2,"deletions":1}}},{"hash":"08958a3984f8393b9190c2c0ac3aa9f8e7fe60b6","isMergeCommit":false,"messageTitle":"Merged conflicts","messageBody":"","fileTypesAndContributionMap":{"test-code":{"insertions":7,"deletions":7}}},{"hash":"bbd8f1a4208e5dad9962bff16a1d964d1c29bce6","isMergeCommit":false,"messageTitle":"Merged conflicts","messageBody":"","fileTypesAndContributionMap":{"test-code":{"insertions":6,"deletions":17}}},{"hash":"e68ec80967fddc9742cd4eefc9b277de88be801c","isMergeCommit":true,"messageTitle":"Merge conflicts","messageBody":"","fileTypesAndContributionMap":{}}]},{"date":"2023-03-30","commitResults":[{"hash":"d1eade57c1bbb174b20db71e92d2e587c6dbee6a","isMergeCommit":false,"messageTitle":"Fix bugs and update UG","messageBody":"","fileTypesAndContributionMap":{"functional-code":{"insertions":1,"deletions":1},"docs":{"insertions":9,"deletions":73}}}]}],"anunayajoshi":[{"date":"2023-02-22","commitResults":[{"hash":"05b64ac24111dd2670dece90ffc414b9761ee70d","isMergeCommit":false,"messageTitle":"Add client management for User Guide","messageBody":"","fileTypesAndContributionMap":{"docs":{"insertions":77,"deletions":0}}},{"hash":"50e832aaa308a79b10fc55613968cda3153af66e","isMergeCommit":false,"messageTitle":"Add skeletal PPP and AboutMe","messageBody":"","fileTypesAndContributionMap":{"docs":{"insertions":52,"deletions":4}}},{"hash":"370ee4fb66cdf8953534d481b9c7d04b980994d1","isMergeCommit":false,"messageTitle":"Add use cases for devGuide","messageBody":"","fileTypesAndContributionMap":{"docs":{"insertions":56,"deletions":13}}},{"hash":"c55b338e3a0e2ac4c63893210101dc5180f7b493","isMergeCommit":true,"messageTitle":"Merge branch \u0027master\u0027 of https://github.com/AY2223S2-CS2103T-T09-4/tp into useCases","messageBody":"","fileTypesAndContributionMap":{}}]},{"date":"2023-03-02","commitResults":[{"hash":"75a8fa9591500e48981cb3cd4ab5df8a4bda9138","isMergeCommit":false,"messageTitle":"Fix github image naming","messageBody":"","fileTypesAndContributionMap":{"docs":{"insertions":1,"deletions":1}}}]},{"date":"2023-03-03","commitResults":[{"hash":"6571460ec90596b4b9c077262b9862f80857bd05","isMergeCommit":true,"messageTitle":"Merge branch \u0027master\u0027 into useCases","messageBody":"","fileTypesAndContributionMap":{}},{"hash":"aec68452fbb61147639ec48750b4fd7ca50b6816","isMergeCommit":false,"messageTitle":"Fix grammar for use cases","messageBody":"","fileTypesAndContributionMap":{"docs":{"insertions":1,"deletions":1}}}]},{"date":"2023-03-06","commitResults":[{"hash":"a8e8c969be2b9629866b0f9a6f73c31957c8a54a","isMergeCommit":false,"messageTitle":"Add UI Refactoring","messageBody":"","fileTypesAndContributionMap":{"functional-code":{"insertions":5,"deletions":5},"other":{"insertions":15,"deletions":15},"docs":{"insertions":1,"deletions":1}}},{"hash":"643d1b0f26877bc19c8ed54e23cc9757dc10524e","isMergeCommit":false,"messageTitle":"Refactor Person Model to Client","messageBody":"","fileTypesAndContributionMap":{"functional-code":{"insertions":136,"deletions":142},"other":{"insertions":30,"deletions":30},"docs":{"insertions":70,"deletions":70},"test-code":{"insertions":144,"deletions":147}}},{"hash":"0a7fde7de9dccc9282fb2b2bb03bb198928a47eb","isMergeCommit":false,"messageTitle":"Refactoring package name to client","messageBody":"","fileTypesAndContributionMap":{"functional-code":{"insertions":83,"deletions":83},"other":{"insertions":113,"deletions":113},"test-code":{"insertions":59,"deletions":59}}},{"hash":"47cf2edb7f8d1fc2fddb86fa91f2f582fd597b93","isMergeCommit":false,"messageTitle":"Refactor Client Model","messageBody":"","fileTypesAndContributionMap":{"functional-code":{"insertions":28,"deletions":28},"other":{"insertions":1,"deletions":1},"test-code":{"insertions":3,"deletions":3}}},{"hash":"5cc1e5123c8d007c116801e1dd0c793ea5625ec1","isMergeCommit":false,"messageTitle":"Refactor AddressBook","messageBody":"","fileTypesAndContributionMap":{"functional-code":{"insertions":23,"deletions":23},"test-code":{"insertions":18,"deletions":18}}},{"hash":"854534dddd888ca607b019452ae41eebb7644de7","isMergeCommit":false,"messageTitle":"Refactor Model File to Client","messageBody":"","fileTypesAndContributionMap":{"functional-code":{"insertions":34,"deletions":34},"test-code":{"insertions":48,"deletions":48}}},{"hash":"0388d388bd62a9530cb550b791234540046de39f","isMergeCommit":false,"messageTitle":"Refactor Storage file","messageBody":"","fileTypesAndContributionMap":{"functional-code":{"insertions":12,"deletions":12},"other":{"insertions":12,"deletions":12},"test-code":{"insertions":18,"deletions":18}}},{"hash":"8322072add0afa6b9d974b9ee74a8123724e640c","isMergeCommit":false,"messageTitle":"Refactor main file","messageBody":"","fileTypesAndContributionMap":{"functional-code":{"insertions":38,"deletions":38},"docs":{"insertions":2,"deletions":2},"test-code":{"insertions":41,"deletions":42}}},{"hash":"6034fb76610540d532828bcf8716d21fd4d46e67","isMergeCommit":false,"messageTitle":"Refactor testutil","messageBody":"","fileTypesAndContributionMap":{"other":{"insertions":51,"deletions":51},"test-code":{"insertions":112,"deletions":112}}},{"hash":"230c73cb0b0c4b7cf48b352124c58ee55815e4d2","isMergeCommit":false,"messageTitle":"Refactor test storage folder","messageBody":"","fileTypesAndContributionMap":{"test-code":{"insertions":36,"deletions":36}}},{"hash":"79173f4a9a606b1787f47b0e0a80212ee861d47d","isMergeCommit":false,"messageTitle":"Refactor test model folder","messageBody":"","fileTypesAndContributionMap":{"test-code":{"insertions":34,"deletions":34}}},{"hash":"d2d9ffe6e10715d5006305741785b6b5637d95ee","isMergeCommit":false,"messageTitle":"Refactor test logic folder","messageBody":"","fileTypesAndContributionMap":{"functional-code":{"insertions":9,"deletions":9},"test-code":{"insertions":95,"deletions":95}}},{"hash":"26f06282f130b4f13d3c15f472360cc17e6148c7","isMergeCommit":false,"messageTitle":"Refactor person to Client completely","messageBody":"","fileTypesAndContributionMap":{"functional-code":{"insertions":2,"deletions":2},"test-code":{"insertions":7,"deletions":7}}},{"hash":"3cb20d625ce23e57e319bff761564d4d92643042","isMergeCommit":false,"messageTitle":"Add developer guide merge conflict changes","messageBody":"","fileTypesAndContributionMap":{"docs":{"insertions":134,"deletions":48}}},{"hash":"937db252d6ecab827a41765c464288f068660553","isMergeCommit":true,"messageTitle":"Merge branch \u0027master\u0027 into branch-anunayajoshi-refactorPerson","messageBody":"","fileTypesAndContributionMap":{}},{"hash":"6fc1eb0ae8fded3aec47515e6b379a4de70b685b","isMergeCommit":false,"messageTitle":"Fix checkstyle issues","messageBody":"","fileTypesAndContributionMap":{"functional-code":{"insertions":10,"deletions":4},"test-code":{"insertions":15,"deletions":11}}}]},{"date":"2023-03-07","commitResults":[{"hash":"66ab091fa84dad5db0840052de69f9d71d97fceb","isMergeCommit":true,"messageTitle":"Fix merge conflict","messageBody":"","fileTypesAndContributionMap":{}},{"hash":"71f064eb8d8e6ea5323b474c45c972fa454511a7","isMergeCommit":true,"messageTitle":"Fix git pull issues","messageBody":"","fileTypesAndContributionMap":{}},{"hash":"b25b22a8c3495d89447ffad93e85be4c022e57e1","isMergeCommit":false,"messageTitle":"Revert unintended changes","messageBody":"","fileTypesAndContributionMap":{"docs":{"insertions":53,"deletions":53}}}]},{"date":"2023-03-09","commitResults":[{"hash":"52a77d0daa108c84f53d41d4845aa0d302f040df","isMergeCommit":false,"messageTitle":"Add test cases","messageBody":"","fileTypesAndContributionMap":{"docs":{"insertions":16,"deletions":16},"test-code":{"insertions":9,"deletions":0}}}]},{"date":"2023-03-10","commitResults":[{"hash":"b0505d99cbbb34b4d984faee1f4e567e2c456ce7","isMergeCommit":false,"messageTitle":"Fix model test cases for codecov","messageBody":"","fileTypesAndContributionMap":{"test-code":{"insertions":66,"deletions":0}}}]},{"date":"2023-03-13","commitResults":[{"hash":"c8b470c1e6a83aec7783e6b7281ac515c8920d88","isMergeCommit":false,"messageTitle":"Add PolicyName","messageBody":"","fileTypesAndContributionMap":{"functional-code":{"insertions":105,"deletions":0},"docs":{"insertions":3,"deletions":3},"test-code":{"insertions":100,"deletions":2}}},{"hash":"bed2d981f561a81f989ad932b19c14fbe0932721","isMergeCommit":false,"messageTitle":"Add addPolicy command and logic","messageBody":"","fileTypesAndContributionMap":{"functional-code":{"insertions":251,"deletions":21},"test-code":{"insertions":66,"deletions":31}}},{"hash":"9cc43475b0897855d7922462b1aca05e5500b1b8","isMergeCommit":false,"messageTitle":"Comment out testcases","messageBody":"","fileTypesAndContributionMap":{"test-code":{"insertions":20,"deletions":17}}}]},{"date":"2023-03-15","commitResults":[{"hash":"c1d7eed4c59c2dc73801246052519bff358b5d4b","isMergeCommit":false,"messageTitle":"Add test cases for AddPolicyCommand and additional cases","messageBody":"","fileTypesAndContributionMap":{"functional-code":{"insertions":3,"deletions":3},"docs":{"insertions":3,"deletions":3},"test-code":{"insertions":135,"deletions":26}}},{"hash":"3d0df494b87ed5661b2992d70fb501efd73a2c12","isMergeCommit":false,"messageTitle":"Fix checkstyle issue","messageBody":"","fileTypesAndContributionMap":{"test-code":{"insertions":8,"deletions":1}}}]},{"date":"2023-03-17","commitResults":[{"hash":"e7fc8b49a53fbe6c51150ac4fbab9879b4accee4","isMergeCommit":false,"messageTitle":"Fix EditCommandTest testcase","messageBody":"","fileTypesAndContributionMap":{"test-code":{"insertions":1,"deletions":5}}},{"hash":"ade58083e339f467add3a19be72a96e00c6fd3ec","isMergeCommit":true,"messageTitle":"Merge branch \u0027master\u0027 into branch-anunayajoshi-editCommandTestFix","messageBody":"","fileTypesAndContributionMap":{}}]},{"date":"2023-03-22","commitResults":[{"hash":"7d7cdddf2f188dc12fcfce39cebb2f3d45ecbd3f","isMergeCommit":false,"messageTitle":"Update AddPolicy for DeveloperGuide","messageBody":"","fileTypesAndContributionMap":{"docs":{"insertions":17,"deletions":0}}}]},{"date":"2023-03-23","commitResults":[{"hash":"1f98ff6ef4398d1f19b9a5ac536eeb29c58fd1e4","isMergeCommit":false,"messageTitle":"Add enum constraints to policy name","messageBody":"","fileTypesAndContributionMap":{"functional-code":{"insertions":38,"deletions":1},"test-code":{"insertions":37,"deletions":14}}},{"hash":"3177d4519c2eeaef69427bbbc7cf032151e9202c","isMergeCommit":false,"messageTitle":"Update User Guide for AddPolicy","messageBody":"","fileTypesAndContributionMap":{"docs":{"insertions":12,"deletions":2}}},{"hash":"cfcf4de020c2b3b9a4b73728bf6a51a088d50519","isMergeCommit":false,"messageTitle":"Delete enum File","messageBody":"","fileTypesAndContributionMap":{"functional-code":{"insertions":0,"deletions":21}}},{"hash":"fca2100690c086f93bae2e1884fdcae312659531","isMergeCommit":false,"messageTitle":"Fix updating select for addPolicy Command","messageBody":"","fileTypesAndContributionMap":{"functional-code":{"insertions":1,"deletions":1}}}]},{"date":"2023-03-29","commitResults":[{"hash":"4219cab94eaa34602a84df9bd5485ca110b38588","isMergeCommit":false,"messageTitle":"Update user guide policy management","messageBody":"","fileTypesAndContributionMap":{"functional-code":{"insertions":2,"deletions":1},"docs":{"insertions":43,"deletions":21}}}]},{"date":"2023-03-30","commitResults":[{"hash":"02de0e1dc695a9222dbfe1e1acc00c72e004b516","isMergeCommit":false,"messageTitle":"Update EditPolicyCommand.java","messageBody":"Changing the CommandResult","fileTypesAndContributionMap":{"functional-code":{"insertions":1,"deletions":2}}}]},{"date":"2023-03-31","commitResults":[{"hash":"71633092ac5aa8dc852b23ee545d11c2e4136475","isMergeCommit":false,"messageTitle":"Update Help Message and small changes","messageBody":"","fileTypesAndContributionMap":{"functional-code":{"insertions":1,"deletions":1},"docs":{"insertions":39,"deletions":78}}},{"hash":"be9fab836f1befc5ac60d4bd47d8aeb5a2da61b3","isMergeCommit":false,"messageTitle":"Update user guide and readme","messageBody":"","fileTypesAndContributionMap":{"docs":{"insertions":35,"deletions":36}}},{"hash":"012dff80e3ff25cbfe649c63b927deaf576c4285","isMergeCommit":true,"messageTitle":"Merge branch \u0027master\u0027 into branch-anunayajoshi-UG","messageBody":"","fileTypesAndContributionMap":{}},{"hash":"07c495e49bc40fb98768e6657d9888cb0de67695","isMergeCommit":false,"messageTitle":"Update UserGuide.md","messageBody":"","fileTypesAndContributionMap":{"docs":{"insertions":1,"deletions":0}}},{"hash":"1bd5434edacf77fea594804cfe99153ed91de412","isMergeCommit":false,"messageTitle":"Add front matter to user guide","messageBody":"","fileTypesAndContributionMap":{"docs":{"insertions":3,"deletions":0}}},{"hash":"b2a126dfda56e05ee99fbcc5d0d8ed1f257184a5","isMergeCommit":false,"messageTitle":"Remove header","messageBody":"","fileTypesAndContributionMap":{"docs":{"insertions":0,"deletions":2}}},{"hash":"d41644dbabf230efd963d2b6f32645d3e4ddfb03","isMergeCommit":false,"messageTitle":"Update gradle file with assertions","messageBody":"","fileTypesAndContributionMap":{"other":{"insertions":4,"deletions":0}}}]}],"pangrwa":[{"date":"2023-02-19","commitResults":[{"hash":"06b7c04f20de2fa646fc4448824cf8d0b4d91b4b","isMergeCommit":false,"messageTitle":"Add Remark Command","messageBody":"","fileTypesAndContributionMap":{"functional-code":{"insertions":216,"deletions":13},"test-code":{"insertions":132,"deletions":13}}},{"hash":"eecd6b0a8297da4e90748b65ee745c4949f467b1","isMergeCommit":false,"messageTitle":"Remove trailing white space in Person class","messageBody":"","fileTypesAndContributionMap":{"functional-code":{"insertions":0,"deletions":1}}},{"hash":"b8f8504e219099fcb209304a42a57cd0ec7a2954","isMergeCommit":false,"messageTitle":"Modify checkstyle","messageBody":"","fileTypesAndContributionMap":{"functional-code":{"insertions":12,"deletions":1},"test-code":{"insertions":8,"deletions":2}}},{"hash":"901570e4ef2ed68770018ab5ee65d0a49384039e","isMergeCommit":true,"messageTitle":"Merge pull request #7 from pangrwa/tutorial-adding-command","messageBody":"Add Remark Command","fileTypesAndContributionMap":{}},{"hash":"b9d6a643388eecbd937ffa01bb723e4f06c8815d","isMergeCommit":false,"messageTitle":"Revert \"Add Remark Command\"","messageBody":"","fileTypesAndContributionMap":{"functional-code":{"insertions":13,"deletions":226},"test-code":{"insertions":11,"deletions":136}}},{"hash":"952560931b961bd1d414caa8868559ecc6ad88c3","isMergeCommit":true,"messageTitle":"Merge pull request #8 from AY2223S2-CS2103T-T09-4/revert-7-tutorial-adding-command","messageBody":"Revert \"Add Remark Command\"","fileTypesAndContributionMap":{}}]},{"date":"2023-02-22","commitResults":[{"hash":"e8dd46d2acf850c605c7519e1b8ebff308f5d23a","isMergeCommit":false,"messageTitle":"update AboutUs.md","messageBody":"","fileTypesAndContributionMap":{"docs":{"insertions":9,"deletions":8}}},{"hash":"74409bd90c91416731df31d314220093e73cc5d3","isMergeCommit":true,"messageTitle":"Merge pull request #27 from anunayajoshi/addAboutMe","messageBody":"Add about me and skeletal PPP","fileTypesAndContributionMap":{}},{"hash":"e2a4a1407d13cdfc834dfb2301a0d172cb3c5d62","isMergeCommit":true,"messageTitle":"Merge pull request #28 from YZmunchmunch/master","messageBody":"Edit AboutUs.md, UserGuide.md, DeveloperGuide.md by Yzmunchmunch","fileTypesAndContributionMap":{}},{"hash":"3e6cc501b283c8cb964419e69b0c0433621e39fb","isMergeCommit":false,"messageTitle":"Update user stories in Developer.md","messageBody":"","fileTypesAndContributionMap":{"docs":{"insertions":50,"deletions":10}}},{"hash":"3b57258970413f3d1063e4703c298e86a68d3057","isMergeCommit":true,"messageTitle":"Merge branch \u0027master\u0027 of https://github.com/AY2223S2-CS2103T-T09-4/tp","messageBody":"","fileTypesAndContributionMap":{}},{"hash":"9152424cd8c2f6a9009b0b5c32717b8312ac0d02","isMergeCommit":true,"messageTitle":"Merge pull request #30 from tituswe/master","messageBody":"Edit AboutUs, UserGuide, README, tituswe","fileTypesAndContributionMap":{}},{"hash":"9b6a49721c17fede5995f2d5fd815b9e25b442b7","isMergeCommit":true,"messageTitle":"Merge pull request #34 from adam07018/Week-7-Chenyu","messageBody":"Update README, UserGuide, Profile, PPP","fileTypesAndContributionMap":{}},{"hash":"7f1341a205772cdd25e803f3b6d08c690b4bc9d9","isMergeCommit":false,"messageTitle":"Fix correct heading in DeveloperGuide","messageBody":"","fileTypesAndContributionMap":{"docs":{"insertions":1,"deletions":1}}}]},{"date":"2023-02-23","commitResults":[{"hash":"48d961c03b171a164928ebc2249035d8e6d6003b","isMergeCommit":true,"messageTitle":"Merge pull request #37 from tituswe/master","messageBody":"Add UI mockup to README","fileTypesAndContributionMap":{}},{"hash":"f882248ae83e561670acfbd604e160eea51d1b07","isMergeCommit":false,"messageTitle":"Fix Epic heading in DeveloperGuide.md","messageBody":"","fileTypesAndContributionMap":{"docs":{"insertions":1,"deletions":1}}},{"hash":"cffef8c53c5fe2aef0222ff8d1ff8e12b5168e57","isMergeCommit":true,"messageTitle":"Merge branch \u0027master\u0027 of https://github.com/AY2223S2-CS2103T-T09-4/tp","messageBody":"","fileTypesAndContributionMap":{}}]},{"date":"2023-02-24","commitResults":[{"hash":"9f709d8a6b12495f381a7c7689ac8848edf0ccb5","isMergeCommit":true,"messageTitle":"Merge pull request #38 from adam07018/master","messageBody":"Updated Chenyu\u0027s profile picture (a bit ugly)","fileTypesAndContributionMap":{}}]},{"date":"2023-03-02","commitResults":[{"hash":"531d1433a4d8d94a3a9b808eb5003ac2c82c05fe","isMergeCommit":true,"messageTitle":"Merge pull request #39 from tituswe/branch-tituswe-v1.1","messageBody":"Edit profile picture name","fileTypesAndContributionMap":{}},{"hash":"1ab8adeaeeda27eacfa257a60e7a8e4c42aba25a","isMergeCommit":true,"messageTitle":"Merge branch \u0027master\u0027 of https://github.com/AY2223S2-CS2103T-T09-4/tp","messageBody":"","fileTypesAndContributionMap":{}},{"hash":"4b302a64bcb618d6a20f05de7d1f9fc956c25727","isMergeCommit":false,"messageTitle":"Update README.md to describe more about Advisio","messageBody":"","fileTypesAndContributionMap":{"docs":{"insertions":4,"deletions":3}}},{"hash":"b5c51f6ee40f574d612387d9715eb21bf5499c16","isMergeCommit":true,"messageTitle":"Merge pull request #43 from anunayajoshi/branch-Image","messageBody":"Fix github image naming","fileTypesAndContributionMap":{}}]},{"date":"2023-03-03","commitResults":[{"hash":"1113f27ce3ccf82ae1da842178d503dfd8f62780","isMergeCommit":false,"messageTitle":"Fix Grammar issue to README.md","messageBody":"","fileTypesAndContributionMap":{"docs":{"insertions":1,"deletions":1}}},{"hash":"1af6da291527110caffd1f2c77ba5acb9fd0301a","isMergeCommit":true,"messageTitle":"Merge branch \u0027master\u0027 of https://github.com/AY2223S2-CS2103T-T09-4/tp into branch-ReadMe","messageBody":"","fileTypesAndContributionMap":{}},{"hash":"de257df4ae855995b9303ced23e2c72619c92cea","isMergeCommit":true,"messageTitle":"Merge pull request #53 from anunayajoshi/useCases","messageBody":"Use cases","fileTypesAndContributionMap":{}},{"hash":"4c6ad6e961d246b0abdaaab625ceeabc3aa59db6","isMergeCommit":true,"messageTitle":"Merge pull request #54 from YZmunchmunch/developer_guide","messageBody":"Changes in Developer\u0027s Guide","fileTypesAndContributionMap":{}}]},{"date":"2023-03-04","commitResults":[{"hash":"70cc5b26eac38593a460b74fa7f3a268ecff5b7b","isMergeCommit":false,"messageTitle":"Edit README.md to steer clear from AB3","messageBody":"","fileTypesAndContributionMap":{"docs":{"insertions":2,"deletions":7}}}]},{"date":"2023-03-05","commitResults":[{"hash":"fe58a8be52f10b1926898233dd87fb95da0ffdf7","isMergeCommit":false,"messageTitle":"Add additional explanation in README.md","messageBody":"","fileTypesAndContributionMap":{"docs":{"insertions":2,"deletions":1}}}]},{"date":"2023-03-06","commitResults":[{"hash":"66d26a25643f184ea04f99d4fa70dc3b96ec2a66","isMergeCommit":false,"messageTitle":"Update Json files to accommodate for Policy","messageBody":"","fileTypesAndContributionMap":{"functional-code":{"insertions":76,"deletions":2}}},{"hash":"f920eeed7d4a29929143961753bb05fbb1f92ba1","isMergeCommit":false,"messageTitle":"Remove tag from JsonAdaptedPolicy","messageBody":"","fileTypesAndContributionMap":{"functional-code":{"insertions":12,"deletions":8}}}]},{"date":"2023-03-09","commitResults":[{"hash":"98184c1fc10e946cad626ef4fd1c71b4fc1f4c07","isMergeCommit":false,"messageTitle":"Update JsonAdaptedPersonTest to contain JsonAdaptedPolicy","messageBody":"","fileTypesAndContributionMap":{"functional-code":{"insertions":2,"deletions":1},"test-code":{"insertions":30,"deletions":10}}},{"hash":"4074a6c0cbe6b9d25eb092ca544f377cce145057","isMergeCommit":true,"messageTitle":"Merge pull request #57 from tituswe/branch-tituswe-SelectCommand","messageBody":"Implement SelectCommand","fileTypesAndContributionMap":{}},{"hash":"3176ee447a56c817f2ad0111499118fe63d3a5e4","isMergeCommit":true,"messageTitle":"Merge branch \u0027master\u0027 into branch-pangrwa-Storage","messageBody":"# Conflicts:\n#\tsrc/main/java/seedu/address/storage/JsonAdaptedClient.java\n#\tsrc/test/java/seedu/address/storage/JsonAdaptedClientTest.java\n#\tsrc/test/java/seedu/address/testutil/TypicalClients.java\n","fileTypesAndContributionMap":{}},{"hash":"21604a95ad80f7387df77e42e315bec8bb6f1d16","isMergeCommit":true,"messageTitle":"Merge branch \u0027master\u0027 into branch-pangrwa-Storage","messageBody":"","fileTypesAndContributionMap":{}}]},{"date":"2023-03-11","commitResults":[{"hash":"a267c0bef50fc8ee19d32f0962e2b958d7db0a19","isMergeCommit":true,"messageTitle":"Merge pull request #62 from anunayajoshi/branch-anunayajoshi-refactorTestcases","messageBody":"Add test cases to improve codecov","fileTypesAndContributionMap":{}},{"hash":"a55617ea6d99be1b25444bea7c7db9fa54fe0a31","isMergeCommit":true,"messageTitle":"Merge branch \u0027master\u0027 into branch-pangrwa-Storage","messageBody":"","fileTypesAndContributionMap":{}},{"hash":"fa667035a392ecf60894bebbe109b6816764e050","isMergeCommit":true,"messageTitle":"Merge branch \u0027master\u0027 into branch-pangrwa-Storage","messageBody":"","fileTypesAndContributionMap":{}}]},{"date":"2023-03-13","commitResults":[{"hash":"5d81c112680b53f395f84ba6c50922ab392274d3","isMergeCommit":false,"messageTitle":"Edit Client to contain UniquePolicyList","messageBody":"","fileTypesAndContributionMap":{"functional-code":{"insertions":79,"deletions":30}}}]},{"date":"2023-03-14","commitResults":[{"hash":"1153100c407f64cb945c545be12053f6bfb6b7c9","isMergeCommit":true,"messageTitle":"Merge branch \u0027master\u0027 into branch-pangrwa-Storage","messageBody":"# Conflicts:\n#\tsrc/main/java/seedu/address/model/client/Client.java\n\nConvert policy to JsonAdaptedPolicy such that data can be loaded from storage\n\nChange format for CustomDate for storage\n","fileTypesAndContributionMap":{}},{"hash":"24690cff40c6e63f3a258e17d3e071ef7c60f9a9","isMergeCommit":true,"messageTitle":"Merge pull request #63 from tituswe/branch-tituswe-UI","messageBody":"Integrate SelectCommand and PolicyList into GUI","fileTypesAndContributionMap":{}},{"hash":"f3f5d6b682769c1a7d66bac1434231c8f351871d","isMergeCommit":true,"messageTitle":"Merge branch \u0027master\u0027 into branch-pangrwa-Storage","messageBody":"# Conflicts:\n#\tsrc/main/java/seedu/address/logic/commands/EditCommand.java\n#\tsrc/main/java/seedu/address/model/client/Client.java\n","fileTypesAndContributionMap":{}},{"hash":"9a6a7b8052a9d53cb6c71ef5700c1ca467911197","isMergeCommit":false,"messageTitle":"Edit TestCases (Not fully correct)","messageBody":"","fileTypesAndContributionMap":{"test-code":{"insertions":58,"deletions":9}}},{"hash":"055854cbe438e79f83f0c7cb0c12e28eb9c6e412","isMergeCommit":false,"messageTitle":"Fix checkstyle in JsonAdaptedClientTest","messageBody":"","fileTypesAndContributionMap":{"test-code":{"insertions":2,"deletions":2}}},{"hash":"617f6cf43215d1d900e2f5cb1e7d1ec9c576b9bd","isMergeCommit":false,"messageTitle":"Edit Validation_Regex for Frequency to hold weekly instead of quarterly","messageBody":"","fileTypesAndContributionMap":{"functional-code":{"insertions":1,"deletions":1},"test-code":{"insertions":2,"deletions":3}}}]},{"date":"2023-03-15","commitResults":[{"hash":"0a7fd4d97fe39d2a414e1d2f20761037e65bd3f9","isMergeCommit":false,"messageTitle":"Edit test cases to consider policies","messageBody":"","fileTypesAndContributionMap":{"functional-code":{"insertions":2,"deletions":2},"test-code":{"insertions":38,"deletions":22}}},{"hash":"3266bb6fdada35013d60a85742f5c890d62d9d9a","isMergeCommit":false,"messageTitle":"Create JsonAdaptedPolicyTest and add test cases inside JsonAdaptedClientTest","messageBody":"","fileTypesAndContributionMap":{"test-code":{"insertions":102,"deletions":2}}}]},{"date":"2023-03-19","commitResults":[{"hash":"6101f7ebaaab048a9776ec4a38f27a59a7e8cea9","isMergeCommit":true,"messageTitle":"Merge pull request #73 from anunayajoshi/branch-anunayajoshi-editCommandTestFix","messageBody":"EditCommandTest testcase fix","fileTypesAndContributionMap":{}}]},{"date":"2023-03-21","commitResults":[{"hash":"a8dc63f1ad1d56890aaa03367858ed631c11244e","isMergeCommit":false,"messageTitle":"Fix AddPolicyCommand MESSAGE_USAGE to be neat","messageBody":"","fileTypesAndContributionMap":{"functional-code":{"insertions":5,"deletions":5}}},{"hash":"4cfde49c13843330acee9c08a0a21bd983caae20","isMergeCommit":false,"messageTitle":"Add DeletePolicyCommand","messageBody":"","fileTypesAndContributionMap":{"functional-code":{"insertions":94,"deletions":0}}},{"hash":"1f3425a9edb0e0d15f8a4897d7f37ab078f100d1","isMergeCommit":false,"messageTitle":"Add DeletePolicyCommandParser","messageBody":"","fileTypesAndContributionMap":{"functional-code":{"insertions":56,"deletions":0},"test-code":{"insertions":6,"deletions":0}}},{"hash":"4b567341bc24869c5285236cdae34a01d4910979","isMergeCommit":false,"messageTitle":"Add test cases for DeletePolicyCommand and DeletePolicyCommandParser","messageBody":"","fileTypesAndContributionMap":{"test-code":{"insertions":169,"deletions":0}}},{"hash":"54b070e27ce595fa6cd2e3473e3489dfec7b0bd1","isMergeCommit":true,"messageTitle":"Merge pull request #72 from tituswe/UI-v1.2b","messageBody":"Implement GUI v1.2b","fileTypesAndContributionMap":{}},{"hash":"e22a227adb31064b2b1824474b40a85e4658aa02","isMergeCommit":true,"messageTitle":"Merge branch \u0027master\u0027 of https://github.com/AY2223S2-CS2103T-T09-4/tp into branch-pangrwa-DeleteCommand","messageBody":"","fileTypesAndContributionMap":{}}]},{"date":"2023-03-22","commitResults":[{"hash":"e357416662d0f1778e4e5e54675a47dfbaf9a1c9","isMergeCommit":false,"messageTitle":"Update DeveloperGuide to contain information about DeletePolicyCommand and DeletePolicyCommandParser","messageBody":"","fileTypesAndContributionMap":{"docs":{"insertions":59,"deletions":0}}},{"hash":"460cab8887442f585661495b25c9a0116997c500","isMergeCommit":true,"messageTitle":"Merge pull request #83 from tituswe/branch-tituswe-EnhanceGUI","messageBody":"Branch tituswe enhance GUI","fileTypesAndContributionMap":{}},{"hash":"4d6116413947b884a46aa555ffeb83fa07dedcf8","isMergeCommit":true,"messageTitle":"Merge pull request #85 from anunayajoshi/branch-anunayajoshi-developerGuide","messageBody":"Update AddPolicy for DeveloperGuide","fileTypesAndContributionMap":{}},{"hash":"d4138ce866ed3230ec601cf3d3039014d0b27961","isMergeCommit":false,"messageTitle":"Create EditPolicyCommand and EditPolicyCommandParser","messageBody":"","fileTypesAndContributionMap":{"functional-code":{"insertions":232,"deletions":7}}},{"hash":"4ee9b54d98a47fd1ca144594d65e182e323ccd1d","isMergeCommit":false,"messageTitle":"Finalise EditPolicyCommand and EditPolicyCommandParser","messageBody":"","fileTypesAndContributionMap":{"functional-code":{"insertions":49,"deletions":4}}},{"hash":"421e610ee744ab3df115f29fe1de03b74d31f863","isMergeCommit":false,"messageTitle":"Create EditPolicy test cases","messageBody":"","fileTypesAndContributionMap":{"functional-code":{"insertions":21,"deletions":8},"test-code":{"insertions":111,"deletions":0}}},{"hash":"40f7317f2a1baf4ac3c265a8004d0dada609b83d","isMergeCommit":true,"messageTitle":"Merge pull request #86 from adam07018/master","messageBody":"Fix undo and redo for AddPolicy and DeletePolicy","fileTypesAndContributionMap":{}},{"hash":"a6f825f102ee4d1127d3aa1aef7069f3a962052b","isMergeCommit":false,"messageTitle":"Edit DeletePolicy feature in DevelopeprGuide","messageBody":"","fileTypesAndContributionMap":{"docs":{"insertions":7,"deletions":1}}}]},{"date":"2023-03-23","commitResults":[{"hash":"1146c95f60dfcbc8a6a8c84caf2a9d71225a72d5","isMergeCommit":true,"messageTitle":"Merge pull request #90 from tituswe/branch-tituswe-DevGuide","messageBody":"Branch tituswe Developer Guide","fileTypesAndContributionMap":{}},{"hash":"812c525dbbcedb4dfdcbce8e39b6b01cfaf1a315","isMergeCommit":true,"messageTitle":"Merge branch \u0027master\u0027 of https://github.com/AY2223S2-CS2103T-T09-4/tp into branch-pangrwa-EditPolicyCommand","messageBody":"","fileTypesAndContributionMap":{}},{"hash":"cbf51f806524225d3f247044e8116737060960fb","isMergeCommit":false,"messageTitle":"Add EditPolicyCommandTest","messageBody":"","fileTypesAndContributionMap":{"functional-code":{"insertions":1,"deletions":0},"test-code":{"insertions":160,"deletions":4}}},{"hash":"245a4bf24c2a2488195a6a836df5ec0a71a2ad60","isMergeCommit":false,"messageTitle":"Create EditPolicyCommandParserTest","messageBody":"","fileTypesAndContributionMap":{"functional-code":{"insertions":16,"deletions":0},"test-code":{"insertions":157,"deletions":0}}},{"hash":"cbf3a7628da078c7c7faebda776832115b7136cd","isMergeCommit":false,"messageTitle":"Update issue of manipulate policies in clients","messageBody":"","fileTypesAndContributionMap":{"test-code":{"insertions":5,"deletions":3}}},{"hash":"1132d1fddb335f4ae0b8196420d3b29aff759a5c","isMergeCommit":false,"messageTitle":"Add Edit policy feature into DeveloperGuide","messageBody":"","fileTypesAndContributionMap":{"docs":{"insertions":24,"deletions":3}}}]},{"date":"2023-03-29","commitResults":[{"hash":"d5ae8624c635d837d6d3070edbe849a096605be9","isMergeCommit":false,"messageTitle":"Made changes to FAQ","messageBody":"","fileTypesAndContributionMap":{"docs":{"insertions":18,"deletions":2}}},{"hash":"707be4bfdc13e2b1d73fa2471bd861b9a9e5bd2e","isMergeCommit":true,"messageTitle":"Merge pull request #96 from tituswe/branch-tituswe-UserGuide","messageBody":"Edit user guide","fileTypesAndContributionMap":{}},{"hash":"aa922297af9b7103a216cdb245d6dd3b46d8c897","isMergeCommit":true,"messageTitle":"Merge branch \u0027master\u0027 into branch-pangrwa-UserGuide","messageBody":"","fileTypesAndContributionMap":{}}]},{"date":"2023-03-30","commitResults":[{"hash":"f53cdc442d6b70fbce4969196e1f4b8f96fe8309","isMergeCommit":false,"messageTitle":"Create Appointment class to store details of client\u0027s appointment","messageBody":"","fileTypesAndContributionMap":{"functional-code":{"insertions":268,"deletions":0}}},{"hash":"7b5d5d329cd172e7b9ab5e5402077db3298aa9a2","isMergeCommit":false,"messageTitle":"Create AddAppointmentCommand and AddAppointmentCommandParser to handle add appointments","messageBody":"","fileTypesAndContributionMap":{"functional-code":{"insertions":184,"deletions":0}}},{"hash":"f5367da7257bc2ed29e22cf973745678aa46af9e","isMergeCommit":false,"messageTitle":"Readjust class that depends on Client constructor as Client takes in Appointment now","messageBody":"","fileTypesAndContributionMap":{"functional-code":{"insertions":48,"deletions":14}}},{"hash":"8c280d0f3b2d0558578641cff81bdf5cd8b85b53","isMergeCommit":false,"messageTitle":"Add DeleteAppointmentCommand and DeleteAppointmentCommandParser","messageBody":"","fileTypesAndContributionMap":{"functional-code":{"insertions":102,"deletions":0}}},{"hash":"d2ca606cecba8e30c40685a2bb1545946c5cb01d","isMergeCommit":false,"messageTitle":"Adjust JSON storage for Appointment","messageBody":"","fileTypesAndContributionMap":{"functional-code":{"insertions":89,"deletions":2}}},{"hash":"c32a0d79edf367fd06066a37917da10f8c85fe24","isMergeCommit":true,"messageTitle":"Merge pull request #104 from tituswe/branch-tituswe-FixSelectCommand","messageBody":"Fix Select-Undo bug","fileTypesAndContributionMap":{}},{"hash":"1f3092bd0fe638fda02d8e77001430eedaa6f6fd","isMergeCommit":true,"messageTitle":"Merge branch \u0027branch-Appointment\u0027 into branch-pangrwa-Appointment","messageBody":"","fileTypesAndContributionMap":{}},{"hash":"d7e8cfd0d9ff1d9556eced03c4c2c768dea1a115","isMergeCommit":true,"messageTitle":"Merge branch \u0027master\u0027 of https://github.com/AY2223S2-CS2103T-T09-4/tp into branch-pangrwa-Appointment","messageBody":"# Conflicts:\n#\tdocs/UserGuide.md\n#\tsrc/main/java/seedu/address/logic/commands/EditCommand.java\n\nAdd Test cases for Appointment, AppointmentName, MeetupDate, JsonAdaptedAppointment\n","fileTypesAndContributionMap":{}},{"hash":"8a1f937b0568a245371ce95a9ed0a73da6e9996b","isMergeCommit":true,"messageTitle":"Merge branch \u0027branch-pangrwa-Appointment\u0027 of https://github.com/pangrwa/tp into branch-pangrwa-Appointment","messageBody":"","fileTypesAndContributionMap":{}},{"hash":"5c9fd12b079305dacc564125e65067e068a2a2ff","isMergeCommit":false,"messageTitle":"Fix checkstyleTest","messageBody":"","fileTypesAndContributionMap":{"test-code":{"insertions":19,"deletions":12}}}]},{"date":"2023-03-31","commitResults":[{"hash":"d26f540b1ffcc762647f64826ced39e6e0930a0b","isMergeCommit":true,"messageTitle":"Merge branch \u0027master\u0027 of https://github.com/AY2223S2-CS2103T-T09-4/tp into branch-pangrwa-Appointment","messageBody":"# Conflicts:\n#\tdocs/UserGuide.md\n#\tsrc/main/java/seedu/address/logic/commands/EditPolicyCommand.java\n","fileTypesAndContributionMap":{}},{"hash":"4ed3d4f88cc8b8162ea576d997bfd9e83a89eb33","isMergeCommit":true,"messageTitle":"Merge branch \u0027branch-pangrwa-Appointment\u0027 of https://github.com/pangrwa/tp into branch-pangrwa-Appointment","messageBody":"# Conflicts:\n#\tdocs/UserGuide.md\n#\tsrc/main/java/seedu/address/logic/commands/EditPolicyCommand.java\n","fileTypesAndContributionMap":{}},{"hash":"ab66ebed81cce861ee56a90a4ef814da04ed91a3","isMergeCommit":false,"messageTitle":"Edit UserGuide to contain Appointments","messageBody":"","fileTypesAndContributionMap":{"docs":{"insertions":68,"deletions":28}}},{"hash":"a3cdaefbcb539f07b4d6352a2ab9fb873ac9f4c8","isMergeCommit":false,"messageTitle":"Made changes to DG","messageBody":"","fileTypesAndContributionMap":{"docs":{"insertions":16,"deletions":7}}},{"hash":"f4c8f9e7b8f08dd34d6345d4c6c9cb02da71cf07","isMergeCommit":true,"messageTitle":"Merge branch \u0027master\u0027 of https://github.com/AY2223S2-CS2103T-T09-4/tp into branch-pangrwa-DeveloperGuide","messageBody":"","fileTypesAndContributionMap":{}},{"hash":"b680b0a4153053f8bd0f4b768fe11a787cb8d116","isMergeCommit":true,"messageTitle":"Merge pull request #109 from anunayajoshi/branch-anunayajoshi-help","messageBody":"Update Help Message and small changes","fileTypesAndContributionMap":{}},{"hash":"043950d0935d72e4dc33991ec9195806d800dd60","isMergeCommit":true,"messageTitle":"Merge pull request #110 from tituswe/branch-tituswe-Appointment","messageBody":"Branch tituswe appointment","fileTypesAndContributionMap":{}},{"hash":"c0fc3dab5d3c0af89d3f30ee2e535e2867e2815f","isMergeCommit":true,"messageTitle":"Merge pull request #108 from tituswe/branch-tituswe-UGLinks","messageBody":"Add UG links","fileTypesAndContributionMap":{}},{"hash":"6b3ca7daffa265a99e3e0995136d2064b453700f","isMergeCommit":true,"messageTitle":"Merge branch \u0027master\u0027 of https://github.com/AY2223S2-CS2103T-T09-4/tp into branch-pangrwa-DeveloperGuide","messageBody":"","fileTypesAndContributionMap":{}},{"hash":"8622bba5ae57f4c3aa594c51f1c25d4dad329377","isMergeCommit":false,"messageTitle":"update Developerguide","messageBody":"","fileTypesAndContributionMap":{"docs":{"insertions":5,"deletions":2}}},{"hash":"5be450fc1cce6413df74e61126e79566bc329cd1","isMergeCommit":true,"messageTitle":"Merge branch \u0027branch-pangrwa-Appointment\u0027 into branch-pangrwa-DeveloperGuide","messageBody":"# Conflicts:\n#\tdocs/UserGuide.md\n","fileTypesAndContributionMap":{}},{"hash":"231b084f4deeafcd546a8d4808c2e0da6fed951a","isMergeCommit":false,"messageTitle":"Change color for style.puml","messageBody":"","fileTypesAndContributionMap":{"docs":{"insertions":1,"deletions":1}}},{"hash":"639bdf5cb32a9be373c27d4f6ba3265d0e643a43","isMergeCommit":false,"messageTitle":"Fix style.puml again","messageBody":"","fileTypesAndContributionMap":{"docs":{"insertions":1,"deletions":1}}},{"hash":"5e4344b4022de0fcba1530ecac1041fe63003848","isMergeCommit":false,"messageTitle":"Change Version number","messageBody":"","fileTypesAndContributionMap":{"functional-code":{"insertions":1,"deletions":1},"other":{"insertions":1,"deletions":1}}},{"hash":"0eb6c74179088f332d1dcba6095b327f1baa2602","isMergeCommit":true,"messageTitle":"Merge pull request #113 from tituswe/branch-tituswe-UGLinks","messageBody":"Branch tituswe ug links","fileTypesAndContributionMap":{}}]},{"date":"2023-04-05","commitResults":[{"hash":"2f170aa2cb516316637eaf01e7f152dc1d748f15","isMergeCommit":true,"messageTitle":"Merge pull request #118 from anunayajoshi/branch-anunayajoshi-gradle","messageBody":"Update gradle file with assertions","fileTypesAndContributionMap":{}}]}],"adam07018":[{"date":"2023-02-22","commitResults":[{"hash":"8b2e6ae70ed953654e6288527dc9335b306067cb","isMergeCommit":false,"messageTitle":"Update README, UserGuide, Profile, PPP.","messageBody":"","fileTypesAndContributionMap":{"docs":{"insertions":48,"deletions":9}}},{"hash":"5538df75a73ff7696e6e5803620dfd221284d183","isMergeCommit":false,"messageTitle":"Updates DeveloperGuide for non-functional requirement","messageBody":"","fileTypesAndContributionMap":{"docs":{"insertions":3,"deletions":0}}},{"hash":"28147692f8a59bac939102421660fb57f2c09775","isMergeCommit":true,"messageTitle":"Merge branch \u0027master\u0027 into Week-7-Chenyu","messageBody":"","fileTypesAndContributionMap":{}},{"hash":"3261edac7470c3a89bf31ae191cb9bcfc8030b09","isMergeCommit":false,"messageTitle":"Updates CI v.1","messageBody":"","fileTypesAndContributionMap":{"docs":{"insertions":11,"deletions":11}}},{"hash":"1d36414e7a5285b5863c1f5dce869b83b7bcd8b5","isMergeCommit":false,"messageTitle":"CI V1.2","messageBody":"","fileTypesAndContributionMap":{"docs":{"insertions":1,"deletions":1}}},{"hash":"db83a9aff94b24d32d3db77afb4d0af0b3ffb55d","isMergeCommit":true,"messageTitle":"Merge branch \u0027master\u0027 into Week-7-Chenyu","messageBody":"","fileTypesAndContributionMap":{}}]},{"date":"2023-02-23","commitResults":[{"hash":"8947990a2d2c01fffa8a52f64ff8a81ba2d24551","isMergeCommit":false,"messageTitle":"Updated Chenyu\u0027s profile picture (a bit ugly)","messageBody":"","fileTypesAndContributionMap":{"docs":{"insertions":1,"deletions":1}}}]},{"date":"2023-02-28","commitResults":[{"hash":"45f303502c0b19c535bfc27ec07332af0954a2ce","isMergeCommit":false,"messageTitle":"Corrects name of profile image.","messageBody":"","fileTypesAndContributionMap":{"docs":{"insertions":1,"deletions":1}}},{"hash":"daf425b51f2b9946a15e9486428e266d15f35b9c","isMergeCommit":false,"messageTitle":"Adds blueprint of UndoCommand class","messageBody":"","fileTypesAndContributionMap":{"functional-code":{"insertions":12,"deletions":0}}}]},{"date":"2023-03-01","commitResults":[{"hash":"02ca7bb14deda585546b2f14fc2083d48c112e3d","isMergeCommit":false,"messageTitle":"Create VersionedAddressBook class","messageBody":"Implement commit feature in VersionedAddressBook\n\nAdd basic Parser for command undo\n\nAdd clone method in AddressBook, so now VersionedAddressBook\ncan save the commit of deep clone of AddressBook\n\nAdd commit that will save changed version of AddressBook\n","fileTypesAndContributionMap":{"functional-code":{"insertions":84,"deletions":4},"test-code":{"insertions":12,"deletions":0}}},{"hash":"ee323afd948167c0bd8f0500674af96f61f8b4ef","isMergeCommit":false,"messageTitle":"Add undo function","messageBody":"","fileTypesAndContributionMap":{"functional-code":{"insertions":51,"deletions":6}}},{"hash":"82d7bb37787ff8d7a79fcdc274976e5a53395ef9","isMergeCommit":false,"messageTitle":"Add function redo","messageBody":"","fileTypesAndContributionMap":{"functional-code":{"insertions":45,"deletions":6}}},{"hash":"51a7612493b39176152024b248f9f2cca81d0191","isMergeCommit":false,"messageTitle":"Checkstyle corrections","messageBody":"","fileTypesAndContributionMap":{"docs":{"insertions":1,"deletions":1},"test-code":{"insertions":1,"deletions":1}}},{"hash":"436da09f375ece0cd9f70e91260a7cca70112841","isMergeCommit":false,"messageTitle":"Checkstyle fix v1.2","messageBody":"","fileTypesAndContributionMap":{"functional-code":{"insertions":14,"deletions":5}}},{"hash":"fc22e6e8c1568d079678f60a6b77da566353537e","isMergeCommit":false,"messageTitle":"checkstyle v1.3","messageBody":"","fileTypesAndContributionMap":{"test-code":{"insertions":19,"deletions":2}}}]},{"date":"2023-03-02","commitResults":[{"hash":"fce3a5d1fb187d260758faf4d2f0664269739f3d","isMergeCommit":true,"messageTitle":"Merge branch \u0027Undo\u0027 into Commit","messageBody":"","fileTypesAndContributionMap":{}}]},{"date":"2023-03-07","commitResults":[{"hash":"e6222f7d2f57b011bf0fee147b29406261b08fb2","isMergeCommit":false,"messageTitle":"Solve checkstyle","messageBody":"","fileTypesAndContributionMap":{"functional-code":{"insertions":22,"deletions":15},"test-code":{"insertions":10,"deletions":0}}},{"hash":"027e2dccd5a06a065229e1f1bcecb1bba805d4c6","isMergeCommit":true,"messageTitle":"Merge commit \u00271aa97f45419d1bb192f30f80fbd87327fda3bd4e\u0027","messageBody":"* commit \u00271aa97f45419d1bb192f30f80fbd87327fda3bd4e\u0027:\n  Add additional explanation in README.md\n  Edit README.md to steer clear from AB3\n  changes in DG\n  Fix grammar for use cases\n  Fix Grammar issue to README.md\n  Update README.md to describe more about Advisio\n  Fix github image naming\n  Change markdown format to GFM\n  Edit profile picture name\n  Fix Epic heading in DeveloperGuide.md\n","fileTypesAndContributionMap":{}},{"hash":"da3202ab6816aea077a2ac5cccd8d2e27c868c12","isMergeCommit":true,"messageTitle":"Merge branch \u0027redo\u0027","messageBody":"","fileTypesAndContributionMap":{}},{"hash":"6a6e486924d142f3dce2c64f9da132358c0b01e9","isMergeCommit":false,"messageTitle":"Fix Checkstyle","messageBody":"","fileTypesAndContributionMap":{"functional-code":{"insertions":18,"deletions":8}}}]},{"date":"2023-03-09","commitResults":[{"hash":"2e7bec09668f0b0c7a406e056e82873116f2bd79","isMergeCommit":true,"messageTitle":"Merge branch \u0027master\u0027 into Redo-and-Undo","messageBody":"","fileTypesAndContributionMap":{}},{"hash":"35cb11dadd65b30c4cebf6f19306fd1fcb1de2ad","isMergeCommit":false,"messageTitle":"Solve merge conflict","messageBody":"","fileTypesAndContributionMap":{"functional-code":{"insertions":13,"deletions":14}}}]},{"date":"2023-03-13","commitResults":[{"hash":"0d6254c88099dac777ec9df25c73d30f60c39b4b","isMergeCommit":false,"messageTitle":"no message","messageBody":"","fileTypesAndContributionMap":{"test-code":{"insertions":12,"deletions":0}}},{"hash":"5e6b85295baf30a07ecc0b7014bb1ecf6f59abd1","isMergeCommit":true,"messageTitle":"Merge commit \u0027fa037b621c0cfb12d8f493e94902e96b37d9aed0\u0027 into Redo-and-Undo","messageBody":"* commit \u0027fa037b621c0cfb12d8f493e94902e96b37d9aed0\u0027:\n  Fixed assert error\n  More test cases added.\n  More test cases added again.\n  Fixed checkstyleMain.\n  Add more test cases.\n  Add test cases to new classes\n  Fix model test cases for codecov\n  Add Policy class, with relevant parameters.\n  Add Policy class, and change Client to take in policies\n","fileTypesAndContributionMap":{}},{"hash":"21d16fd81feb605d3438b2169a4992162cdeec73","isMergeCommit":false,"messageTitle":"Add test coverage for Undo and Redo Command","messageBody":"Todo: Test coverage for VersionedAddressBook Class\n","fileTypesAndContributionMap":{"test-code":{"insertions":217,"deletions":5}}}]},{"date":"2023-03-15","commitResults":[{"hash":"d78dab1648ad16a4380d2d99aeb5ae39fca8bb93","isMergeCommit":false,"messageTitle":"Add helper class in VersionedAddressBook","messageBody":"","fileTypesAndContributionMap":{"functional-code":{"insertions":9,"deletions":1},"test-code":{"insertions":20,"deletions":2}}},{"hash":"05f28b128004a76140bcc1feccd9eaa592a10efb","isMergeCommit":true,"messageTitle":"Merge commit \u002798b912a954d5db8b12fc4a5284ea39ffc042e0b6\u0027 into Redo-and-Undo","messageBody":"* commit \u002798b912a954d5db8b12fc4a5284ea39ffc042e0b6\u0027: (25 commits)\n  Create JsonAdaptedPolicyTest and add test cases inside JsonAdaptedClientTest\n  Edit test cases to consider policies\n  Edit Validation_Regex for Frequency to hold weekly instead of quarterly\n  Fix checkstyle in JsonAdaptedClientTest\n  Edit TestCases (Not fully correct)\n  Add test cases\n  Add test cases\n  Implement PolicyList into GUI\n  Edit Client to contain UniquePolicyList\n  Implement PolicyListPanel\n  Comment out testcases\n  Add addPolicy command and logic\n  Add PolicyName\n  Fix codecov. Note that MainWindow raises codecov error\n  Add tests\n  Checkstyle fix\n  Create MainWindowTest\n  Fix bug: Index of selected client on GUI\n  Implement SelectCommand functionality into GUI\n  Add placeholder code for MainWindow.java#fillInnerParts\n  ...\n","fileTypesAndContributionMap":{}}]},{"date":"2023-03-16","commitResults":[{"hash":"f6342e6d53c5858be6ed6ccd35869610421f887a","isMergeCommit":true,"messageTitle":"Merge commit \u00277fa7af274e496dcb270d37a6fb23807365ac5a31\u0027 into Redo-and-Undo","messageBody":"* commit \u00277fa7af274e496dcb270d37a6fb23807365ac5a31\u0027:\n  Fix checkstyle issue\n  Add test cases for AddPolicyCommand and additional cases\n","fileTypesAndContributionMap":{}}]},{"date":"2023-03-17","commitResults":[{"hash":"b63426e7d106babe53b2dc23d6a3e788186baf25","isMergeCommit":false,"messageTitle":"no message","messageBody":"","fileTypesAndContributionMap":{"functional-code":{"insertions":17,"deletions":0},"test-code":{"insertions":26,"deletions":3}}}]},{"date":"2023-03-20","commitResults":[{"hash":"37faddc0cc2854ab3609990cf87b43d81b45fe0d","isMergeCommit":true,"messageTitle":"Merge commit \u00276101f7ebaaab048a9776ec4a38f27a59a7e8cea9\u0027 into Redo-and-Undo","messageBody":"* commit \u00276101f7ebaaab048a9776ec4a38f27a59a7e8cea9\u0027:\n  Fix EditCommandTest testcase\n","fileTypesAndContributionMap":{}}]},{"date":"2023-03-21","commitResults":[{"hash":"9b6c9fb251298359348a1f0cd2604097555836c9","isMergeCommit":false,"messageTitle":"Update UserGuide Add several test cases for undo and redo","messageBody":"","fileTypesAndContributionMap":{"functional-code":{"insertions":1,"deletions":1},"docs":{"insertions":28,"deletions":0},"test-code":{"insertions":6,"deletions":23}}}]},{"date":"2023-03-22","commitResults":[{"hash":"a2ab1432a9e796057d4f57e8643ff274d84f491f","isMergeCommit":false,"messageTitle":"Fix undo and redo for AddPolicy and DeletePolicy Add clone method for PolicyList and Client","messageBody":"","fileTypesAndContributionMap":{"functional-code":{"insertions":69,"deletions":3}}},{"hash":"eec1dbf5da19cb53e6778df477f344695ad94928","isMergeCommit":false,"messageTitle":"Todo : Update test case for deletePolicyCommand","messageBody":"","fileTypesAndContributionMap":{"test-code":{"insertions":4,"deletions":2}}},{"hash":"2ddc11242187683a9384b8c4e55538d036141cb1","isMergeCommit":false,"messageTitle":"no message","messageBody":"","fileTypesAndContributionMap":{"test-code":{"insertions":2,"deletions":1}}},{"hash":"6566577f5070d315a9582c904c1a4387bf89da7c","isMergeCommit":true,"messageTitle":"Merge branch \u0027AY2223S2-CS2103T-T09-4:master\u0027 into master","messageBody":"","fileTypesAndContributionMap":{}},{"hash":"37eb52e3679759488d8bc1957c550747b71781c4","isMergeCommit":false,"messageTitle":"Fix test cases for DeletePolicyCommandTest","messageBody":"","fileTypesAndContributionMap":{"test-code":{"insertions":20,"deletions":19}}},{"hash":"bd011eba5d67c039a57b0f528ea13be63aed9936","isMergeCommit":true,"messageTitle":"Merge commit \u00276566577f5070d315a9582c904c1a4387bf89da7c\u0027","messageBody":"* commit \u00276566577f5070d315a9582c904c1a4387bf89da7c\u0027:\n  Update AddPolicy for DeveloperGuide\n  Update Developer Guide\n  Edit UiClassDiagram.puml\n  Fix checkstyle\n  Add icons, remove Menu Bar, refactor id labels\n  Minor changes\n  Add logo\n  Major change to GUI\n","fileTypesAndContributionMap":{}},{"hash":"b5ca1123d4c599adb9aaf8998e13250ac45e5842","isMergeCommit":false,"messageTitle":"Refract clone method, move from AddPolicyCommand class to Client Class and UniquePolicyClass.","messageBody":"Add test case for clone method in Client Class.\n\nAdd test case for clone method in UniquePolicyList.\n","fileTypesAndContributionMap":{"functional-code":{"insertions":0,"deletions":16},"test-code":{"insertions":47,"deletions":0}}},{"hash":"aa5a7a3bb008b64592639480677698b651dade3b","isMergeCommit":false,"messageTitle":"Fix checkstyle","messageBody":"","fileTypesAndContributionMap":{"functional-code":{"insertions":0,"deletions":7}}},{"hash":"e5d3e2d1f1ba258f9fa867498992e0581b3c7949","isMergeCommit":false,"messageTitle":"Update Developer Guide for Undo and Redo","messageBody":"","fileTypesAndContributionMap":{"docs":{"insertions":18,"deletions":13}}}]},{"date":"2023-03-28","commitResults":[{"hash":"2fdc01fafbda2697a24580f56d392a07774579a0","isMergeCommit":false,"messageTitle":"Sort v1.0","messageBody":"","fileTypesAndContributionMap":{"functional-code":{"insertions":235,"deletions":2},"test-code":{"insertions":6,"deletions":0}}},{"hash":"169d3801b29cfc5d8150910e7c0f75cbd1ddf4e9","isMergeCommit":true,"messageTitle":"Merge commit \u0027e459adebf5ef67405d428ea7d3db3cff5b022987\u0027","messageBody":"","fileTypesAndContributionMap":{}},{"hash":"5968d3f8386d76e9a14c6c464fb8311295329684","isMergeCommit":false,"messageTitle":"Add testcase","messageBody":"","fileTypesAndContributionMap":{"functional-code":{"insertions":131,"deletions":27},"other":{"insertions":34,"deletions":30},"test-code":{"insertions":219,"deletions":1}}},{"hash":"7efb09706bd40b365aec27f3aa8935be122ee594","isMergeCommit":false,"messageTitle":"Temporary Change: commandResult#Equal only check the message feedbackToUser","messageBody":"","fileTypesAndContributionMap":{"functional-code":{"insertions":3,"deletions":0},"test-code":{"insertions":3,"deletions":3}}},{"hash":"cffb833c9e16f553df24b0edac2a7b6caa8b0e06","isMergeCommit":false,"messageTitle":"Add test cases","messageBody":"","fileTypesAndContributionMap":{"functional-code":{"insertions":1,"deletions":1},"test-code":{"insertions":106,"deletions":0}}},{"hash":"2016da040038c217f21636ab1b8206b972e8c3cf","isMergeCommit":false,"messageTitle":"Fix bug for undo and redo","messageBody":"","fileTypesAndContributionMap":{"functional-code":{"insertions":1,"deletions":1}}}]},{"date":"2023-03-29","commitResults":[{"hash":"7eb965a2655ad1076ae117b2b4f59614482e23a0","isMergeCommit":false,"messageTitle":"no message","messageBody":"","fileTypesAndContributionMap":{"functional-code":{"insertions":0,"deletions":4}}},{"hash":"cba5a66d95bb1617dab7f4bb6556f58f9255cf69","isMergeCommit":true,"messageTitle":"Merge commit \u0027707be4bfdc13e2b1d73fa2471bd861b9a9e5bd2e\u0027","messageBody":"* commit \u0027707be4bfdc13e2b1d73fa2471bd861b9a9e5bd2e\u0027:\n  Edit website home page\n  Edit user guide\n","fileTypesAndContributionMap":{}}]},{"date":"2023-03-30","commitResults":[{"hash":"70a01db6709b238641d852ce71e1677d14602800","isMergeCommit":false,"messageTitle":"Update UG and test cases","messageBody":"","fileTypesAndContributionMap":{"functional-code":{"insertions":8,"deletions":6},"docs":{"insertions":6,"deletions":1},"test-code":{"insertions":129,"deletions":2}}},{"hash":"a3a7222759bf6afcca604518fe2d8c257949f550","isMergeCommit":false,"messageTitle":"Checkstyle","messageBody":"","fileTypesAndContributionMap":{"functional-code":{"insertions":0,"deletions":2}}},{"hash":"eb18decb30cd5da7b0bb9dd1691eaa547e50fa80","isMergeCommit":false,"messageTitle":"Update DG and UG","messageBody":"","fileTypesAndContributionMap":{"functional-code":{"insertions":3,"deletions":3},"docs":{"insertions":148,"deletions":0}}},{"hash":"19fb409697db555d2d36d1314fb328db160b5034","isMergeCommit":false,"messageTitle":"Add test case for Sort Parser","messageBody":"","fileTypesAndContributionMap":{"functional-code":{"insertions":21,"deletions":0},"docs":{"insertions":9,"deletions":9},"test-code":{"insertions":157,"deletions":0}}},{"hash":"9ea656469a428703294c4eb253a8cb320ce637a6","isMergeCommit":true,"messageTitle":"Merge branch \u0027AY2223S2-CS2103T-T09-4:master\u0027 into master","messageBody":"","fileTypesAndContributionMap":{}},{"hash":"700cf73dcc7bf69b4545e9f5469eb0c7577975cc","isMergeCommit":false,"messageTitle":"Fix editPolicy undo bugs","messageBody":"","fileTypesAndContributionMap":{"functional-code":{"insertions":11,"deletions":6},"test-code":{"insertions":10,"deletions":8}}}]}]},"authorFileTypeContributionMap":{"tituswe":{"docs":619,"functional-code":1320,"test-code":218},"YZmunchmunch":{"docs":91,"functional-code":522,"test-code":457},"anunayajoshi":{"docs":251,"functional-code":589,"test-code":950,"other":4},"pangrwa":{"docs":157,"functional-code":1256,"test-code":1069,"other":1},"adam07018":{"docs":160,"functional-code":636,"test-code":967}},"authorContributionVariance":{"tituswe":42551.99,"YZmunchmunch":36826.84,"anunayajoshi":165028.48,"pangrwa":31033.242,"adam07018":20935.154},"authorDisplayNameMap":{"tituswe":"CS2103T-T09-4 TITU.. WEI","YZmunchmunch":"CS2103T-T09-4 ANG ..YUZE","anunayajoshi":"CS2103T-T09-4 ANUN..OSHI","pangrwa":"CS2103T-T09-4 PANG.. WEI","adam07018":"CS2103T-T09-4 LU C..ENYU"}}
