{"authorDailyContributionsMap":{"tituswe":[{"date":"2023-02-22","commitResults":[{"hash":"8eb0b9fa8503a03c58c8c67c0359bb32d993f798","messageTitle":"Edit AboutUs, UserGuide, README, tituswe","messageBody":"","fileTypesAndContributionMap":{"docs":{"insertions":52,"deletions":3}}},{"hash":"864f162b6d3609c6da5bf22dd989a78a40bc100f","messageTitle":"Fix bugs","messageBody":"","fileTypesAndContributionMap":{"docs":{"insertions":10,"deletions":10}}}]},{"date":"2023-02-23","commitResults":[{"hash":"63361dba80a962a374be86f363a288d6ea3c2497","messageTitle":"Add UI mockup to README","messageBody":"","fileTypesAndContributionMap":{"docs":{"insertions":5,"deletions":1}}},{"hash":"f280ac166e6782ca0202f6c94e27d67cfa5ceebb","messageTitle":"Fix bugs","messageBody":"","fileTypesAndContributionMap":{"docs":{"insertions":24,"deletions":24}}}]}],"YZmunchmunch":[{"date":"2023-02-22","commitResults":[{"hash":"c3e3e0935b0683c5ad5bb1afc148c60d5ed7fad0","messageTitle":"Edit AboutUs.md, UserGuide.md, DeveloperGuide.md","messageBody":"","fileTypesAndContributionMap":{"docs":{"insertions":45,"deletions":24}}}]}],"anunayajoshi":[{"date":"2023-02-22","commitResults":[{"hash":"05b64ac24111dd2670dece90ffc414b9761ee70d","messageTitle":"Add client management for User Guide","messageBody":"","fileTypesAndContributionMap":{"docs":{"insertions":77,"deletions":0}}},{"hash":"50e832aaa308a79b10fc55613968cda3153af66e","messageTitle":"Add skeletal PPP and AboutMe","messageBody":"","fileTypesAndContributionMap":{"docs":{"insertions":52,"deletions":4}}},{"hash":"370ee4fb66cdf8953534d481b9c7d04b980994d1","messageTitle":"Add use cases for devGuide","messageBody":"","fileTypesAndContributionMap":{"docs":{"insertions":56,"deletions":13}}}]}],"pangrwa":[{"date":"2023-02-19","commitResults":[{"hash":"06b7c04f20de2fa646fc4448824cf8d0b4d91b4b","messageTitle":"Add Remark Command","messageBody":"","fileTypesAndContributionMap":{"functional-code":{"insertions":216,"deletions":13},"test-code":{"insertions":132,"deletions":13}}},{"hash":"eecd6b0a8297da4e90748b65ee745c4949f467b1","messageTitle":"Remove trailing white space in Person class","messageBody":"","fileTypesAndContributionMap":{"functional-code":{"insertions":0,"deletions":1}}},{"hash":"b8f8504e219099fcb209304a42a57cd0ec7a2954","messageTitle":"Modify checkstyle","messageBody":"","fileTypesAndContributionMap":{"functional-code":{"insertions":12,"deletions":1},"test-code":{"insertions":8,"deletions":2}}},{"hash":"b9d6a643388eecbd937ffa01bb723e4f06c8815d","messageTitle":"Revert \"Add Remark Command\"","messageBody":"","fileTypesAndContributionMap":{"functional-code":{"insertions":13,"deletions":226},"test-code":{"insertions":11,"deletions":136}}}]},{"date":"2023-02-22","commitResults":[{"hash":"e8dd46d2acf850c605c7519e1b8ebff308f5d23a","messageTitle":"update AboutUs.md","messageBody":"","fileTypesAndContributionMap":{"docs":{"insertions":9,"deletions":8}}},{"hash":"3e6cc501b283c8cb964419e69b0c0433621e39fb","messageTitle":"Update user stories in Developer.md","messageBody":"","fileTypesAndContributionMap":{"docs":{"insertions":50,"deletions":10}}},{"hash":"7f1341a205772cdd25e803f3b6d08c690b4bc9d9","messageTitle":"Fix correct heading in DeveloperGuide","messageBody":"","fileTypesAndContributionMap":{"docs":{"insertions":1,"deletions":1}}}]}],"adam07018":[{"date":"2023-02-22","commitResults":[{"hash":"8b2e6ae70ed953654e6288527dc9335b306067cb","messageTitle":"Update README, UserGuide, Profile, PPP.","messageBody":"","fileTypesAndContributionMap":{"docs":{"insertions":48,"deletions":9}}},{"hash":"5538df75a73ff7696e6e5803620dfd221284d183","messageTitle":"Updates DeveloperGuide for non-functional requirement","messageBody":"","fileTypesAndContributionMap":{"docs":{"insertions":3,"deletions":0}}},{"hash":"3261edac7470c3a89bf31ae191cb9bcfc8030b09","messageTitle":"Updates CI v.1","messageBody":"","fileTypesAndContributionMap":{"docs":{"insertions":11,"deletions":11}}},{"hash":"1d36414e7a5285b5863c1f5dce869b83b7bcd8b5","messageTitle":"CI V1.2","messageBody":"","fileTypesAndContributionMap":{"docs":{"insertions":1,"deletions":1}}}]},{"date":"2023-02-23","commitResults":[{"hash":"8947990a2d2c01fffa8a52f64ff8a81ba2d24551","messageTitle":"Updated Chenyu\u0027s profile picture (a bit ugly)","messageBody":"","fileTypesAndContributionMap":{"docs":{"insertions":1,"deletions":1}}}]},{"date":"2023-02-28","commitResults":[{"hash":"45f303502c0b19c535bfc27ec07332af0954a2ce","messageTitle":"Corrects name of profile image.","messageBody":"","fileTypesAndContributionMap":{"docs":{"insertions":1,"deletions":1}}}]}]},"authorFileTypeContributionMap":{"tituswe":{"docs":60,"functional-code":0,"test-code":0},"YZmunchmunch":{"docs":41,"functional-code":0,"test-code":0},"anunayajoshi":{"docs":185,"functional-code":0,"test-code":0},"pangrwa":{"docs":54,"functional-code":0,"test-code":0},"adam07018":{"docs":45,"functional-code":0,"test-code":0}},"authorContributionVariance":{"tituswe":596.1875,"YZmunchmunch":363.6875,"anunayajoshi":3116.9717,"pangrwa":46569.406,"adam07018":534.88885},"authorDisplayNameMap":{"tituswe":"CS2103T-T09-4 TITU.. WEI","YZmunchmunch":"CS2103T-T09-4 ANG ..YUZE","anunayajoshi":"CS2103T-T09-4 ANUN..OSHI","pangrwa":"CS2103T-T09-4 PANG.. WEI","adam07018":"CS2103T-T09-4 LU C..ENYU"}}
